planet_name,host_star_name,star_number_per_system,discovery_method,year_of_discovery,discovery_facility,orbital_period_day,orbit_semi_major_axis_au,planet_rad_earth_rad,planet_mass_earth_mass,orbital_eccentricity,planet_equil_temp_k,spectral_type,stellar_effective_temp_k,stellar_rad_solar_rad,stellar_mass_solar_mass,stellar_surf_grav,distance_parsec
11 Com b,11 Com,2.0,Radial Velocity,2007.0,Xinglong Station,324.62,1.226,,5505.06616195,0.2345,,G8 III,4808.0,16.38,2.4633333333333334,2.38,93.1846
11 UMi b,11 UMi,1.0,Radial Velocity,2009.0,Thueringer Landessternwarte Tautenburg,516.219985,1.5266666666666666,,3818.0947333333334,0.08,,K4 III,4276.5,26.935,2.0933333333333333,1.7650000000000001,125.32099999999998
14 And b,14 And,1.0,Radial Velocity,2008.0,Okayama Astrophysical Observatory,186.3,0.7616666666666667,,1224.5504335033334,0.0,,K0 III,4850.5,11.275,1.78,2.59,75.4392
14 Her b,14 Her,1.0,Radial Velocity,2002.0,W. M. Keck Observatory,1766.3784171428572,2.81475,,1642.38359194,0.362925,,K0 V,5296.985,0.9990845,0.9040000000000001,4.41800575,17.9323
16 Cyg B b,16 Cyg B,3.0,Radial Velocity,1996.0,Multiple Observatories,799.375,1.6628333333333334,,533.5145281766667,0.6760333333333334,,G2.5 V,5728.594,1.129135,1.0165992,4.3422932,21.1397
17 Sco b,17 Sco,1.0,Radial Velocity,2020.0,Lick Observatory,578.38,1.45,,1373.01871824,0.06,,K3 III,4157.0,25.92,1.22,1.7,124.953
18 Del b,18 Del,2.0,Radial Velocity,2008.0,Okayama Astrophysical Observatory,988.075,2.5386666666666664,,3109.015381083333,0.052000000000000005,,G6 III,4979.5,8.65,2.1,2.8440000000000003,76.222
1RXS J160929.1-210524 b,1RXS J160929.1-210524,1.0,Imaging,2008.0,Gemini Observatory,,330.0,18.647,3135.75,,1750.0,K7 V,4043.25,1.33258,0.85,3.99592,139.135
24 Boo b,24 Boo,1.0,Radial Velocity,2018.0,Okayama Astrophysical Observatory,30.3403,0.192,,284.93389169,0.037000000000000005,,G3 IV,4854.5,11.415,1.02,2.3499999999999996,95.9863
24 Sex b,24 Sex,1.0,Radial Velocity,2010.0,Lick Observatory,452.8,1.333,,632.46,0.09,,,5098.0,4.9,1.54,3.5,72.0691
24 Sex c,24 Sex,1.0,Radial Velocity,2010.0,Lick Observatory,883.0,2.08,,273.32,0.29,,,5098.0,4.9,1.54,3.5,72.0691
2M0437 b,2MASS J04372171+2651014,1.0,Imaging,2021.0,Subaru Telescope,,118.0,,1271.313628,,1450.0,M V,3100.0,0.84,0.17,4.5,128.484
2MASS J01033563-5515561 AB b,2MASS J01033563-5515561 A,2.0,Imaging,2013.0,Paranal Observatory,,84.0,,4131.79,,,M5.5/M6,,,0.19,,
2MASS J01225093-2439505 b,2MASS J01225093-2439505,1.0,Imaging,2013.0,W. M. Keck Observatory,,52.0,11.209,7786.5,,1600.0,M3.5 V,3419.5,0.36645,0.3765925,4.85804,33.8281
2MASS J02192210-3925225 b,2MASS J02192210-3925225,1.0,Imaging,2015.0,Cerro Tololo Inter-American Observatory,,156.0,16.14096,4417.837,,,M6,3064.0,0.281,0.108,4.59,
2MASS J0249-0557 c,2MASS J0249-0557 A,2.0,Imaging,2018.0,Mauna Kea Observatory,,1950.0,,3686.8095212,,,M6 V,,,0.046,,66.0613
2MASS J03590986+2009361 b,2MASS J03590986+2009361,1.0,Imaging,2024.0,European Space Agency (ESA) Gaia Satellite,,572.0,,5720.911326,,2369.0,,,,,,117.435
2MASS J04414489+2301513 b,2MASS J04414489+2301513,1.0,Imaging,2010.0,Hubble Space Telescope,,15.0,,2383.6,,,M8.5,,,0.019,,
2MASS J11011926-7732383 b,2MASS J11011926-7732383,1.0,Imaging,2024.0,European Space Agency (ESA) Gaia Satellite,,266.0,,8899.195396,,2677.0,,,,,,
2MASS J11550485-7919108 b,2MASS J11550485-7919108,1.0,Imaging,2024.0,European Space Agency (ESA) Gaia Satellite,,587.0,,6356.56814,,2506.0,,,,,,100.862
2MASS J12073346-3932539 b,2MASS J12073346-3932539,1.0,Imaging,2004.0,Paranal Observatory,,50.5,,1430.075,,1200.0,M8,2825.0,0.21887,0.1060005,5.03186,64.308
2MASS J19383260+4603591 b,2MASS J19383260+4603591,2.0,Eclipse Timing Variations,2015.0,Kepler,411.0,0.92,,597.51891851,0.33,,,29564.0,0.203,0.48,5.508,396.332
2MASS J21252752-8138278 b,2MASS J21252752-8138278,1.0,Imaging,2024.0,European Space Agency (ESA) Gaia Satellite,,7493.0,,3813.940884,,1616.0,,,,,,34.1154
2MASS J22362452+4751425 b,2MASS J22362452+4751425,1.0,Imaging,2016.0,W. M. Keck Observatory,,230.0,,3972.875,,,K7 V,4045.0,,0.6,,69.5737
2MASS J22501512+2325342 b,2MASS J22501512+2325342,1.0,Imaging,2018.0,The 2 (Two) Micron All Sky Survey (2MASS),,518.0,,9534.85221,,1600.0,M3,,,,,57.2309
4 UMa b,4 UMa,1.0,Radial Velocity,2006.0,Thueringer Landessternwarte Tautenburg,269.78499999999997,0.8734999999999999,,2383.990036055,0.4425,,K1 III,4415.0,18.11,1.234,1.8,73.4603
47 UMa b,47 UMa,1.0,Radial Velocity,1996.0,Lick Observatory,1083.04,2.0957999999999997,,812.2238312540001,0.0412,,G0 V,5861.053333333333,1.1749385,1.0615,4.3115845,13.796699999999998
47 UMa c,47 UMa,1.0,Radial Velocity,2001.0,Lick Observatory,4088.0,4.911333333333333,,251.81723942666667,0.09400000000000001,,G1 V,5850.58,1.1749385,1.032596,4.3115845,13.7967
47 UMa d,47 UMa,1.0,Radial Velocity,2009.0,Lick Observatory,16501.0,12.7,,500.570447285,0.27,,,5850.58,1.1749385,1.032596,4.3115845,13.7967
51 Eri b,51 Eri,3.0,Imaging,2015.0,Gemini Observatory,11917.666666666666,12.4,,2049.99481815,0.41,700.0,F0 IV,7295.0,1.48726,1.75,4.31078,29.7575
51 Peg b,51 Peg,1.0,Radial Velocity,1995.0,Haute-Provence Observatory,4.230530379999999,0.052262499999999996,,148.36025617,0.00344,,,5763.920000000001,1.181177,1.0350000000000001,4.315911,15.461400000000001
55 Cnc B b,55 Cnc B,2.0,Radial Velocity,2025.0,Mauna Kea Observatory,6.7994,0.044,,3.5,0.0,,M4.5 V,3286.0,0.274,0.26,4.86,12.4773
55 Cnc B c,55 Cnc B,2.0,Radial Velocity,2025.0,Mauna Kea Observatory,33.747,0.13,,5.3,0.0,,M4.5 V,3286.0,0.274,0.26,4.86,12.4773
55 Cnc b,55 Cnc,2.0,Radial Velocity,1996.0,Lick Observatory,14.648188500000002,0.11433978846153847,,264.07479309923076,0.012923076923076923,700.0,G8 V,5235.98625,0.9630672857142857,0.9299999999999999,4.423311375,12.5855
55 Cnc c,55 Cnc,2.0,Radial Velocity,2004.0,McDonald Observatory,44.333222222222226,0.24013622222222222,,55.65345195555555,0.10077777777777779,,G8 V,5241.127142857143,0.9630672857142857,0.9275,4.412355857142857,12.5855
55 Cnc d,55 Cnc,2.0,Radial Velocity,2002.0,Lick Observatory,4982.236363636363,5.596636363636364,,1144.0132926145454,0.11283636363636364,,G8 V,5241.127142857143,0.9630672857142857,0.9299999999999999,4.412355857142857,12.585499999999998
55 Cnc e,55 Cnc,2.0,Radial Velocity,2004.0,McDonald Observatory,0.9796100170588234,0.01933999225,1.9620000000000002,8.286054462307693,0.07366666666666667,1958.0,G8 V,5238.453076923077,0.9602778888888888,0.9140769230769231,4.428805916666667,12.5855
55 Cnc f,55 Cnc,2.0,Radial Velocity,2007.0,Multiple Observatories,260.78125,0.7815125,,47.52984875375,0.14875,,G8 V,5241.127142857143,0.9630672857142857,0.9242857142857143,4.412355857142857,12.5855
6 Lyn b,6 Lyn,1.0,Radial Velocity,2008.0,Okayama Astrophysical Observatory,906.9835,2.1295,,675.4694583925,0.0935,,K0 IV,4952.333333333333,5.135,1.4866666666666666,3.17,54.6599
61 Vir b,61 Vir,1.0,Radial Velocity,2009.0,Multiple Observatories,4.2149350000000005,0.0498805,,5.108518675,0.1095,,G5 V,5581.285,0.997755,0.928036,4.3543875,8.50332
61 Vir c,61 Vir,1.0,Radial Velocity,2009.0,Multiple Observatories,38.058350000000004,0.2163,,17.156950115,0.10400000000000001,,G5 V,5581.285,0.997755,0.928036,4.3543875,8.50332
61 Vir d,61 Vir,1.0,Radial Velocity,2009.0,Multiple Observatories,123.01,0.476,,22.9,0.35,,G5 V,5577.0,0.963,0.942,4.34,8.50332
7 CMa b,7 CMa,1.0,Radial Velocity,2011.0,Anglo-Australian Telescope,764.6999999999999,1.847,,703.161825,0.14,,K1 III,4804.173333333333,4.992143333333334,1.3895,3.2016666666666667,19.8101
7 CMa c,7 CMa,1.0,Radial Velocity,2019.0,Multiple Observatories,996.0,2.1790000000000003,,283.20605,0.08,,,4826.0,5.034000000000001,1.3895,3.1775,19.8101
70 Vir b,70 Vir,1.0,Radial Velocity,1996.0,Lick Observatory,116.68995833333334,0.47641666666666665,,2315.677210435,0.3990666666666667,,,5498.372,1.9059715,1.0966666666666667,3.9562938,17.9011
75 Cet b,75 Cet,2.0,Radial Velocity,2012.0,Okayama Astrophysical Observatory,694.26,2.0060000000000002,,870.6933104750001,0.10500000000000001,,G3 III,4827.5,10.440000000000001,2.205,2.66,82.9613
75 Cet c,75 Cet,2.0,Radial Velocity,2023.0,Okayama Astrophysical Observatory,2051.62,3.929,,289.85950718,0.023,,G3 III,4809.0,10.38,1.92,2.69,82.9613
8 UMi b,8 UMi,1.0,Radial Velocity,2015.0,Bohyunsan Optical Astronomical Observatory,93.37,0.48066666666666663,,472.50639051666667,0.06066666666666667,,K0,4847.133333333333,10.515,1.475,2.57,162.552
81 Cet b,81 Cet,1.0,Radial Velocity,2008.0,Okayama Astrophysical Observatory,979.135,2.258,,1336.6195139833335,0.1215,,G5 III,4759.5,11.105,1.415,2.38,101.26
91 Aqr b,91 Aqr,3.0,Radial Velocity,2013.0,Lick Observatory,181.4,0.7,,1017.0,0.027,,K0 III,4665.0,11.0,1.4,2.52,44.0304
AB Aur b,AB Aur,1.0,Imaging,2022.0,Subaru Telescope,,93.9,,2860.455663,0.4,,,9770.0,,2.4,,162.127
AB Pic b,AB Pic,1.0,Imaging,2005.0,Paranal Observatory,,260.0,,4290.5,,,K2 V,,,,,50.0475
AF Lep b,AF Lep,1.0,Imaging,2023.0,Paranal Observatory,8378.75,8.6715,,1298.8852423075,0.26125,1400.0,F8 V,6123.333333333333,1.25,1.2063333333333333,4.4,26.8564
AT2021ueyL b,AT2021ueyL,1.0,Microlensing,2025.0,Multiple Observatories,4168.69,4.01,,425.89006538,,,M V,3680.0,,0.49,,1040.0
AU Mic b,AU Mic,1.0,Transit,2020.0,Transiting Exoplanet Survey Satellite (TESS),8.46312982,0.06486,4.1050362975,19.918485714285715,0.06453857142857143,596.5,M1,3686.8571428571427,0.749,0.5016666666666666,4.444799999999999,9.7221
AU Mic c,AU Mic,1.0,Transit,2021.0,Transiting Exoplanet Survey Satellite (TESS),18.859077000000003,0.11025,2.8506735533333334,14.24,0.043595,456.5,,3681.6,0.7484999999999999,0.5025,4.4585,9.7221
AU Mic d,AU Mic,1.0,Transit Timing Variations,2023.0,Multiple Observatories,12.73596,,,1.053,0.00305,,,3678.0,0.744,0.51,4.404,9.7221
AU Mic e,AU Mic,1.0,Radial Velocity,2025.0,Mauna Kea Observatory,33.25,,,28.150000000000002,,,,3665.0,0.82,0.6,4.52,9.7221
BD+03 2562 b,BD+03 2562,1.0,Radial Velocity,2017.0,Multiple Observatories,481.9,1.3,,2034.112,0.2,,,4095.0,32.35,1.14,1.89,1070.63
BD+05 4868 A b,BD+05 4868 A,2.0,Transit,2025.0,Transiting Exoplanet Survey Satellite (TESS),1.271869,0.0208,,6.2,,1820.0,K V,4596.0,0.69,0.7,4.6,43.5687
BD+14 4559 b,BD+14 4559,1.0,Radial Velocity,2009.0,McDonald Observatory,268.94,0.7785,,398.8666,0.29,,K2 V,4936.0,0.905,0.675,4.43,49.352
BD+15 2375 b,BD+15 2375,1.0,Radial Velocity,2016.0,Roque de los Muchachos Observatory,153.22,0.576,,337.21763,0.001,,,4649.0,8.95,1.08,2.61,768.045
BD+15 2940 b,BD+15 2940,1.0,Radial Velocity,2013.0,McDonald Observatory,137.48,0.539,,352.78,0.26,,K0,4796.0,14.7,1.1,2.8,426.42
BD+20 2457 b,BD+20 2457,1.0,Radial Velocity,2009.0,McDonald Observatory,379.63,1.25,,12237.89985,0.15,,K2 II,4198.0,60.01,6.8149999999999995,1.6400000000000001,1539.71
BD+20 2457 c,BD+20 2457,1.0,Radial Velocity,2009.0,McDonald Observatory,621.99,2.01,,3963.17,0.18,,K2 II,4137.0,49.0,2.8,1.51,1539.71
BD+20 274 b,BD+20 274,1.0,Radial Velocity,2012.0,McDonald Observatory,578.2,1.3,,1334.886,0.21,,K5 III,4296.0,17.3,0.8,1.99,1322.51
BD+20 594 b,BD+20 594,1.0,Transit,2016.0,K2,41.686547999999995,0.241,2.3878411699999997,19.274050000000003,0.0,546.0,G,5745.0,0.9880406666666667,1.1982869999999999,4.46,179.461
BD+37 3172 b,BD+37 3172,1.0,Radial Velocity,2023.0,McDonald Observatory,1887.76,4.65,,3368.9811142,0.59,,,4500.0,50.24,3.75,1.5,454.251
BD+42 2315 b,BD+42 2315,1.0,Radial Velocity,2023.0,McDonald Observatory,123.05,0.54,,174.80562385,0.73,,,4500.0,17.85,1.38,2.0,610.715
BD+45 564 b,BD+45 564,1.0,Radial Velocity,2021.0,Haute-Provence Observatory,307.88,0.83,,432.24663352,0.12,,K1,5004.0,,0.81,4.22,53.622
BD+48 738 b,BD+48 738,1.0,Radial Velocity,2011.0,McDonald Observatory,392.6,1.0,,289.2253,0.2,,K0 III,4414.0,11.0,0.74,2.24,871.493
BD+48 740 b,BD+48 740,1.0,Radial Velocity,2018.0,Multiple Observatories,733.0,1.7,,540.311,0.76,,,4534.0,10.33,1.09,2.48,666.589
BD+49 828 b,BD+49 828,1.0,Radial Velocity,2015.0,McDonald Observatory,2590.0,4.2,,508.5,0.35,,K0,4943.0,7.6,1.52,2.85,442.042
BD+55 362 b,BD+55 362,1.0,Radial Velocity,2021.0,Haute-Provence Observatory,265.59,0.78,,228.83645304,0.27,,K3,5012.0,,0.909,4.09,52.5697
BD+60 1417 b,BD+60 1417,1.0,Imaging,2021.0,Wide-field Infrared Survey Explorer (WISE) Sat,,1662.0,14.68376472,4767.426105,,1303.0,K0,4993.0,0.797,1.0,4.5539,44.9543
BD+63 1405 b,BD+63 1405,1.0,Radial Velocity,2021.0,Haute-Provence Observatory,1214.24,2.0875000000000004,,2282.00796226,0.8855,,K0,5000.0,,0.816,4.2,38.0473
BD-06 1339 b,BD-06 1339,1.0,Radial Velocity,2013.0,La Silla Observatory,3.8729,0.0428,,765.76686317,0.0,,K7/M0 V,4324.0,,0.7,4.74,20.2695
BD-06 1339 c,BD-06 1339,1.0,Radial Velocity,2013.0,La Silla Observatory,125.94,0.435,,53.0,0.31,,K7/M0 V,4324.0,,0.7,4.74,20.2695
BD-08 2823 b,BD-08 2823,1.0,Radial Velocity,2009.0,La Silla Observatory,5.599999999999999,0.057999999999999996,,991.8691105799999,0.15,,K3 V,4781.0,0.71,0.62,4.279999999999999,41.3342
BD-08 2823 c,BD-08 2823,1.0,Radial Velocity,2009.0,La Silla Observatory,237.6,0.68,,104.0,0.19,,K3 V,4746.0,,0.74,4.13,41.3342
BD-10 3166 b,BD-10 3166,1.0,Radial Velocity,2000.0,W. M. Keck Observatory,3.48761125,0.04405,,157.083663685,0.02775,,K0 V,5392.16,0.9398725,1.14488275,4.559966,84.4069
BD-11 4672 b,BD-11 4672,1.0,Radial Velocity,2014.0,La Silla Observatory,1650.5,2.32,,187.51475,0.05,,K7 V,4512.5,0.5795,0.611,4.371,27.1665
BD-11 4672 c,BD-11 4672,1.0,Radial Velocity,2020.0,Roque de los Muchachos Observatory,74.2,0.3,,15.37,0.4,,,4550.0,0.639,0.651,4.642,27.1665
BD-13 2130 b,BD-13 2130,1.0,Radial Velocity,2007.0,La Silla Observatory,714.299995,1.88,,3238.6877,0.21,,,4545.0,19.17,2.26,2.2,925.214
BD-14 3065 b,BD-14 3065 A,3.0,Transit,2024.0,Transiting Exoplanet Survey Satellite (TESS),4.2889731,0.0656,21.59,3932.0,0.066,2001.0,,6935.0,2.35,1.41,3.85,589.423
BD-17 63 b,BD-17 63,1.0,Radial Velocity,2008.0,La Silla Observatory,653.942495,1.34,,1383.343057555,0.47597500000000004,,K5 V,4689.5,0.715,0.7404999999999999,4.225,34.4603
BD-210397 b,BD-210397,1.0,Radial Velocity,2023.0,La Silla Observatory,1891.0,2.63,,214.0,0.1,,K7 V,4051.0,0.747,0.679,4.67,23.7324
BD-210397 c,BD-210397,1.0,Radial Velocity,2023.0,La Silla Observatory,6324.666666666667,5.920000000000001,,1235.08977763,0.2753333333333333,,K7 V,4051.0,0.747,0.6866666666666666,4.67,23.7324
BEBOP-3 b,BEBOP-3,2.0,Radial Velocity,2025.0,Haute-Provence Observatory,547.0,1.444,,177.34825111,0.247,,,6033.0,1.414,1.083,4.203,119.052
BEBOP-4 AB b,BEBOP-4 A,2.0,Radial Velocity,2025.0,Haute-Provence Observatory,1823.5,3.634,,8358.8871041,0.428,,G3 V,,,1.507,,234.294
Barnard b,Barnard's star,1.0,Radial Velocity,2024.0,Paranal Observatory,3.15375,0.02292,,0.3345,0.095,419.0,M3.5-4 V,3195.0,0.185,0.162,4.9,1.82655
Barnard c,Barnard's star,1.0,Radial Velocity,2025.0,Gemini Observatory,4.1244,0.0274,,0.335,0.08,400.0,M3.5-4 V,3195.0,0.185,0.162,4.9,1.82655
Barnard d,Barnard's star,1.0,Radial Velocity,2025.0,Gemini Observatory,2.3402,0.0188,,0.263,0.04,483.0,M3.5-4 V,3195.0,0.185,0.162,4.9,1.82655
Barnard e,Barnard's star,1.0,Radial Velocity,2025.0,Gemini Observatory,6.7392,0.0381,,0.193,0.04,340.0,M3.5-4 V,3195.0,0.185,0.162,4.9,1.82655
CD Cet b,CD Cet,1.0,Radial Velocity,2020.0,Calar Alto Observatory,2.2907,0.0185,,3.95,,464.0,M5.0 V,3130.0,0.175,0.161,4.93,8.60715
CD-35 2722 b,CD-35 2722,1.0,Imaging,2011.0,Gemini Observatory,,67.0,17.37392009,9614.30931175,,1800.0,M1 V,3684.5,,0.4,4.24,22.3896
CFBDSIR J145829+101343 b,CFBDSIR J145829+101343,1.0,Imaging,2011.0,W. M. Keck Observatory,10037.5,2.6,,3337.1,,370.0,,580.5,,0.021,4.725,
CFHTWIR-Oph 98 b,CFHTWIR-Oph 98 A,1.0,Imaging,2021.0,Hubble Space Telescope,8040000.0,200.0,20.8487041,2479.0615746,,1800.0,M9-L1,2320.0,0.245,0.0147,3.845,
CHXR 73 b,CHXR 73,1.0,Imaging,2006.0,Hubble Space Telescope,,210.0,,3994.486,,,M3.5,,,0.35,,190.374
CI Tau c,CI Tau,1.0,Radial Velocity,2024.0,Multiple Observatories,25.2,0.17,,1144.1822652,0.58,,,,,,,157.998
COCONUTS-2 b,COCONUTS-2 A,1.0,Imaging,2021.0,NASA Infrared Telescope Facility (IRTF),402000000.0,7506.0,12.44196858,2272.4731100500003,,434.0,M3 V,3406.0,0.388,0.37,4.83,10.8864
CT Cha b,CT Cha,1.0,Imaging,2007.0,Paranal Observatory,,440.0,24.66,5403.0,,2600.0,,,,,,190.72
CoRoT-1 b,CoRoT-1,1.0,Transit,2008.0,CoRoT,1.5089655873333332,0.02622,17.1629388,348.97436,0.02675,1882.3333333333333,G0 V,6019.6,1.15275,0.9766666666666666,4.270333333333333,787.909
CoRoT-10 b,CoRoT-10,1.0,Transit,2010.0,CoRoT,13.2406,0.10566666666666667,10.763466333333334,875.0811,0.527,623.5,K1 V,5075.0,0.7743333333333333,0.8946666666666667,4.651,338.386
CoRoT-11 b,CoRoT-11,1.0,Transit,2010.0,CoRoT,2.994317606,0.043795,15.905853500000001,777.085875,0.12,1702.3333333333333,F6 V,6420.6,1.3623333333333336,1.26,4.2435,655.037
CoRoT-12 b,CoRoT-12,1.0,Transit,2010.0,CoRoT,2.828043936,0.0397225,15.6195015,285.4083125,0.060000000000000005,1423.0,,5675.0,1.0886,1.0630000000000002,4.383,1126.37
CoRoT-13 b,CoRoT-13,1.0,Transit,2010.0,CoRoT,4.03518,0.05102333333333333,11.291210999999999,418.57622999999995,0.0335,1566.0,G0 V,5945.0,1.01,1.089,4.394666666666667,1148.93
CoRoT-14 b,CoRoT-14,1.0,Transit,2010.0,CoRoT,1.5121399999999998,0.026926666666666668,11.949524000000002,2403.8182333333334,0.018,1944.0,F9 V,6036.666666666667,1.2033333333333334,1.1283333333333332,4.343999999999999,1744.5999999999997
CoRoT-16 b,CoRoT-16,1.0,Transit,2011.0,CoRoT,5.35227,0.0618,13.112265,169.08203500000002,0.35,,G5 V,5650.0,1.19,1.098,4.36,732.409
CoRoT-17 b,CoRoT-17,1.0,Transit,2011.0,CoRoT,3.7681,0.04743333333333333,11.383547666666667,773.3740333333334,0.0405,1618.0,G2 V,5740.0,1.59,1.0410000000000001,4.2175,1176.12
CoRoT-18 b,CoRoT-18,1.0,Transit,2011.0,CoRoT,1.90007496,0.0291,14.05794075,1072.6637249999999,0.052500000000000005,1509.0,G9 V,5440.0,0.981,0.9325,4.43325,764.889
CoRoT-19 b,CoRoT-19,1.0,Transit,2011.0,CoRoT,3.89713178,0.05155333333333333,14.086106666666666,355.4361166666667,0.051500000000000004,1815.0,F9 V,6090.0,1.65,1.21,4.081250000000001,790.663
CoRoT-2 b,CoRoT-2,2.0,Transit,2008.0,CoRoT,1.7429964216666667,0.028214,16.358674999999998,1090.1411666666665,0.009575,1534.6666666666667,,5629.444444444444,0.9036,0.9738,4.446428333333333,213.283
CoRoT-20 b,CoRoT-20,1.0,Transit,2011.0,CoRoT,9.242916000000001,0.08972,10.76175,1396.53318,0.5756666666666667,1042.0,G2 V,5880.0,1.16,1.1324999999999998,4.260000000000001,844.061
CoRoT-20 c,CoRoT-20,1.0,Radial Velocity,2018.0,Multiple Observatories,1675.0,2.9,,5403.11,0.6,,,,,1.14,,844.061
CoRoT-21 b,CoRoT-21,1.0,Transit,2012.0,CoRoT,2.72474,0.04165,14.5717,711.9392,0.195,,F8 IV,6200.0,1.95,1.29,3.7,
CoRoT-22 b,CoRoT-22,1.0,Transit,2014.0,CoRoT,9.75598,0.092,4.88,12.2,0.077,885.0,G3 V,5939.0,1.136,1.099,4.361,627.158
CoRoT-23 b,CoRoT-23,1.0,Transit,2011.0,CoRoT,3.6313,0.048163333333333336,12.255356666666666,948.1848333333334,0.16,1685.0,G0 V,5900.0,1.61,1.1340000000000001,4.154,1060.97
CoRoT-24 b,CoRoT-24,1.0,Transit,2014.0,CoRoT,5.1134,0.056,3.7,5.7,0.0,1070.0,K1 V,4950.0,0.86,0.91,4.55,591.555
CoRoT-24 c,CoRoT-24,1.0,Transit,2014.0,CoRoT,11.759,0.098,5.0,28.0,0.0,850.0,K1 V,4950.0,0.86,0.91,4.55,591.555
CoRoT-25 b,CoRoT-25,1.0,Transit,2013.0,CoRoT,4.86069,0.057844999999999994,12.107859999999999,89.467095,0.11,1330.0,F9,6040.0,1.19,1.09,4.31,1103.48
CoRoT-26 b,CoRoT-26,1.0,Transit,2013.0,CoRoT,4.20474,0.05255,14.12167,174.8007,0.205,1600.0,G5,5590.0,1.79,1.09,3.99,1045.18
CoRoT-27 b,CoRoT-27,1.0,Transit,2014.0,CoRoT,3.57532,0.04715,11.2872315,3287.8795,0.0495,1500.0,G2,5900.0,1.08,1.05,4.4,1010.28
CoRoT-28 b,CoRoT-28,1.0,Transit,2015.0,CoRoT,5.20851,0.059649999999999995,10.704595,153.35297500000001,0.059,,G8/9 IV,5150.0,1.78,1.01,3.6,766.183
CoRoT-29 b,CoRoT-29,1.0,Transit,2015.0,CoRoT,2.8505671666666665,0.0388,10.0881,268.56635,0.101,,K0 V,5262.666666666667,0.9,0.97,4.31386,806.507
CoRoT-3 b,CoRoT-3,1.0,Transit,2008.0,CoRoT,4.25679955,0.05739,11.3499609,6856.315725,0.008,1695.0,F3 V,6694.5,1.55875,1.37,4.2203333333333335,768.771
CoRoT-30 b,CoRoT-30,1.0,Transit,2020.0,CoRoT,9.06005,0.0844,11.309881,921.707,0.007,,G3 V,5650.0,0.91,0.98,4.4,1032.23
CoRoT-31 b,CoRoT-31,1.0,Transit,2020.0,CoRoT,4.62941,0.0586,16.36514,266.9772,0.02,,G2 IV,5700.0,2.15,1.25,3.85,2005.76
CoRoT-32 b,CoRoT-32,1.0,Transit,2018.0,CoRoT,6.7183689,0.071,6.38913,47.6745,,938.0,G0 VI,5970.0,0.79,1.08,4.67,576.683
CoRoT-35 b,CoRoT-35,1.0,Transit,2022.0,CoRoT,3.22748,0.0429,18.83108758,349.6112477,0.0,1747.0,F6 V,6390.0,1.65,1.01,4.01,1123.21
CoRoT-36 b,CoRoT-36,1.0,Transit,2022.0,CoRoT,5.616531,0.066,15.80466279,216.12331676,0.0,1567.0,F3 V,6730.0,1.52,1.32,4.16,925.958
CoRoT-4 b,CoRoT-4,1.0,Transit,2008.0,CoRoT,9.20205,0.09048333333333332,13.22705,228.1994066666667,0.07,1066.0,,6190.0,1.1624999999999999,1.16,4.402950000000001,726.4119999999999
CoRoT-5 b,CoRoT-5,1.0,Transit,2009.0,CoRoT,4.0379039599999995,0.04966,14.6109085,148.9017025,0.0885,1394.3333333333333,F9 V,6100.0,1.1623333333333334,1.0,4.3114333333333335,882.472
CoRoT-6 b,CoRoT-6,1.0,Transit,2009.0,CoRoT,8.886601924999999,0.08546666666666668,13.140119666666665,939.7051,0.14,1021.0,F9 V,6090.0,1.031,1.0513333333333332,4.4275,645.294
CoRoT-7 b,CoRoT-7,1.0,Transit,2009.0,CoRoT,0.85362873375,0.0170232,1.6525073333333333,7.2493581475,0.03,1833.0,G9 V,5266.75,0.8534892,0.8877142857142858,4.510008571428572,159.906
CoRoT-7 c,CoRoT-7,1.0,Radial Velocity,2009.0,CoRoT,3.6983333333333337,0.0455,,11.749666666666668,0.06,,G9 V,5254.0,0.864273,0.9043333333333333,4.51853,159.906
CoRoT-7 d,CoRoT-7,1.0,Radial Velocity,2022.0,La Silla Observatory,8.966,,,17.142,,,G9 V,5250.0,,0.915,,159.906
CoRoT-8 b,CoRoT-8,1.0,Transit,2010.0,CoRoT,6.2123515000000005,0.0633225,6.92457725,69.28629000000001,0.095,896.0,K1 V,5080.0,0.7806666666666667,0.882,4.545,322.037
CoRoT-9 b,CoRoT-9,2.0,Transit,2009.0,CoRoT,95.27312739999999,0.403675,11.822830249999999,266.33974,0.12566666666666668,416.5,G3 V,5625.0,0.9533333333333333,0.96,4.518666666666667,412.98
DE CVn b,DE CVn,2.0,Eclipse Timing Variations,2018.0,Multiple Facilities,4098.1,5.75,,3823.27330161,0.0,,,,,0.51,,30.5225
DENIS-P J082303.1-491201 b,DENIS-P J082303.1-491201,1.0,Astrometry,2013.0,Paranal Observatory,246.36,0.36,,9057.77,0.345,,L1.5,,,0.075,,
DH Tau b,DH Tau,1.0,Imaging,2004.0,Subaru Telescope,,330.0,30.2643,3496.065,,2200.0,M0.5,4371.0,0.818435,0.5065000000000001,4.00103,134.846
DMPP-1 b,DMPP-1,1.0,Radial Velocity,2019.0,La Silla Observatory,18.57,0.1462,,24.27,0.083,877.0,F8 V,6196.0,1.26,1.21,4.41,62.5388
DMPP-1 c,DMPP-1,1.0,Radial Velocity,2019.0,La Silla Observatory,6.584,0.0733,,9.6,0.057,1239.0,F8 V,6196.0,1.26,1.21,4.41,62.5388
DMPP-1 d,DMPP-1,1.0,Radial Velocity,2019.0,La Silla Observatory,2.882,0.0422,,3.35,0.07,1632.0,F8 V,6196.0,1.26,1.21,4.41,62.5388
DMPP-1 e,DMPP-1,1.0,Radial Velocity,2019.0,La Silla Observatory,5.516,0.0651,,4.13,0.07,1314.0,F8 V,6196.0,1.26,1.21,4.41,62.5388
DMPP-2 b,DMPP-2,1.0,Radial Velocity,2019.0,Multiple Facilities,5.2072,0.0664,,138.89171,0.078,1000.0,F5 V,6500.0,1.78,1.44,4.1,137.94
DMPP-3 A b,DMPP-3 A,2.0,Radial Velocity,2019.0,La Silla Observatory,6.6734,0.0662,,2.58,0.07,854.0,K0 V,5138.0,0.91,0.87,4.3,45.23
DMPP-4 b,DMPP-4,1.0,Radial Velocity,2023.0,Multiple Observatories,3.4982,0.04853,,12.2,0.063,,F5-F8 V,6400.0,1.38,1.25,4.24,25.3284
DP Leo b,DP Leo,2.0,Eclipse Timing Variations,2009.0,Yunnan Astronomical Observatory,9456.5,8.395,,1959.33916,0.39,,,,,0.69,,305.684
DS Tuc A b,DS Tuc A,2.0,Transit,2019.0,Transiting Exoplanet Survey Satellite (TESS),8.138484,,5.665,413.179,0.0,850.0,G6 V,5485.0,0.964,0.9844999999999999,4.6,44.0622
EPIC 201170410.02,EPIC 201170410,1.0,Transit,2020.0,K2,6.7987,0.0349,1.047,,0.0,,,3648.0,0.282,0.287,4.999,
EPIC 201238110 b,EPIC 201238110,1.0,Transit,2019.0,K2,28.1676,,2.035,,,,,,0.374,0.41,,159.259
EPIC 201427007 b,EPIC 201427007,1.0,Transit,2021.0,K2,0.72091,,1.5,,,,,5633.0,0.94,,4.4,706.391
EPIC 201497682 b,EPIC 201497682,1.0,Transit,2019.0,K2,2.13174,,0.692,,,,,,,0.78,,253.026
EPIC 201595106 b,EPIC 201595106,1.0,Transit,2021.0,K2,0.87716675,0.0177,1.3676880224999999,7.67,0.0,1956.0,,5728.7925,0.9562435,0.988,4.492202499999999,232.1
EPIC 201615463 c,K2-166,1.0,Transit,2019.0,K2,3.80464,,1.22,,,,,,,1.073,,476.882
EPIC 201754305 d,K2-16,1.0,Transit,2019.0,K2,2.71578,,1.03,,,,,,,0.67,,334.967
EPIC 201757695.02,EPIC 201757695,1.0,Transit,2020.0,K2,2.0478,0.0296,0.90819,,0.0,,,4520.0,0.655,0.727,4.659,
EPIC 201833600 c,K2-50,1.0,Transit,2019.0,K2,3.96158,,1.24,,,,,,0.634,0.611,,257.443
EPIC 201841433 b,EPIC 201841433,1.0,Transit,2019.0,K2,4.1694233333333335,0.035,1.1833333333333333,,,,,5053.0,0.6282305,0.802,4.595,436.488
EPIC 205950854 c,K2-168,1.0,Transit,2019.0,K2,8.049707333333332,,1.37,,,960.6,,5502.7,0.867,0.892,,243.93500000000003
EPIC 206024342 b,EPIC 206024342,1.0,Transit,2019.0,K2,4.507365,,1.5699999999999998,,,,,,0.823,0.928,,369.888
EPIC 206024342 c,EPIC 206024342,1.0,Transit,2021.0,K2,0.9116662333333334,,1.3033333333333335,,,,,5686.0,1.02,,4.5,369.888
EPIC 206024342 d,EPIC 206024342,1.0,Transit,2021.0,K2,14.642393,,3.015,,,,,5936.666666666667,1.02,,4.35,369.888
EPIC 206032309 b,EPIC 206032309,1.0,Transit,2019.0,K2,2.87814,,1.01,,,,,,,0.221,,161.365
EPIC 206042996 b,EPIC 206042996,1.0,Transit,2019.0,K2,5.29808,,2.2133333333333334,,,,,4114.0,0.5840000000000001,0.565,4.8,451.769
EPIC 206042996 c,EPIC 206042996,1.0,Transit,2021.0,K2,0.35489686,,1.325,,,,,4003.5,0.5349999999999999,,4.8,451.769
EPIC 206215704 b,EPIC 206215704,1.0,Transit,2019.0,K2,2.254912,,1.3,,,,,3297.0,0.3085,0.407,4.9,109.88799999999999
EPIC 206317286 b,EPIC 206317286,1.0,Transit,2019.0,K2,1.58284,,1.0899999999999999,,,,,,0.669,0.711,,314.35
EPIC 206317286 c,EPIC 206317286,1.0,Transit,2022.0,K2,17.509878,,2.291333333333333,,,,,4750.5,0.744,0.832,4.596,314.35
EPIC 211822797 b,EPIC 211822797,1.0,Transit,2016.0,K2,21.169002578333334,0.12525,2.0700000000000003,,0.12,431.0,,3941.442,0.5910219999999999,0.6003355,4.66914,186.197
EPIC 211945201 b,EPIC 211945201,1.0,Transit,2018.0,K2,19.493356205,0.14865,5.998128192857143,19.0,0.0,837.4499999999999,G0,6095.0,1.3846615,1.1693333333333333,4.215475,181.69
EPIC 212297394 b,EPIC 212297394,1.0,Transit,2019.0,K2,2.2892509999999997,,1.5443333333333333,,,1149.0,,5171.0,0.7745,0.8294999999999999,4.55,418.395
EPIC 212297394 c,EPIC 212297394,1.0,Transit,2021.0,K2,5.213581666666666,,2.2800000000000002,,,866.0,,5089.5,0.7881715,0.8305,4.5637799999999995,418.395
EPIC 212424622 b,EPIC 212424622,1.0,Transit,2019.0,K2,18.0977,,2.19,,,,,,1.2247,1.106,,611.804
EPIC 212499991 b,EPIC 212499991,1.0,Transit,2019.0,K2,34.885,,1.6,,,,,,,0.912,,283.29
EPIC 212587672 b,EPIC 212587672,1.0,Transit,2019.0,K2,15.282993333333332,,1.2566666666666666,,,756.0,,6004.0,0.97785,0.97,4.45,320.07
EPIC 212587672 c,EPIC 212587672,1.0,Transit,2021.0,K2,23.228926943333335,,2.2936488324999997,,,658.0,,6010.5,0.9564968,1.0833333333333333,4.50291,320.07
EPIC 212624936 b,EPIC 212624936,1.0,Transit,2021.0,K2,0.578657,,1.2,,,,,5765.0,0.93,,4.4,561.929
EPIC 212624936 c,EPIC 212624936,1.0,Transit,2021.0,K2,11.8126535,,2.485,,,,,5765.0,0.9390000000000001,,4.4,561.929
EPIC 212737443 b,EPIC 212737443,1.0,Transit,2019.0,K2,13.604326513333334,0.098,2.586,,0.2,536.0,K3,4615.333333333333,0.6703566666666667,0.7126666666666667,4.638606666666667,336.25
EPIC 212737443 c,EPIC 212737443,1.0,Transit,2019.0,K2,65.55,0.28,2.69,,0.2,316.0,K3,4684.0,0.673,0.69,4.622,336.25
EPIC 220492298 b,EPIC 220492298,1.0,Transit,2021.0,K2,0.762406,,0.99,,,,,5620.0,0.89,,4.5,624.512
EPIC 220554210 c,K2-282,1.0,Transit,2019.0,K2,0.7053353333333333,,1.6033333333333335,,,,,5499.0,1.0065,0.94,4.5,496.289
EPIC 220674823 b,EPIC 220674823,1.0,Transit,2016.0,K2,0.5712738083333333,0.012903999999999999,1.7072962825,8.186666666666666,0.0,2204.8333333333335,G5,5547.8,0.9678254444444444,0.9316000000000001,4.483111111111111,244.59
EPIC 220674823 c,EPIC 220674823,1.0,Transit,2016.0,K2,13.339028363636363,0.10735999999999998,2.7919001427272727,6.544,0.12,764.3333333333334,G5,5553.555555555556,0.966178625,0.9316000000000001,4.491,244.59000000000003
EPIC 228836835 b,EPIC 228836835,1.0,Transit,2021.0,K2,0.7281215000000001,,1.185,,,932.0,,3644.0,0.37195049999999996,0.418179,4.90245,150.124
EPIC 229004835 b,EPIC 229004835,1.0,Transit,2023.0,K2,16.139231,0.1237,2.147923185,14.850000000000001,0.23,759.0,,5865.75,0.991831,0.96,4.430103333333333,121.971
EPIC 246851721 b,EPIC 246851721,2.0,Transit,2018.0,K2,6.18025145,0.07229,11.780659,953.49,,1401.0,F5 V,6202.0,1.586,1.317,4.157,372.632
EPIC 248847494 b,EPIC 248847494,1.0,Transit,2018.0,K2,3650.0,4.5,12.44199,4131.79,0.0,183.0,,4898.0,2.7,0.9,3.52,551.886
EPIC 249893012 b,EPIC 249893012,1.0,Transit,2020.0,K2,3.5951,0.047,1.95,8.75,0.06,1616.0,G8 IV/V,5430.0,1.71,1.05,3.99,321.296
EPIC 249893012 c,EPIC 249893012,1.0,Transit,2020.0,K2,15.624,0.13,3.67,14.67,0.07,990.0,G8 IV/V,5430.0,1.71,1.05,3.99,321.296
EPIC 249893012 d,EPIC 249893012,1.0,Transit,2020.0,K2,35.747,0.22,3.94,10.18,0.15,752.0,G8 IV/V,5430.0,1.71,1.05,3.99,321.296
FU Tau b,FU Tau,1.0,Imaging,2008.0,Spitzer Space Telescope,,763.0,,5562.0098665000005,,2467.0,M7.25,2838.0,,0.05,,
G 192-15 b,G 192-15,1.0,Radial Velocity,2025.0,Calar Alto Observatory,2.27476,0.01723,,1.03,0.0,453.6,M5.0 V,,,0.132,,9.53114
G 192-15 c,G 192-15,1.0,Radial Velocity,2025.0,Calar Alto Observatory,1219.0,1.137,,14.3,0.676,55.9,M5.0 V,,,0.132,,9.53114
G 196-3 b,G 196-3,1.0,Imaging,2024.0,European Space Agency (ESA) Gaia Satellite,,350.0,,8263.538582,,1670.0,,,,,,21.7912
G 261-6 b,G 261-6,1.0,Radial Velocity,2025.0,Calar Alto Observatory,5.4536,0.02971,,1.37,0.0,322.3,M5.5 V,,,0.118,,10.6267
G 264-012 b,G 264-012,1.0,Radial Velocity,2021.0,Calar Alto Observatory,2.30538,0.02279,,2.5,,587.0,M4.0 V,3326.0,0.305,0.297,4.85,16.009
G 264-012 c,G 264-012,1.0,Radial Velocity,2021.0,Calar Alto Observatory,8.0518,0.0525,,3.75,,387.0,M4.0 V,3326.0,0.305,0.297,4.85,16.009
G 268-110 b,G 268-110,1.0,Radial Velocity,2025.0,Calar Alto Observatory,1.43263,0.01283,,1.52,0.0,534.0,M5.0 V,,,0.137,,
G 9-40 b,G 9-40,1.0,Transit,2019.0,K2,5.7459792,0.04015,1.9625,7.85,0.0,448.3,M2.5 V,3370.25,0.30605,0.29173333333333334,4.9087499999999995,27.9276
GJ 1002 b,GJ 1002,1.0,Radial Velocity,2022.0,Multiple Observatories,10.3465,0.0457,,1.08,,230.9,M5.5 V,3024.0,0.137,0.12,5.1,4.84867
GJ 1002 c,GJ 1002,1.0,Radial Velocity,2022.0,Multiple Observatories,21.202,0.0738,,1.36,,181.7,M5.5 V,3024.0,0.137,0.12,5.1,4.84867
GJ 1061 b,GJ 1061,1.0,Radial Velocity,2020.0,La Silla Observatory,3.204,0.021,,1.37,0.31,,M5.5 V,2953.0,0.156,0.12,,3.67278
GJ 1061 c,GJ 1061,1.0,Radial Velocity,2020.0,La Silla Observatory,6.689,0.035,,1.74,0.29,,M5.5 V,2953.0,0.156,0.12,,3.67278
GJ 1061 d,GJ 1061,1.0,Radial Velocity,2020.0,La Silla Observatory,13.031,0.054,,1.64,0.53,,M5.5 V,2953.0,0.156,0.12,,3.67278
GJ 1132 b,GJ 1132,1.0,Transit,2015.0,Cerro Tololo Inter-American Observatory,1.6289298420000002,0.015443333333333331,1.2278786625,1.6654096379999999,0.07726666666666666,541.45,M4.5 V,3259.75,0.21139999999999998,0.1837,4.959,12.613
GJ 1132 c,GJ 1132,1.0,Radial Velocity,2018.0,La Silla Observatory,8.929,0.0476,,2.64,0.27,300.0,,3270.0,0.2105,0.181,,12.613
GJ 1148 b,GJ 1148,1.0,Radial Velocity,2010.0,W. M. Keck Observatory,41.384,0.16603533333333334,,99.71774332333332,0.35333333333333333,,,3310.523333333333,0.361226,0.344045,4.8705153333333335,11.0143
GJ 1148 c,GJ 1148,1.0,Radial Velocity,2017.0,Calar Alto Observatory,534.24,0.9211,,75.34769291,0.30600000000000005,,,3322.285,0.3625795,0.358815,4.872943,11.0143
GJ 1151 c,GJ 1151,1.0,Radial Velocity,2023.0,Multiple Facilities,389.7,0.5714,,10.62,,,M 4.5V,3280.0,0.1781,0.1639,5.09,8.03625
GJ 1214 b,GJ 1214,1.0,Transit,2009.0,MEarth Project,1.5804041696810527,0.014686666666666667,2.656676222222222,6.9487501428571425,0.03486666666666667,573.8,M4 V,3070.25,0.20956564705882355,0.1641111111111111,5.008251875,14.6427
GJ 1252 b,GJ 1252,1.0,Transit,2020.0,Transiting Exoplanet Survey Satellite (TESS),0.5182395599999999,0.009155,1.1886666666666665,1.5766666666666669,0.0,1089.0,M3,3458.0,0.391,0.381,,20.373
GJ 1265 b,GJ 1265,1.0,Radial Velocity,2018.0,Calar Alto Observatory,3.6511,0.026,,7.4,0.04,,M4.5 V,3236.0,0.192,0.178,5.09,10.2525
GJ 1289 b,GJ 1289,1.0,Radial Velocity,2024.0,Multiple Observatories,111.74,0.27,,6.27,0.0,150.0,M4.5 Ve,3296.0,,0.21,,8.35147
GJ 143 b,GJ 143,1.0,Transit,2019.0,Transiting Exoplanet Survey Satellite (TESS),35.600764999999996,0.19235000000000002,2.61,26.665,0.2565,422.0,K4.5,4640.0,0.695,0.745,4.613,16.32
GJ 15 A b,GJ 15 A,2.0,Radial Velocity,2014.0,W. M. Keck Observatory,11.4424,0.07229999999999999,,4.604955253333333,0.056333333333333326,550.0,M1,3638.89,0.3805703333333333,0.3775,4.886140666666667,3.56228
GJ 15 A c,GJ 15 A,2.0,Radial Velocity,2018.0,Roque de los Muchachos Observatory,7600.0,5.4,,36.0,0.27,,M1,3607.0,0.38,0.38,4.87,3.56228
GJ 160.2 b,GJ 160.2,1.0,Radial Velocity,2014.0,Multiple Observatories,5.2354,0.053,,10.2,0.06,,M0 V,4347.0,,0.69,,25.8557
GJ 163 b,GJ 163,1.0,Radial Velocity,2013.0,La Silla Observatory,8.63182,0.0607,,10.6,0.073,,,,,,,15.1285
GJ 163 c,GJ 163,1.0,Radial Velocity,2013.0,La Silla Observatory,25.63058,0.1254,,6.8,0.099,,,,,,,15.1285
GJ 163 d,GJ 163,1.0,Radial Velocity,2013.0,La Silla Observatory,603.95116,1.0304,,29.4,0.373,,,,,,,15.1285
GJ 179 b,GJ 179,1.0,Radial Velocity,2009.0,W. M. Keck Observatory,2308.0,2.4523333333333333,,267.18464957,0.18600000000000003,,M2 V,3383.9266666666667,0.3807435,0.357,4.843225666666666,12.356
GJ 180 b,GJ 180,1.0,Radial Velocity,2014.0,Multiple Observatories,17.2565,0.0975,,7.3950000000000005,0.09,,M2 V,3371.0,,0.43,,11.9407
GJ 180 c,GJ 180,1.0,Radial Velocity,2014.0,Multiple Observatories,24.329,0.129,,6.4,0.09,,M2 V,3371.0,,0.43,,11.9407
GJ 180 d,GJ 180,1.0,Radial Velocity,2020.0,Multiple Facilities,106.3,0.309,,7.56,0.14,,,,,0.43,,11.9407
GJ 2030 b,GJ 2030,1.0,Radial Velocity,2022.0,Multiple Observatories,2.38129,0.034,,4.76742611,0.239,,,,,0.96,,37.0788
GJ 2030 c,GJ 2030,1.0,Radial Velocity,2022.0,Multiple Observatories,25533.11353,16.761,,4069.15709482,0.041,,,,,0.96,,37.0788
GJ 2056 b,GJ 2056,1.0,Radial Velocity,2020.0,Multiple Observatories,69.971,0.283,,16.2,0.72,,,,,0.62,,28.4434
GJ 2126 b,GJ 2126,1.0,Radial Velocity,2025.0,La Silla Observatory,272.7,0.71,,413.1769291,0.85,,M0 V,4159.0,0.728,0.65,4.527,38.129
GJ 229 A c,GJ 229,3.0,Radial Velocity,2020.0,Multiple Facilities,121.96384,0.36150000000000004,,7.924683495,0.278,,,,,0.5445,,5.75624
GJ 229 b,GJ 229,3.0,Radial Velocity,2014.0,Multiple Observatories,525.5299833333333,0.9846666666666667,,18.471978376666666,0.20133333333333336,,M1/M2 V,3564.0,,0.5563333333333333,,5.756240000000001
GJ 238 b,GJ 238,1.0,Transit,2024.0,Transiting Exoplanet Survey Satellite (TESS),1.7446999,0.02123,0.566,,,758.0,M2.5 V,3485.0,0.4314,0.4193,,15.2142
GJ 251 b,GJ 251,1.0,Radial Velocity,2020.0,W. M. Keck Observatory,14.2375,0.0813,,3.925,0.05,343.5,M3.0 V,3396.5,0.362,0.355,4.915,5.58057
GJ 251 c,GJ 251,1.0,Radial Velocity,2025.0,Multiple Observatories,53.647,0.196,,3.88,0.0,216.0,,3342.0,0.36,0.35,4.87,5.58057
GJ 27.1 b,GJ 27.1,1.0,Radial Velocity,2014.0,Multiple Observatories,15.819,0.101,,13.0,0.08,,M0.5 V,3542.0,,0.53,,23.6062
GJ 273 b,GJ 273,1.0,Radial Velocity,2017.0,La Silla Observatory,18.6498,0.091101,,2.89,0.1,,M3.5,3382.0,0.293,0.29,,5.921535
GJ 273 c,GJ 273,1.0,Radial Velocity,2017.0,La Silla Observatory,4.7234,0.036467,,1.18,0.17,,M3.5,3382.0,0.293,0.29,,5.921535
GJ 3021 b,GJ 3021,2.0,Radial Velocity,2000.0,La Silla Observatory,133.71,0.49,,1071.04,0.511,350.0,G6 V,5540.0,0.9,0.9,4.7,17.5559
GJ 3082 b,GJ 3082,1.0,Radial Velocity,2020.0,Multiple Facilities,11.949,0.079,,8.2,0.22,,,,,0.47,,16.6186
GJ 3090 b,GJ 3090,1.0,Transit,2022.0,Transiting Exoplanet Survey Satellite (TESS),2.8531054,0.03165,2.13,3.34,0.32,693.0,M2 V,3556.0,0.516,0.519,4.727,22.4751
GJ 3138 b,GJ 3138,1.0,Radial Velocity,2017.0,La Silla Observatory,1.22003,0.0197,,1.78,0.19,,M0,3717.0,0.5,0.681,,28.4712
GJ 3138 c,GJ 3138,1.0,Radial Velocity,2017.0,La Silla Observatory,5.974,0.057,,4.18,0.11,,M0,3717.0,0.5,0.681,,28.4712
GJ 3138 d,GJ 3138,1.0,Radial Velocity,2017.0,La Silla Observatory,257.8,0.698,,10.5,0.32,,M0,3717.0,0.5,0.681,,28.4712
GJ 317 b,GJ 317,1.0,Radial Velocity,2007.0,W. M. Keck Observatory,694.322,1.1138,,571.686077838,0.11072000000000001,,M3.5 V,3499.5766666666664,0.41741700000000004,0.42381775,4.822436,15.1968
GJ 317 c,GJ 317,1.0,Radial Velocity,2018.0,W. M. Keck Observatory,7210.2646,10.2625,,526.767949384,0.35100000000000003,,M2.5 V,3499.5766666666664,0.41741700000000004,0.42381775,4.822436,15.1968
GJ 3222 b,GJ 3222,2.0,Radial Velocity,2022.0,Multiple Observatories,10.66669,0.091,,11.44182265,0.929,,,,,0.89,,18.23817
GJ 328 b,GJ 328,1.0,Radial Velocity,2013.0,McDonald Observatory,3935.5,4.305,,764.374650785,0.2985,,M0.0,3898.5,0.63,0.6699999999999999,4.64,20.5266
GJ 328 c,GJ 328,1.0,Radial Velocity,2023.0,Roque de los Muchachos Observatory,241.8,0.657,,21.4,,,M0.0,3897.0,0.63,0.65,4.64,20.5266
GJ 3293 b,GJ 3293,1.0,Radial Velocity,2015.0,La Silla Observatory,30.59935,0.143395,,24.63,0.065,,M2.5,3466.0,0.404,0.42,,20.1903
GJ 3293 c,GJ 3293,1.0,Radial Velocity,2015.0,La Silla Observatory,123.1848,0.362875,,23.405,0.22,,M2.5,3466.0,0.404,0.42,,20.1903
GJ 3293 d,GJ 3293,1.0,Radial Velocity,2017.0,La Silla Observatory,48.1345,0.19394,,7.6,0.12,,M2.5,3466.0,0.404,0.42,,20.1903
GJ 3293 e,GJ 3293,1.0,Radial Velocity,2017.0,La Silla Observatory,13.2543,0.08208,,3.28,0.21,,M2.5,3466.0,0.404,0.42,,20.1903
GJ 3323 b,GJ 3323,1.0,Radial Velocity,2017.0,La Silla Observatory,5.3636,0.03282,,2.02,0.23,,M4,3159.0,0.119,0.164,,5.37484
GJ 3323 c,GJ 3323,1.0,Radial Velocity,2017.0,La Silla Observatory,40.54,0.1264,,2.31,0.17,,M4,3159.0,0.119,0.164,,5.37484
GJ 3341 b,GJ 3341,1.0,Radial Velocity,2015.0,La Silla Observatory,14.207,0.089,,6.6,0.31,,M2.5,3526.0,0.439,0.47,,23.619
GJ 338 B b,GJ 338 B,2.0,Radial Velocity,2020.0,Calar Alto Observatory,24.436,0.1415,,10.434999999999999,0.1095,391.0,M0 V,4009.5,0.58,0.64,4.68,6.33256
GJ 341 b,GJ 341,1.0,Transit,2025.0,Transiting Exoplanet Survey Satellite (TESS),7.57686,,0.88,4.0,0.0,,M1,3770.0,0.5066,0.48,4.72,10.454
GJ 3470 b,GJ 3470,1.0,Radial Velocity,2012.0,La Silla Observatory,3.3366993999999996,0.034566,4.28,13.701666666666668,0.04975,606.875,M1.5,3595.5555555555557,0.5111562857142857,0.53,4.71812625,29.4214
GJ 3473 b,GJ 3473,2.0,Transit,2020.0,Transiting Exoplanet Survey Satellite (TESS),1.1980035,0.01589,1.264,1.86,0.0,773.0,,3347.0,0.364,0.36,4.81,27.3644
GJ 3473 c,GJ 3473,2.0,Radial Velocity,2020.0,Multiple Observatories,15.509,0.0876,,7.41,0.0,329.1,,3347.0,0.364,0.36,4.81,27.3644
GJ 3512 b,GJ 3512,1.0,Radial Velocity,2019.0,Calar Alto Observatory,203.463,0.3375333333333333,,146.62508428333334,0.43450000000000005,,M5.5 V,3101.0,0.139,0.123,,9.48637
GJ 3512 c,GJ 3512,1.0,Radial Velocity,2020.0,Multiple Observatories,1976.8,1.5115,,103.77097488500002,0.053649999999999996,,M5.5 V,3111.0,0.139,0.123,,9.48637
GJ 357 b,GJ 357,1.0,Transit,2019.0,Transiting Exoplanet Survey Satellite (TESS),3.9306476666666668,0.035500000000000004,1.2085,1.84,,521.5,M2.5 V,3505.0,0.337,0.342,4.94,9.44181
GJ 357 c,GJ 357,1.0,Radial Velocity,2019.0,Multiple Observatories,9.1247,0.061,,3.4,,401.2,M2.5 V,3505.0,0.337,0.342,4.94,9.44181
GJ 357 d,GJ 357,1.0,Radial Velocity,2019.0,Multiple Observatories,55.661,0.204,,6.1,,219.6,M2.5 V,3505.0,0.337,0.342,4.94,9.44181
GJ 3634 b,GJ 3634,1.0,Radial Velocity,2010.0,La Silla Observatory,2.64561,0.0287,,8.4,0.08,,M2.5,,0.43,0.45,,20.3779
GJ 367 b,GJ 367,1.0,Transit,2021.0,Transiting Exoplanet Survey Satellite (TESS),0.32194225,0.007095000000000001,0.7084999999999999,0.5895,0.03,1555.0,M1.0 V,3522.0,0.4575,0.4545,4.7765,9.41263
GJ 367 c,GJ 367,1.0,Radial Velocity,2023.0,La Silla Observatory,11.5301,,,4.13,0.09,,M1.0 V,3522.0,0.458,0.455,4.776,9.41263
GJ 367 d,GJ 367,1.0,Radial Velocity,2023.0,La Silla Observatory,34.369,,,6.03,0.14,,M1.0 V,3522.0,0.458,0.455,4.776,9.41263
GJ 3779 b,GJ 3779,1.0,Radial Velocity,2018.0,Calar Alto Observatory,3.0232,0.026,,8.0,0.07,,M4.0 V,3324.0,0.281,0.27,5.05,13.743
GJ 3929 b,GJ 3929,1.0,Transit,2022.0,Transiting Exoplanet Survey Satellite (TESS),2.61625475,0.025445000000000002,1.12,1.48,0.0,568.4,M3.5 V,3376.5,0.3175,0.311,4.865,15.8095
GJ 3929 c,GJ 3929,1.0,Radial Velocity,2022.0,Multiple Observatories,15.04,0.081,,5.71,0.0,317.0,,3384.0,0.32,0.313,4.89,15.8095
GJ 393 b,GJ 393,1.0,Radial Velocity,2021.0,Multiple Observatories,7.02679,0.05402,,1.71,,485.0,M2.0 V,3579.0,0.426,0.426,4.88,7.03149
GJ 3942 b,GJ 3942,1.0,Radial Velocity,2017.0,Roque de los Muchachos Observatory,6.905,0.0608,,7.14,0.121,590.0,M0,3867.0,0.61,0.63,4.65,16.9287
GJ 3988 b,GJ 3988,1.0,Radial Velocity,2023.0,Calar Alto Observatory,6.9442,0.0405,,3.69,0.0,348.0,M4.5 V,3273.0,0.19734,0.1842,4.92,9.9105
GJ 3998 b,GJ 3998,1.0,Radial Velocity,2016.0,Roque de los Muchachos Observatory,2.6500500000000002,0.0295,,2.4850000000000003,0.0,,M1,3724.0,0.495,0.51,4.76,18.1459
GJ 3998 c,GJ 3998,1.0,Radial Velocity,2016.0,Roque de los Muchachos Observatory,13.7335,0.0895,,6.54,0.0245,,M1,3724.0,0.495,0.51,4.76,18.1459
GJ 3998 d,GJ 3998,1.0,Radial Velocity,2025.0,Multiple Observatories,41.78,0.189,,6.07,0.0,,,3726.0,0.5,0.52,4.75,18.1459
GJ 411 b,GJ 411,1.0,Radial Velocity,2019.0,Haute-Provence Observatory,12.9442,0.0787775,,2.7933116375,0.1245,359.96500000000003,M1.5 V,3650.7375,0.3755276666666667,0.3894365,4.886679999999999,5.675773
GJ 414 A b,GJ 414 A,2.0,Radial Velocity,2021.0,W. M. Keck Observatory,51.2125,0.23635,2.63,8.917037355,0.365,308.6,K7 V,4162.965,0.674961,0.6723605,4.637469,11.8893
GJ 414 A c,GJ 414 A,2.0,Radial Velocity,2021.0,W. M. Keck Observatory,747.2650000000001,1.412,8.4,56.155213445,0.145,124.7,K7 V,4162.965,0.674961,0.6723605,4.637469,11.8893
GJ 422 b,GJ 422,1.0,Radial Velocity,2014.0,Multiple Observatories,23.145000000000003,0.11499999999999999,,10.485,0.08,,M3.5 V,3323.0,,0.35,,12.6631
GJ 4276 b,GJ 4276,1.0,Radial Velocity,2019.0,Calar Alto Observatory,13.352,0.082,,16.57,0.37,,M4.0,3387.0,0.407,0.406,4.97,21.3362
GJ 433 b,GJ 433,1.0,Radial Velocity,2011.0,La Silla Observatory,7.3705,0.06,,5.8724,0.0625,,M1.5,3511.0,0.5,0.48,4.81,9.06456
GJ 433 c,GJ 433,1.0,Radial Velocity,2014.0,Multiple Observatories,4247.0525,4.2095,,38.711,0.1,,M1.5 V,3472.0,,0.48,,9.06456
GJ 433 d,GJ 433,1.0,Radial Velocity,2020.0,Multiple Facilities,36.059,0.178,,5.223,0.07,,,,,0.48,,9.06456
GJ 436 b,GJ 436,1.0,Radial Velocity,2004.0,W. M. Keck Observatory,2.641814491380952,0.02881357142857143,4.137192233333334,22.681155906,0.15795153846153848,663.5,M2.5 V,3446.256875,0.4494285714285714,0.44310926666666667,4.7850562666666665,9.75321
GJ 463 b,GJ 463,1.0,Radial Velocity,2022.0,Multiple Observatories,3450.75,3.53,,810.3829807475,0.104,,M3 V,3545.75,0.48824999999999996,0.489,4.86,18.3554
GJ 480 b,GJ 480,1.0,Radial Velocity,2020.0,Multiple Observatories,9.567,0.068,,13.2,0.1,,M3.5 Ve,,,0.45,,14.2358
GJ 486 b,GJ 486,1.0,Radial Velocity,2021.0,Calar Alto Observatory,1.4671202566666668,0.017203333333333334,1.3123333333333334,2.8633333333333333,0.016953333333333334,701.1,M3.5 V,3316.0,0.33043333333333336,0.32266666666666666,4.865550000000001,8.07426
GJ 504 b,GJ 504,1.0,Imaging,2013.0,Subaru Telescope,,43.5,12.10569916,1271.3,,511.0,G0 V,6234.0,,1.22,4.6,17.5299
GJ 508.2 b,GJ 508.2,1.0,Radial Velocity,2025.0,Calar Alto Observatory,5300.0,4.85,,587.98255295,0.27,,M1.0 V,3720.0,0.53,0.54,,16.6374
GJ 514 b,GJ 514,1.0,Radial Velocity,2022.0,Multiple Observatories,140.43,0.422,,5.2,0.45,202.0,M0.5-1.0 V,3728.0,0.5,0.51,4.76,7.61778
GJ 536 b,GJ 536,1.0,Radial Velocity,2016.0,La Silla Observatory,8.708113333333333,0.06680333333333334,,6.083333333333333,0.06633333333333334,451.0,M1 V,3666.6666666666665,0.5184095,0.51791,4.731190000000001,10.4092
GJ 536 c,GJ 536,1.0,Radial Velocity,2025.0,Multiple Facilities,32.761,0.1617,,5.89,0.0,290.5,,3641.0,0.529,0.528,4.713,10.4092
GJ 581 b,GJ 581,1.0,Radial Velocity,2005.0,La Silla Observatory,5.368162857142857,0.040588042857142854,,16.513004514285715,0.010885714285714287,,M3 V,3445.5975,0.308627,0.30920133333333333,4.92521425,6.2981
GJ 581 c,GJ 581,1.0,Radial Velocity,2007.0,La Silla Observatory,12.919466666666667,0.07241383333333333,,5.6625786116666665,0.06816666666666667,,M3 V,3445.5975,0.308627,0.30904159999999997,4.92521425,6.298100000000001
GJ 581 e,GJ 581,1.0,Radial Velocity,2009.0,La Silla Observatory,3.1496380000000004,0.02871866,,1.8954,0.0274,,M3 V,3430.6666666666665,0.320468,0.3066235,4.919486666666667,6.2981
GJ 625 b,GJ 625,1.0,Radial Velocity,2017.0,Multiple Observatories,14.628,0.078361,,2.82,0.13,,M2,3499.0,0.31,0.3,4.94,6.47249
GJ 649 b,GJ 649,1.0,Radial Velocity,2009.0,W. M. Keck Observatory,601.0666666666666,1.1265,,91.21551364333334,0.18433333333333335,,M1.0,3747.0733333333333,0.500864,0.519917,4.75943,10.3796
GJ 667 C b,GJ 667 C,3.0,Radial Velocity,2012.0,La Silla Observatory,7.200792,0.04998275,,5.635249999999999,0.1548,,M1.5 V,3550.0,,0.33,4.69,7.2439599999999995
GJ 667 C c,GJ 667 C,3.0,Radial Velocity,2013.0,La Silla Observatory,28.134500000000003,0.1245025,,4.03725,0.17325000000000002,,M1.5 V,3550.0,,0.33,4.69,7.24396
GJ 667 C e,GJ 667 C,3.0,Radial Velocity,2013.0,La Silla Observatory,62.24,0.213,,2.7,0.02,,M1.5 V,3350.0,,0.33,4.69,7.24396
GJ 667 C f,GJ 667 C,3.0,Radial Velocity,2013.0,La Silla Observatory,39.026,0.156,,2.7,0.03,,M1.5 V,3350.0,,0.33,4.69,7.24396
GJ 667 C g,GJ 667 C,3.0,Radial Velocity,2013.0,La Silla Observatory,256.2,0.549,,4.6,0.08,,M1.5 V,3350.0,,0.33,4.69,7.24396
GJ 674 b,GJ 674,1.0,Radial Velocity,2007.0,La Silla Observatory,4.6938,0.039,,11.09,0.2,,M2.5,3600.0,,0.35,,4.54896
GJ 676 A b,GJ 676 A,2.0,Radial Velocity,2010.0,La Silla Observatory,1053.289052,1.7974,,1734.8121866679999,0.32520000000000004,,M0 V,3734.0,0.69,0.6886666666666666,4.62,16.0272
GJ 676 A c,GJ 676 A,2.0,Radial Velocity,2016.0,Paranal Observatory,10629.211510000001,8.163,,3224.69243362,0.295,,,,,0.626,,16.0272
GJ 676 A d,GJ 676 A,2.0,Radial Velocity,2012.0,La Silla Observatory,3.6004199999999997,0.040150000000000005,,4.204646960000001,0.20133333333333334,,M0 V,,,0.6679999999999999,,16.0272
GJ 676 A e,GJ 676 A,2.0,Radial Velocity,2012.0,La Silla Observatory,35.41119333333333,0.184,,8.758132183333332,0.17233333333333334,,M0 V,,,0.6679999999999999,,16.0272
GJ 680 b,GJ 680,2.0,Radial Velocity,2022.0,Multiple Observatories,17281.66514,10.138,,7977.4930157,0.381,,,,,0.456,,9.67315
GJ 682 b,GJ 682,1.0,Radial Velocity,2014.0,Multiple Observatories,17.478,0.08,,4.4,0.08,,M3.5 V,3028.0,,0.27,,5.00671
GJ 682 c,GJ 682,1.0,Radial Velocity,2014.0,Multiple Observatories,57.32,0.176,,8.7,0.1,,M3.5 V,3028.0,,0.27,,5.00671
GJ 685 b,GJ 685,1.0,Radial Velocity,2019.0,Roque de los Muchachos Observatory,24.16,0.1344,,9.0,0.0,,M0.5,3816.0,0.54,0.55,4.72,14.3155
GJ 687 b,GJ 687,1.0,Radial Velocity,2014.0,Lick Observatory,38.1435,0.16558250000000002,,18.0599277275,0.10075,,M3 V,3438.1,0.4183,0.410278,4.8396799999999995,4.54939
GJ 687 c,GJ 687,1.0,Radial Velocity,2020.0,Multiple Observatories,727.562,1.165,,16.0,0.4,,,,,0.4,,4.54939
GJ 720 A b,GJ 720 A,2.0,Radial Velocity,2021.0,Roque de los Muchachos Observatory,19.466,0.119,,13.64,0.12,401.0,M0.5 V,3837.0,0.56,0.57,4.71,15.5575
GJ 724 b,GJ 724,1.0,Radial Velocity,2023.0,Calar Alto Observatory,5.101284,0.04685,,10.75,0.577,611.0,M1.0 V,3799.0,0.52226,0.5271,4.88,16.9658
GJ 740 b,GJ 740,1.0,Radial Velocity,2021.0,Multiple Observatories,2.37756,0.029,,2.96,0.24,829.0,M1.0 V,3913.0,0.56,0.58,4.68,11.1017
GJ 806 b,GJ 806,1.0,Transit,2023.0,Transiting Exoplanet Survey Satellite (TESS),0.9263237,0.01406,1.331,1.9,,940.0,M1.5 V,3600.0,0.4144,0.413,4.98,12.0445
GJ 806 c,GJ 806,1.0,Radial Velocity,2023.0,Multiple Observatories,6.64064,0.0523,,5.8,,490.0,M1.5 V,3600.0,0.4144,0.413,4.98,12.0445
GJ 832 b,GJ 832,1.0,Radial Velocity,2008.0,Anglo-Australian Telescope,3639.6666666666665,3.5501666666666662,,252.5970939,0.07,,M1 V,3533.6666666666665,0.4607785,0.4477623333333334,4.7222625,4.96435
GJ 849 b,GJ 849,1.0,Radial Velocity,2006.0,W. M. Keck Observatory,1903.0442857142857,2.3565,,287.1760634842857,0.044500000000000005,,M3.5,3419.42,0.46079,0.4795241666666667,4.7899495,8.80058
GJ 849 c,GJ 849,1.0,Radial Velocity,2014.0,W. M. Keck Observatory,6269.333333333333,4.962,,293.5675052633333,0.0955,,M3.5,3514.84,0.459229,0.47861966666666667,4.795313999999999,8.80058
GJ 86 b,GJ 86,2.0,Radial Velocity,1999.0,La Silla Observatory,15.764606666666666,0.11233333333333334,,1310.5006,0.04253333333333333,,,5166.5,0.77,0.8333333333333334,4.612,10.7836
GJ 876 b,GJ 876,1.0,Radial Velocity,1998.0,Multiple Observatories,61.05392666666666,0.21191775,,798.5533553277778,0.07700000000000001,,M4 V,3275.548,0.3459826666666666,0.3335186666666667,4.8723982,4.67517
GJ 876 c,GJ 876,1.0,Radial Velocity,2000.0,Multiple Observatories,30.193645714285715,0.13264700000000001,,242.73511335999999,0.22344428571428573,,M4 V,3276.685,0.3447344,0.3328668,4.87255525,4.67517
GJ 876 d,GJ 876,1.0,Radial Velocity,2005.0,W. M. Keck Observatory,1.937844857142857,0.02121374333333333,,7.001354208571429,0.14457142857142857,,M4 V,3276.685,0.3447344,0.3328668,4.87255525,4.67517
GJ 876 e,GJ 876,1.0,Radial Velocity,2010.0,W. M. Keck Observatory,124.38666666666667,0.34356666666666663,,16.393717773333332,0.042,,,3271.0,0.32611199999999996,0.32838900000000004,4.87177,4.67517
GJ 887 b,GJ 887,1.0,Radial Velocity,2020.0,La Silla Observatory,9.262,0.068,,4.2,0.0,468.0,M1 V,3688.0,0.4712,0.489,4.78,3.29
GJ 887 c,GJ 887,1.0,Radial Velocity,2020.0,La Silla Observatory,21.789,0.12,,7.6,,352.0,M1 V,3688.0,0.4712,0.489,4.78,3.29
GJ 896 A b,GJ 896 A,2.0,Astrometry,2022.0,Very Long Baseline Array,284.39,0.63965,,718.29219982,0.35,,M3.5 V,,,0.43599,,6.26022
GJ 900 b,GJ 900 A,3.0,Imaging,2024.0,Multiple Observatories,,12000.0,,3496.112477,,,K7,,,1.08,,20.8065
GJ 9066 c,GJ 9066,1.0,Radial Velocity,2020.0,Multiple Observatories,769.6234999999999,0.875,,69.171982735,0.395,,M4.5 V,3154.0,0.164,0.15,5.01,4.471
GJ 9404 b,GJ 9404,1.0,Radial Velocity,2023.0,Roque de los Muchachos Observatory,13.4586,0.0943,,11.9,0.49,,,,,0.62,,23.8839
GJ 96 b,GJ 96,1.0,Radial Velocity,2018.0,Haute-Provence Observatory,73.94,0.291,,19.66,0.44,,M2,3785.0,,0.6,,11.9315
GJ 9689 b,GJ 9689,1.0,Radial Velocity,2020.0,Roque de los Muchachos Observatory,18.27,0.1139,,9.65,0.29,453.04,M0.5,3836.0,0.57,0.59,4.69,30.6203
GJ 9714 b,GJ 9714,1.0,Radial Velocity,2022.0,Multiple Observatories,19240.75467,12.319,,2988.54051102,0.155,,,,,0.67,,20.5121
GJ 9773 b,GJ 9773,1.0,Radial Velocity,2025.0,Calar Alto Observatory,2965.0,2.921,,172.580825,0.218,,M3.0 V,3528.0,0.362,0.358,,15.9211
GJ 9827 b,GJ 9827,1.0,Transit,2017.0,K2,1.2089769333333333,0.01933,1.5805,4.457142857142857,0.0315,1099.085,K6 V,4269.777777777777,0.6030666666666666,0.6148333333333333,4.683625,29.661
GJ 9827 c,GJ 9827,1.0,Transit,2017.0,K2,3.64810465,0.04038666666666667,1.2402857142857144,1.6316666666666666,0.047,760.4733333333334,K6 V,4271.625,0.6038,0.6166,4.681285714285714,29.661
GJ 9827 d,GJ 9827,1.0,Transit,2017.0,K2,6.2015886,0.056908571428571426,2.009875,3.511428571428571,0.065,642.6542857142857,K6 V,4269.25,0.6038,0.6171666666666666,4.681285714285714,29.661
GPX-1 b,GPX-1,1.0,Transit,2021.0,Acton Sky Portal Observatory,1.744579,0.0338,16.47720163,6261.2196179,0.0,2300.0,F2,7000.0,1.56,1.68,4.27,655.013
GQ Lup b,GQ Lup,1.0,Imaging,2004.0,Paranal Observatory,,100.0,42.5807,8104.365,,2525.0,K7e V,4360.0,1.94153,0.7,,151.169
GSC 06214-00210 b,GSC 06214-00210,1.0,Imaging,2010.0,Palomar Observatory,,313.3333333333333,20.1762,4831.5375,,2266.6666666666665,K7,4277.333333333333,0.90484,0.8313333333333333,4.36628,108.5
GU Psc b,GU Psc,1.0,Imaging,2014.0,Gemini Observatory,,2000.0,14.179,3591.3,,1050.0,M3,,,0.325,,47.5501
Gaia-1 b,Gaia-1,1.0,Transit,2022.0,European Space Agency (ESA) Gaia Satellite,3.052524,0.04047,13.77583728,533.95172376,,,,5470.0,0.952,0.949,,363.66
Gaia-2 b,Gaia-2,1.0,Transit,2022.0,European Space Agency (ESA) Gaia Satellite,3.6915224,0.0467,14.81827249,259.66580852,,,,5720.0,1.064,1.0,,209.229
Gaia-4 b,Gaia-4,1.0,Astrometry,2025.0,European Space Agency (ESA) Gaia Satellite,571.3,,,3750.3752026,0.338,,,4034.0,0.624,0.644,4.68,73.4829
Gaia-5 b,Gaia-5,1.0,Astrometry,2025.0,European Space Agency (ESA) Gaia Satellite,358.62,,,6633.07885409,0.6423,,,3447.0,0.345,0.339,4.83,41.1813
Gaia22dkvL b,Gaia22dkvL,1.0,Microlensing,2024.0,European Space Agency (ESA) Gaia Satellite,,1.6828571428571428,,552.7490038314285,,,,,,1.1263333333333334,,1200.0
Gl 378 b,Gl 378,1.0,Radial Velocity,2019.0,Haute-Provence Observatory,3.822,0.039435,,13.02,0.109,830.0,M1,3879.0,0.56,0.56,,14.9545
Gl 410 b,Gl 410,1.0,Radial Velocity,2025.0,Mauna Kea Observatory,6.02,0.0531,,8.4,,,,3842.0,0.543,0.55,4.87,11.9324
Gl 49 b,Gl 49,2.0,Radial Velocity,2019.0,Multiple Observatories,13.8508,0.0905,,5.63,0.363,,M1.5 V,3805.0,0.511,0.515,4.69,9.8528
Gl 686 b,Gl 686,1.0,Radial Velocity,2018.0,Roque de los Muchachos Observatory,15.531163333333334,0.09123333333333333,,6.787999999999999,0.042333333333333334,379.0,M1,3657.6666666666665,0.4246666666666667,0.424,4.86,8.15728
Gl 725 A b,Gl 725 A,2.0,Radial Velocity,2025.0,Multiple Observatories,11.2201,0.068,,2.78,0.0,,M3,3433.0,0.351,0.33,4.87,3.5214
Gliese 12 b,Gliese 12,1.0,Transit,2024.0,Transiting Exoplanet Survey Satellite (TESS),12.761413999999998,0.0669,0.929,6.9350000000000005,0.5,314.8,M3.0 V,3274.5,0.26535,0.2412,5.085,12.21
HAT-P-1 b,HAT-P-1,2.0,Transit,2006.0,HATNet,4.464928177142857,0.055338571428571424,14.353121375,167.84878555555554,0.0021999999999999997,1313.8333333333333,G0 V,5996.873846153846,1.1448571428571428,1.1310909090909091,4.393106,158.979
HAT-P-11 b,HAT-P-11,1.0,Transit,2008.0,HATNet,4.887815188157894,0.052791,4.72732025,25.284667159999998,0.140081,820.0,K4,4764.007058823529,0.7553138666666667,0.8165833333333333,4.59032,37.7647
HAT-P-11 c,HAT-P-11,1.0,Radial Velocity,2018.0,W. M. Keck Observatory,3374.2,4.115,,696.5963769200001,0.615,,K4,4716.5,0.7115,0.8096666666666668,,37.7647
HAT-P-12 b,HAT-P-12,1.0,Transit,2009.0,HATNet,3.2127806818181814,0.038205,11.406949458333335,66.21262271428571,0.010166666666666666,963.2,K4,4651.885454545454,0.6993807272727273,0.7337272727272727,4.610930000000001,142.751
HAT-P-13 b,HAT-P-13,1.0,Transit,2009.0,HATNet,2.9162423575,0.04323200000000001,15.496508216666667,281.36696382,0.0144,1706.0,G4,5653.0,1.6253333333333335,1.22,4.12,246.81000000000003
HAT-P-13 c,HAT-P-13,1.0,Radial Velocity,2009.0,W. M. Keck Observatory,441.60249999999996,1.2229999999999999,,4664.004325,0.665775,340.0,G4,5653.0,1.658,1.32,4.13,246.81
HAT-P-14 b,HAT-P-14,2.0,Transit,2010.0,HATNet,4.627666772727273,0.060475,13.602063166666667,775.2285514285714,0.10206666666666668,1602.0,F,6612.29,1.5362466666666665,1.5169,4.21916625,222.663
HAT-P-15 b,HAT-P-15,1.0,Transit,2010.0,HATNet,10.863491530000001,0.09645000000000001,11.971195999999999,625.95964,0.1956,904.0,G5,5578.4,1.0804,1.0119999999999998,4.37775,192.516
HAT-P-16 b,HAT-P-16,3.0,Transit,2010.0,HATNet,2.7759673333999997,0.04131,14.119528791666667,1335.3522667583334,0.03864285714285714,1582.5,F8,6156.0,1.237,1.215142857142857,4.349333333333333,226.63700000000003
HAT-P-17 b,HAT-P-17,1.0,Transit,2010.0,HATNet,10.338529918571428,0.08853333333333334,11.447163852500001,177.28315222199998,0.34354,796.0,K,5273.851428571428,0.8432803333333333,0.8851249999999999,4.526776666666667,92.3831
HAT-P-17 c,HAT-P-17,1.0,Radial Velocity,2010.0,W. M. Keck Observatory,3722.0,4.2749999999999995,,804.0967999999999,0.257,,K,5276.32,0.837894,0.878,4.53733,92.3831
HAT-P-18 b,HAT-P-18,1.0,Transit,2010.0,HATNet,5.50802055125,0.05592,10.973626000000001,61.6583925,0.0715,846.5,K2,4808.125,0.74277825,0.7706666666666666,4.581185714285715,161.4
HAT-P-19 b,HAT-P-19,1.0,Transit,2010.0,HATNet,4.008782268571428,0.04641000000000001,12.225413516666668,90.36806291333335,0.05366666666666667,995.6,K1,4988.166666666667,0.808116,0.8343333333333334,4.548973999999999,202.078
HAT-P-2 b,HAT-P-2,1.0,Transit,2007.0,HATNet,5.631227253333333,0.0680525,12.242118375,2914.4805482854545,0.51218,1538.5,F8,6321.2,1.5259999999999998,1.3237272727272726,4.1706666666666665,127.774
HAT-P-2 c,HAT-P-2,1.0,Radial Velocity,2023.0,Multiple Observatories,8500.0,,,3400.7639549,0.37,,,,,1.33,,127.774
HAT-P-20 b,HAT-P-20,1.0,Transit,2010.0,HATNet,2.87840290975,0.03605,10.168857,2305.8889799999997,0.0137,1004.5,K3,4597.004285714285,0.6889785,0.7502857142857142,4.609716000000001,71.0374
HAT-P-21 b,HAT-P-21,1.0,Transit,2010.0,HATNet,4.124484071428571,0.04975666666666667,12.016038547499999,1361.3300904025,0.22575,1325.0,G3,5605.833333333333,1.21,1.0158,4.313000000000001,277.278
HAT-P-22 b,HAT-P-22,2.0,Transit,2010.0,HATNet,3.212228303333333,0.0414825,12.217865999999999,703.7767283333333,0.012733333333333333,1346.3333333333333,G5,5303.5,1.0553333333333335,0.9494285714285714,4.359500000000001,81.7647
HAT-P-23 b,HAT-P-23,1.0,Transit,2010.0,HATNet,1.212884408222222,0.023139999999999997,14.3924104,607.7038,0.07833333333333332,2003.5,G0,5904.888888888889,1.1802,1.1256666666666666,4.333857142857143,364.813
HAT-P-24 b,HAT-P-24,2.0,Transit,2010.0,HATNet,3.3552440942857147,0.046503333333333334,14.2915805,226.165918,0.05500000000000001,1637.0,F8,6373.0,1.3283333333333334,1.2165714285714286,4.27,415.344
HAT-P-25 b,HAT-P-25,1.0,Transit,2010.0,HATNet,3.6528214014285716,0.04659666666666667,13.133308333333334,180.41896,0.02775,1192.0,G5,5521.5,0.951,1.0075,4.49503,300.384
HAT-P-26 b,HAT-P-26,1.0,Transit,2010.0,HATNet,4.23450580375,0.047689999999999996,6.90097514,19.56217102,0.126,1040.5,K1,5079.557142857143,0.8136296666666668,0.85525,4.530381428571428,141.837
HAT-P-27 b,HAT-P-27,2.0,Transit,2011.0,HATNet,3.0395802485714287,0.040093333333333335,11.499360000000001,200.86409333333333,0.0465,,G8,5287.0,0.8664486666666668,0.9342,4.516503999999999,199.173
HAT-P-28 b,HAT-P-28,1.0,Transit,2011.0,HATNet,3.257213965,0.043385,13.585154,200.705355,0.04666666666666667,1384.0,G3,5680.0,1.103,1.025,4.36,401.319
HAT-P-29 b,HAT-P-29,2.0,Transit,2011.0,HATNet,5.723335533333334,0.06664,12.448638534,246.15733976833334,0.0825,1270.6666666666667,F8,6097.0,1.2376457142857142,1.23625,4.331167142857143,313.576
HAT-P-3 b,HAT-P-3,2.0,Transit,2007.0,HATNet,2.89972969,0.03876,10.092323,191.19156555555554,0.0016666666666666668,1162.0,K,5185.909090909091,0.84,0.937,4.569333333333334,134.554
HAT-P-30 b,HAT-P-30,2.0,Transit,2011.0,HATNet,2.81060036625,0.0419,15.66176025,238.11641,0.02775,1630.0,,6304.0,1.234,1.2933333333333332,4.3448,213.985
HAT-P-31 b,HAT-P-31,1.0,Transit,2011.0,HATNet,5.005357428571428,0.057999999999999996,12.067146666666666,700.41063,0.24872,1450.0,,6074.166666666667,1.372,1.2364000000000002,4.22901,344.05
HAT-P-32 b,HAT-P-32,2.0,Transit,2011.0,HATNet,2.1500083347,0.03421,20.3499725,252.67288333333332,0.071275,1800.2333333333333,,6196.75,1.233875,1.156,4.293333333333333,289.205
HAT-P-33 b,HAT-P-33,2.0,Transit,2011.0,HATNet,3.4744750842857144,0.049925,19.511008,237.73422499999998,0.10600000000000001,1782.0,F4,6448.333333333333,1.6676000000000002,1.45,4.15,396.11
HAT-P-34 b,HAT-P-34,1.0,Transit,2011.0,HATNet,5.452651917142857,0.06772,13.988774333333334,1398.282025,0.4328,1520.0,,6461.142857142857,1.539908,1.3794285714285712,4.207443333333333,249.325
HAT-P-35 b,HAT-P-35,3.0,Transit,2011.0,HATNet,3.6466827333333334,0.04979,23.217446,1020.2296933333333,0.025,1581.0,,6112.4,1.41543,1.222,4.227485,506.965
HAT-P-36 b,HAT-P-36,1.0,Transit,2011.0,HATNet,1.3273471553,0.023924,14.227928,574.0604526666667,0.0616,1803.0425,G5 V,5580.0,1.0724285714285713,1.028375,4.3853333333333335,294.419
HAT-P-37 b,HAT-P-37,1.0,Transit,2011.0,HATNet,2.79744091,0.037913333333333334,13.402160333333335,377.0472333333334,0.099,1271.0,,5500.0,0.8789999999999999,0.929,4.5175,390.594
HAT-P-38 b,HAT-P-38,1.0,Transit,2012.0,HATNet,4.640346261666667,0.052305000000000004,9.2472125,84.85880499999999,0.064,1082.0,,5302.2,0.923,0.885,4.43124,255.206
HAT-P-39 b,HAT-P-39,2.0,Transit,2012.0,HATNet,3.543871233333333,0.050925,17.6091695,185.608635,0.085,1752.0,,6430.0,1.625,1.404,4.16,697.004
HAT-P-4 b,HAT-P-4,2.0,Transit,2007.0,HATNet,3.0565045829999997,0.044524,14.672471999999999,207.06457875,0.013614285714285716,1688.5,F,5866.714285714285,1.5981111111111113,1.255888888888889,4.131,320.451
HAT-P-40 b,HAT-P-40,1.0,Transit,2012.0,HATNet,4.457229966666667,0.06078,18.607083333333335,177.55821,0.04,1770.0,,6080.0,2.1528,1.4156,3.93,464.469
HAT-P-41 b,HAT-P-41,2.0,Transit,2012.0,HATNet,2.6940483966666666,0.04259,19.909945,284.85238749999996,0.07333333333333333,1941.0,,6402.714285714285,1.7441666666666666,1.5614285714285714,4.265,348.185
HAT-P-42 b,HAT-P-42,1.0,Transit,2012.0,HATNet,4.641853841666667,0.0575,14.347760000000001,305.7457,0.055,1428.0,,5766.2,1.53,1.178,4.145555,405.238
HAT-P-43 b,HAT-P-43,1.0,Transit,2012.0,HATNet,3.3326775342857142,0.04438333333333333,14.115909666666667,221.20544999999998,0.105,1357.0,,5658.891666666666,1.0997000000000001,1.0444,4.368944000000001,528.825
HAT-P-44 b,HAT-P-44,1.0,Transit,2014.0,HATNet,4.301195646,0.0507,13.922,111.871,0.044,1108.0,,5250.04,0.949,0.9419999999999998,4.4310925,347.85
HAT-P-44 c,HAT-P-44,1.0,Radial Velocity,2014.0,W. M. Keck Observatory,872.2,1.752,,1271.3,0.494,,,5295.0,0.949,0.942,4.46,347.85
HAT-P-45 b,HAT-P-45,1.0,Transit,2014.0,HATNet,3.1289927220000004,0.045204999999999995,15.984017,278.41290000000004,0.0795,1652.0,,6143.75,1.319,1.259,4.23688,298.64
HAT-P-46 b,HAT-P-46,1.0,Transit,2014.0,HATNet,4.46313456,0.0577,14.392,156.684,0.1215,1458.0,,6609.0,1.3957133333333331,1.284,4.29836,290.736
HAT-P-49 b,HAT-P-49,1.0,Transit,2014.0,HATNet,2.691552032857143,0.043789999999999996,16.499542333333334,603.8693666666667,0.03,2131.0,F,6820.0,1.8708333333333333,1.6784,4.1,350.351
HAT-P-5 b,HAT-P-5,1.0,Transit,2007.0,HATNet,2.788480345,0.04079000000000001,13.900467473333334,329.26958228399997,0.023999999999999997,1528.0,G,5960.0,1.12425,1.0874000000000001,4.375,303.336
HAT-P-50 b,HAT-P-50,1.0,Transit,2015.0,HATNet,3.122008308333333,0.045285,14.437192,430.50073499999996,0.0995,1862.0,,6280.0,1.698,1.273,4.072,515.458
HAT-P-51 b,HAT-P-51,1.0,Transit,2015.0,HATNet,4.218024066,0.05059333333333333,14.164431913333333,98.20930698333332,0.0965,1180.1,,5449.8,1.0318,0.9730000000000001,4.4004,440.08900000000006
HAT-P-52 b,HAT-P-52,1.0,Transit,2015.0,HATNet,2.7535966033333334,0.03695,11.309881,259.82602499999996,0.0385,1218.0,,5111.216,0.893,0.887,4.486445,361.155
HAT-P-53 b,HAT-P-53,1.0,Transit,2015.0,HATNet,1.9616244000000003,0.031595,14.773462,470.547315,0.10950000000000001,1778.0,,5956.0,1.209,1.093,4.31,666.802
HAT-P-54 b,HAT-P-54,1.0,Transit,2015.0,HATNet,3.7998787555555555,0.041194999999999996,16.7525184,410.0007,0.367,818.0,,4362.0,0.6401428571428571,0.645,4.6579999999999995,143.651
HAT-P-55 b,HAT-P-55,1.0,Transit,2015.0,HATNet,3.5852382585714286,0.046119999999999994,13.779588816666667,186.24806352333334,0.15450000000000003,1340.0,,5807.333333333333,1.0266666666666666,1.0155,4.4198,511.388
HAT-P-56 b,HAT-P-56,1.0,Transit,2015.0,HATNet,2.7908508789999997,0.04310666666666666,17.101729666666667,676.9779,0.268,1840.0,,6615.0,1.4368333333333334,1.3208,4.075,320.639
HAT-P-57 b,HAT-P-57,3.0,Transit,2015.0,HATNet,2.46529612,0.0406,17.6709885,518.0629,0.0,2200.0,A8 V,7207.5,1.5875,1.795,4.25075,279.86
HAT-P-58 b,HAT-P-58,1.0,Transit,2021.0,HATNet,4.013836850000001,0.04994,14.93036229,118.2321674,0.073,1622.0,,6078.0,1.53,1.031,4.082,515.59
HAT-P-59 b,HAT-P-59,1.0,Transit,2021.0,HATNet,4.141977233333333,0.05064,12.58768533,489.45574678,0.03,1277.8,,5678.0,1.1038,1.008,4.356,265.471
HAT-P-6 b,HAT-P-6,1.0,Transit,2007.0,HATNet,3.85299342125,0.052387500000000004,15.389963,355.5434416666667,0.01675,1689.5,,6570.0,1.4915714285714288,1.353125,4.2136,275.358
HAT-P-60 b,HAT-P-60,1.0,Transit,2021.0,HATNet,4.794857933333334,0.06277,18.28184752,182.43350562,0.25,1772.0,,6212.0,2.197,1.435,3.9114,233.22
HAT-P-61 b,HAT-P-61,1.0,Transit,2021.0,HATNet,1.90231289,0.0301,10.07687365,335.9446262,0.113,1505.0,,5587.0,0.938,1.004,4.496,338.84
HAT-P-62 b,HAT-P-62,1.0,Transit,2021.0,HATNet,2.64532328,0.03772,12.02723629,241.86741773,0.101,1512.0,,5629.0,1.17,1.023,4.312,348.815
HAT-P-63 b,HAT-P-63,1.0,Transit,2021.0,HATNet,3.377728,0.04294,12.5428494,195.1466419,0.069,1237.0,,5400.0,0.9661,0.925,4.435,403.458
HAT-P-64 b,HAT-P-64,1.0,Transit,2021.0,HATNet,4.0072331000000005,0.05387,19.08889413,184.34047606,0.101,1766.0,,6457.0,1.735,1.298,4.072,651.897
HAT-P-65 b,HAT-P-65,1.0,Transit,2016.0,HATNet,2.6054496125,0.039965,19.621338955,171.78667374,0.304,1874.0,G2,5844.25,1.8115,1.23325,4.014225,738.519
HAT-P-66 b,HAT-P-66,1.0,Transit,2016.0,HATNet,2.972087425,0.04363,17.82231,248.86089,0.09,1896.0,G0,6002.0,1.881,1.255,3.993,935.456
HAT-P-67 b,HAT-P-67,2.0,Transit,2017.0,HATNet,4.810103766666667,0.06505,23.370765,108.0622,0.0,1903.0,,6406.0,2.546,1.642,3.854,371.686
HAT-P-68 b,HAT-P-68,1.0,Transit,2020.0,HATNet,2.29840553,0.02996,12.016048,230.10892,0.041,1027.8,K,4508.0,0.6701,0.6785,4.615,202.152
HAT-P-69 b,HAT-P-69,1.0,Transit,2019.0,HATNet,4.7869608249999995,0.06555,18.786284,1137.8314,0.0,1930.0,,7394.0,1.926,1.648,4.11,341.263
HAT-P-7 b,HAT-P-7,2.0,Transit,2008.0,HATNet,2.204735510631579,0.03726083333333333,16.22839678571429,562.43389375,0.0010583333333333332,2250.3333333333335,,6397.615263157895,1.9524822222222222,1.4975,4.0163030769230765,341.079
HAT-P-70 b,HAT-P-70,1.0,Transit,2019.0,HATNet,2.7443221025,0.04739,20.96083,2154.8874,0.0,2562.0,,8450.0,1.8579999999999999,1.89,4.181,330.739
HAT-P-8 b,HAT-P-8,3.0,Transit,2008.0,HATNet,3.07634699625,0.045615,16.030790875,437.17122648833333,0.00178,1706.5,,6200.0,1.578,1.278,4.1635,211.553
HAT-P-9 b,HAT-P-9,1.0,Transit,2008.0,HATNet,3.9228292000000002,0.0529175,15.631551400000001,237.608228,0.081,1536.6666666666667,,6350.0,1.3236,1.28025,4.293,455.2029999999999
HATS-1 b,HATS-1,1.0,Transit,2012.0,HATSouth,3.4464570379999997,0.04443,14.594059,572.87625,0.10733333333333334,1359.0,,5870.0,1.038,0.986,4.4,283.971
HATS-10 b,HATS-10,1.0,Transit,2015.0,HATSouth,3.3128400333333334,0.04492,10.861521,176.55456500000003,0.3905,1407.0,,5880.0,1.105,1.101,4.392,534.889
HATS-11 b,HATS-11,1.0,Transit,2016.0,HATSouth,3.61917105,0.048420000000000005,15.904674599999998,266.97720000000004,0.34,1616.5,G0,6138.5,1.479996,1.0975000000000001,4.1398725,944.603
HATS-12 b,HATS-12,1.0,Transit,2016.0,HATSouth,3.1427911166666664,0.046024999999999996,10.123409506666667,758.02455,0.085,1771.5,F,6333.333333333333,1.2282066666666667,1.1871825,4.167666666666666,746.138
HATS-13 b,HATS-13,1.0,Transit,2015.0,HATSouth,3.0440520433333336,0.040580000000000005,13.585308,180.368525,0.2005,1244.0,,5523.0,0.8870000000000001,0.962,4.524,421.855
HATS-14 b,HATS-14,1.0,Transit,2015.0,HATSouth,2.766762432,0.03815,11.649887333333334,340.0781,0.126,1276.0,,5361.5,0.93225,0.96775,4.484,513.011
HATS-15 b,HATS-15,1.0,Transit,2016.0,HATSouth,1.74748753,0.02712,12.385945,689.6911,0.126,1505.0,G9 V,5311.0,0.922,0.871,4.449,1139.55
HATS-16 b,HATS-16,1.0,Transit,2016.0,HATSouth,2.6865026000000003,0.03744,14.5717,1039.3041,0.0,1592.0,G3 V,5738.0,1.238,0.97,4.239,757.044
HATS-17 b,HATS-17,1.0,Transit,2016.0,HATSouth,16.2546495,0.1308,8.709393,425.25654,0.029,814.0,G V,5846.0,1.091,1.131,4.416,400.331
HATS-18 b,HATS-18,1.0,Transit,2016.0,Multiple Observatories,0.8378417,0.017505,14.941597,629.2239425,0.166,2064.74,G V,5600.0,1.02,1.037,4.436,624.368
HATS-2 b,HATS-2,1.0,Transit,2013.0,HATSouth,1.3541333638333333,0.02305,12.920196116666666,449.7226058633334,0.145,1563.5,K,5227.0,0.8936,0.8864000000000001,4.487500000000001,341.925
HATS-22 b,HATS-22,1.0,Transit,2017.0,HATSouth,4.72281542,0.05025,10.682177,870.8542,0.0795,858.0,K V,4803.0,0.689,0.759,4.644,229.51799999999997
HATS-23 b,HATS-23,1.0,Transit,2017.0,HATSouth,2.16051315,0.03397,20.84874,467.2101,0.114,1654.0,G V,5780.0,1.199,1.121,4.328,639.004
HATS-24 b,HATS-24,1.0,Transit,2017.0,HATSouth,1.3484969214285714,0.02501,16.559429333333334,746.9005,0.121,2116.5,F V,6272.333333333333,1.159,1.1847999999999999,4.378400000000001,494.1820000000001
HATS-25 b,HATS-25,1.0,Transit,2016.0,HATSouth,4.298645115,0.05163,14.12334,194.82979,0.176,1277.0,G,5715.0,1.107,0.9940000000000001,4.347,471.158
HATS-26 b,HATS-26,1.0,Transit,2016.0,HATSouth,3.30239075,0.04735,19.61575,206.5895,0.245,1918.0,F,6071.0,2.04,1.299,3.936,861.843
HATS-27 b,HATS-27,1.0,Transit,2016.0,HATSouth,4.637043775,0.0611,16.8135,168.4499,0.581,1659.0,F,6438.0,1.74,1.415,4.107,816.988
HATS-28 b,HATS-28,1.0,Transit,2016.0,HATSouth,3.1810752,0.04131,13.383546,213.58176,0.202,1253.0,G,5498.0,0.922,0.929,4.476,535.383
HATS-29 b,HATS-29,1.0,Transit,2016.0,HATSouth,4.6058781600000005,0.05475,13.74222241,207.065727275,0.158,1221.0,G,5689.8,1.0715999999999999,1.0366,4.3924,353.891
HATS-3 b,HATS-3,1.0,Transit,2013.0,HATSouth,3.5478507228571425,0.04850666666666667,14.384041999999999,301.29935750000004,0.075,1648.0,F,6351.0,1.4032,1.2092,4.22,411.21099999999996
HATS-30 b,HATS-30,2.0,Transit,2016.0,HATSouth,3.1743513775,0.04354,13.170575,224.38798,0.096,1414.0,G,5943.0,1.061,1.093,4.425,342.14
HATS-31 b,HATS-31,1.0,Transit,2016.0,HATSouth,3.3779472,0.0478,18.38276,279.6904,0.233,1823.0,,6050.0,1.87,1.275,4.0,773.974
HATS-32 b,HATS-32,1.0,Transit,2016.0,HATSouth,2.8126542666666663,0.04024,14.000041,292.4036,0.471,1437.0,,5700.0,1.097,1.099,4.396,745.116
HATS-33 b,HATS-33,1.0,Transit,2016.0,HATSouth,2.549561611666667,0.037290000000000004,13.361128,378.85336,0.08,1429.0,,5659.0,1.022,1.062,4.445,248.46
HATS-34 b,HATS-34,1.0,Transit,2016.0,HATSouth,2.1061608933333336,0.03166,16.02887,299.07803,0.108,1445.0,,5380.0,0.98,0.955,4.435,508.8419999999999
HATS-35 b,HATS-35,1.0,Transit,2016.0,HATSouth,1.82100047,0.03199,16.409976,388.38826,0.306,2037.0,,6300.0,1.433,1.317,4.244,514.555
HATS-36 b,HATS-36,1.0,Transit,2018.0,HATSouth,4.175211675,0.053275,13.23327875,1022.14128,0.105,1279.5,G0 V,6049.5,1.0939,1.161,4.4,856.436
HATS-37 A b,HATS-37 A,2.0,Transit,2020.0,HATSouth,4.3315366,0.04913,6.792654,31.46517,0.0,1085.0,,5326.0,0.877,0.843,4.478,211.896
HATS-38 b,HATS-38,1.0,Transit,2020.0,HATSouth,4.3750315,0.05036,6.882326,23.51942,0.0,1294.0,,5732.0,1.105,0.89,4.301,343.525
HATS-39 b,HATS-39,1.0,Transit,2018.0,HATSouth,4.5776351,0.06007,17.59813,200.2329,0.275,1645.0,,6572.0,1.6209999999999998,1.3790000000000002,4.158,878.521
HATS-4 b,HATS-4,1.0,Transit,2014.0,HATSouth,2.516727825,0.036215,11.43309,418.25523499999997,0.0185,1315.0,G,5403.0,0.9259999999999999,1.0008,4.51,416.459
HATS-40 b,HATS-40,1.0,Transit,2018.0,HATSouth,3.264276166666667,0.04997,17.71022,505.3497,0.312,2101.0,,6460.0,2.26,1.561,3.921,1342.29
HATS-41 b,HATS-41,1.0,Transit,2018.0,HATSouth,4.193656475,0.0583,14.90797,3082.951,0.38,1710.0,,6424.0,1.71,1.4959999999999998,4.14,737.668
HATS-42 b,HATS-42,1.0,Transit,2018.0,HATSouth,2.292102435,0.03689,15.6926,597.5204,0.229,1856.0,,6060.0,1.4799999999999998,1.273,4.201,800.377
HATS-43 b,HATS-43,1.0,Transit,2018.0,HATSouth,4.3888492,0.04944,13.22662,82.95363,0.17149999999999999,1003.0,,5099.0,0.812,0.837,4.539,362.273
HATS-44 b,HATS-44,1.0,Transit,2018.0,HATSouth,2.74390025,0.03649,11.960003,177.9848,0.279,1161.0,,5080.0,0.847,0.86,4.514,446.035
HATS-45 b,HATS-45,1.0,Transit,2018.0,HATSouth,4.187620024999999,0.05511,14.414774,222.481,0.24,1518.0,,6450.0,1.315,1.272,4.305,772.11
HATS-46 b,HATS-46,1.0,Transit,2018.0,HATSouth,4.742371375,0.05367,10.121727,54.98459,0.559,1054.0,,5495.0,0.8530000000000001,0.9170000000000001,4.542,453.808
HATS-47 b,HATS-47,1.0,Transit,2020.0,HATSouth,3.922803233333333,0.04269,12.520453,117.27927,0.088,852.9,,4512.0,0.6564,0.674,4.633,300.67
HATS-48 A b,HATS-48 A,2.0,Transit,2020.0,HATSouth,3.131666986666667,0.03769,8.9672,77.23269,0.162,954.6,,4546.0,0.7152,0.7279,4.5909,263.609
HATS-49 b,HATS-49,1.0,Transit,2020.0,HATSouth,4.1480467,0.04515,8.574885,112.19399,0.071,834.8,,4405.0,0.6977,0.7133,4.6036,324.413
HATS-5 b,HATS-5,1.0,Transit,2014.0,HATSouth,4.763388555,0.05424,10.222804,75.48327,0.02733333333333333,1025.0,G,5304.0,0.8708,0.9368000000000001,4.53,246.384
HATS-50 b,HATS-50,1.0,Transit,2017.0,HATSouth,3.8297015,0.05046,12.66617,123.9537,0.516,,,5990.0,1.117,1.168,4.411,756.742
HATS-51 b,HATS-51,1.0,Transit,2017.0,HATSouth,3.3488694050000003,0.04639,15.80469,244.09344,0.33,1553.0,,5758.0,1.4400000000000002,1.187,4.198,389.57
HATS-52 b,HATS-52,1.0,Transit,2017.0,HATSouth,1.3666554066666665,0.02498,15.490838,711.9392,0.246,1834.0,,6010.0,1.046,1.111,4.445,555.134
HATS-53 b,HATS-53,1.0,Transit,2017.0,HATSouth,3.85377776,0.04753,15.02006,189.10885,0.33,1312.0,,5644.0,1.101,0.964,4.34,585.77
HATS-54 b,HATS-54,1.0,Transit,2019.0,HATSouth,2.5441796500000002,0.037315,11.668559205000001,240.437795235,0.063,1527.0,G6 V,5661.5,1.2734999999999999,1.0735000000000001,4.220000000000001,748.585
HATS-55 b,HATS-55,1.0,Transit,2019.0,HATSouth,4.2041948666666675,0.05412,14.022459,292.72143,0.092,1367.0,,6214.0,1.126,1.1955,4.4121,609.838
HATS-56 b,HATS-56,1.0,Transit,2019.0,HATSouth,4.3247770999999995,0.06043,18.920792,191.33366,0.019,1902.0,,6536.0,2.201,1.573,3.949,564.409
HATS-57 b,HATS-57,1.0,Transit,2019.0,HATSouth,2.3506191999999997,0.03493,12.767051,1000.21101,0.028,1413.4,,5587.0,0.96,1.026,4.484,279.485
HATS-58 A b,HATS-58 A,2.0,Transit,2019.0,HATSouth,4.2180787,0.05798,12.273855,327.3649,0.168,1721.0,,7175.0,1.433,1.461,4.292,403.59100000000007
HATS-59 b,HATS-59,1.0,Transit,2018.0,HATSouth,5.41609435,0.06112,12.621334,256.17098,0.129,1128.0,,5670.0,1.036,1.038,4.422,642.884
HATS-59 c,HATS-59,1.0,Radial Velocity,2018.0,HATSouth,1422.0,2.504,,4036.441,0.083,175.9,,5670.0,1.036,1.038,4.422,642.884
HATS-6 b,HATS-6,1.0,Transit,2015.0,HATSouth,3.3252689340000003,0.03623,11.186582,101.38777,0.0,712.8,M1 V,3724.0,0.57,0.574,4.683,169.318
HATS-60 b,HATS-60,1.0,Transit,2018.0,HATSouth,3.56081945,0.04708,12.923977,210.40346,0.191,1528.0,,5688.0,1.46,1.097,4.148,486.474
HATS-61 b,HATS-61,1.0,Transit,2018.0,HATSouth,7.8179425,0.07908,13.394755,1080.622,0.092,1226.1,,5542.0,1.664,1.076,4.028,679.761
HATS-62 b,HATS-62,1.0,Transit,2018.0,HATSouth,3.2768837,0.04163,11.825495,56.89157,0.298,1237.0,,5416.0,0.933,0.896,4.451,523.067
HATS-63 b,HATS-63,1.0,Transit,2018.0,HATSouth,3.0566502666666664,0.04026,13.529263,305.1168,0.136,1398.3,,5627.0,1.07,0.931,4.349,623.232
HATS-64 b,HATS-64,1.0,Transit,2018.0,HATSouth,4.9088931,0.06562,18.819911,305.1168,0.151,1793.0,,6554.0,2.113,1.564,3.982,1080.15
HATS-65 b,HATS-65,2.0,Transit,2018.0,HATSouth,3.105160165,0.04497,16.824709,260.93843,0.062,1634.0,,6277.0,1.31,1.257,4.303,493.32
HATS-66 b,HATS-66,1.0,Transit,2018.0,HATSouth,3.14143905,0.04714,15.815899,1694.0339,0.064,1998.0,,6626.0,1.841,1.411,4.057,1477.98
HATS-67 b,HATS-67,1.0,Transit,2018.0,HATSouth,1.6091816533333334,0.03032,18.887165,460.8535,0.057,2193.0,,6594.0,1.441,1.435,4.278,960.109
HATS-68 b,HATS-68,1.0,Transit,2018.0,HATSouth,3.586220575,0.05071,13.809488,410.0007,0.036,1741.0,,6147.0,1.748,1.351,4.083,603.955
HATS-69 b,HATS-69,1.0,Transit,2018.0,HATSouth,2.2252559666666665,0.03211,10.592505,183.38791,0.519,1295.7,,5137.0,0.8785,0.892,4.501,414.537
HATS-7 b,HATS-7,1.0,Transit,2015.0,HATSouth,3.1853139500000003,0.04012,6.310667,38.616344999999995,0.14500000000000002,1084.0,K2,4985.0,0.815,0.849,4.545,240.707
HATS-70 b,HATS-70,1.0,Transit,2019.0,HATSouth,1.888238645,0.03632,15.513256,4100.007,0.18,2730.0,,7930.0,1.881,1.78,4.167,1458.83
HATS-71 b,HATS-71,1.0,Transit,2020.0,HATSouth,3.795519366666667,0.03745,11.478016,117.5971,0.0,586.8,M3 V,3405.0,0.4783,0.4861,4.7653,140.225
HATS-72 b,HATS-72,1.0,Transit,2020.0,HATSouth,7.327949133333334,0.066517,8.0973816,39.855882,0.013,739.3,,4656.1,0.7214,0.7311,4.5853,127.589
HATS-74 A b,HATS-74 A,2.0,Transit,2021.0,HATSouth,1.73185606,0.02384,11.56766808,464.02947422,0.044,895.1,,3776.9,0.5758,0.601,4.696,299.389
HATS-75 b,HATS-75,1.0,Transit,2021.0,HATSouth,2.7886556,0.032742,9.90873894,156.05374784,0.064,772.3,,3790.4,0.5848,0.6017,4.6831,194.964
HATS-76 b,HATS-76,1.0,Transit,2021.0,HATSouth,1.9416423,0.02658,12.09449018,835.570882,0.062,939.8,,4016.0,0.6259,0.662,4.665,385.689
HATS-77 b,HATS-77,1.0,Transit,2021.0,HATSouth,3.0876262,0.03607,13.05846252,436.69623122,0.045,828.3,,4071.0,0.6428,0.655,4.638,436.176
HATS-8 b,HATS-8,1.0,Transit,2015.0,HATSouth,3.583893,0.046675,9.785457,44.972944999999996,0.313,1324.0,,5679.0,1.086,1.056,4.386,794.637
HATS-9 b,HATS-9,1.0,Transit,2015.0,HATSouth,1.9153057,0.030719999999999997,13.747766933333333,262.31569333333334,0.10200000000000001,1784.5,,5456.25,1.5476839999999998,1.0533333333333335,4.073049999999999,638.7
HD 100546 b,HD 100546,1.0,Imaging,2014.0,Paranal Observatory,,53.0,77.3421,2701.5414595,,,B9 Vne,10500.0,,2.4,,109.677
HD 100655 b,HD 100655,2.0,Radial Velocity,2011.0,Bohyunsan Optical Astronomical Observatory,157.57000499999998,0.72,,526.00315,0.0875,,G9 III,4876.0,9.68,2.34,2.84,137.178
HD 100777 b,HD 100777,1.0,Radial Velocity,2007.0,La Silla Observatory,383.46667,1.04,,362.32128020333334,0.3666666666666667,,G8 V,5557.5,1.04,1.045,4.355,49.5336
HD 101581 b,HIP 56998,1.0,Transit,2025.0,Transiting Exoplanet Survey Satellite (TESS),4.46569,0.046,0.956,,,834.0,,4675.0,0.63,0.653,4.654,12.7781
HD 101581 c,HIP 56998,1.0,Transit,2025.0,Transiting Exoplanet Survey Satellite (TESS),6.20401,0.0573,0.99,,,747.0,,4675.0,0.63,0.653,4.654,12.7781
HD 10180 c,HD 10180,1.0,Radial Velocity,2010.0,La Silla Observatory,5.759826666666666,0.06411,,922.6365222599999,0.059,,G1 V,5911.0,1.109,1.06,4.39,38.9607
HD 10180 d,HD 10180,1.0,Radial Velocity,2010.0,La Silla Observatory,16.3583,0.12859500000000001,,1106.5481848633333,0.1095,,G1 V,5911.0,1.109,1.06,4.39,38.9607
HD 10180 e,HD 10180,1.0,Radial Velocity,2010.0,La Silla Observatory,49.7465,0.2699,,25.3426575,0.0385,,G1 V,5911.0,1.109,1.06,4.39,38.9607
HD 10180 f,HD 10180,1.0,Radial Velocity,2010.0,La Silla Observatory,122.75200000000001,0.4929,,23.423662999999998,0.127,,G1 V,5911.0,1.109,1.06,4.39,38.9607
HD 10180 g,HD 10180,1.0,Radial Velocity,2010.0,La Silla Observatory,602.6233333333333,1.4245,,1140.0009461133334,0.2265,,G1 V,5911.0,1.109,1.06,4.39,38.9607
HD 10180 h,HD 10180,1.0,Radial Velocity,2010.0,La Silla Observatory,2213.5,3.3905,,65.031839,0.0875,,G1 V,5911.0,1.109,1.06,4.39,38.9607
HD 101930 b,HD 101930,2.0,Radial Velocity,2005.0,La Silla Observatory,70.46,0.301,,87.39875,0.11,,K1 V,5093.5,0.86,0.655,4.285,30.0274
HD 102117 b,HD 102117,1.0,Radial Velocity,2005.0,La Silla Observatory,20.780900000000003,0.15108,,53.01294,0.0854,,G6 V,5623.776,1.236535,1.0333333333333334,4.29485,39.5792
HD 102195 b,HD 102195,1.0,Radial Velocity,2006.0,Kitt Peak National Observatory,4.10522125,0.04936666666666667,,146.04181485750001,0.07675000000000001,,K0 V,5307.333333333333,0.8274999999999999,0.869,4.436,29.3386
HD 102272 b,HD 102272,1.0,Radial Velocity,2008.0,McDonald Observatory,127.58,0.568,,1705.6267333333333,0.05,,K0,4849.0,10.2,1.525,2.825,347.097
HD 102329 b,HD 102329,1.0,Radial Velocity,2011.0,W. M. Keck Observatory,778.0999899999999,1.92,,2234.2964,0.2105,,,4787.5,8.06,2.58,2.98,217.107
HD 102329 c,HD 102329,1.0,Radial Velocity,2018.0,W. M. Keck Observatory,1123.0,,,483.1016,0.209,,,,,1.3,,217.107
HD 102365 b,HD 102365,2.0,Radial Velocity,2010.0,Anglo-Australian Telescope,122.1,0.46,,16.0,0.34,,,5630.0,,0.85,4.57,9.2894
HD 102843 b,HD 102843,1.0,Radial Velocity,2019.0,Las Campanas Observatory,3090.942,4.074,,113.9,0.11,,K0 V,5436.0,,0.95,,62.758
HD 102888 b,HD 102888,1.0,Radial Velocity,2025.0,La Silla Observatory,252.06,1.05,,1808.44363583,0.11,,G8 III,4990.0,8.6,2.42,2.87,126.484
HD 102956 b,HD 102956,2.0,Radial Velocity,2010.0,W. M. Keck Observatory,6.494833333333333,0.08056666666666666,,300.8734666666667,0.045000000000000005,,,5011.0,4.453333333333333,1.67,3.41,121.89
HD 103197 b,HD 103197,1.0,Radial Velocity,2009.0,La Silla Observatory,47.84,0.2495,,29.90235,0.0,,,5276.5,0.88,0.8500000000000001,4.425000000000001,57.1463
HD 103720 b,HD 103720,1.0,Radial Velocity,2014.0,La Silla Observatory,4.5557,0.0498,,197.046,0.086,,K3 V,5017.0,0.73,0.794,4.43,45.5352
HD 103774 b,HD 103774,2.0,Radial Velocity,2013.0,La Silla Observatory,5.8881,0.07,,116.0,0.09,,F5 V,6489.0,,1.335,4.26,56.4089
HD 103891 b,HD 103891,1.0,Radial Velocity,2022.0,La Silla Observatory,1906.5,3.2625,,688.098501155,0.31,,F8 V,6072.0,2.22,1.28,3.79,55.5213
HD 103949 b,HD 103949,1.0,Radial Velocity,2019.0,Las Campanas Observatory,120.878,0.439,,11.2,0.19,,K3 V,4792.0,,0.77,,26.4997
HD 104067 b,HD 104067,1.0,Radial Velocity,2009.0,La Silla Observatory,55.82275,0.26475,,59.114241655,0.0925,,K2 V,4949.2525000000005,0.780594,0.8095143333333333,4.52107925,20.3632
HD 104067 c,HD 104067,1.0,Radial Velocity,2024.0,Multiple Observatories,13.8992,0.1058,,13.2,0.29,,,4952.0,0.78,0.82,4.56,20.3632
HD 10442 b,HD 10442,1.0,Radial Velocity,2014.0,W. M. Keck Observatory,1042.875,2.17875,,640.1808275,0.1105,,K0 IV,4973.0,1.97,1.1933333333333334,3.3966666666666665,135.374
HD 104985 b,HD 104985,1.0,Radial Velocity,2003.0,Okayama Astrophysical Observatory,199.12833333333333,0.815,,2134.9027048366665,0.05566666666666666,,G9 III,4764.79,11.059999999999999,1.7599999999999998,2.635,100.57599999999998
HD 105618 b,HD 105618,1.0,Radial Velocity,2022.0,Multiple Observatories,10.02245,0.091,,25.42627256,0.455,,,,,1.01,,70.0837
HD 105618 c,HD 105618,1.0,Radial Velocity,2022.0,Multiple Observatories,77114.07158,35.731,,8419.59232984,0.126,,,,,1.01,,70.0837
HD 105779 b,HD 105779,1.0,Radial Velocity,2022.0,La Silla Observatory,2412.0,3.38,,203.41018048,0.0,,G2,5792.0,0.94,0.89,4.36,55.2411
HD 106252 b,HD 106252,1.0,Radial Velocity,2002.0,Lick Observatory,1559.4,2.6558599999999997,,2480.493754,0.4768,,G0,5879.39,1.10893,1.04,4.363295000000001,38.185
HD 106270 b,HD 106270,1.0,Radial Velocity,2011.0,W. M. Keck Observatory,2135.0,3.6623333333333328,,3361.80978495,0.24925000000000003,,G5 IV,5571.333333333333,2.58,1.3466666666666667,3.793333333333333,93.808
HD 106315 b,HD 106315,1.0,Transit,2017.0,K2,9.553803571428572,0.0900475,2.3532477566666667,11.55,0.13433333333333333,1096.25,F5 V,6313.857142857143,1.2797658333333333,1.090043,4.251166666666667,109.353
HD 106315 c,HD 106315,1.0,Transit,2017.0,K2,21.05707709090909,0.15245,4.388783762222221,13.933333333333332,0.11299999999999999,840.75,F5 V,6316.818181818182,1.277536875,1.0793524444444444,4.267243333333334,109.35300000000001
HD 10647 b,HD 10647,1.0,Radial Velocity,2006.0,W. M. Keck Observatory,996.1,2.0225,,297.15999999999997,0.155,,F9 V,6161.5,1.1,1.105,4.4825,17.3357
HD 106515 A b,HD 106515 A,2.0,Radial Velocity,2012.0,La Silla Observatory,3614.2869633333335,4.520333333333333,,3743.0410175325,0.5693333333333332,,G5,5363.0,1.2650000000000001,0.9026666666666667,4.4,34.0915
HD 106906 b,HD 106906,1.0,Imaging,2013.0,Las Campanas Observatory,,650.0,,3805.94925,,1810.0,F5 V,6494.895,2.12351,1.4100000000000001,3.90453,103.029
HD 10697 b,HD 10697,1.0,Radial Velocity,1999.0,W. M. Keck Observatory,1075.6366500000001,2.1301666666666668,,2006.3265445866666,0.10215,,G3 V,5633.226000000001,1.83908,1.0905,3.96806525,33.1205
HD 107148 b,HD 107148,2.0,Radial Velocity,2005.0,W. M. Keck Observatory,62.6185,0.3179,,65.63008331,0.11199999999999999,,,5774.96,1.169193,1.1126075000000002,4.3955125,49.4156
HD 107148 c,HD 107148,2.0,Radial Velocity,2021.0,Multiple Observatories,18.3267,0.1407,,19.89605828,0.34,,,5752.92,1.169193,1.105215,4.345025,49.4156
HD 108147 b,HD 108147,1.0,Radial Velocity,2002.0,La Silla Observatory,10.899750000000001,0.103,,105.041,0.514,890.0,,6260.365,1.20664,1.245,4.4756350000000005,38.92
HD 108202 b,HD 108202,1.0,Radial Velocity,2023.0,La Silla Observatory,2980.0,3.6814999999999998,,931.23723251,0.5045,,K4/5 V,,,0.7395,,38.6846
HD 108236 b,HD 108236,1.0,Transit,2020.0,Transiting Exoplanet Survey Satellite (TESS),3.795951,0.046085,1.6005,,0.14833333333333334,1099.0,G3 V,5706.666666666667,0.8843333333333333,0.9363333333333334,4.496666666666667,64.5978
HD 108236 c,HD 108236,1.0,Transit,2020.0,Transiting Exoplanet Survey Satellite (TESS),6.203612333333333,0.06355,2.0695,,0.13133333333333333,932.0,G3 V,5706.666666666667,0.8843333333333333,0.9363333333333334,4.496666666666667,64.5978
HD 108236 d,HD 108236,1.0,Transit,2020.0,Transiting Exoplanet Survey Satellite (TESS),14.175703666666665,0.11025,2.6295,,0.13166666666666668,708.0,G3 V,5706.666666666667,0.8843333333333333,0.9363333333333334,4.496666666666667,64.5978
HD 108236 e,HD 108236,1.0,Transit,2020.0,Transiting Exoplanet Survey Satellite (TESS),19.590637,0.13835,3.1015,,0.15266666666666667,636.0,G3 V,5706.666666666667,0.8843333333333333,0.9363333333333334,4.496666666666667,64.5978
HD 108236 f,HD 108236,1.0,Transit,2021.0,CHaracterising ExOPlanets Satellite (CHEOPS),29.54115,0.1758,2.017,,0.051,,,5660.0,0.877,0.869,4.49,64.5978
HD 108341 b,HD 108341,2.0,Radial Velocity,2014.0,La Silla Observatory,1138.5,2.0145,,913.7569578750001,0.8095,,K2 V,5122.0,0.79,0.843,4.45,48.9102
HD 108863 b,HD 108863,1.0,Radial Velocity,2011.0,W. M. Keck Observatory,441.4999966666667,1.39,,832.0596066666667,0.030666666666666665,,,4899.0,5.67,1.7200000000000002,3.11,164.742
HD 108874 b,HD 108874,1.0,Radial Velocity,2002.0,W. M. Keck Observatory,395.50687166666665,1.0492857142857142,,444.8752996057143,0.11314285714285714,,G5 V,5563.4875,1.0761526666666665,1.0075963333333333,4.383631333333334,59.5175
HD 108874 c,HD 108874,1.0,Radial Velocity,2005.0,W. M. Keck Observatory,1663.25,2.7194,,331.748511114,0.25579999999999997,,G5,5551.316666666667,1.089229,0.9791155999999999,4.355447,59.5175
HD 109246 b,HD 109246,1.0,Radial Velocity,2010.0,Haute-Provence Observatory,68.27,0.33,,259.0269,0.12,,G0 V,5844.0,1.045,1.105,4.46,67.8349
HD 109271 b,HD 109271,1.0,Radial Velocity,2013.0,La Silla Observatory,7.8543,0.079,,17.162,0.25,,G5 V,5783.0,,1.047,4.28,55.8716
HD 109271 c,HD 109271,1.0,Radial Velocity,2013.0,La Silla Observatory,30.93,0.196,,24.154,0.15,,G5 V,5783.0,,1.047,4.28,55.8716
HD 109286 b,HD 109286,1.0,Radial Velocity,2021.0,Haute-Provence Observatory,520.1,1.259,,950.30693693,0.338,259.4,G4 V,5694.0,1.089,0.98,4.44,55.4156
HD 109749 b,HD 109749,2.0,Radial Velocity,2005.0,W. M. Keck Observatory,5.239963666666667,0.06166666666666667,,87.93183333333333,0.0033333333333333335,,G3 V,5861.666666666667,1.23,1.165,4.3565,63.0821
HD 10975 b,HD 10975,1.0,Radial Velocity,2021.0,Okayama Astrophysical Observatory,283.8,0.95,,143.02278315,0.442,,K0 III,4840.0,11.16,1.41,2.48,116.506
HD 109833 b,HD 109833,1.0,Transit,2022.0,Transiting Exoplanet Survey Satellite (TESS),9.188526,,2.888,,0.18,,,5881.0,1.0,1.08,4.45,79.5561
HD 109833 c,HD 109833,1.0,Transit,2022.0,Transiting Exoplanet Survey Satellite (TESS),13.900148,,2.59,,0.3,,,5881.0,1.0,1.08,4.45,79.5561
HD 109988 b,HD 109988,1.0,Radial Velocity,2022.0,Multiple Observatories,17132.15854,12.518,,6935.33366915,0.056,,,,,0.88,,42.5279
HD 110014 b,HD 110014,1.0,Radial Velocity,2009.0,La Silla Observatory,885.9385,2.2533333333333334,,3777.842033333333,0.261,,K2 III,4445.0,20.9,2.1199999999999997,2.1,100.758
HD 110067 b,HD 110067,3.0,Transit,2023.0,Multiple Observatories,9.113678,0.0793,2.2,5.69,,800.0,K0.0 V,5266.0,0.788,0.798,4.54,32.1585
HD 110067 c,HD 110067,3.0,Transit,2023.0,Multiple Observatories,13.673694,0.1039,2.388,6.3,,699.0,K0.0 V,5266.0,0.788,0.798,4.54,32.1585
HD 110067 d,HD 110067,3.0,Transit,2023.0,Multiple Observatories,20.519617,0.1362,2.852,8.52,,602.0,K0.0 V,5266.0,0.788,0.798,4.54,32.1585
HD 110067 e,HD 110067,3.0,Transit,2023.0,Multiple Observatories,30.793091,0.1785,1.94,3.9,,533.0,K0.0 V,5266.0,0.788,0.798,4.54,32.1585
HD 110067 f,HD 110067,3.0,Transit,2023.0,Multiple Observatories,41.05854,0.2163,2.601,5.04,,489.0,K0.0 V,5266.0,0.788,0.798,4.54,32.1585
HD 110067 g,HD 110067,3.0,Transit,2023.0,Multiple Observatories,54.76992,0.2621,2.607,8.4,,440.0,K0.0 V,5266.0,0.788,0.798,4.54,32.1585
HD 110082 b,HD 110082,2.0,Transit,2021.0,Transiting Exoplanet Survey Satellite (TESS),10.18271,0.113,3.2,,0.2,,F8 V,6200.0,1.19,1.21,4.2,105.096
HD 110113 b,HD 110113,1.0,Transit,2021.0,Transiting Exoplanet Survey Satellite (TESS),2.5407365449999997,0.035,2.05,4.55,0.093,1371.0,G,5732.0,0.968,0.997,4.46,106.307
HD 110113 c,HD 110113,1.0,Radial Velocity,2021.0,La Silla Observatory,6.744,0.068,,10.5,0.045,990.0,G,5732.0,0.968,0.997,4.46,106.307
HD 110537 b,HD 110537,1.0,Radial Velocity,2022.0,Multiple Observatories,24469.67342,16.714,,8612.83200129,0.401,,,,,1.02,,45.0858
HD 11112 b,HD 11112,1.0,Radial Velocity,2022.0,Multiple Observatories,17244.90764,13.38,,2598.56505563,0.285,,,,,1.07,,44.3804
HD 111232 b,HD 111232,1.0,Radial Velocity,2003.0,La Silla Observatory,1103.9703366666665,2.0078,,2350.595740025,0.25205,,G5 V,5500.0,0.9,0.8525,4.483333333333333,28.9571
HD 111232 c,HD 111232,1.0,Radial Velocity,2022.0,Multiple Observatories,29286.223115,18.025,,6159.99127027,0.44200000000000006,,G8 V,5494.0,,0.895,4.5,28.9571
HD 111591 b,HD 111591,1.0,Radial Velocity,2017.0,Multiple Observatories,1056.4,2.5,,1398.452,0.26,,,4884.0,8.03,1.94,3.1,114.166
HD 111998 b,HD 111998,1.0,Radial Velocity,2016.0,La Silla Observatory,817.95,1.865,,1479.4948267999998,0.08,,F5 V,6557.0,1.45,1.29,4.19,33.2237
HD 112300 b,HD 112300,1.0,Radial Velocity,2023.0,Bohyunsan Optical Astronomical Observatory,466.63,1.33,,5031.22368281,0.36,,M1 III,3657.0,65.8,1.4,0.8,62.07324
HD 112570 b,HD 112570,1.0,Radial Velocity,2023.0,Multiple Observatories,2615.0,3.9,,1086.97315194,0.2,,K0 III,4750.0,9.85,1.15,2.51,101.166
HD 112640 b,HD 112640,1.0,Radial Velocity,2020.0,Bohyunsan Optical Astronomical Observatory,613.2,1.7,,1589.15,0.24,,K0 III,4155.0,39.0,1.8,1.7,323.335
HD 113337 b,HD 113337,3.0,Radial Velocity,2013.0,Haute-Provence Observatory,320.79319499999997,0.9710000000000001,,973.4985928033334,0.37,,F6 V,6675.3,1.5,1.4049999999999998,4.21,36.18
HD 113337 c,HD 113337,3.0,Radial Velocity,2020.0,Haute-Provence Observatory,4297.467385,6.805,,5374.637276575,0.112,,,,,1.4049999999999998,,36.18
HD 11343 c,HIP 8541,2.0,Radial Velocity,2022.0,Multiple Observatories,228.53731,0.923,,255.53403923,0.169,,,,,2.009,,155.121
HD 113538 b,HD 113538,1.0,Radial Velocity,2010.0,La Silla Observatory,463.25,0.975,,100.11,0.375,,K9 V,4573.5,0.5900000000000001,0.6425,4.035,16.2817
HD 113538 c,HD 113538,1.0,Radial Velocity,2010.0,La Silla Observatory,1737.5,2.435,,260.61,0.26,,K9 V,4573.5,0.5900000000000001,0.6425,4.035,16.2817
HD 113996 b,HD 113996,2.0,Radial Velocity,2017.0,Bohyunsan Optical Astronomical Observatory,610.2,1.6,,2002.329,0.28,,,4181.0,25.11,1.49,1.86,116.334
HD 114082 b,HD 114082,1.0,Radial Velocity,2022.0,La Silla Observatory,109.75,0.5109,11.2089807,2542.627256,0.395,,F3 V,6651.0,1.49,1.47,4.19,95.3906
HD 114386 b,HD 114386,1.0,Radial Velocity,2003.0,La Silla Observatory,937.700005,1.69,,378.20809999999994,0.23,,,4820.0,0.76,0.64,4.405,27.9243
HD 114729 b,HD 114729,2.0,Radial Velocity,2002.0,W. M. Keck Observatory,1123.498,2.0902000000000003,,292.20947780800003,0.1668,,G0 V,5813.955,1.5115,0.95532775,4.07976275,37.8063
HD 114783 b,HD 114783,1.0,Radial Velocity,2001.0,W. M. Keck Observatory,495.34579999999994,1.1745999999999999,,331.16835458599996,0.11520000000000001,,K0,5115.246666666667,0.840033,0.8733083333333332,4.5225495,21.0628
HD 114783 c,HD 114783,1.0,Radial Velocity,2018.0,W. M. Keck Observatory,4338.5,5.0,,368.68119545,0.0595,,K1 V,5126.74,0.840622,0.888975,4.525599,21.0628
HD 11505 b,HD 11505,1.0,Radial Velocity,2022.0,Multiple Observatories,32669.22247,20.247,,2510.52658689,0.144,,,,,1.03,,38.9679
HD 11506 b,HD 11506,1.0,Radial Velocity,2007.0,W. M. Keck Observatory,1521.6550212500001,2.715125,,1489.01015638,0.3405375,,G0 V,6079.833333333333,1.3401100000000001,1.2315999999999998,4.33328,51.261
HD 11506 c,HD 11506,1.0,Radial Velocity,2008.0,W. M. Keck Observatory,213.06897199999997,0.7310000000000001,,149.820936996,0.26280000000000003,,G0 V,6059.5,1.3401100000000001,1.2333333333333334,4.305466666666667,51.261
HD 11506 d,HD 11506,1.0,Radial Velocity,2022.0,Multiple Observatories,19074.524840000002,14.578333333333333,,3102.3230807266664,0.19699999999999998,,G0 V,6123.0,,1.22,4.39,51.261
HD 115404 A b,HD 115404 A,1.0,Radial Velocity,2022.0,Multiple Observatories,10.49488,0.088,,30.82935548,0.232,,,,,0.83,,10.9816
HD 115404 A c,HD 115404 A,1.0,Radial Velocity,2022.0,Multiple Observatories,15319.22517,11.364,,3279.67133183,0.211,,,,,0.83,,10.9816
HD 115954 b,HD 115954,1.0,Radial Velocity,2021.0,Haute-Provence Observatory,3465.0,4.765000000000001,,2660.22376659,0.472,144.9,G0 V,5957.0,1.213,1.18,4.15,87.6437
HD 116029 b,HD 116029,2.0,Radial Velocity,2011.0,W. M. Keck Observatory,670.0,1.7149999999999999,,556.181,0.027,,,4885.0,4.744999999999999,1.205,3.19,123.245
HD 116029 c,HD 116029,2.0,Radial Velocity,2018.0,W. M. Keck Observatory,907.0,,,403.6441,0.038,,,,,1.33,,123.245
HD 117207 b,HD 117207,1.0,Radial Velocity,2004.0,W. M. Keck Observatory,2613.1185714285716,3.769,,611.6112894614287,0.13328571428571429,,G7 IV-V,5701.291666666667,1.092,1.0402464,4.405111833333334,32.3547
HD 11755 b,HD 11755,1.0,Radial Velocity,2015.0,Bohyunsan Optical Astronomical Observatory,433.70000500000003,1.085,,1927.63895,0.19,,G5,4312.25,23.939999999999998,0.81,1.67,235.045
HD 117618 b,HD 117618,1.0,Radial Velocity,2004.0,Anglo-Australian Telescope,25.8135,0.174,,55.78573,0.33999999999999997,,G2 V,5954.4275,1.19219,1.0885,4.36416,37.7781
HD 118203 b,HD 118203,1.0,Radial Velocity,2005.0,Haute-Provence Observatory,6.134560942857143,0.07307666666666666,12.580959938000001,720.1126389385715,0.3110857142857143,1396.5,K0,5747.428571428572,2.0433333333333334,1.2423333333333333,3.955428571428571,92.2589
HD 118203 c,HD 118203,1.0,Radial Velocity,2024.0,Multiple Observatories,5086.5,6.24,,3637.546118115,0.2585,146.0,K0 IV,5765.0,2.035,1.245,3.955,92.2589
HD 11964 b,HD 11964,2.0,Radial Velocity,2005.0,W. M. Keck Observatory,1986.5,3.2283333333333335,,194.436153705,0.06875,,,5332.533333333334,2.0286049999999998,1.06533575,3.896712666666667,33.5369
HD 11964 c,HD 11964,2.0,Radial Velocity,2008.0,W. M. Keck Observatory,37.9148,0.23025,,24.672827990000002,0.20299999999999999,,,5324.3,2.0286049999999998,1.0306715,3.832069,33.5369
HD 11977 b,HD 11977,1.0,Radial Velocity,2005.0,La Silla Observatory,666.3,1.9033333333333333,,2048.3316666666665,0.35,,,4970.0,10.09,1.855,2.9,67.9331
HD 120084 b,HD 120084,1.0,Radial Velocity,2013.0,Okayama Astrophysical Observatory,2098.27506,4.2968,,1817.0049958260001,0.64375,,G7 III,4888.75,10.37,2.3513333333333333,2.73475,103.04400000000001
HD 121504 b,HD 121504,1.0,Radial Velocity,2003.0,La Silla Observatory,63.33,0.33,,433.96164999999996,0.03,,,6051.0,1.07,1.4,4.615,41.6592
HD 12235 b,HD 12235,1.0,Radial Velocity,2022.0,Multiple Observatories,4.36305,0.054,,10.48833743,0.376,,,,,1.1,,31.7627
HD 12235 c,HD 12235,1.0,Radial Velocity,2022.0,Multiple Observatories,36336.70679,22.21,,3135.69506346,0.174,,,,,1.1,,31.7627
HD 122562 c,HD 122562,1.0,Radial Velocity,2022.0,Multiple Observatories,84.96276,0.406,,73.10053361,0.228,,,,,1.241,,53.2528
HD 124330 b,HD 124330,1.0,Radial Velocity,2021.0,Haute-Provence Observatory,270.66,0.86,,238.37130525,0.34,,G4 IV,5873.0,,1.15,4.24,60.1977
HD 12484 b,HD 12484,1.0,Radial Velocity,2016.0,Haute-Provence Observatory,58.83,0.297,,947.1334,0.07,,F8,5920.0,,1.01,4.65,48.3367
HD 125271 b,HD 125271,1.0,Radial Velocity,2022.0,Multiple Observatories,14901.99295,10.817,,3465.60094993,0.165,,,,,0.75,,39.3466
HD 125390 b,HD 125390,1.0,Radial Velocity,2019.0,W. M. Keck Observatory,1757.1971700000001,3.28,,8831.827540676668,0.5953333333333334,,G7 III,4866.0,6.47,1.71,3.085,153.647
HD 125595 b,HD 125595,1.0,Radial Velocity,2009.0,La Silla Observatory,9.6738,0.08045,,1183.52140059,0.0,,K4 V,4799.5,0.74,0.523,4.245,28.1989
HD 125612 b,HD 125612,2.0,Radial Velocity,2007.0,W. M. Keck Observatory,548.7089579999999,1.3322,,1007.4981164839999,0.44026,,G3 V,5892.25,1.0566666666666666,1.08775,4.4366666666666665,57.6207
HD 125612 c,HD 125612,2.0,Radial Velocity,2009.0,La Silla Observatory,4.154833333333333,0.051133333333333336,,17.018080646666665,0.156,,G3 V,5870.5,1.05,1.0705,4.41,57.6207
HD 125612 d,HD 125612,2.0,Radial Velocity,2009.0,La Silla Observatory,2888.57566,4.080666666666667,,2293.7249018166667,0.17073333333333332,,G3 V,5870.5,1.05,1.0705,4.41,57.6207
HD 12648 b,HD 12648,1.0,Radial Velocity,2015.0,Bohyunsan Optical Astronomical Observatory,133.600005,0.54,,772.3269,0.04,,G5,4835.4,10.11,0.935,2.18,182.192
HD 126525 b,HD 126525,1.0,Radial Velocity,2018.0,La Silla Observatory,960.41,1.837,,75.32571,0.035,,,5638.0,0.979,0.897,4.382,37.6506
HD 12661 b,HD 12661,1.0,Radial Velocity,2000.0,Multiple Observatories,261.15480285714284,0.8238428571428571,,758.2873026642857,0.3491571428571429,,,5686.363333333334,1.206428,1.0937065000000001,4.3291455999999995,37.8478
HD 12661 c,HD 12661,1.0,Radial Velocity,2002.0,Multiple Observatories,1698.28,2.8729,,651.30201736,0.023420000000000003,,,5679.795,1.183928,1.0262065,4.285242666666666,37.8478
HD 126614 b,HD 126614,3.0,Radial Velocity,2009.0,W. M. Keck Observatory,1249.6882575,2.315,,117.80026071500001,0.48624999999999996,,,5520.943333333334,1.344897,1.0420816666666666,4.288080999999999,73.0961
HD 127506 b,HD 127506,1.0,Radial Velocity,2022.0,Multiple Observatories,65.78395,0.287,,27.333243,0.24,,,,,0.73,,22.5279
HD 128311 b,HD 128311,1.0,Radial Velocity,2002.0,W. M. Keck Observatory,450.19983333333334,1.0754000000000001,,624.993014,0.2985,,K0 V,4948.469999999999,0.7716565,0.83026475,4.5920235,16.3292
HD 128311 c,HD 128311,1.0,Radial Velocity,2005.0,W. M. Keck Observatory,920.3675999999999,1.74675,,1060.82603855,0.175,,K0,4948.469999999999,0.7716565,0.8322118,4.5920235,16.3292
HD 128356 b,HD 128356,1.0,Radial Velocity,2016.0,Multiple Observatories,298.2,0.87,,282.8687,0.57,,K3 V,4875.0,0.85,0.65,4.52,26.1548
HD 128717 b,HD 128717,1.0,Astrometry,2025.0,European Space Agency (ESA) Gaia Satellite,3420.0,4.85,,6293.0024586,0.85,,,6210.0,1.248,1.212,4.329,73.636
HD 129445 b,HD 129445,1.0,Radial Velocity,2009.0,Las Campanas Observatory,1821.0,2.942,,653.128150785,0.6359999999999999,,G6 V,5646.0,,1.04,4.28,67.4386
HD 130322 b,HD 130322,1.0,Radial Velocity,1999.0,La Silla Observatory,10.713376,0.09059999999999999,,346.364880654,0.0324,720.0,K0 V,5356.3724999999995,0.861209,0.8686666666666666,4.523148,31.876600000000003
HD 131496 b,HD 131496,1.0,Radial Velocity,2011.0,W. M. Keck Observatory,887.3333333333334,2.07,,661.0777333333334,0.168,,,4886.333333333333,4.37,1.5233333333333334,3.2133333333333334,131.849
HD 13167 b,HD 13167,1.0,Radial Velocity,2018.0,W. M. Keck Observatory,2613.0,4.1,,1052.0173,0.563,,,5671.0,2.39,1.35,3.72,148.934
HD 13189 b,HD 13189,1.0,Radial Velocity,2005.0,Thueringer Landessternwarte Tautenburg,471.600005,1.55,,3940.1192499999997,0.27,,,4179.7,40.19714999999999,2.24,1.62,497.823
HD 132406 b,HD 132406,1.0,Radial Velocity,2007.0,Haute-Provence Observatory,942.6,1.9763333333333335,,1896.1527175759998,0.30860000000000004,,G0 V,5769.43,1.3474300000000001,1.011,4.192373333333333,70.7832
HD 132563 b,HD 132563,3.0,Radial Velocity,2011.0,Roque de los Muchachos Observatory,1544.0,2.62,,473.547,0.22,,,6289.0,1.29577,1.231,4.30327,105.155
HD 133131 A b,HD 133131 A,2.0,Radial Velocity,2016.0,Las Campanas Observatory,649.0,1.44,,451.3186,0.33,,G2 V,5799.0,,0.95,4.39,51.4736
HD 133131 A c,HD 133131 A,2.0,Radial Velocity,2016.0,Las Campanas Observatory,3568.0,4.49,,133.4886,0.49,,G2 V,5799.0,,0.95,4.39,51.4736
HD 133131 B b,HD 133131 B,2.0,Radial Velocity,2016.0,Las Campanas Observatory,5769.0,6.15,,794.575,0.61,,G2 V,5805.0,,0.93,4.41,51.2993
HD 134060 b,HD 134060,1.0,Radial Velocity,2019.0,La Silla Observatory,3.2696,0.0444,,10.1,0.45,,G3 IV,5966.0,,1.095,4.43,24.0125
HD 134060 c,HD 134060,1.0,Radial Velocity,2019.0,La Silla Observatory,1291.5646,2.3928,,29.29,0.11,,G3 IV,5966.0,,1.095,4.43,24.0125
HD 134606 b,HD 134606,1.0,Radial Velocity,2024.0,Multiple Observatories,12.089,0.1046,,9.09,0.092,,,5576.0,1.158,1.046,4.33,26.7909
HD 134606 c,HD 134606,1.0,Radial Velocity,2024.0,Multiple Observatories,58.883,0.3007,,11.31,0.055,,,5576.0,1.158,1.046,4.33,26.7909
HD 134606 d,HD 134606,1.0,Radial Velocity,2024.0,Multiple Observatories,966.5,1.941,,44.8,0.092,,,5576.0,1.158,1.046,4.33,26.7909
HD 134606 e,HD 134606,1.0,Radial Velocity,2024.0,Multiple Observatories,4.3203,0.0527,,2.34,0.2,,,5576.0,1.158,1.046,4.33,26.7909
HD 134606 f,HD 134606,1.0,Radial Velocity,2024.0,Multiple Observatories,26.915,0.1784,,5.63,0.081,,,5576.0,1.158,1.046,4.33,26.7909
HD 134987 b,HD 134987,1.0,Radial Velocity,1999.0,W. M. Keck Observatory,259.506198,0.8156000000000001,,513.1645065939999,0.26082,,G5 V,5692.945,1.2349999999999999,1.0981610000000002,4.303454666666666,26.1804
HD 134987 c,HD 134987,1.0,Radial Velocity,2009.0,Multiple Observatories,5480.0,6.21,,278.584780275,0.137,,G5 V,5642.889999999999,1.2711515,1.096322,4.252364,26.1804
HD 135344 A b,HD 135344 A,2.0,Imaging,2025.0,Paranal Observatory,,16.5,16.25302201,3178.28407,0.5,1585.0,A0 V,9540.0,1.5,,,141.595
HD 135625 b,HD 135625,1.0,Radial Velocity,2023.0,La Silla Observatory,4055.0,5.4,,731.0053361,0.16,,G3 IV/V,,,1.28,,56.518
HD 135694 b,HD 135694,1.0,Transit,2023.0,Transiting Exoplanet Survey Satellite (TESS),15.923465189333333,0.12156499999999999,2.6330044000000004,5.9,0.21,782.915,,5706.666666666667,1.0763,0.9443333333333334,4.335,73.8713
HD 135872 b,HD 135872,1.0,Radial Velocity,2022.0,Multiple Observatories,2422.32597,4.172,,1744.56012602,0.164,,,,,1.646,,82.4251
HD 136118 b,HD 136118,1.0,Radial Velocity,2022.0,Multiple Observatories,1189.2988249999999,2.34,,4704.178252005,0.347,,F7 V,6097.0,,1.1949999999999998,4.053,51.4359
HD 136352 b,HD 136352,1.0,Radial Velocity,2019.0,La Silla Observatory,11.578988500000001,0.09575,1.5963333333333332,4.7075,0.07300000000000001,908.0,G4 V,5710.5,1.056,0.873,4.38875,14.682
HD 136352 c,HD 136352,1.0,Radial Velocity,2019.0,La Silla Observatory,27.5893215,0.170825,2.7936666666666667,11.1375,0.025666666666666667,679.5,G4 V,5710.5,1.056,0.873,4.38875,14.682
HD 136352 d,HD 136352,1.0,Radial Velocity,2019.0,La Silla Observatory,107.4024,0.42264999999999997,2.5345,9.14,0.05499999999999999,432.15,G4 V,5710.5,1.056,0.873,4.38875,14.682
HD 136418 b,HD 136418,1.0,Radial Velocity,2009.0,W. M. Keck Observatory,464.29999499999997,1.3050000000000002,,657.8946000000001,0.2525,,,5030.0,3.59,1.405,3.5250000000000004,105.168
HD 136925 b,HD 136925,1.0,Radial Velocity,2021.0,Multiple Observatories,4540.0,5.13,,266.97586188,0.103,,,5773.19,1.193078,0.875104,4.226014,47.874
HD 13724 c,HD 13724,1.0,Radial Velocity,2022.0,Multiple Observatories,142.22895,0.534,,50.85254512,0.651,,,,,1.004,,43.465
HD 137388 b,HD 137388,1.0,Radial Velocity,2011.0,La Silla Observatory,330.0,0.89,,67.21955,0.36,,,5210.5,0.85,0.77,4.404999999999999,40.4841
HD 137496 b,HD 137496,1.0,Transit,2021.0,K2,1.62116,0.02732,1.31,4.04,0.0,2130.0,G,5799.0,1.59,1.04,4.05,155.317
HD 137496 c,HD 137496,1.0,Radial Velocity,2021.0,Multiple Observatories,479.9,1.2163,,2434.56559762,0.477,370.0,G,5799.0,1.59,1.04,4.05,155.317
HD 13808 b,HD 13808,1.0,Radial Velocity,2021.0,La Silla Observatory,14.1815,0.10519,,11.2,0.071,,K2 V,5035.0,0.781,0.771,,28.2305
HD 13808 c,HD 13808,1.0,Radial Velocity,2021.0,La Silla Observatory,53.753,0.2554,,9.96,0.156,,K2 V,5035.0,0.781,0.771,,28.2305
HD 13908 b,HD 13908,1.0,Radial Velocity,2013.0,Haute-Provence Observatory,19.382,0.154,,274.91,0.02,,F8 V,6255.0,1.67,1.29,4.11,79.5515
HD 13908 c,HD 13908,1.0,Radial Velocity,2013.0,Haute-Provence Observatory,931.0,2.03,,1630.4,0.12,,F8 V,6255.0,1.67,1.29,4.11,79.5515
HD 13931 b,HD 13931,1.0,Radial Velocity,2009.0,W. M. Keck Observatory,4358.8,5.2402500000000005,,680.749845076,0.0248,,G0,5832.6125,1.25,1.0763946,4.29373425,47.3963
HD 139357 b,HD 139357,1.0,Radial Velocity,2008.0,Thueringer Landessternwarte Tautenburg,1126.1637966666667,2.553,,5067.311760966666,0.10033333333333333,,K4 III,4700.0,11.47,1.7966666666666669,2.9,112.08999999999999
HD 1397 b,HD 1397,1.0,Transit,2018.0,Transiting Exoplanet Survey Satellite (TESS),11.535670000000001,0.10500000000000001,11.4836205,124.27153,0.23349999999999999,1373.65,,5505.333333333333,2.337666666666667,1.324,3.813333333333333,79.5702
HD 14067 b,HD 14067,1.0,Radial Velocity,2014.0,Okayama Astrophysical Observatory,2526.046958,4.8752,,3987.876706472,0.651,,G9 III,4822.75,12.4,2.4,2.61,142.024
HD 140901 b,HD 140901,1.0,Radial Velocity,2022.0,Multiple Observatories,9.02378,0.085,,15.57359194,0.472,,,,,0.99,,15.2528
HD 140901 c,HD 140901,1.0,Radial Velocity,2022.0,Multiple Observatories,10901.752735,9.6105,,1284.662421095,0.6885,,G7 IV,,,1.025,,15.2528
HD 141004 b,HD 141004,1.0,Radial Velocity,2021.0,Multiple Observatories,15.5083,0.1238,,13.63483866,0.16,,,5885.38,1.389372,1.051904,4.17384,11.8148
HD 141399 b,HD 141399,1.0,Radial Velocity,2014.0,Multiple Observatories,94.38833333333332,0.4183666666666667,,144.40052332000002,0.044333333333333336,,K0,5518.253333333334,1.4236179999999998,1.080543,4.2367745,37.0169
HD 141399 c,HD 141399,1.0,Radial Velocity,2014.0,Multiple Observatories,201.94866666666667,0.6947666666666666,,425.7855509666667,0.04816666666666667,,K0,5518.253333333334,1.4236179999999998,1.080543,4.2367745,37.0169
HD 141399 d,HD 141399,1.0,Radial Velocity,2014.0,Multiple Observatories,1071.6499999999999,2.112933333333333,,388.0697593466666,0.05933333333333333,,K0,5518.253333333334,1.4236179999999998,1.080543,4.2367745,37.0169
HD 141399 e,HD 141399,1.0,Radial Velocity,2014.0,Multiple Observatories,4017.7833333333333,4.798933333333333,,211.2506647033333,0.10233333333333333,,K0,5518.253333333334,1.4236179999999998,1.080543,4.2367745,37.0169
HD 141937 b,HD 141937,1.0,Radial Velocity,2002.0,La Silla Observatory,653.21999,1.5025666666666666,,4458.851904985,0.41,,G2/G3 V,5891.333333333333,1.01,1.0950000000000002,4.535,33.3622
HD 142 A d,HD 142,2.0,Radial Velocity,2022.0,Multiple Observatories,108.45299,0.474,,82.63538582,0.13,,,,,1.21,,26.1853
HD 142 b,HD 142,2.0,Radial Velocity,2001.0,Anglo-Australian Telescope,341.88678799999997,1.026,,758.901874008,0.24359999999999998,,G1 IV,6173.0,1.47,1.2273333333333334,4.4025,26.1853
HD 142 c,HD 142,2.0,Radial Velocity,2012.0,Anglo-Australian Telescope,8082.321395,8.3055,,2574.523732355,0.2435,,,6245.0,1.47,1.221,4.62,26.1853
HD 142022 A b,HD 142022 A,2.0,Radial Velocity,2005.0,La Silla Observatory,1930.3333333333333,2.9663333333333335,,1481.5237718566666,0.522,,G9 IV-V,5473.0,1.04,0.9566666666666667,4.3566666666666665,34.2802
HD 142245 b,HD 142245,3.0,Radial Velocity,2011.0,W. M. Keck Observatory,1299.0,2.775,,789.8190500000001,0.045,,,4900.0,4.915,2.5949999999999998,3.4749999999999996,97.2305
HD 142415 b,HD 142415,1.0,Radial Velocity,2003.0,La Silla Observatory,386.29999499999997,1.0550000000000002,,522.88805,0.5,,,5992.5,1.04,1.05,4.485,35.5318
HD 143105 b,HD 143105,1.0,Radial Velocity,2016.0,Haute-Provence Observatory,2.1974,0.0379,,384.5743,0.07,,F5,6380.0,,1.51,4.37,46.7789
HD 143361 b,HD 143361,1.0,Radial Velocity,2008.0,Las Campanas Observatory,1051.7916666666667,2.0020000000000002,,1185.602454125,0.18530000000000002,,G6 V,5506.333333333333,0.9530000000000001,0.9571999999999999,4.454666666666667,68.5146
HD 143811 AB b,HD 143811 A,2.0,Imaging,2025.0,Paranal Observatory,118500.0,63.5,15.69257298,1859.29618095,0.21000000000000002,1042.0,,6771.0,,1.31,4.34,136.608
HD 144899 b,HD 144899,1.0,Radial Velocity,2022.0,Multiple Observatories,40.43914,0.242,,20.34101805,0.821,,,,,1.16,,115.665
HD 145377 b,HD 145377,1.0,Radial Velocity,2008.0,La Silla Observatory,103.95,0.45,,1871.9803000000002,0.3085,,,6030.0,1.095,1.1600000000000001,4.48,53.4884
HD 145457 b,HD 145457,1.0,Radial Velocity,2010.0,Subaru Telescope,176.24333333333334,0.723,,779.7853672900001,0.111,,,4761.0,9.9,1.6766666666666665,2.6733333333333333,135.292
HD 145675 c,14 Her,1.0,Radial Velocity,2021.0,Multiple Observatories,20366.229445,14.161999999999999,,1720.24625289,0.4215,,,5314.94,0.995819,0.9396025,4.426953,17.9323
HD 145934 b,HD 145934,1.0,Radial Velocity,2015.0,W. M. Keck Observatory,2757.1781100000003,4.739999999999999,,677.1768031933333,0.06266666666666666,,K0,4823.75,6.1552935,1.8728973333333334,3.1206025,227.881
HD 1461 b,HD 1461,1.0,Radial Velocity,2010.0,W. M. Keck Observatory,5.7720775,0.06347933333333333,,7.1877077175,0.1335,,G0 V,5741.0575,1.12896,1.02466,4.350747666666667,23.4534
HD 1461 c,HD 1461,1.0,Radial Velocity,2015.0,La Silla Observatory,13.5046,0.1119,,6.32289532,0.2075,,G0 V,5730.115,1.152288,1.02532,4.3533465,23.4534
HD 147018 b,HD 147018,1.0,Radial Velocity,2009.0,La Silla Observatory,44.236,0.2388,,674.0,0.4686,,G9 V,5441.0,,0.927,4.42,40.4256
HD 147018 c,HD 147018,1.0,Radial Velocity,2009.0,La Silla Observatory,1008.0,1.922,,2080.0,0.133,,G9 V,5441.0,,0.927,4.42,40.4256
HD 147379 b,HD 147379,2.0,Radial Velocity,2017.0,Calar Alto Observatory,86.623,0.3246,,26.41983887,0.060750000000000005,,M0.0 V,4115.515,0.5991519999999999,0.5866666666666666,4.629721,10.7643
HD 147513 b,HD 147513,2.0,Radial Velocity,2003.0,La Silla Observatory,528.4,1.32,,385.0,0.26,,,5883.0,,1.11,4.51,12.9032
HD 14787 b,HD 14787,1.0,Radial Velocity,2018.0,W. M. Keck Observatory,676.6,1.7,,356.28743,0.155,,,4946.0,5.01,1.43,3.23,119.137
HD 147873 b,HD 147873,2.0,Radial Velocity,2016.0,Multiple Observatories,116.596,0.522,,1633.6462,0.207,,G1 V,5972.0,2.29,1.38,3.86,109.055
HD 147873 c,HD 147873,2.0,Radial Velocity,2016.0,Multiple Observatories,491.54,1.36,,731.009,0.23,,G1 V,5972.0,2.29,1.38,3.86,109.055
HD 148156 b,HD 148156,1.0,Radial Velocity,2009.0,La Silla Observatory,1027.0,2.45,,270.144,0.52,,,6308.0,1.21,1.22,4.56,57.1289
HD 148164 b,HD 148164,1.0,Radial Velocity,2018.0,W. M. Keck Observatory,328.55,0.993,,390.9309,0.587,,F8,6032.0,1.34,1.21,,77.1971
HD 148164 c,HD 148164,1.0,Radial Velocity,2018.0,W. M. Keck Observatory,5062.0,6.15,,1640.0028,0.125,,F8,6032.0,1.34,1.21,,77.1971
HD 149026 b,HD 149026,1.0,Radial Velocity,2005.0,Subaru Telescope,2.8759791266666666,0.04297,8.1322225,111.08895125000001,0.01336,1630.0,G0,6150.777777777777,1.4192,1.32975,4.281999999999999,75.8643
HD 149143 b,HD 149143,1.0,Radial Velocity,2005.0,Haute-Provence Observatory,4.075955,0.052,,453.69885,0.033174999999999996,,G0,5870.75,1.4649999999999999,1.17,4.140333333333333,73.2801
HD 149806 b,HD 149806,1.0,Radial Velocity,2022.0,Multiple Observatories,16521.52778,12.404,,4003.68444298,0.357,,,,,0.93,,20.2727
HD 150010 b,HD 150010,1.0,Radial Velocity,2022.0,Bohyunsan Optical Astronomical Observatory,562.0,1.4,,762.7881768,0.2,,K2 III,4153.0,16.2,1.3,2.1,144.49
HD 1502 b,HD 1502,1.0,Radial Velocity,2011.0,W. M. Keck Observatory,430.15,1.286,,929.61625,0.066,,,4998.0,4.585,1.5350000000000001,3.29,190.953
HD 150706 b,HD 150706,1.0,Radial Velocity,2012.0,Haute-Provence Observatory,9497.0,9.1,,816.801514505,0.5835,,G0 V,5961.0,0.96,1.17,4.5,28.2697
HD 151450 b,HD 151450,1.0,Radial Velocity,2022.0,Multiple Observatories,21.89288,0.16,,38.45723725,0.496,,,,,1.14,,43.6002
HD 151450 c,HD 151450,1.0,Radial Velocity,2022.0,Multiple Observatories,18144.76236,14.131,,1636.18063924,0.138,,,,,1.14,,43.6002
HD 152079 b,HD 152079,1.0,Radial Velocity,2009.0,Las Campanas Observatory,2638.306666666667,3.789,,830.6883433333334,0.5506666666666667,,G6 V,5816.5,1.1389999999999998,1.1235,4.362500000000001,87.8888
HD 152581 b,HD 152581,1.0,Radial Velocity,2011.0,W. M. Keck Observatory,688.1666666666666,1.5433333333333332,,598.45889,0.038,,,5092.333333333333,4.913333333333333,1.3,3.3333333333333335,165.76
HD 152843 b,HD 152843,1.0,Transit,2021.0,Transiting Exoplanet Survey Satellite (TESS),11.623555,0.1051,3.23,10.690000000000001,0.093,,G0,6310.0,1.43,1.15,4.19,107.898
HD 152843 c,HD 152843,1.0,Transit,2021.0,Transiting Exoplanet Survey Satellite (TESS),21.941052,0.1482,5.885,18.585,0.0945,,G0,6310.0,1.43,1.15,4.19,107.898
HD 15337 b,HD 15337,1.0,Transit,2019.0,Transiting Exoplanet Survey Satellite (TESS),4.756183466666667,0.052324999999999997,1.703,7.076333333333333,0.106,1003.5,K1 V,5129.0,0.85,0.84,4.46,44.81550000000001
HD 15337 c,HD 15337,1.0,Transit,2019.0,Transiting Exoplanet Survey Satellite (TESS),17.179115333333332,0.12514999999999998,2.4793333333333334,7.897333333333333,0.112,649.05,K1 V,5129.0,0.85,0.84,4.46,44.81550000000001
HD 153557 b,HD 153557,1.0,Radial Velocity,2022.0,Multiple Observatories,7.29903,0.068,,20.34101805,0.065,,,,,0.79,,17.9412
HD 153557 c,HD 153557,1.0,Radial Velocity,2022.0,Multiple Observatories,15.27018,0.111,,17.48056238,0.511,,,,,0.79,,17.9412
HD 153557 d,HD 153557,1.0,Radial Velocity,2022.0,Multiple Observatories,40654.64809,21.449,,8725.66108578,0.152,,,,,0.79,,17.9412
HD 153950 b,HD 153950,1.0,Radial Velocity,2008.0,La Silla Observatory,499.399995,1.28,,902.61875,0.34,,,6100.0,1.31,1.185,4.345000000000001,48.4549
HD 154088 b,HD 154088,1.0,Radial Velocity,2021.0,La Silla Observatory,18.56,0.134,,6.6,0.344,,K0 IV-V,5374.0,,0.91,4.37,18.2692
HD 154345 b,HD 154345,1.0,Radial Velocity,2006.0,W. M. Keck Observatory,3370.0798342857147,4.2344,,815.0883988928572,0.09616666666666666,,G9,5470.405,0.8632653333333332,0.8498787999999999,4.50232325,18.284
HD 154391 b,HD 154391,1.0,Radial Velocity,2023.0,Multiple Observatories,5163.0,7.46,,2892.2385037,0.2,,K1 III,4909.0,8.56,2.07,2.89,100.947
HD 154672 b,HD 154672,1.0,Radial Velocity,2008.0,Las Campanas Observatory,163.93566666666666,0.5966666666666667,,1603.361,0.6066666666666666,,G3 IV,5713.666666666667,1.3391350000000002,1.13,4.201643333333333,63.048399999999994
HD 154857 b,HD 154857,1.0,Radial Velocity,2004.0,Anglo-Australian Telescope,408.7333366666667,1.2603333333333333,,686.8645,0.4633333333333334,,G5 V,5599.52,2.287325,1.839,3.849956666666667,63.44820000000001
HD 154857 c,HD 154857,1.0,Radial Velocity,2014.0,Anglo-Australian Telescope,3452.0,5.36,,819.97,0.06,,G5 V,5605.0,1.76,1.718,3.82,63.4482
HD 155193 b,HD 155193,1.0,Radial Velocity,2021.0,Haute-Provence Observatory,352.65,1.04,,238.37130525,0.21,,F8 IV,6239.0,,1.221,4.26,57.7995
HD 155358 b,HD 155358,1.0,Radial Velocity,2007.0,McDonald Observatory,194.3,0.635,,292.32585,0.17,,G0,5902.5,1.38,1.035,4.1899999999999995,43.6197
HD 155358 c,HD 155358,1.0,Radial Velocity,2007.0,McDonald Observatory,391.9,1.02,,261.0,0.16,,G0,5900.0,,0.92,4.16,43.6197
HD 155918 b,HD 155918,1.0,Radial Velocity,2022.0,Multiple Observatories,1.87567,0.03,,7.62788177,0.194,,,,,1.03,,27.561
HD 155918 c,HD 155918,1.0,Radial Velocity,2022.0,Multiple Observatories,17202.19446,13.183,,1878.04805696,0.071,,,,,1.03,,27.561
HD 156098 b,HD 156098,1.0,Radial Velocity,2022.0,Multiple Observatories,21.85849,0.167,,15.89142035,0.109,,,,,1.29,,48.249
HD 156098 c,HD 156098,1.0,Radial Velocity,2022.0,Multiple Observatories,7841.5839,8.415,,1661.6069118,0.391,,,,,1.29,,48.249
HD 156279 b,HD 156279,1.0,Radial Velocity,2011.0,Haute-Provence Observatory,132.46173,0.50074,,3072.8725516120003,0.672138,,G6,5454.746666666667,0.9580584999999999,0.949938,4.456505333333333,36.1945
HD 156279 c,HD 156279,1.0,Radial Velocity,2018.0,W. M. Keck Observatory,4637.363395,5.5056666666666665,,3045.5941350274998,0.252975,,,5458.24,0.966117,0.949907,4.449516,36.1945
HD 156411 b,HD 156411,1.0,Radial Velocity,2009.0,La Silla Observatory,842.2,1.88,,235.18,0.22,,F8 IV/V,5900.0,2.16,1.25,4.07,56.8655
HD 156668 b,HD 156668,1.0,Radial Velocity,2010.0,W. M. Keck Observatory,4.6436166666666665,0.05012,,4.440562943333334,0.15166666666666664,,,4867.87,0.7516533333333334,0.7823889999999999,4.574240333333333,24.3323
HD 156668 c,HD 156668,1.0,Radial Velocity,2021.0,Multiple Observatories,811.3,1.57,,31.49679513,0.089,,,4903.69,0.774528,0.785167,4.551151,24.3323
HD 156846 b,HD 156846,2.0,Radial Velocity,2007.0,La Silla Observatory,359.52487,1.0696666666666668,,3357.2965333333336,0.8483499999999999,,G0 V,6065.666666666667,2.01,1.38,4.03,47.73319999999999
HD 158038 b,HD 158038,1.0,Radial Velocity,2011.0,W. M. Keck Observatory,521.0,1.51,,529.18995,0.2905,,,4878.5,4.65,1.475,3.22,94.8625
HD 158259 b,HD 158259,1.0,Radial Velocity,2020.0,Haute-Provence Observatory,2.178,,,2.22,,,G0,,1.21,1.08,,27.0498
HD 158259 c,HD 158259,1.0,Radial Velocity,2020.0,Haute-Provence Observatory,3.432,,,5.6,,,G0,,1.21,1.08,,27.0498
HD 158259 d,HD 158259,1.0,Radial Velocity,2020.0,Haute-Provence Observatory,5.1980814,,,5.41,,,G0,,1.21,1.08,,27.0498
HD 158259 e,HD 158259,1.0,Radial Velocity,2020.0,Haute-Provence Observatory,7.951,,,6.08,,,G0,,1.21,1.08,,27.0498
HD 158259 f,HD 158259,1.0,Radial Velocity,2020.0,Haute-Provence Observatory,12.028,,,6.14,,,G0,,1.21,1.08,,27.0498
HD 158996 b,HD 158996,1.0,Radial Velocity,2018.0,Bohyunsan Optical Astronomical Observatory,820.2,2.1,,4449.62,0.13,,K5 III,4069.0,50.3,1.8,1.4,283.659
HD 15906 b,HD 15906,1.0,Transit,2023.0,Transiting Exoplanet Survey Satellite (TESS),10.924709,0.09,2.24,,0.11,668.0,K V,4757.0,0.762,0.79,4.49,45.5621
HD 15906 c,HD 15906,1.0,Transit,2023.0,Transiting Exoplanet Survey Satellite (TESS),21.583298,0.141,2.93,,0.04,532.0,K V,4757.0,0.762,0.79,4.49,45.5621
HD 159243 b,HD 159243,1.0,Radial Velocity,2013.0,Haute-Provence Observatory,12.62,0.11,,359.13,0.02,,G0 V,6123.0,1.12,1.125,4.55,73.3055
HD 159243 c,HD 159243,1.0,Radial Velocity,2013.0,Haute-Provence Observatory,248.4,0.8,,603.9,0.075,,G0 V,6123.0,1.12,1.125,4.55,73.3055
HD 159868 b,HD 159868,1.0,Radial Velocity,2006.0,Anglo-Australian Telescope,1131.725005,2.2175,,677.59956,0.1835,,G5 V,5548.0,2.096365,1.1385,3.9264900000000003,55.8503
HD 159868 c,HD 159868,1.0,Radial Velocity,2012.0,Anglo-Australian Telescope,351.65,1.016,,238.05172,0.16699999999999998,,G5 V,5546.0,2.13,1.1385,3.955,55.8503
HD 1605 b,HD 1605,1.0,Radial Velocity,2015.0,Multiple Observatories,577.6666733333333,1.4873333333333332,,325.17867333333334,0.08433333333333333,,K1 IV,4809.666666666667,3.645,1.32,3.4,88.80469999999998
HD 1605 c,HD 1605,1.0,Radial Velocity,2015.0,Multiple Observatories,2130.0,3.552,,1130.2723,0.0985,,K1 IV,4836.0,3.645,1.32,3.4,88.8047
HD 160691 b,HD 160691,1.0,Radial Velocity,2000.0,Anglo-Australian Telescope,660.0391666666667,1.5364,,688.2515550166667,0.25162,,G3 IV-V,5783.8533333333335,1.35409,1.09,4.2474300000000005,15.5981
HD 160691 c,HD 160691,1.0,Radial Velocity,2004.0,Anglo-Australian Telescope,3902.94175,4.982666666666667,,932.5659977,0.23183333333333334,,G3 IV-V,5783.8533333333335,1.35409,1.0966666666666667,4.2474300000000005,15.5981
HD 160691 d,HD 160691,1.0,Radial Velocity,2004.0,La Silla Observatory,9.616175,0.09126666666666666,,11.5749,0.11866666666666666,900.0,G3 IV-V,5785.8533333333335,1.35409,1.1033333333333333,4.20743,15.5981
HD 160691 e,HD 160691,1.0,Radial Velocity,2006.0,La Silla Observatory,308.64166666666665,0.9275,,847.739783,0.0728,,G3 IV-V,5772.280000000001,1.35409,1.105,4.186145,15.5981
HD 161178 b,HD 161178,1.0,Radial Velocity,2021.0,Okayama Astrophysical Observatory,279.3,0.85,,181.16219199,0.044,,G9 III,4786.0,10.95,1.06,2.38,107.188
HD 16141 b,HD 16141,2.0,Radial Velocity,2000.0,W. M. Keck Observatory,75.50033333333333,0.36129999999999995,,81.56430058333333,0.23233333333333336,,,5774.006666666667,1.51429,1.1103850000000002,4.152312333333334,37.7861
HD 16175 b,HD 16175,1.0,Radial Velocity,2009.0,Lick Observatory,989.125,2.1245000000000003,,1602.542425325,0.6255,,G0,6026.25,1.7,1.4,4.25,59.859
HD 162020 b,HD 162020,1.0,Radial Velocity,2002.0,La Silla Observatory,8.428199,0.077,,3853.7236000000003,0.2785,650.0,K3 V,4776.5,0.75,0.585,4.535,30.8248
HD 163607 b,HD 163607,1.0,Radial Velocity,2010.0,W. M. Keck Observatory,75.2351,0.36133333333333334,,248.28576266666667,0.7393666666666666,,G5,5529.0,1.76,1.12,4.005,67.7855
HD 163607 c,HD 163607,1.0,Radial Velocity,2010.0,W. M. Keck Observatory,1284.4666666666667,2.3966666666666665,,704.6188766666666,0.09200000000000001,,G5,5529.0,1.76,1.12,4.005,67.7855
HD 16417 b,HD 16417,2.0,Radial Velocity,2008.0,Anglo-Australian Telescope,17.24,0.14,,22.1,0.2,,G1 V,,,1.2,,25.3936
HD 164509 b,HD 164509,2.0,Radial Velocity,2010.0,W. M. Keck Observatory,281.28499999999997,0.8725,,146.67434500000002,0.249,,G5,5890.5,1.085,1.125,4.44,53.1119
HD 164595 b,HD 164595,2.0,Radial Velocity,2015.0,Haute-Provence Observatory,40.0,0.23,,16.14,0.088,,G2 V,5790.0,,0.99,4.44,28.254
HD 164604 b,HD 164604,1.0,Radial Velocity,2009.0,Las Campanas Observatory,620.9573333333333,1.3155000000000001,,2012.6837400333334,0.39999999999999997,,K2 V,4684.0,,0.785,,39.3633
HD 164922 b,HD 164922,1.0,Radial Velocity,2005.0,W. M. Keck Observatory,1183.3200000000002,2.1268000000000002,,109.17485440200001,0.0742,159.4,G9 V,5366.686,0.97920325,0.9152865,4.4202145999999995,22.0016
HD 164922 c,HD 164922,1.0,Radial Velocity,2016.0,Multiple Observatories,75.774,0.3390666666666667,,13.41135372,0.14533333333333334,400.5,G9 V,5358.81,0.982271,0.923573,4.415024333333333,22.0016
HD 164922 d,HD 164922,1.0,Radial Velocity,2020.0,Roque de los Muchachos Observatory,12.4582,0.10264999999999999,,4.36782163,0.15,,,5391.715,0.9739065,0.923573,4.4290365000000005,22.0016
HD 164922 e,HD 164922,1.0,Radial Velocity,2021.0,Multiple Observatories,41.763,0.2292,,10.52012027,0.086,,,5393.43,1.001813,0.921146,4.398073,22.0016
HD 165131 b,HD 165131,1.0,Radial Velocity,2023.0,Multiple Facilities,2342.8,3.565,,5991.06547195,0.6714,,G3/5 V,5870.0,,1.08,4.39,57.4263
HD 165155 b,HD 165155,1.0,Radial Velocity,2016.0,Multiple Observatories,434.5,1.13,,918.5287,0.2,,G8 V,5426.0,0.95,1.02,4.49,63.3574
HD 1666 b,HD 1666,1.0,Radial Velocity,2015.0,Multiple Observatories,270.0,0.94,,2040.0,0.63,,F7 V,6317.0,1.93,1.5,4.06,117.908
HD 166724 b,HD 166724,1.0,Radial Velocity,2012.0,La Silla Observatory,4947.0,5.295,,1164.8189733,0.7315,,K0 IV-V,5127.0,,0.81,4.43,45.1342
HD 167042 b,HD 167042,1.0,Radial Velocity,2007.0,Lick Observatory,417.3025,1.286,,507.4886129275,0.0545,,K1 IV,4951.696666666667,4.63,1.610234,3.328648,49.6633
HD 167677 b,HD 167677,1.0,Radial Velocity,2023.0,Multiple Facilities,1812.0,2.8884999999999996,,1040.888032925,0.266,,G5 V,5474.0,,0.98,4.43,54.3258
HD 167768 b,HD 167768,1.0,Radial Velocity,2022.0,Okayama Astrophysical Observatory,20.6532,0.1512,,270.15414595,0.149,,G8 III,4851.0,9.7,1.08,2.5,107.214
HD 168009 b,HD 168009,1.0,Radial Velocity,2021.0,Multiple Observatories,15.1479,0.1192,,9.53485221,0.12,,,5778.33,1.209505,0.986073,4.265027,23.3032
HD 168443 b,HD 168443,1.0,Radial Velocity,1998.0,W. M. Keck Observatory,58.11196857142857,0.29619999999999996,,2488.423312095714,0.5295757142857143,,G5,5530.755,1.6900596666666665,0.98375,4.0039412500000005,39.6245
HD 168443 c,HD 168443,1.0,Radial Velocity,2000.0,W. M. Keck Observatory,1753.6156571428571,2.878471428571429,,5713.066751908571,0.21318571428571428,,G5,5530.755,1.6900596666666665,0.98375,4.0039412500000005,39.6245
HD 168746 b,HD 168746,1.0,Radial Velocity,2002.0,La Silla Observatory,6.403874999999999,0.066485,,77.66095914249999,0.099,900.0,G5,5590.72,1.095729,0.9437135000000001,4.42827325,41.5681
HD 168863 b,HD 168863,1.0,Radial Velocity,2022.0,Multiple Observatories,12386.96636,10.9805,,2285.18624633,0.1985,,,,,0.813,,39.8979
HD 1690 b,HD 1690,1.0,Radial Velocity,2010.0,La Silla Observatory,533.0,1.33,,2366.20285,0.64,,K1 III,4383.5,19.18,1.475,2.08,752.615
HD 16905 b,HD 16905,1.0,Radial Velocity,2022.0,Multiple Observatories,9287.83042,8.127666666666668,,3312.3017149533334,0.6789999999999999,,K3 V,,,0.8485,,39.7401
HD 169142 b,HD 169142,1.0,Imaging,2023.0,Paranal Observatory,,37.2,,953.485221,,,,,,1.85,,113.6
HD 169830 b,HD 169830,1.0,Radial Velocity,2000.0,La Silla Observatory,226.74568,0.802,,898.4136673025,0.315,345.0,F8 V,6259.420000000001,1.5678545,1.3441697499999998,4.072942666666667,37.6048
HD 169830 c,HD 169830,1.0,Radial Velocity,2003.0,La Silla Observatory,1883.804678,3.31175,,1758.1549568300002,0.21259999999999998,,F7 V,6239.13,1.935709,1.3573358,4.0544139999999995,37.6048
HD 170469 b,HD 170469,2.0,Radial Velocity,2007.0,W. M. Keck Observatory,1140.0,2.1843333333333335,,199.70085529333332,0.12333333333333334,,G5 IV,5805.873333333333,1.24,1.1249339999999999,4.299943333333333,60.178
HD 17092 b,HD 17092,1.0,Radial Velocity,2007.0,McDonald Observatory,359.899995,1.22,,1934.5059666666668,0.168,,K0 III,4488.0,13.58,3.526666666666667,3.0,228.422
HD 171028 b,HD 171028,1.0,Radial Velocity,2007.0,La Silla Observatory,550.0,1.32,,730.9973,0.59,,,5671.0,2.47,1.53,3.84,111.659
HD 171238 b,HD 171238,1.0,Radial Velocity,2009.0,La Silla Observatory,1523.3333333333333,2.542666666666667,,1495.9025272,0.33066666666666666,,G8 V,5453.5,1.01,0.9315,4.43,44.811299999999996
HD 17156 b,HD 17156,1.0,Radial Velocity,2007.0,Subaru Telescope,21.21484634,0.16029666666666667,12.069715481666668,1031.2626521025,0.6760625,885.5,G0 V,6061.5,1.4921166666666668,1.263142857142857,4.220166666666667,78.0863
HD 173416 b,HD 173416,1.0,Radial Velocity,2008.0,Xinglong Station,322.815,1.1059999999999999,,696.1406990966667,0.209,,G8,4683.0,13.5,2.0,2.48,132.184
HD 174205 b,HD 174205,1.0,Radial Velocity,2022.0,Bohyunsan Optical Astronomical Observatory,582.0,1.7,,1334.8793094,0.4,,K2,4308.0,26.6,1.8,1.8,234.027
HD 175167 b,HD 175167,1.0,Radial Velocity,2009.0,Las Campanas Observatory,1203.0126733333334,2.38625,,3034.24194933,0.4745,,G5 IV/V,5635.0,1.75,1.1206666666666667,4.09,71.0863
HD 175541 b,HD 175541,1.0,Radial Velocity,2007.0,W. M. Keck Observatory,298.0199975,0.98875,,199.03923271000002,0.20675,,G8 IV,5019.8575,4.384200333333333,1.496414,3.401663,129.603
HD 175607 b,HD 175607,1.0,Radial Velocity,2015.0,La Silla Observatory,29.020000000000003,,,1232.57896465,0.11,,G6 V,5392.0,0.7,0.71,4.64,40.3303
HD 17674 b,HD 17674,1.0,Radial Velocity,2017.0,Haute-Provence Observatory,623.8,1.42,,276.5121,0.13,,G0 V,5904.0,1.18,0.98,4.34,44.4264
HD 176986 b,HD 176986,1.0,Radial Velocity,2017.0,Multiple Observatories,6.4899000000000004,0.06296,,746.747386585,0.066,,K2.5 V,4931.0,0.782,0.789,4.44,27.7843
HD 176986 c,HD 176986,1.0,Radial Velocity,2017.0,Multiple Observatories,16.81955,0.11878,,1053.5826573049999,0.111,,K2.5 V,4931.0,0.782,0.789,4.44,27.7843
HD 177565 b,HD 177565,1.0,Radial Velocity,2017.0,La Silla Observatory,44.505,0.246,,15.1,0.0593,,,,,1.0,,16.9179
HD 177830 b,HD 177830,2.0,Radial Velocity,1999.0,W. M. Keck Observatory,408.5425025,1.1922,,481.35309816,0.05825,,,4879.6825,3.28439,1.585,3.5813656666666667,62.7674
HD 177830 c,HD 177830,2.0,Radial Velocity,2010.0,W. M. Keck Observatory,111.0315,0.50485,,40.363327165,0.42000000000000004,,,4846.969999999999,3.0982215,1.394703,3.5520484999999997,62.7674
HD 178911 B b,HD 178911 B,3.0,Radial Velocity,2001.0,W. M. Keck Observatory,71.489,0.34097500000000003,,2273.861719498,0.12010000000000001,,G5,5625.025,1.0558815,1.0848900000000001,4.478988333333334,40.9727
HD 179079 b,HD 179079,1.0,Radial Velocity,2008.0,W. M. Keck Observatory,14.47775,0.121,,1070.0905506000001,0.09466666666666668,,G5 IV,5686.666666666667,1.63,1.1429999999999998,4.111000000000001,69.7116
HD 179949 b,HD 179949,1.0,Radial Velocity,2000.0,Anglo-Australian Telescope,3.09263725,0.0446725,,291.8418173925,0.0275,,F8 V,6172.1,1.266865,1.2150865,4.329054,27.4573
HD 180053 b,HD 180053,1.0,Radial Velocity,2018.0,W. M. Keck Observatory,213.72,0.843,,697.31902,0.081,,,5131.0,4.06,1.75,3.54,137.043
HD 18015 b,HD 18015,1.0,Radial Velocity,2018.0,W. M. Keck Observatory,2259.0,3.8449999999999998,,1029.76657155,0.12,,G6 IV,5623.0,3.13,1.495,3.635,123.801
HD 180314 b,HD 180314,1.0,Radial Velocity,2010.0,Subaru Telescope,395.59666666666664,1.412,,6764.7018844375,0.25466666666666665,,,4919.333333333333,9.2,2.5,2.973333333333333,122.362
HD 180617 b,HD 180617,2.0,Radial Velocity,2018.0,Calar Alto Observatory,105.9055,0.33935000000000004,,12.207,0.1305,,M2.5 V,3545.5,0.46699999999999997,0.46699999999999997,4.880000000000001,5.91059
HD 180902 b,HD 180902,2.0,Radial Velocity,2009.0,W. M. Keck Observatory,489.6333333333334,1.39,,513.28845,0.09566666666666666,,,4994.333333333333,4.13,1.4833333333333334,3.44,104.577
HD 181234 b,HD 181234,1.0,Radial Velocity,2019.0,La Silla Observatory,7505.892524,7.493399999999999,,3043.4639264320003,0.7562800000000001,,G5,5381.61,1.0547115,0.9888079999999999,4.291515333333333,47.7458
HD 181342 b,HD 181342,1.0,Radial Velocity,2009.0,W. M. Keck Observatory,603.1600000000001,1.7005,,949.02981536,0.0958,,K0 III,5002.4,4.973333333333334,1.8066666666666666,3.2979999999999996,120.391
HD 18143 b,HD 18143,1.0,Radial Velocity,2022.0,Multiple Observatories,10.2851,0.088,,10.80616584,0.224,,,,,0.85,,22.5243
HD 18143 c,HD 18143,1.0,Radial Velocity,2022.0,Multiple Observatories,28982.41764,17.53,,3177.64841319,0.194,,,,,0.85,,22.5243
HD 181433 b,HD 181433,1.0,Radial Velocity,2008.0,La Silla Observatory,9.374338,0.0800575,,347.402141902,0.3801,,K3 IV,4942.9075,0.8004205,0.75,4.42967,26.8762
HD 181433 c,HD 181433,1.0,Radial Velocity,2008.0,La Silla Observatory,987.182,1.812275,,613.9494642739999,0.25478,,K3 IV,4951.21,0.810841,0.79,4.422893333333334,26.8762
HD 181433 d,HD 181433,1.0,Radial Velocity,2008.0,La Silla Observatory,5364.892,5.7983675,,995.130066988,0.513815,,K3 IV,4951.21,0.810841,0.79,4.422893333333334,26.8762
HD 181720 b,HD 181720,1.0,Radial Velocity,2009.0,La Silla Observatory,956.0,1.815,,122.361,0.26,,G1 V,5758.5,1.4449999999999998,0.9750000000000001,4.165,60.2046
HD 183263 b,HD 183263,1.0,Radial Velocity,2004.0,W. M. Keck Observatory,627.79325375,1.502625,,1180.71646233625,0.3722875,,G2 IV,5893.498333333333,1.2916292500000002,1.111511857142857,4.29586,54.1955
HD 183263 c,HD 183263,1.0,Radial Velocity,2008.0,W. M. Keck Observatory,4575.829735,5.5464,,2418.655996555,0.08208333333333333,,,5869.996666666666,1.291819,1.07525,4.254560000000001,54.1955
HD 183579 b,HD 183579,1.0,Transit,2021.0,Transiting Exoplanet Survey Satellite (TESS),17.471281333333334,0.13186666666666666,3.5233333333333334,17.099999999999998,0.11366666666666668,756.3333333333334,G2 V,5759.333333333333,0.973,1.0203333333333333,4.473333333333334,57.2651
HD 184010 b,HD 184010,1.0,Radial Velocity,2022.0,Okayama Astrophysical Observatory,286.6,0.94,,98.52680617,0.0,,K0 III-IV,4971.0,4.86,1.35,3.18,60.7993
HD 184010 c,HD 184010,1.0,Radial Velocity,2022.0,Okayama Astrophysical Observatory,484.3,1.334,,95.3485221,0.0,,K0 III-IV,4971.0,4.86,1.35,3.18,60.7993
HD 184010 d,HD 184010,1.0,Radial Velocity,2022.0,Okayama Astrophysical Observatory,836.4,1.92,,143.02278315,0.0,,K0 III-IV,4971.0,4.86,1.35,3.18,60.7993
HD 18438 b,HD 18438,1.0,Radial Velocity,2023.0,Bohyunsan Optical Astronomical Observatory,803.0,2.1,,6674.396547,0.1,,M2.5 III,3860.0,88.475,1.84,0.9,224.146
HD 185269 b,HD 185269,3.0,Radial Velocity,2006.0,Lick Observatory,6.8383775,0.07775,,323.38575000000003,0.2635,,G0 IV,5983.5,2.0,1.3033333333333335,3.985,51.9917
HD 185283 b,HD 185283,1.0,Radial Velocity,2023.0,La Silla Observatory,4060.0,4.6,,413.1769291,0.07,,K3 V,,,0.8,,31.395
HD 18599 b,HD 18599,2.0,Transit,2022.0,Transiting Exoplanet Survey Satellite (TESS),4.1374362,0.049,2.6500000000000004,24.8,0.27,863.0,K2 V,5114.0,0.7825,0.835,4.470000000000001,38.5653
HD 187085 b,HD 187085,1.0,Radial Velocity,2006.0,Anglo-Australian Telescope,1002.87,2.075,,252.03294,0.3605,,G0 V,6096.0,1.27,1.2045,4.279,45.8993
HD 187123 b,HD 187123,1.0,Radial Velocity,1998.0,W. M. Keck Observatory,3.0966519285714287,0.042431666666666666,,163.73927111285712,0.01107142857142857,,G3 V,5793.188,1.1515705,1.0280468,4.32997375,45.9548
HD 187123 c,HD 187123,1.0,Radial Velocity,2008.0,W. M. Keck Observatory,3456.8,4.6072500000000005,,647.7905178560001,0.27040000000000003,,,5781.98,1.1519506666666668,1.0343085,4.328838333333334,45.9548
HD 18742 b,HD 18742,1.0,Radial Velocity,2011.0,W. M. Keck Observatory,770.0,1.9066666666666665,,1041.4093,0.09333333333333334,,,5003.0,5.015000000000001,1.48,3.233333333333333,162.685
HD 188015 b,HD 188015,2.0,Radial Velocity,2004.0,W. M. Keck Observatory,460.0833333333333,1.1933333333333334,,446.4308345933334,0.15233333333333335,,G5 IV,5713.5,1.125296,1.085,4.412490333333333,50.6706
HD 188641 b,HD 188641,1.0,Radial Velocity,2022.0,Multiple Observatories,14583.81038,12.027,,9333.03117155,0.034,,,,,1.07,,64.3399
HD 189567 b,HD 189567,1.0,Radial Velocity,2021.0,La Silla Observatory,14.288,0.111,,8.5,0.189,,G3 V,5726.0,,0.83,4.41,17.9055
HD 189567 c,HD 189567,1.0,Radial Velocity,2021.0,La Silla Observatory,33.688,0.197,,7.0,0.16,,G3 V,5726.0,,0.83,4.41,17.9055
HD 189733 b,HD 189733,2.0,Radial Velocity,2005.0,Haute-Provence Observatory,2.217556262764706,0.031136666666666663,12.93896688888889,363.99637668454545,0.008414285714285714,1200.3333333333333,K0-2 V,5014.433333333333,0.7656657692307692,0.8289851,4.570713,19.7638
HD 190007 b,HD 190007,1.0,Radial Velocity,2020.0,Multiple Observatories,11.722064,0.092,,15.98,0.138,,K4 V,4610.0,0.79,0.77,4.58,12.7141
HD 190228 b,HD 190228,1.0,Radial Velocity,2022.0,Multiple Observatories,1145.09929,2.3495,,1768.7150849549998,0.553,,G5 IV,5360.0,,1.3175,4.02,62.7146
HD 190360 b,HD 190360,2.0,Radial Velocity,2003.0,Haute-Provence Observatory,3015.76710875,4.0925,,483.45172698,0.3468,150.0,G6 IV,5554.78,1.160424,0.9865571666666666,4.337383600000001,16.0069
HD 190360 c,HD 190360,2.0,Radial Velocity,2005.0,W. M. Keck Observatory,17.11166,0.12926666666666667,,19.729604367500002,0.12975,,G6 IV,5546.67,1.167232,0.9765857499999999,4.295639333333334,16.0069
HD 190647 b,HD 190647,1.0,Radial Velocity,2007.0,La Silla Observatory,1084.21666,2.1236666666666664,,617.1109166666666,0.19466666666666665,,,5641.333333333333,1.4129999999999998,1.0845,4.1706666666666665,54.473800000000004
HD 190984 b,HD 190984,1.0,Radial Velocity,2009.0,La Silla Observatory,7427.5,7.15,,1061.5128485300002,0.6575,,F8 V,5988.0,1.53,0.91,4.02,148.187
HD 191806 b,HD 191806,1.0,Radial Velocity,2016.0,Haute-Provence Observatory,1604.5630766666666,2.7863333333333333,,2964.707904616667,0.22833333333333336,,K0,6010.0,,1.1166666666666665,4.45,65.6668
HD 191939 b,HD 191939,1.0,Transit,2020.0,Transiting Exoplanet Survey Satellite (TESS),8.880329966666666,0.07936,3.403780865,9.915,0.010333333333333333,850.9225,G8 V,5380.5,0.9406666666666667,0.81305,4.351666666666667,53.6089
HD 191939 c,HD 191939,1.0,Transit,2020.0,Transiting Exoplanet Survey Satellite (TESS),28.580150333333336,0.17248000000000002,3.1718444,7.2125,0.011333333333333334,577.8775,G8 V,5380.5,0.9406666666666667,0.81305,4.351666666666667,53.6089
HD 191939 d,HD 191939,1.0,Transit,2020.0,Transiting Exoplanet Survey Satellite (TESS),38.353319799999994,0.21084,3.0779724,3.4,0.010333333333333333,522.6825,G9 V,5371.2,0.9398,0.81305,4.3420000000000005,53.60889999999999
HD 191939 e,HD 191939,1.0,Radial Velocity,2022.0,W. M. Keck Observatory,101.51075,0.401,,112.575,0.010333333333333333,393.5,G9 V,5357.25,0.9385,0.81305,4.3275,53.6089
HD 191939 f,HD 191939,1.0,Radial Velocity,2022.0,W. M. Keck Observatory,3182.6666666666665,3.9033333333333338,,1213.4486040533334,0.0,125.0,G9 V,5348.0,0.94,0.81,4.3,53.6089
HD 191939 g,HD 191939,1.0,Radial Velocity,2022.0,Multiple Observatories,286.3,0.806,,10.19,0.03,278.0,G9 V,5348.0,0.94,0.81,4.3,53.6089
HD 192263 b,HD 192263,1.0,Radial Velocity,1999.0,La Silla Observatory,24.2442,0.15079,,216.5959735275,0.065875,486.0,K2 V,4988.030000000001,0.735,0.7534000000000001,4.6131678,19.6359
HD 192310 b,HD 192310,1.0,Radial Velocity,2011.0,La Silla Observatory,74.39066666666666,0.32173333333333337,,17.61135372,0.19000000000000003,355.0,,5163.703333333334,0.7939609999999999,0.8314413333333333,4.534589666666666,8.79687
HD 192310 c,HD 192310,1.0,Radial Velocity,2011.0,La Silla Observatory,525.8,1.18,,24.0,0.32,185.0,,5166.0,,0.8,4.51,8.79687
HD 192699 b,HD 192699,1.0,Radial Velocity,2007.0,Lick Observatory,345.875,1.12325,,740.19932,0.1225,,G8 IV,5141.666666666667,4.359999999999999,1.5899999999999999,3.356666666666667,71.8627
HD 194490 b,HD 194490,1.0,Radial Velocity,2022.0,Multiple Observatories,13092.18348,11.116,,3561.90295725,0.251,,,,,1.06,,80.2349
HD 195019 b,HD 195019,2.0,Radial Velocity,1998.0,Lick Observatory,18.210899714285713,0.13720000000000002,,1165.7137467985715,0.017371428571428572,,G3 IV-V,5746.802857142858,1.4791066666666666,1.0748458333333335,4.1400559999999995,37.6681
HD 196050 b,HD 196050,3.0,Radial Velocity,2002.0,Anglo-Australian Telescope,1360.3333333333333,2.5191666666666666,,1120.3421274583334,0.221,,G3 V,5819.75,1.42,1.1933333333333334,4.285666666666667,50.674200000000006
HD 196067 b,HD 196067,2.0,Radial Velocity,2012.0,La Silla Observatory,3553.566666666667,4.9433333333333325,,3262.999642433333,0.6409733333333333,,G0 V,6044.5,1.72,1.2366666666666666,4.165,39.9346
HD 196067 c,HD 196067,2.0,Radial Velocity,2025.0,La Silla Observatory,4.601088,,,10.4,0.235,,G0 V,6072.0,1.71,1.16,4.09,39.9346
HD 19615 b,HD 19615,1.0,Radial Velocity,2022.0,Bohyunsan Optical Astronomical Observatory,402.0,1.1,,2701.5414595,0.2,,K0,4263.0,32.3,1.1,1.4,265.155
HD 196885 A b,HD 196885 A,2.0,Radial Velocity,2007.0,Haute-Provence Observatory,1335.2358333333334,2.533333333333333,,902.6144666666668,0.474,,F8 V,6255.333333333333,1.37036,1.28,4.322946666666667,34.1692
HD 197037 b,HD 197037,2.0,Radial Velocity,2012.0,McDonald Observatory,1035.7,2.07,,251.0,0.22,,F7 V,6150.0,,1.11,4.4,33.1944
HD 199509 b,HD 199509,1.0,Radial Velocity,2022.0,Multiple Observatories,99.62167,0.426,,43.22466335,0.373,,,,,1.04,,24.3056
HD 19994 b,HD 19994,3.0,Radial Velocity,2003.0,La Silla Observatory,500.95000000000005,1.3624999999999998,,484.68219999999997,0.1815,,F8 V,6202.5,,1.3525,4.29,22.5242
HD 20003 b,HD 20003,1.0,Radial Velocity,2019.0,La Silla Observatory,11.8482,0.0974,,11.66,0.36,,G8 V,5494.0,,0.875,4.41,41.8316
HD 20003 c,HD 20003,1.0,Radial Velocity,2019.0,La Silla Observatory,33.9239,0.1964,,14.44,0.1,,G8 V,5494.0,,0.875,4.41,41.8316
HD 200964 b,HD 200964,1.0,Radial Velocity,2010.0,Lick Observatory,611.2999966666666,1.602,,605.8814233333334,0.05566666666666667,,,5075.0,4.805,1.415,3.4033333333333338,72.5922
HD 200964 c,HD 200964,1.0,Radial Velocity,2010.0,Lick Observatory,838.75,1.955,,335.14581,0.212,,,5073.0,4.609999999999999,1.415,3.41,72.5922
HD 202206 c,HD 202206,2.0,Radial Velocity,2004.0,La Silla Observatory,1321.7,2.5536666666666665,,2411.5411433333334,0.24733333333333332,,G6 V,5766.0,1.04,1.1099999999999999,4.5,45.9665
HD 202696 b,HD 202696,1.0,Radial Velocity,2019.0,W. M. Keck Observatory,517.8,1.566,,634.38868,0.011,,K0 III-IV,5040.0,6.43,1.91,3.11,188.546
HD 202696 c,HD 202696,1.0,Radial Velocity,2019.0,W. M. Keck Observatory,946.6,2.342,,592.43512,0.028,,K0 III-IV,5040.0,6.43,1.91,3.11,188.546
HD 202772 A b,HD 202772 A,2.0,Transit,2019.0,Transiting Exoplanet Survey Satellite (TESS),3.30891665,0.05208,17.317905,323.23311,0.039,2132.0,,6272.0,2.591,1.72,3.848,161.498
HD 203030 b,HD 203030,1.0,Imaging,2006.0,Palomar Observatory,,487.1,14.4595851,5576.1047385,,1123.0,G8 V,,,,,39.2503
HD 20329 b,HD 20329,1.0,Transit,2022.0,Transiting Exoplanet Survey Satellite (TESS),0.926118,0.018,1.72,7.42,0.0,2141.0,,5596.0,1.13,0.9,4.4,63.6796
HD 203387 b,HD 203387,1.0,Radial Velocity,2022.0,Multiple Observatories,512.5352,1.771,,1106.04285636,0.732,,,,,2.817,,61.7477
HD 203387 c,HD 203387,1.0,Radial Velocity,2022.0,Multiple Observatories,2481.07227,5.067,,2378.9456264,0.202,,,,,2.817,,61.7477
HD 2039 b,HD 2039,1.0,Radial Velocity,2002.0,Anglo-Australian Telescope,1141.0,2.2100000000000004,,1832.7702333333334,0.6983333333333333,,G2/G3 IV/V,5945.0,1.19,1.105,4.38,85.6922
HD 204313 b,HD 204313,1.0,Radial Velocity,2010.0,La Silla Observatory,1981.069228333333,3.1253333333333333,,1319.7181328366667,0.1461,,G5 V,5770.6,1.1,1.03,4.388,47.7945
HD 204313 c,HD 204313,1.0,Radial Velocity,2015.0,La Silla Observatory,34.931875000000005,0.21045,,17.38136699,0.107,,G5 V,5776.0,,1.025,4.38,47.7945
HD 204313 e,HD 204313,1.0,Radial Velocity,2022.0,Multiple Observatories,17162.82333,12.6785,,5596.48150466,0.2215,,G5 V,5767.0,,1.0375,4.37,47.7945
HD 204941 b,HD 204941,2.0,Radial Velocity,2011.0,La Silla Observatory,1733.0,2.5549999999999997,,78.82005,0.37,,,5041.0,0.75,0.6599999999999999,4.45,28.7165
HD 205158 b,HD 205158,1.0,Radial Velocity,2022.0,Multiple Observatories,25.33798,0.177,,124.58873554,0.145,,,,,1.16,,86.6159
HD 205739 b,HD 205739,1.0,Radial Velocity,2008.0,Las Campanas Observatory,279.8,0.896,,435.41,0.27,,,6176.0,1.33,1.22,4.29,92.5087
HD 206255 b,HD 206255,1.0,Radial Velocity,2019.0,Las Campanas Observatory,96.045,0.461,,34.2,0.23,,G5 IV/V,5635.0,,1.42,,75.2363
HD 206610 b,HD 206610,1.0,Radial Velocity,2009.0,W. M. Keck Observatory,631.0666666666667,1.6533333333333333,,719.9812266666668,0.18633333333333335,,,4868.666666666667,6.109999999999999,1.5550000000000002,3.2866666666666666,147.192
HD 206893 b,HD 206893,1.0,Imaging,2021.0,Gemini Observatory,9975.0,10.0,14.01122587,10806.165837999999,0.185,1406.3999999999999,F5 V,6493.0,,1.315,4.45,40.7583
HD 206893 c,HD 206893,1.0,Imaging,2022.0,European Southern Observatory,2090.0,3.53,16.36511182,4036.4207689,0.41,1181.9,F5 V,,,1.32,,40.7583
HD 207496 b,HD 207496,1.0,Transit,2023.0,Transiting Exoplanet Survey Satellite (TESS),6.441008,0.0629,2.25,6.1,0.231,743.0,K2.5 V,4819.0,0.769,0.8,4.507,23.606
HD 20781 b,HD 20781,2.0,Radial Velocity,2019.0,La Silla Observatory,5.3135,0.0529,,1.93,0.1,,K0 V,5256.0,,0.7,4.37,35.9715
HD 20781 c,HD 20781,2.0,Radial Velocity,2019.0,La Silla Observatory,13.8905,0.1004,,5.33,0.09,,K0 V,5256.0,,0.7,4.37,35.9715
HD 20781 d,HD 20781,2.0,Radial Velocity,2019.0,La Silla Observatory,29.158,0.1647,,10.61,0.11,,K0 V,5256.0,,0.7,4.37,35.9715
HD 20781 e,HD 20781,2.0,Radial Velocity,2019.0,La Silla Observatory,85.5073,0.3374,,14.03,0.06,,K0 V,5256.0,,0.7,4.37,35.9715
HD 20782 b,HD 20782,2.0,Radial Velocity,2006.0,Anglo-Australian Telescope,589.957864,1.37018,,470.23508000000004,0.8732,,,5782.052000000001,1.1212066666666667,1.0333333333333334,4.3607,35.9864
HD 207832 b,HD 207832,3.0,Radial Velocity,2012.0,W. M. Keck Observatory,161.33666666666667,0.5753333333333334,,182.22253333333333,0.15233333333333335,,G5 V,5732.333333333333,0.8955,1.0350000000000001,4.491,58.9291
HD 207832 c,HD 207832,3.0,Radial Velocity,2012.0,W. M. Keck Observatory,1155.7,2.112,,232.0159,0.27,,,5710.0,0.901,0.94,4.502,58.9291
HD 207897 b,HD 207897,1.0,Transit,2021.0,Transiting Exoplanet Survey Satellite (TESS),16.2019095,0.11665,2.4220106599999998,14.600000000000001,0.0235,606.975,K0 V,5088.0,0.78085,0.8104,4.5605,28.2938
HD 20794 b,HD 20794,1.0,Radial Velocity,2011.0,La Silla Observatory,18.319666666666667,0.12446666666666667,,2.5566666666666666,0.11133333333333334,660.0,G6 V,5384.5,0.93,0.8015,4.305,6.002779999999999
HD 20794 d,HD 20794,1.0,Radial Velocity,2011.0,La Silla Observatory,89.62966666666667,0.3588,,3.766666666666667,0.109,388.0,G6 V,5384.5,0.93,0.8015,4.305,6.002779999999999
HD 20794 e,HD 20794,1.0,Radial Velocity,2017.0,La Silla Observatory,147.02,0.509,,4.77,0.29,,G8,,,0.813,,6.00278
HD 20794 f,HD 20794,1.0,Radial Velocity,2025.0,Multiple Observatories,647.6,1.3541,,5.82,0.45,,G6 V,5368.0,0.93,0.79,4.39,6.00278
HD 208487 b,HD 208487,1.0,Radial Velocity,2004.0,Anglo-Australian Telescope,130.01666666666668,0.508,,153.61166666666668,0.26,,G2 V,5998.0,,1.0899999999999999,4.335,45.147
HD 208527 b,HD 208527,1.0,Radial Velocity,2012.0,Bohyunsan Optical Astronomical Observatory,875.5,2.1,,3146.4,0.08,,M1 III,4035.0,51.1,1.6,1.4,312.202
HD 20868 b,HD 20868,1.0,Radial Velocity,2008.0,La Silla Observatory,380.850005,0.9484999999999999,,514.87375,0.75,,K3/4 IV,4798.5,0.775,0.585,4.24,47.7223
HD 208897 b,HD 208897,1.0,Radial Velocity,2017.0,Multiple Observatories,355.485,1.0565,,412.22455898,0.045000000000000005,,K0,4860.0,4.98,1.25,3.13,67.4872
HD 209458 b,HD 209458,1.0,Radial Velocity,1999.0,W. M. Keck Observatory,3.522589272142857,0.04718333333333333,15.423014923076922,216.8531477423077,0.0025857142857142854,1456.6666666666667,G0 V,6057.959375,1.16905,1.1210903846153846,4.362178,48.3016
HD 210193 b,HD 210193,1.0,Radial Velocity,2019.0,Las Campanas Observatory,649.918,1.487,,153.1,0.24,,G3 V,5790.0,,1.04,,42.2029
HD 210277 b,HD 210277,1.0,Radial Velocity,1998.0,W. M. Keck Observatory,441.28459999999995,1.1182,,402.10732221,0.47000000000000003,,G0 V,5540.166,1.0920865000000002,0.9869625,4.3955385,21.2985
HD 210702 b,HD 210702,1.0,Radial Velocity,2007.0,Lick Observatory,354.6725,1.15675,,571.53719415,0.07475,,K1 IV,4943.333333333333,4.73,1.54,3.255,54.1963
HD 211403 b,HD 211403,1.0,Radial Velocity,2021.0,Haute-Provence Observatory,223.8,0.768,,1760.76937478,0.084,380.0,F7 V,6273.0,1.206,1.2,4.3,83.0919
HD 211810 b,HD 211810,1.0,Radial Velocity,2018.0,W. M. Keck Observatory,1558.0,2.656,,212.9461,0.68,,G5,5652.0,1.13,1.03,,64.6353
HD 211970 b,HD 211970,1.0,Radial Velocity,2019.0,Las Campanas Observatory,25.201,0.143,,13.0,0.15,,K7 V,4127.0,,0.61,,13.1277
HD 212301 b,HD 212301,2.0,Radial Velocity,2005.0,La Silla Observatory,2.2457125,0.033,,152.55515,0.0,,,6247.5,1.16,1.4100000000000001,4.51,54.2304
HD 212771 b,HD 212771,1.0,Radial Velocity,2009.0,W. M. Keck Observatory,375.7666633333333,1.19,,887.7948,0.09899999999999999,,,5064.333333333333,5.135,1.56,3.44,111.15500000000002
HD 213240 b,HD 213240,2.0,Radial Velocity,2001.0,La Silla Observatory,904.2966700000001,1.9466666666666665,,1619.8708001566665,0.4300333333333333,,G0/1 V,5976.333333333333,1.51,1.3366666666666667,4.303333333333334,40.8707
HD 213472 b,HD 213472,1.0,Radial Velocity,2021.0,Multiple Observatories,17000.0,13.0,,1112.3994245,0.53,,,5729.54,1.433902,1.048132,4.144921,64.4527
HD 213519 b,HD 213519,1.0,Radial Velocity,2022.0,Multiple Observatories,11.12214,0.099,,9.2170238,0.413,,,,,1.05,,41.0014
HD 213885 b,HD 213885,1.0,Transit,2019.0,Transiting Exoplanet Survey Satellite (TESS),1.008035,0.02012,1.745,8.83,0.0,2128.0,G,5978.0,1.1011,1.068,4.3827,48.0883
HD 213885 c,HD 213885,1.0,Radial Velocity,2019.0,Multiple Observatories,4.78503,0.056798,,19.95,0.0,1265.4,G,5978.0,1.1011,1.068,4.3827,48.0883
HD 21411 b,HD 21411,1.0,Radial Velocity,2019.0,Las Campanas Observatory,84.288,0.362,,65.9,0.4,,G8 V,5605.0,,0.89,,29.1328
HD 214823 b,HD 214823,2.0,Radial Velocity,2016.0,Haute-Provence Observatory,1860.21106,3.165,,6230.2470790925,0.160675,,G0,6121.0,2.04,1.1849999999999998,4.05,101.368
HD 215152 b,HD 215152,1.0,Radial Velocity,2018.0,La Silla Observatory,5.759995,0.057638,,283.617868025,0.0,,K3 V,4935.0,0.73,0.77,4.4,21.5974
HD 215152 c,HD 215152,1.0,Radial Velocity,2018.0,La Silla Observatory,7.282215,0.067393,,235.25845016500003,0.0,,K3 V,4935.0,0.73,0.77,4.4,21.5974
HD 215152 d,HD 215152,1.0,Radial Velocity,2018.0,La Silla Observatory,10.862495,0.08799,,386.60852928500003,0.0,,K3 V,4935.0,0.73,0.77,4.4,21.5974
HD 215152 e,HD 215152,1.0,Radial Velocity,2018.0,La Silla Observatory,25.198349999999998,0.15417,,489.14619053999996,0.0,,K3 V,4935.0,0.73,0.77,4.4,21.5974
HD 21520 b,HD 21520,1.0,Transit,2024.0,Transiting Exoplanet Survey Satellite (TESS),25.1292,0.1726,2.697,17.7,0.0,637.0,,5871.0,1.044,1.09,4.42,79.208
HD 215497 b,HD 215497,1.0,Radial Velocity,2009.0,La Silla Observatory,3.9340266666666666,0.0485,,533.9269355299999,0.16,,K3 V,5111.5,0.85,0.771,4.355,40.5468
HD 215497 c,HD 215497,1.0,Radial Velocity,2009.0,La Silla Observatory,566.97,1.296,,107.769971225,0.48,,K3 V,5113.0,,0.896,4.31,40.5468
HD 216435 b,HD 216435,1.0,Radial Velocity,2002.0,Anglo-Australian Telescope,1351.0,2.5300000000000002,,400.42499999999995,0.10500000000000001,,,5971.0,,1.275,4.154,32.9834
HD 216437 b,HD 216437,1.0,Radial Velocity,2002.0,Anglo-Australian Telescope,1315.856,2.4576000000000002,,904.096643712,0.313,,G1 V,5901.666666666667,1.394,1.175,4.2253333333333325,26.690199999999997
HD 216520 b,HD 216520,1.0,Radial Velocity,2020.0,Multiple Observatories,35.458,0.19669999999999999,,10.310603035,0.14,,,5131.505,0.7713835,0.8056315000000001,4.542653,19.552
HD 216520 c,HD 216520,1.0,Radial Velocity,2020.0,Multiple Observatories,154.43,0.528,,9.44,0.12,,,5103.0,0.76,0.82,4.54,19.552
HD 216536 b,HD 216536,1.0,Radial Velocity,2015.0,McDonald Observatory,148.600005,0.6094999999999999,,400.45574999999997,0.38,,K0,4639.0,11.165,1.085,2.36,376.233
HD 216770 b,HD 216770,1.0,Radial Velocity,2003.0,La Silla Observatory,118.45,0.46,,193.8763,0.37,,,5399.0,0.93,0.8200000000000001,4.37,36.6625
HD 21693 b,HD 21693,1.0,Radial Velocity,2019.0,La Silla Observatory,22.6786,0.1455,,8.23,0.12,,G8 V,5430.0,,0.8,4.37,33.255
HD 21693 c,HD 21693,1.0,Radial Velocity,2019.0,La Silla Observatory,53.7357,0.2586,,17.37,0.07,,G8 V,5430.0,,0.8,4.37,33.255
HD 217107 b,HD 217107,1.0,Radial Velocity,1998.0,Lick Observatory,7.1268581,0.07519285714285714,,437.66488032142854,0.12942857142857142,,G8 IV,5604.966,1.1701425,1.03315775,4.301966999999999,20.0619
HD 217107 c,HD 217107,1.0,Radial Velocity,2005.0,Lick Observatory,4492.085714285714,5.357666666666667,,1135.2160950957143,0.4497714285714286,,G8 IV,5600.7075,1.19931,1.02815775,4.2892893333333335,20.0619
HD 21749 c,GJ 143,1.0,Transit,2019.0,Transiting Exoplanet Survey Satellite (TESS),7.78993,0.0695,0.892,3.7,,701.0,K4.5,4640.0,0.695,0.73,4.613,16.32
HD 217786 b,HD 217786,2.0,Radial Velocity,2011.0,La Silla Observatory,1307.4866966666666,2.3993333333333333,,5906.47335202,0.3422666666666667,,F8 V,5966.0,1.27,1.0599999999999998,4.35,55.4847
HD 217786 c,HD 217786,2.0,Radial Velocity,2022.0,Multiple Observatories,2.52221,0.038,,7.31005336,0.399,,,,,1.14,,55.4847
HD 217958 b,HD 217958,1.0,Radial Velocity,2022.0,Multiple Observatories,2560.19774,3.758,,166.54208527,0.156,,,,,1.08,,61.7957
HD 218566 b,HD 218566,1.0,Radial Velocity,2010.0,W. M. Keck Observatory,225.5233333333333,0.6882666666666667,,64.41250819666668,0.29,,,4830.95,0.85,0.8217726666666666,4.599827,28.8274
HD 219077 b,HD 219077,1.0,Radial Velocity,2012.0,La Silla Observatory,5468.1721525,6.328749999999999,,3494.4968843325,0.768,,G8 V,5362.666666666667,1.91,1.0066666666666666,4.016666666666667,29.1864
HD 219134 b,HD 219134,1.0,Radial Velocity,2015.0,Roque de los Muchachos Observatory,3.0930544666666666,0.038488800000000004,1.5803333333333331,4.2554622975,0.02075,972.55,K3 V,4754.5233333333335,0.7764,0.7974946666666667,4.579815333333333,6.53127
HD 219134 c,HD 219134,1.0,Radial Velocity,2015.0,Roque de los Muchachos Observatory,6.7648578,0.0647952,1.509,3.54895204,0.0755,748.95,K3 V,4765.628,0.776,0.7974946666666667,4.5697784,6.531270000000001
HD 219134 d,HD 219134,1.0,Radial Velocity,2015.0,Roque de los Muchachos Observatory,46.74075,0.234895,1.61,15.70113895,0.16875,410.5,K3 V,4782.035,0.7708665,0.7974946666666667,4.570473,6.53127
HD 219134 f,HD 219134,1.0,Radial Velocity,2015.0,Multiple Observatories,22.772166666666664,0.14578000000000002,1.31,7.974156763333333,0.07333333333333332,522.6,K3 V,4809.713333333333,0.7684886666666667,0.7974946666666667,4.550630666666667,6.53127
HD 219134 g,HD 219134,1.0,Radial Velocity,2015.0,Multiple Observatories,94.2,0.3753,,10.80622,0.0,,K3 V,4913.0,0.77,0.794,4.51,6.53127
HD 219134 h,HD 219134,1.0,Radial Velocity,2015.0,Roque de los Muchachos Observatory,2084.75,2.91325,,88.30813734,0.12125000000000001,,K3 V,4809.713333333333,0.7684886666666667,0.789121,4.571630666666667,6.53127
HD 219139 b,HD 219139,1.0,Radial Velocity,2021.0,Okayama Astrophysical Observatory,275.5,0.94,,247.90615746,0.11,,G5 III,4831.0,11.22,1.46,2.48,104.935
HD 219415 b,HD 219415,1.0,Radial Velocity,2012.0,McDonald Observatory,2093.3,3.2,,317.83,0.4,,K0 III,4820.0,2.9,1.0,3.51,165.184
HD 219666 b,HD 219666,1.0,Transit,2018.0,Transiting Exoplanet Survey Satellite (TESS),6.036850599999999,0.08378,4.616,17.1,0.025,995.6666666666666,G5 V,5529.6,1.0358,0.9400000000000001,4.4,94.1719
HD 219828 b,HD 219828,1.0,Radial Velocity,2007.0,La Silla Observatory,3.8343274000000003,0.048675,,19.983256884000003,0.0502,,G0 IV,5864.5,1.61,1.1724999999999999,4.1433333333333335,73.114
HD 219828 c,HD 219828,1.0,Radial Velocity,2016.0,Multiple Facilities,4754.29099,5.802333333333333,,4847.32274866,0.8109000000000001,,G0 IV,5849.0,1.65,1.1500000000000001,4.08,73.114
HD 220074 b,HD 220074,1.0,Radial Velocity,2012.0,Bohyunsan Optical Astronomical Observatory,672.0999899999999,1.6,,4408.2456,0.14,,M2 III,3861.0,52.31,1.7000000000000002,1.2000000000000002,324.54
HD 220197 b,HD 220197,1.0,Radial Velocity,2018.0,Roque de los Muchachos Observatory,1728.0,2.729,,63.566,0.187,,,5683.0,0.98,0.91,4.42,64.411
HD 220689 b,HD 220689,1.0,Radial Velocity,2012.0,La Silla Observatory,2251.7999999999997,3.396333333333333,,357.8726761333333,0.08900000000000001,,G3 V,5921.0,1.069,1.032,4.333333333333333,46.8778
HD 220773 b,HD 220773,1.0,Radial Velocity,2011.0,McDonald Observatory,3724.7,4.94,,460.8,0.51,,F9,5940.0,,1.16,4.24,50.5103
HD 220842 b,HD 220842,2.0,Radial Velocity,2016.0,Haute-Provence Observatory,218.47,0.74,,1010.6994,0.404,,F8,5960.0,,1.13,4.24,64.6498
HD 221287 b,HD 221287,1.0,Radial Velocity,2007.0,La Silla Observatory,456.1,1.25,,982.05,0.08,,,6304.0,,1.25,4.43,55.9231
HD 221416 b,HD 221416,1.0,Transit,2019.0,Transiting Exoplanet Survey Satellite (TESS),14.2768,0.1228,9.17,60.5,0.115,,,5080.0,2.943,1.212,3.584,95.5483
HD 221420 b,HD 221420,1.0,Radial Velocity,2019.0,Anglo-Australian Telescope,12078.902581666667,11.321333333333333,,6115.550840041667,0.18716666666666668,,G1 V,5838.5,1.947,1.32775,4.055,31.141499999999997
HD 221585 b,HD 221585,1.0,Radial Velocity,2016.0,Haute-Provence Observatory,1173.0,2.306,,511.7063,0.123,,G8 IV,5620.0,,1.19,4.05,55.8535
HD 222076 b,HD 222076,1.0,Radial Velocity,2016.0,Multiple Observatories,872.02,1.83,,518.06154595,0.04,,K0 III,4842.5,4.1899999999999995,1.175,3.24,91.1538
HD 222155 b,HD 222155,1.0,Radial Velocity,2011.0,Haute-Provence Observatory,3756.0,4.906666666666666,,619.75852827,0.1366666666666667,,G2 V,5743.666666666667,1.76,1.1566666666666665,4.0633333333333335,50.6078
HD 222237 b,HD 222237,1.0,Radial Velocity,2024.0,Multiple Observatories,17490.5,11.850000000000001,,1619.3357336650001,0.55,,K3 V,4751.0,0.71,0.73,4.61,11.4469
HD 222582 b,HD 222582,2.0,Radial Velocity,1999.0,W. M. Keck Observatory,573.29925,1.343,,2327.26873679,0.731625,,,5754.553333333333,1.1375085,1.01978225,4.342390333333333,42.1586
HD 224018 b,HD 224018,1.0,Radial Velocity,2025.0,Roque de los Muchachos Observatory,10.6413,0.0952,0.91,4.1,0.06,968.0,G V,5784.0,1.147,1.013,4.32,105.48
HD 224018 c,HD 224018,1.0,Transit,2025.0,K2,36.57669,0.217,2.42,10.4,0.02,641.0,G V,5784.0,1.147,1.013,4.32,105.48
HD 224018 d,HD 224018,1.0,Transit,2025.0,K2,138.0731,0.53,2.4,4.2,0.04,411.0,G V,5784.0,1.147,1.013,4.32,105.48
HD 224538 b,HD 224538,1.0,Radial Velocity,2016.0,Multiple Observatories,1197.3839966666667,2.3663333333333334,,2542.7363688733335,0.4746666666666666,,F8/G0 IV/V,6097.0,1.54,1.3033333333333335,4.19,79.0608
HD 224693 b,HD 224693,1.0,Radial Velocity,2006.0,W. M. Keck Observatory,26.7102,0.1915,,224.0655,0.077,,G2 IV,5965.5,1.815,1.32,4.38,93.5015
HD 22496 b,HD 22496,1.0,Radial Velocity,2021.0,Paranal Observatory,5.09071,0.051,,5.57,,573.0,,4385.0,0.674,0.684,4.69,13.5956
HD 22532 b,HD 22532,1.0,Radial Velocity,2022.0,La Silla Observatory,872.6,1.9,,673.79622284,0.03,,G8 III/IV,5038.0,5.69,1.57,3.09,161.183
HD 22781 b,HD 22781,1.0,Radial Velocity,2011.0,Haute-Provence Observatory,528.07,1.167,,4338.2,0.8191,,K1,5027.0,,0.75,4.6,32.6034
HD 22946 d,HD 22946,1.0,Transit,2023.0,Transiting Exoplanet Survey Satellite (TESS),47.42489,0.2958,2.607,26.57,,546.0,,6169.0,1.117,1.098,4.47,62.7792
HD 23079 b,HD 23079,1.0,Radial Velocity,2001.0,Anglo-Australian Telescope,705.734995,1.5653333333333332,,812.0399656550001,0.07387,,F9.5 V,5965.0,1.0750000000000002,1.1266666666666667,4.3790000000000004,33.4591
HD 23079 c,HD 23079,1.0,Radial Velocity,2025.0,La Silla Observatory,5.748913,,,8.26,0.097,,F9.5 V,5994.0,1.08,1.16,4.37,33.4591
HD 23127 b,HD 23127,1.0,Radial Velocity,2006.0,Anglo-Australian Telescope,1213.0566666666666,2.3633333333333333,,494.4225366666667,0.4286666666666667,,G2 V,5808.0,1.565,1.208,4.1530000000000005,93.8555
HD 231701 b,HD 231701,1.0,Radial Velocity,2007.0,W. M. Keck Observatory,141.61000333333334,0.5523333333333333,,372.9150666666667,0.11,,F8 V,6158.666666666667,1.475,1.1749999999999998,4.32,108.877
HD 233604 b,HD 233604,1.0,Radial Velocity,2013.0,McDonald Observatory,192.0,0.747,,2089.644,0.05,,K5,4791.0,10.9,1.5,2.55,847.058
HD 233832 b,HD 233832,2.0,Radial Velocity,2018.0,Roque de los Muchachos Observatory,3052.5,3.6325,,715.1175000000001,0.37,,,4976.37,0.709182,0.7649999999999999,4.55267,58.742
HD 23472 b,HD 23472,1.0,Transit,2019.0,Transiting Exoplanet Survey Satellite (TESS),17.6670435,0.1186,1.936,13.120000000000001,0.036,543.0,K4 V,4684.0,0.71,0.71,4.53,39.0341
HD 23472 c,HD 23472,1.0,Transit,2019.0,Transiting Exoplanet Survey Satellite (TESS),29.711244999999998,0.1673,2.0095,10.295,0.0315,467.0,K4 V,4684.0,0.71,0.71,4.53,39.0341
HD 23472 d,HD 23472,1.0,Transit,2022.0,Transiting Exoplanet Survey Satellite (TESS),3.97664,0.04298,0.75,0.55,0.07,909.0,K4 V,4684.0,0.71,0.67,4.53,39.0341
HD 23472 e,HD 23472,1.0,Transit,2022.0,Transiting Exoplanet Survey Satellite (TESS),7.90754,0.068,0.818,0.72,0.07,723.0,K4 V,4684.0,0.71,0.67,4.53,39.0341
HD 23472 f,HD 23472,1.0,Transit,2022.0,Transiting Exoplanet Survey Satellite (TESS),12.1621839,0.0906,1.137,0.77,0.07,630.0,K4 V,4684.0,0.71,0.67,4.53,39.0341
HD 235088 b,HD 235088,1.0,Transit,2023.0,Transiting Exoplanet Survey Satellite (TESS),7.434140933333333,0.0712,2.0340214066666666,4.175000000000001,0.0,779.475,K V,5066.333333333333,0.7864666666666666,0.8483666666666666,4.5809999999999995,41.1706
HD 23596 b,HD 23596,2.0,Radial Velocity,2003.0,Haute-Provence Observatory,1558.423824,2.8034,,3264.34005664,0.2804,,F8,6012.75,1.553925,1.16975,4.20111,52.0018
HD 238090 b,HD 238090,1.0,Radial Velocity,2020.0,Multiple Observatories,13.671,0.0932,,6.89,0.3,469.6,M0.0 V,3933.0,0.57,0.578,4.7,15.2354
HD 238914 b,HD 238914,1.0,Radial Velocity,2018.0,Multiple Observatories,4100.0,5.7,,1906.98,0.56,,,4769.0,12.73,1.47,2.37,519.452
HD 240210 b,HD 240210,1.0,Radial Velocity,2009.0,McDonald Observatory,501.75,1.16,,1655.82,0.15,,K3 III,4297.0,,0.82,2.31,372.405
HD 240237 b,HD 240237,1.0,Radial Velocity,2011.0,McDonald Observatory,745.700005,1.91,,3367.3593499999997,0.4,,K2 III,4143.5,51.615,5.225,1.665,933.377
HD 24040 b,HD 24040,1.0,Radial Velocity,2006.0,W. M. Keck Observatory,3560.6666666666665,4.8004,,1329.5678805583332,0.0325,,,5779.829999999999,1.3553620000000002,1.143485,4.209798666666667,46.6224
HD 24040 c,HD 24040,1.0,Radial Velocity,2021.0,Multiple Observatories,515.4,1.3,,63.88350981,0.11,,,5776.49,1.387296,1.10394,4.197486,46.6224
HD 24064 b,HD 24064,1.0,Radial Velocity,2015.0,Bohyunsan Optical Astronomical Observatory,535.5999899999999,1.29,,3542.21535,0.35,,K0,4052.25,39.0,1.3050000000000002,1.44,300.247
HD 24085 b,HD 24085,1.0,Radial Velocity,2019.0,Las Campanas Observatory,2.0455,0.034,,11.8,0.22,,G0 V,6034.0,,1.22,,54.9004
HD 25015 b,HD 25015,1.0,Radial Velocity,2019.0,La Silla Observatory,6171.249,6.296,,2434.2501480933333,0.35733333333333334,,K1 V,5160.0,0.83,0.86,4.4,37.433
HD 25171 b,HD 25171,2.0,Radial Velocity,2010.0,La Silla Observatory,1823.645,2.9955,,296.370225,0.061,,F8 V,6142.5,1.205,1.0830000000000002,4.3465,55.6146
HD 25463 b,HD 25463,1.0,Transit,2023.0,Transiting Exoplanet Survey Satellite (TESS),7.04914315,0.076,2.58267907,8.6,0.0,1244.23,,6286.5,1.4141,1.2205,4.227,45.6181
HD 25463 c,HD 25463,1.0,Transit,2023.0,Transiting Exoplanet Survey Satellite (TESS),3.04405,0.043899999999999995,1.4317747650000001,4.199999999999999,0.0,1646.2849999999999,,6286.5,1.4141,1.2205,4.227,45.6181
HD 25723 b,HD 25723,1.0,Radial Velocity,2020.0,Lick Observatory,457.01,1.49,,794.5710175,0.04,,K1 III,4766.0,13.76,2.12,2.5,114.816
HD 25912 b,HD 25912,1.0,Radial Velocity,2022.0,Multiple Observatories,41.83156,0.242,,38.13940884,0.05,,,,,1.08,,49.1661
HD 25912 c,HD 25912,1.0,Radial Velocity,2022.0,Multiple Observatories,26308.65619,17.848,,5252.75008249,0.051,,,,,1.08,,49.1661
HD 260655 b,HD 260655,1.0,Transit,2022.0,Transiting Exoplanet Survey Satellite (TESS),2.76953,0.02933,1.24,2.14,0.039,709.0,M0 V,3803.0,0.439,0.439,5.2,10.0055
HD 260655 c,HD 260655,1.0,Transit,2022.0,Transiting Exoplanet Survey Satellite (TESS),5.70588,0.04749,1.533,3.09,0.038,557.0,M0 V,3803.0,0.439,0.439,5.2,10.0055
HD 26161 b,HD 26161,1.0,Radial Velocity,2021.0,Multiple Observatories,21471.145065,15.2435,,6668.039978860001,0.871,,,6057.62,1.455981,1.126458,4.163476,40.9128
HD 2638 b,HD 2638,3.0,Radial Velocity,2005.0,La Silla Observatory,3.4488,0.042666666666666665,,148.31760116666666,0.06233333333333333,,G5,5189.0,0.94,0.8733333333333334,4.335,54.9621
HD 2685 b,HD 2685,1.0,Transit,2019.0,Transiting Exoplanet Survey Satellite (TESS),4.126896633333334,0.0568,16.14096,371.8611,0.091,2061.0,,6801.0,1.5599999999999998,1.43,4.21,196.852
HD 27442 b,HD 27442,2.0,Radial Velocity,2000.0,Anglo-Australian Telescope,421.65,1.2155,,462.43525,0.059,,,4846.0,,1.2149999999999999,3.783,18.2704
HD 27631 b,HD 27631,1.0,Radial Velocity,2012.0,La Silla Observatory,2192.0466666666666,3.2373333333333334,,477.16011163999997,0.14133333333333334,,G3 IV-V,5737.0,0.9615,0.9413333333333332,4.471666666666667,50.2862
HD 27894 b,HD 27894,1.0,Radial Velocity,2005.0,La Silla Observatory,18.008052,0.12511999999999998,,204.87181605,0.045,,K2 V,4875.0,,0.8033333333333333,4.22,43.8214
HD 27894 c,HD 27894,1.0,Radial Velocity,2017.0,La Silla Observatory,36.07,0.198,,51.48846,0.015,,K2 V,,,0.8,,43.8214
HD 27894 d,HD 27894,1.0,Radial Velocity,2017.0,La Silla Observatory,5079.580813333333,5.441333333333334,,2064.6162072366665,0.3519666666666667,,K2 V,,,0.805,,43.821400000000004
HD 27969 b,HD 27969,1.0,Radial Velocity,2021.0,Haute-Provence Observatory,654.5,1.552,,1525.5763536,0.182,261.0,G0 V,5966.0,1.27,1.16,4.12,67.9328
HD 28109 b,HD 28109,1.0,Transit,2022.0,Transiting Exoplanet Survey Satellite (TESS),22.891047,0.1357,2.4444999999999997,12.347999999999999,0.1689,874.1,F8,6154.5,1.425,1.2435,4.1899999999999995,139.611
HD 28109 c,HD 28109,1.0,Transit,2022.0,Transiting Exoplanet Survey Satellite (TESS),56.002655000000004,0.308,4.18,8.5715,0.0621,614.1,F8,6154.5,1.425,1.2435,4.1899999999999995,139.611
HD 28109 d,HD 28109,1.0,Transit,2022.0,Transiting Exoplanet Survey Satellite (TESS),84.274945,0.411,3.1799999999999997,5.7405,0.0459,533.75,F8,6154.5,1.425,1.2435,4.1899999999999995,139.611
HD 28185 b,HD 28185,1.0,Radial Velocity,2001.0,La Silla Observatory,382.994625,1.0435,,1894.62116499,0.06331666666666667,,G0 V,5633.75,1.0532205000000001,1.0006062,4.464316666666666,39.3809
HD 28185 c,HD 28185,1.0,Radial Velocity,2022.0,Multiple Observatories,17417.92079,13.176,,6241.83208507,0.12,,,,,0.99,,39.3809
HD 28192 b,HD 28192,1.0,Radial Velocity,2022.0,Multiple Observatories,14.23283,0.118,,99.7981198,0.104,,,,,1.08,,49.8063
HD 28254 b,HD 28254,2.0,Radial Velocity,2010.0,La Silla Observatory,1224.5,2.3,,788.2089733,0.88,,G1 IV/V,5664.0,1.48,1.08,4.12,55.2884
HD 284149 AB b,HD 284149 A,2.0,Imaging,2017.0,Paranal Observatory,,431.16,,8667.18065889,,2448.5,,6035.0,1.36,,,117.807
HD 28471 b,HD 28471,1.0,Radial Velocity,2025.0,La Silla Observatory,3.1649,0.042,,3.72,0.195,1377.0,G5 V,5766.0,1.08,0.98,4.38,43.6455
HD 28471 c,HD 28471,1.0,Radial Velocity,2025.0,La Silla Observatory,6.1245,0.065,,5.72,0.088,1066.0,G5 V,5766.0,1.08,0.98,4.38,43.6455
HD 28471 d,HD 28471,1.0,Radial Velocity,2025.0,La Silla Observatory,11.681,0.1,,4.91,0.093,945.0,G5 V,5766.0,1.08,0.98,4.38,43.6455
HD 285507 b,HD 285507,1.0,Radial Velocity,2013.0,Fred Lawrence Whipple Observatory,6.0881,0.06,,301.4557,0.088,,K4.5 V,4503.0,0.673,0.7769999999999999,4.67,45.0293
HD 285968 b,HD 285968,1.0,Radial Velocity,2008.0,La Silla Observatory,8.778266666666667,0.06616333333333334,,8.839369866666667,0.10266666666666667,450.0,M2 V,3623.245,0.48256049999999995,0.5,4.76629,9.47045
HD 28678 b,HD 28678,1.0,Radial Velocity,2011.0,W. M. Keck Observatory,384.80000333333334,1.25,,613.6201199999999,0.16233333333333333,,,4923.333333333333,6.48,1.635,3.203333333333333,189.908
HD 29021 b,HD 29021,1.0,Radial Velocity,2017.0,Haute-Provence Observatory,1363.65,2.287,,1091.742489645,0.456,,G5,5560.0,0.85,0.855,4.44,30.9939
HD 290327 b,HD 290327,1.0,Radial Velocity,2009.0,La Silla Observatory,2443.0,3.43,,789.78845,0.08,,G8 V,5528.5,0.975,0.87,4.415,56.433
HD 29399 b,HD 29399,1.0,Radial Velocity,2022.0,La Silla Observatory,892.7,1.9625,,525.395299495,0.05,,K1 III,4845.0,4.672499999999999,1.2654999999999998,3.226,44.1518
HD 2952 b,HD 2952,1.0,Radial Velocity,2013.0,Okayama Astrophysical Observatory,311.7600033333333,1.1823333333333332,,409.5671175566667,0.17600000000000002,,K0 III,4847.0,10.83,1.94,2.6633333333333336,110.103
HD 29985 b,HD 29985,1.0,Radial Velocity,2022.0,Multiple Observatories,15254.070245,10.695,,1319.46463166,0.47050000000000003,,,,,0.734,,31.2707
HD 30177 b,HD 30177,1.0,Radial Velocity,2002.0,Anglo-Australian Telescope,2454.4607033333336,3.5413333333333337,,2792.3785940033335,0.19266666666666665,,,5572.1775,1.13,0.9744999999999999,4.35083,55.5867
HD 30177 c,HD 30177,1.0,Radial Velocity,2016.0,Multiple Observatories,11849.22593,10.074,,2185.076351525,0.1295,,,5580.0,,0.984,4.41,55.5867
HD 30562 b,HD 30562,1.0,Radial Velocity,2009.0,Lick Observatory,1156.55,2.3135,,425.3307645725,0.7615000000000001,,F8 V,5899.5,1.6235,1.197,4.1475,26.1597
HD 30669 b,HD 30669,1.0,Radial Velocity,2014.0,La Silla Observatory,1684.0,2.69,,149.37,0.18,,G9 V,5400.0,0.91,0.92,4.37,58.0844
HD 30856 b,HD 30856,2.0,Radial Velocity,2011.0,W. M. Keck Observatory,890.3333333333334,1.8966666666666667,,578.13477,0.09933333333333333,,,4949.333333333333,4.4,1.26,3.3033333333333332,131.199
HD 31253 b,HD 31253,1.0,Radial Velocity,2010.0,W. M. Keck Observatory,466.90000000000003,1.2716666666666667,,165.90468983999997,0.3466666666666667,,,6034.98,1.75,1.4183383333333335,4.103891333333333,58.1438
HD 31527 b,HD 31527,1.0,Radial Velocity,2019.0,La Silla Observatory,16.5535,0.1254,,10.47,0.1,,G2 V,5898.0,,0.96,4.45,38.4473
HD 31527 c,HD 31527,1.0,Radial Velocity,2019.0,La Silla Observatory,51.2053,0.2663,,14.16,0.04,,G2 V,5898.0,,0.96,4.45,38.4473
HD 31527 d,HD 31527,1.0,Radial Velocity,2019.0,La Silla Observatory,271.6737,0.8098,,11.82,0.24,,G2 V,5898.0,,0.96,4.45,38.4473
HD 3167 b,HD 3167,1.0,Transit,2016.0,K2,0.9596705709090909,0.01805,1.6525249927272727,5.17,0.025,1741.1666666666667,K0 V,5333.2,0.8705999999999999,0.8664742857142856,4.5088888888888885,47.28990000000001
HD 3167 c,HD 3167,1.0,Transit,2016.0,K2,29.84726728,0.18002,2.852366164,9.946000000000002,0.13175,536.5,K0 V,5341.222222222223,0.864936,0.8664742857142856,4.51375,47.28990000000001
HD 3167 d,HD 3167,1.0,Radial Velocity,2017.0,Multiple Observatories,8.476875,0.07696666666666667,,5.79,0.30666666666666664,817.75,K0 V,5270.75,0.87075,0.8496666666666667,4.47,47.2899
HD 3167 e,HD 3167,1.0,Radial Velocity,2022.0,CHaracterising ExOPlanets Satellite (CHEOPS),99.36,0.39665,,9.075,0.375,374.8,,5280.5,0.8755,0.8445,4.47,47.2899
HD 32518 b,HD 32518,1.0,Radial Velocity,2009.0,Thueringer Landessternwarte Tautenburg,157.445,0.592,,935.82656577,0.019,,K1 III,4580.0,10.22,1.13,2.1,122.115
HD 32963 b,HD 32963,1.0,Radial Velocity,2015.0,W. M. Keck Observatory,2356.0,3.4116666666666666,,370.3764086566666,0.07933333333333334,,G5 IV,5720.026666666668,1.111044,0.960514,4.385383333333333,38.0786
HD 330075 b,HD 330075,1.0,Radial Velocity,2004.0,La Silla Observatory,3.38773,0.0395,,174.8042,0.0,990.0,K1,5008.5,0.84,0.585,4.24,45.2989
HD 331093 b,HD 331093,1.0,Radial Velocity,2021.0,Haute-Provence Observatory,621.62,1.44,,476.7426105,0.59,,K0,5544.0,,1.03,4.2,50.1928
HD 33142 b,HD 33142,1.0,Radial Velocity,2011.0,W. M. Keck Observatory,327.3000025,1.0735000000000001,,432.65083570499996,0.08875,,K0 III,5016.1,4.1850000000000005,1.47,3.44125,121.375
HD 33142 c,HD 33142,1.0,Radial Velocity,2018.0,W. M. Keck Observatory,822.1,1.955,,1090.156191115,0.0655,,K0 III,5025.4,4.17,1.57,3.375,121.375
HD 33142 d,HD 33142,1.0,Radial Velocity,2022.0,Multiple Observatories,89.9,0.452,,63.5656814,0.191,,K0 III,5025.4,4.17,1.52,3.375,121.375
HD 332231 b,HD 332231,1.0,Transit,2020.0,Transiting Exoplanet Survey Satellite (TESS),18.7120438,0.14429999999999998,9.395618025000001,75.82526,0.021333333333333333,837.15,F8,6098.75,1.2742499999999999,1.1362999999999999,4.28325,80.6665
HD 33283 b,HD 33283,2.0,Radial Velocity,2006.0,W. M. Keck Observatory,18.1857,0.14859999999999998,,109.01438999999999,0.453,,G3 V,6012.666666666667,1.855,1.38,4.165,89.8623
HD 33564 b,HD 33564,1.0,Radial Velocity,2005.0,Haute-Provence Observatory,388.0,1.1,,2892.1,0.34,,F6 V,6250.0,,1.25,4.0,20.9531
HD 33844 b,HD 33844,1.0,Radial Velocity,2015.0,Anglo-Australian Telescope,551.5100066666668,1.5670000000000002,,826.7892242425,0.09999999999999999,,K0 III,4877.0,5.39,1.7233333333333334,3.21125,105.779
HD 33844 c,HD 33844,1.0,Radial Velocity,2015.0,Anglo-Australian Telescope,910.3299999999999,2.1755000000000004,,504.3700860966667,0.065,,K0 III,4885.0,5.34,1.6003333333333334,3.2016666666666667,105.779
HD 34445 b,HD 34445,1.0,Radial Velocity,2009.0,W. M. Keck Observatory,1053.425,2.08,,229.9379229525,0.16425,,G0 V,5845.1224999999995,1.38,1.0975925,4.19391825,46.0907
HD 34445 c,HD 34445,1.0,Radial Velocity,2017.0,Multiple Observatories,214.67,0.7181,,53.5,0.036,,G0 V,5836.0,1.38,1.07,4.21,46.0907
HD 34445 d,HD 34445,1.0,Radial Velocity,2017.0,Multiple Observatories,117.87,0.4817,,30.7,0.027,,G0 V,5836.0,1.38,1.07,4.21,46.0907
HD 34445 e,HD 34445,1.0,Radial Velocity,2017.0,Multiple Observatories,49.175,0.2687,,16.8,0.09,,G0 V,5836.0,1.38,1.07,4.21,46.0907
HD 34445 f,HD 34445,1.0,Radial Velocity,2017.0,Multiple Observatories,676.8,1.543,,37.9,0.031,,G0 V,5836.0,1.38,1.07,4.21,46.0907
HD 34445 g,HD 34445,1.0,Radial Velocity,2017.0,Multiple Observatories,5700.0,6.36,,120.6,0.032,,G0 V,5836.0,1.38,1.07,4.21,46.0907
HD 35759 b,HD 35759,1.0,Radial Velocity,2016.0,Haute-Provence Observatory,82.467,0.389,,1195.0408,0.389,,G0,6060.0,,1.15,4.24,71.2423
HD 35843 b,HD 35843,1.0,Radial Velocity,2025.0,Paranal Observatory,9.8991,0.088,,5.84,0.0,,,5666.0,0.897,0.94,4.47,69.6026
HD 35843 c,HD 35843,1.0,Transit,2025.0,Transiting Exoplanet Survey Satellite (TESS),46.9622,0.25,2.54,11.32,0.153,479.0,,5666.0,0.897,0.94,4.47,69.6026
HD 360 b,HD 360,1.0,Radial Velocity,2021.0,Okayama Astrophysical Observatory,273.1,0.98,,238.37130525,0.139,,G8 III,4770.0,10.86,1.69,2.59,111.542
HD 36384 b,HD 36384,1.0,Radial Velocity,2023.0,Bohyunsan Optical Astronomical Observatory,490.0,1.3,,2097.6674862,0.2,,M0 III,3940.0,38.4,1.14,1.1,209.309
HD 3651 b,HD 3651,1.0,Radial Velocity,2003.0,Multiple Observatories,62.2226,0.2923,,70.178211044,0.6205999999999999,,K0 V,5239.558,0.8728286666666666,0.8738504,4.49385975,11.1336
HD 37124 b,HD 37124,1.0,Radial Velocity,2002.0,W. M. Keck Observatory,154.0245,0.5295880000000001,,217.32634291,0.0676,,G4 V,5698.64,0.949168,0.805682,4.391203,31.663400000000003
HD 37124 c,HD 37124,1.0,Radial Velocity,2002.0,W. M. Keck Observatory,1139.7,1.9194000000000002,,221.393427866,0.1882,,G4 V,5698.64,0.949168,0.805682,4.391203,31.663400000000003
HD 37124 d,HD 37124,1.0,Radial Velocity,2005.0,W. M. Keck Observatory,1975.0,2.9524999999999997,,215.32540005250002,0.20425000000000001,,G4 IV-V,5698.64,0.949168,0.805682,4.391203,31.6634
HD 37605 b,HD 37605,1.0,Radial Velocity,2004.0,McDonald Observatory,54.75101,0.27262000000000003,,819.4786,0.6965666666666667,,K0,5375.0,0.9299999999999999,0.9450000000000001,4.443104,46.78639999999999
HD 37605 c,HD 37605,1.0,Radial Velocity,2012.0,Multiple Observatories,2631.6666666666665,3.777,,1051.5786,0.014333333333333332,,K0,5388.5,0.9055,0.98,4.511,46.78639999999999
HD 3765 b,HD 3765,1.0,Radial Velocity,2021.0,Multiple Observatories,1211.0,2.108,,54.98431441,0.298,,,5049.8,0.83061,0.851785,4.527285,17.926
HD 38283 b,HD 38283,1.0,Radial Velocity,2010.0,Anglo-Australian Telescope,363.20000500000003,1.02,,117.59710000000001,0.41,,,5989.5,1.49,1.2275,4.19,38.0615
HD 38529 b,HD 38529,2.0,Radial Velocity,2000.0,Multiple Observatories,14.311254285714286,0.1287,,256.0794812971429,0.2592857142857143,,G4 IV,5552.368333333333,2.8370345,1.31425,3.7315226000000004,42.3538
HD 38529 c,HD 38529,2.0,Radial Velocity,2000.0,Multiple Observatories,2139.4632075,3.6290833333333334,,4270.39363089125,0.3476125,,G4 IV,5588.842,2.842712666666667,1.3134000000000001,3.63190325,42.3538
HD 38801 b,HD 38801,1.0,Radial Velocity,2009.0,Subaru Telescope,690.357998,1.6585999999999999,,3346.5945680000004,0.026639999999999997,,K0,5250.2,2.30725,1.28675,3.84675,91.4349
HD 39091 b,HD 39091,1.0,Radial Velocity,2001.0,Anglo-Australian Telescope,2092.3842788888887,3.2684285714285712,,3710.643381497777,0.6372777777777778,,G0 V,5981.666666666667,1.1175000000000002,1.0902500000000002,4.3986,18.2702
HD 39194 b,HD 39194,1.0,Radial Velocity,2021.0,La Silla Observatory,5.6368,0.056,,4.0,0.207,,K0 V,5205.0,,0.67,4.53,26.4131
HD 39194 c,HD 39194,1.0,Radial Velocity,2021.0,La Silla Observatory,14.03,0.103,,6.3,0.154,,K0 V,5205.0,,0.67,4.53,26.4131
HD 39194 d,HD 39194,1.0,Radial Velocity,2021.0,La Silla Observatory,33.91,0.185,,4.0,0.333,,K0 V,5205.0,,0.67,4.53,26.4131
HD 39855 b,HD 39855,1.0,Radial Velocity,2019.0,Las Campanas Observatory,3.2498,0.041,,8.5,0.14,,G8 V,5576.0,,0.87,,23.2599
HD 40307 b,HD 40307,1.0,Radial Velocity,2009.0,La Silla Observatory,4.311775,0.047274666666666666,,300.2015176475,0.18813333333333335,910.0,K2.5 V,4933.48,0.716684,0.7766666666666667,4.52168,12.9363
HD 40307 c,HD 40307,1.0,Radial Velocity,2009.0,La Silla Observatory,9.619349999999999,0.08074333333333333,,472.03580118750006,0.07359,696.0,K2.5 V,4933.48,0.716684,0.7766666666666667,4.52168,12.9363
HD 40307 d,HD 40307,1.0,Radial Velocity,2009.0,La Silla Observatory,20.43565,0.13339,,450.782370375,0.08642666666666667,541.0,K2.5 V,4933.48,0.716684,0.7766666666666667,4.52168,12.9363
HD 40307 f,HD 40307,1.0,Radial Velocity,2013.0,La Silla Observatory,51.698933333333336,0.24819999999999998,,4.676666666666667,0.1445833333333333,398.0,K2.5 V,4933.48,0.716684,0.7766666666666667,4.52168,12.936299999999997
HD 40307 g,HD 40307,1.0,Radial Velocity,2013.0,La Silla Observatory,197.07150000000001,0.60345,,7.1,0.25525,255.0,K2.5 V,4911.719999999999,0.716684,0.78,4.5475200000000005,12.9363
HD 40956 b,HD 40956,1.0,Radial Velocity,2017.0,Multiple Observatories,578.6,1.4,,858.141,0.24,,,4869.0,8.56,2.0,3.02,116.593
HD 40979 b,HD 40979,3.0,Radial Velocity,2002.0,Multiple Observatories,264.3749975,0.854475,,1295.9135116500001,0.2555,,F8 V,6135.6825,1.2273396666666667,1.2496765,4.363894999999999,34.0883
HD 41004 A b,HD 41004 A,2.0,Radial Velocity,2004.0,La Silla Observatory,963.0,,,807.25,0.74,,,,,,,36.69117
HD 41004 B b,HD 41004 B,2.0,Radial Velocity,2003.0,La Silla Observatory,1.3282495,,,5881.195,0.07300000000000001,,M2 V,,,0.4,,41.5504
HD 4113 b,HD 4113,3.0,Radial Velocity,2007.0,La Silla Observatory,526.5766333333333,1.286,,515.4042950433333,0.9006333333333334,,G5,5688.0,,1.008,4.4,41.8727
HD 42012 b,HD 42012,1.0,Radial Velocity,2017.0,Haute-Provence Observatory,857.5,1.67,,508.528,0.2,,K0,5405.0,0.82,0.83,4.45,36.7984
HD 4203 b,HD 4203,1.0,Radial Velocity,2001.0,W. M. Keck Observatory,428.79799999999994,1.1568999999999998,,606.54045151,0.5204000000000001,,,5626.265,1.471813,1.1443015,4.205004,81.3795
HD 4203 c,HD 4203,1.0,Radial Velocity,2014.0,W. M. Keck Observatory,7051.0,7.375,,673.7878102533333,0.204,,,5603.530000000001,1.4977195,1.0857353333333333,4.114508,81.3795
HD 4208 b,HD 4208,1.0,Radial Velocity,2001.0,W. M. Keck Observatory,829.494,1.6591999999999998,,254.57452036,0.0486,,,5653.9525,0.9004660000000001,0.8843333333333333,4.4745855,34.1937
HD 42618 b,HD 42618,1.0,Radial Velocity,2016.0,Multiple Observatories,149.05,0.54385,,14.796098924999999,0.23,337.0,G4 V,5721.825,0.9940305,0.9674434999999999,4.4246505,24.3358
HD 42813 b,HD 42813,1.0,Transit,2023.0,Transiting Exoplanet Survey Satellite (TESS),13.630827125,0.10925,3.419083295,7.6,0.0,737.8475,,5285.25,0.9813000000000001,0.9205,4.401666666666666,68.192
HD 4308 b,HD 4308,1.0,Radial Velocity,2005.0,La Silla Observatory,15.56,0.1175,,14.9695,0.0,,,5685.5,1.02,0.88,4.4399999999999995,22.0158
HD 4313 b,HD 4313,1.0,Radial Velocity,2009.0,W. M. Keck Observatory,356.07,1.159,,764.5827033333334,0.076,,,4994.333333333333,4.983333333333333,1.6749999999999998,3.3633333333333333,136.308
HD 43197 b,HD 43197,1.0,Radial Velocity,2010.0,La Silla Observatory,318.36036,0.901,,183.22455453499998,0.786,,G8 V,5508.0,1.0,0.96,4.31,62.4112
HD 43197 c,HD 43197,1.0,Radial Velocity,2022.0,Multiple Observatories,9295.9735,8.54,,2500.67390628,0.149,,,,,0.96,,62.4112
HD 43691 b,HD 43691,3.0,Radial Velocity,2007.0,Haute-Provence Observatory,36.97935,0.239,,800.9132500000001,0.10980000000000001,,G0,6146.5,1.6,1.35,4.28,85.6009
HD 44219 b,HD 44219,1.0,Radial Velocity,2010.0,La Silla Observatory,472.15,1.225,,184.33523803,0.51,,G2 V,5752.0,1.32,1.1,4.21,52.9051
HD 45184 b,HD 45184,1.0,Radial Velocity,2019.0,La Silla Observatory,5.8856,0.06425,,12.05428263,0.125,,G1.5 V,5844.5650000000005,1.075139,1.022452,4.424751,21.9532
HD 45184 c,HD 45184,1.0,Radial Velocity,2019.0,La Silla Observatory,13.13805,0.10975,,9.8716486,0.275,,G1.5 V,5844.5650000000005,1.075139,1.022452,4.424751,21.9532
HD 45350 b,HD 45350,1.0,Radial Velocity,2004.0,W. M. Keck Observatory,948.6625,1.892,,509.3863822875,0.779,,G5 V,5596.593333333333,1.261192,1.0066666666666666,4.267747666666667,46.8733
HD 45364 b,HD 45364,1.0,Radial Velocity,2008.0,La Silla Observatory,226.36,0.6803,,59.830108725,0.1177,,K0 V,5450.0,0.89,0.82,4.38,34.354
HD 45364 c,HD 45364,1.0,Radial Velocity,2008.0,La Silla Observatory,344.14,0.8996,,191.78964772,0.0582,,K0 V,5450.0,0.89,0.82,4.38,34.354
HD 45652 b,HD 45652,1.0,Radial Velocity,2008.0,Haute-Provence Observatory,43.757666666666665,0.23233333333333336,,132.95363,0.45566666666666666,,G8-K0,5279.333333333333,0.95,0.875,4.26,34.8541
HD 457 b,HD 457,1.0,Radial Velocity,2022.0,Multiple Observatories,20324.58153,15.369,,8445.3364308,0.565,,,,,1.15,,55.0375
HD 46375 b,HD 46375,2.0,Radial Velocity,2000.0,W. M. Keck Observatory,3.0236893333333335,0.04026,,74.30663901,0.05533333333333334,,K1 IV-V,5274.6900000000005,0.914196,0.9264155000000001,4.5091605,29.552900000000005
HD 47186 b,HD 47186,1.0,Radial Velocity,2008.0,La Silla Observatory,4.0845,0.05,,22.51405,0.039,,,5657.0,1.08,0.96,4.36,37.4574
HD 47186 c,HD 47186,1.0,Radial Velocity,2008.0,La Silla Observatory,1353.6,2.395,,111.42,0.249,,,,,,,37.4574
HD 4732 b,HD 4732,2.0,Radial Velocity,2012.0,Multiple Observatories,365.97,1.1595,,692.21860815,0.198,,K0 IV,4928.5,5.215,1.565,3.165,54.7841
HD 4732 c,HD 4732,2.0,Radial Velocity,2012.0,Multiple Observatories,2958.1,4.6625,,911.361294775,0.20850000000000002,,K0 IV,4928.5,5.215,1.565,3.165,54.7841
HD 47366 b,HD 47366,1.0,Radial Velocity,2016.0,Okayama Astrophysical Observatory,360.8433333333333,1.2336666666666667,,649.6434144566666,0.07333333333333332,,K1 III,4882.0,7.3,1.81,3.0133333333333336,84.3552
HD 47366 c,HD 47366,1.0,Radial Velocity,2016.0,Okayama Astrophysical Observatory,681.6933333333333,1.8876666666666668,,557.4730118166667,0.17966666666666667,,K1 III,4882.0,7.3,1.81,3.0133333333333336,84.3552
HD 47536 b,HD 47536,1.0,Radial Velocity,2002.0,La Silla Observatory,573.515,1.525,,1800.6599999999999,0.25,,K1 III,4380.0,23.47,1.54,,122.536
HD 4760 b,HD 4760,1.0,Radial Velocity,2021.0,Multiple Observatories,434.0,1.14,,4417.837,0.23,,,4076.0,42.4,1.05,1.62,537.873
HD 48265 b,HD 48265,1.0,Radial Velocity,2008.0,Las Campanas Observatory,773.6033333333334,1.7413333333333334,,443.96695,0.17699999999999996,,G5 IV/V,5691.5,1.9754999999999998,1.296,3.9450000000000003,90.5446
HD 48948 b,HD 48948,1.0,Radial Velocity,2024.0,Roque de los Muchachos Observatory,7.34013,0.0652,,4.88,0.055,957.0,K3 V,4593.0,0.679,0.686,4.61,16.9043
HD 48948 c,HD 48948,1.0,Radial Velocity,2024.0,Roque de los Muchachos Observatory,38.06,0.1951,,7.27,0.55,553.0,K3 V,4593.0,0.679,0.686,4.61,16.9043
HD 48948 d,HD 48948,1.0,Radial Velocity,2024.0,Roque de los Muchachos Observatory,151.92,0.4894,,10.59,0.055,349.0,K3 V,4593.0,0.679,0.686,4.61,16.9043
HD 4917 b,HD 4917,1.0,Radial Velocity,2018.0,W. M. Keck Observatory,400.5,1.167,,513.29545,0.066,,,4802.0,5.01,1.32,2.97,204.277
HD 49674 b,HD 49674,1.0,Radial Velocity,2002.0,W. M. Keck Observatory,4.946736,0.05816,,35.278096792,0.10539999999999998,,G5 V,5618.8575,1.0354576666666666,1.0150000000000001,4.455832,43.0399
HD 50499 b,HD 50499,1.0,Radial Velocity,2005.0,W. M. Keck Observatory,2465.7,3.8672500000000003,,476.86784316399996,0.28959999999999997,,G1 V,6059.7,1.4013179999999998,1.2620613333333333,4.296448,46.2845
HD 50499 c,HD 50499,1.0,Radial Velocity,2019.0,La Silla Observatory,9509.95,9.559999999999999,,970.96811713,0.1205,,G1 V,6038.55,1.426477,1.281592,4.321172,46.2845
HD 50554 b,HD 50554,1.0,Radial Velocity,2002.0,Lick Observatory,1254.5666666666666,2.3174,,1512.7194252333331,0.4828333333333334,,F8 V,5964.2266666666665,1.09794675,1.0516666666666667,4.396393,31.1664
HD 51608 b,HD 51608,1.0,Radial Velocity,2019.0,La Silla Observatory,14.0726,0.1059,,12.77,0.09,,G7 V,5358.0,,0.8,4.36,35.0553
HD 51608 c,HD 51608,1.0,Radial Velocity,2019.0,La Silla Observatory,95.9446,0.3809,,14.31,0.14,,G7 V,5358.0,,0.8,4.36,35.0553
HD 52265 b,HD 52265,1.0,Radial Velocity,2000.0,W. M. Keck Observatory,119.27883333333334,0.5033333333333333,,357.40182916000003,0.2946666666666667,405.0,,6089.288,1.3502205,1.1998834999999999,4.2944756,29.9803
HD 5278 b,HD 5278,1.0,Transit,2021.0,Transiting Exoplanet Survey Satellite (TESS),14.3391625,0.1202,2.45,7.8,0.08,943.0,F V,6203.0,1.194,1.126,4.5,57.5846
HD 5278 c,HD 5278,1.0,Radial Velocity,2021.0,Paranal Observatory,40.87,0.2416,,18.4,0.07,,F V,6203.0,1.194,1.126,4.5,57.5846
HD 5319 b,HD 5319,1.0,Radial Velocity,2007.0,W. M. Keck Observatory,646.46,1.64594,,541.9535159999999,0.0534,,G5,4930.4,4.04,1.4066666666666665,3.4074999999999998,121.405
HD 5319 c,HD 5319,1.0,Radial Velocity,2014.0,W. M. Keck Observatory,878.4,1.9803333333333333,,341.45053,0.14733333333333334,,G5,4900.0,4.06,1.27,3.355,121.40500000000002
HD 55696 b,HD 55696,1.0,Radial Velocity,2018.0,W. M. Keck Observatory,1766.5,3.1100000000000003,,1293.564698945,0.6930000000000001,,G0 V,6012.0,1.52,1.29,4.15,77.9693
HD 5583 b,HD 5583,1.0,Radial Velocity,2016.0,Roque de los Muchachos Observatory,139.35,0.53,,1837.0574,0.076,,,4830.0,9.09,1.01,2.53,219.216
HD 5608 b,HD 5608,2.0,Radial Velocity,2012.0,Okayama Astrophysical Observatory,783.449995,1.9129999999999998,,465.295461876,0.1365,,K0 IV,4866.75,5.3566666666666665,1.52525,3.176,58.1105
HD 564 b,HD 564,1.0,Radial Velocity,2014.0,La Silla Observatory,492.3,1.2,,104.88,0.096,,G2/G3 V,5902.0,1.01,0.961,4.53,51.1659
HD 56414 b,HD 56414,1.0,Transit,2022.0,Transiting Exoplanet Survey Satellite (TESS),29.04992,0.229,3.71,,0.68,1133.0,,8500.0,1.751,1.89,,272.217
HD 56957 b,HD 56957,1.0,Radial Velocity,2022.0,Multiple Observatories,5859.08992,6.426,,1880.90851263,0.273,,,,,1.03,,61.4925
HD 5891 b,HD 5891,1.0,Radial Velocity,2011.0,W. M. Keck Observatory,177.11,0.7,,2420.22145,0.068,,,4790.0,9.67,1.92,2.785,283.502
HD 59686 A b,HD 59686 A,2.0,Radial Velocity,2016.0,Lick Observatory,299.36,1.086,,2199.3836,0.05,,K2 III,4658.0,13.2,1.9,2.49,89.2721
HD 60292 b,HD 60292,1.0,Radial Velocity,2020.0,Bohyunsan Optical Astronomical Observatory,495.4,1.5,,2065.895,0.27,,K0 III,4348.0,27.0,1.7,1.9,315.211
HD 60532 b,HD 60532,1.0,Radial Velocity,2008.0,La Silla Observatory,201.60000000000002,0.7645,,332.1249,0.27,,F6 IV,6170.0,2.57,1.47,3.815,25.9716
HD 60532 c,HD 60532,1.0,Radial Velocity,2008.0,La Silla Observatory,602.05,1.59,,789.79165,0.025,,F6 IV,6170.0,2.57,1.47,3.815,25.9716
HD 6061 b,HD 6061,2.0,Transit,2023.0,Transiting Exoplanet Survey Satellite (TESS),5.2546835000000005,0.0595,2.4388177850000003,10.4,0.0,1134.655,,5927.0,1.0072,1.01345,4.441,67.6203
HD 62364 b,HD 62364,1.0,Radial Velocity,2022.0,Multiple Observatories,9608.260493999998,8.8274,,5745.066284932,0.6552399999999999,,F7 V,6255.0,1.401,1.1823333333333332,4.215,53.112
HD 62364 c,HD 62364,1.0,Radial Velocity,2022.0,Multiple Observatories,74839.94555,36.984,,7923.46218651,0.773,,,,,1.19,,53.112
HD 62509 b,HD 62509,1.0,Radial Velocity,2006.0,Multiple Observatories,591.98,1.65,,831.4928,0.030333333333333334,,,4875.3150000000005,8.9,1.7149999999999999,2.78,
HD 62549 b,HD 62549,1.0,Radial Velocity,2022.0,Multiple Observatories,14306.88519,11.842,,2707.58019923,0.15,,,,,1.08,,49.3305
HD 63433 b,HD 63433,1.0,Transit,2020.0,Transiting Exoplanet Survey Satellite (TESS),7.107913633333333,0.07176666666666666,2.1413789825,29.527499999999996,0.08,926.7750000000001,G5 V,5632.5,0.9164833333333333,0.98405,4.529333333333333,22.403499999999998
HD 63433 c,HD 63433,1.0,Transit,2020.0,Transiting Exoplanet Survey Satellite (TESS),20.544294299999997,0.14553333333333332,2.635058202,16.3695,0.06999999999999999,650.615,G5 V,5643.571428571428,0.9164833333333333,0.9854714285714286,4.547,22.4035
HD 63433 d,HD 63433,1.0,Transit,2023.0,Transiting Exoplanet Survey Satellite (TESS),4.209075,0.0503,1.073,,0.16,1040.0,G5 V,5688.0,0.912,0.99,4.52,22.4035
HD 63454 b,HD 63454,1.0,Radial Velocity,2005.0,La Silla Observatory,2.8179736666666666,0.0376,12.31,108.48583333333333,0.0,,K4 V,4831.0,0.91,0.6866666666666666,4.2700000000000005,37.6894
HD 63765 b,HD 63765,1.0,Radial Velocity,2009.0,La Silla Observatory,358.0,0.94,,185.92495000000002,0.24,,G9 V,5440.5,0.83,0.7575000000000001,4.415,32.5376
HD 63935 b,HD 63935,1.0,Transit,2021.0,Transiting Exoplanet Survey Satellite (TESS),9.058809,0.083,2.9528762200000003,10.65,0.0,868.11,,5523.5,0.9594,0.9368000000000001,4.4125,48.9739
HD 63935 c,HD 63935,1.0,Radial Velocity,2021.0,Multiple Observatories,21.4025,0.148,2.98225648,11.1,0.0,651.7950000000001,,5523.5,0.9594,0.9368000000000001,4.4125,48.9739
HD 64114 b,HD 64114,1.0,Radial Velocity,2019.0,Las Campanas Observatory,45.791,0.246,,17.8,0.12,,G7 V,5676.0,,0.95,,31.5262
HD 64121 b,HD 64121,1.0,Radial Velocity,2022.0,La Silla Observatory,623.0,1.51,,813.64072192,0.11,,G8/K0 III,5078.0,5.44,1.64,3.19,129.966
HD 6434 b,HD 6434,1.0,Radial Velocity,2003.0,La Silla Observatory,22.004333333333335,0.1426666666666667,,139.84396666666666,0.162,,,5764.666666666667,1.13,0.9950000000000001,4.423333333333333,42.358
HD 65216 b,HD 65216,3.0,Radial Velocity,2003.0,La Silla Observatory,594.049995,1.33525,,392.9133875,0.27249999999999996,,G5 V,5636.61,0.8833219999999999,0.8913333333333333,4.5006425000000005,35.1205
HD 65216 c,HD 65216,3.0,Radial Velocity,2013.0,La Silla Observatory,2761.3,3.145,,349.61244999999997,0.095,,,5617.719999999999,0.886644,0.937,4.491285,35.1205
HD 66141 b,HD 66141,1.0,Radial Velocity,2012.0,Bohyunsan Optical Astronomical Observatory,480.5,1.2,,1906.9,0.07,,K2 III,4323.0,21.4,1.1,1.78,68.1509
HD 66428 b,HD 66428,1.0,Radial Velocity,2005.0,W. M. Keck Observatory,2203.5171575,3.380857142857143,,1289.3379141175,0.45287499999999997,,,5711.5199999999995,1.143765,1.060915,4.3636526,53.2817
HD 66428 c,HD 66428,1.0,Radial Velocity,2021.0,Multiple Observatories,25159.614790000003,16.802666666666667,,5335.703296716667,0.25566666666666665,,,5647.6,1.169119,1.0302875,4.322943,53.2817
HD 67087 b,HD 67087,1.0,Radial Velocity,2015.0,Multiple Observatories,352.2,1.08,,973.0,0.17,,F8 V,6330.0,1.55,1.36,4.19,76.5217
HD 67087 c,HD 67087,1.0,Radial Velocity,2015.0,Multiple Observatories,2374.0,3.86,,1540.0,0.76,,F8 V,6330.0,1.55,1.36,4.19,76.5217
HD 68402 b,HD 68402,1.0,Radial Velocity,2016.0,Multiple Observatories,1126.5,2.2095000000000002,,1743.29125765,0.1275,,G5 IV/V,5950.0,1.02,1.12,4.42,78.4293
HD 6860 b,HD 6860,1.0,Radial Velocity,2023.0,Bohyunsan Optical Astronomical Observatory,663.87,2.03,,8981.83078182,0.28,,M0 III,3802.0,86.4,2.49,0.541,61.12469
HD 68988 b,HD 68988,1.0,Radial Velocity,2001.0,Multiple Observatories,6.27661112,0.07052,,611.24125792,0.13926,,G2 V,5925.136666666666,1.2228664999999999,1.2085329999999999,4.374078,60.8447
HD 68988 c,HD 68988,1.0,Radial Velocity,2021.0,Multiple Observatories,14950.0,12.649999999999999,,4772.193531105,0.4245,,,5883.41,1.255733,1.1863325,4.309234,60.8447
HD 69123 b,HD 69123,1.0,Radial Velocity,2022.0,La Silla Observatory,1192.15,2.481,,974.1440674549999,0.20700000000000002,,K 1III,4842.0,7.72,1.68,2.86,75.116
HD 69830 b,HD 69830,1.0,Radial Velocity,2006.0,La Silla Observatory,8.668225,0.07894999999999999,,10.232928775,0.10600000000000001,,,5402.79,0.886947,0.8748935,4.490299,12.5591
HD 69830 c,HD 69830,1.0,Radial Velocity,2006.0,La Silla Observatory,31.5865,0.1871,,10.826340309999999,0.122,,,5402.79,0.886947,0.8748935,4.490299,12.5591
HD 69830 d,HD 69830,1.0,Radial Velocity,2006.0,La Silla Observatory,198.805,0.6375,,16.089899215000003,0.085,,,5402.79,0.886947,0.8748935,4.490299,12.5591
HD 70573 b,HD 70573,1.0,Radial Velocity,2007.0,La Silla Observatory,851.8,1.76,,1900.0,0.4,,G1-1.5 V,5737.0,,1.0,4.59,59.182
HD 70642 b,HD 70642,1.0,Radial Velocity,2003.0,Anglo-Australian Telescope,2118.5080000000003,3.2646,,745.3902954600001,0.0758,,G5,5701.0,1.002,1.0515,4.437,29.276
HD 7199 b,HD 7199,1.0,Radial Velocity,2011.0,La Silla Observatory,615.0,1.36,,1272.3720533833332,0.19,,,5378.5,0.965,0.8300000000000001,4.345,36.1531
HD 72490 b,HD 72490,1.0,Radial Velocity,2018.0,W. M. Keck Observatory,858.0,1.88,,561.92344,0.124,,,4934.0,4.96,1.21,3.21,126.339
HD 72659 b,HD 72659,1.0,Radial Velocity,2002.0,W. M. Keck Observatory,3424.939854,4.542,,981.0955346759999,0.24463,,G0 V,5919.245,1.42357,1.0660205714285715,4.1973462,51.89489999999999
HD 72659 c,HD 72659,1.0,Radial Velocity,2022.0,Multiple Observatories,35202.57366,21.819666666666667,,12311.189287946667,0.145,,G2 V,5929.0,1.36,1.0615,4.23,51.8949
HD 72892 b,HD 72892,1.0,Radial Velocity,2016.0,Multiple Observatories,39.460515,0.228,,1735.02961474,0.421,,G5 V,5688.0,1.22,1.0150000000000001,4.27,69.7311
HD 73256 c,HD 73256,1.0,Radial Velocity,2023.0,La Silla Observatory,2690.0,3.8,,5085.254512,0.16,,G8 IV,,,1.0,,36.708
HD 73267 b,HD 73267,1.0,Radial Velocity,2008.0,La Silla Observatory,1255.1378975,2.20225,,1185.2151746275,0.252375,,G5 V,5340.333333333333,0.9745,0.90175,4.3356666666666674,50.4093
HD 73267 c,HD 73267,1.0,Radial Velocity,2022.0,Multiple Observatories,15485.890225,11.844000000000001,,1514.61127356,0.1115,,K0 V,5317.0,,0.91,4.28,50.4093
HD 73344 b,HD 73344,1.0,Transit,2024.0,K2,15.609475333333334,0.1303,2.942,11.455,0.015,911.0,F6 V,6286.866666666666,1.22,1.1949999999999998,4.332,35.26
HD 73344 c,HD 73344,1.0,Radial Velocity,2025.0,Multiple Observatories,65.94,0.3388,,118.54999581,0.124,,,6148.0,1.22,1.19,4.36,35.26
HD 73344 d,HD 73344,1.0,Radial Velocity,2025.0,Multiple Observatories,5823.0,6.7,,810.46243785,0.18,,,6148.0,1.22,1.19,4.36,35.26
HD 73526 b,HD 73526,1.0,Radial Velocity,2002.0,Anglo-Australian Telescope,189.23333333333335,0.6533333333333333,,882.4988,0.2733333333333334,,,5601.0,1.53,1.095,4.12,97.2396
HD 73526 c,HD 73526,1.0,Radial Velocity,2005.0,Anglo-Australian Telescope,379.1,1.03,,715.09,0.28,,,,,1.014,,97.2396
HD 73534 b,HD 73534,1.0,Radial Velocity,2008.0,W. M. Keck Observatory,1743.6,3.0067500000000003,,346.00357199999996,0.058399999999999994,,G5,4962.0,2.5966666666666667,1.1795,3.706666666666667,83.3321
HD 73583 b,HD 73583,1.0,Transit,2022.0,Transiting Exoplanet Survey Satellite (TESS),6.3980527,0.06411666666666667,2.706666666666667,13.05,0.192,703.9,K4 V,4534.666666666667,0.65,0.73,4.6209999999999996,31.566600000000005
HD 73583 c,HD 73583,1.0,Transit,2022.0,Transiting Exoplanet Survey Satellite (TESS),18.88012,0.12375,2.56,16.1,0.0865,507.9,K4,4546.5,0.65,0.716,4.6215,31.5666
HD 74156 b,HD 74156,1.0,Radial Velocity,2003.0,Haute-Provence Observatory,51.639361666666666,0.2889483333333333,,563.4951919916667,0.6367666666666666,,G0,6012.342,1.494948,1.1823325,4.2696195,57.603
HD 74156 c,HD 74156,1.0,Radial Velocity,2003.0,Haute-Provence Observatory,2408.7484075,3.7424285714285714,,2556.568760635,0.40931249999999997,,G0,6021.618333333333,1.494948,1.2008883333333333,4.2674956,57.603
HD 7449 b,HD 7449,2.0,Radial Velocity,2011.0,La Silla Observatory,1269.31039,2.3576,,779.440627764,0.8224,,,6031.9,1.01,1.152,4.500652499999999,38.662
HD 74698 b,HD 74698,1.0,Radial Velocity,2023.0,La Silla Observatory,15.017,0.121,,23.0,0.1,,G5 V,5783.0,1.333,1.039,4.12,52.0648
HD 74698 c,HD 74698,1.0,Radial Velocity,2023.0,La Silla Observatory,3449.0,4.5,,126.0,0.2,,G5 V,5783.0,1.333,1.039,4.12,52.0648
HD 75289 b,HD 75289,2.0,Radial Velocity,1999.0,La Silla Observatory,3.50908425,0.0478,,145.9634275,0.025500000000000002,1260.0,G0,6070.666666666667,1.23,1.2,4.3525,29.1158
HD 75302 b,HD 75302,1.0,Radial Velocity,2023.0,La Silla Observatory,4356.0,5.3,,1716.2733978,0.39,,G5 V,,,1.06,,30.3288
HD 75784 b,HD 75784,1.0,Radial Velocity,2014.0,W. M. Keck Observatory,341.4666666666667,1.046,,342.1921333333333,0.123,,G5,4883.666666666667,3.4,1.26,3.51,85.4321
HD 75784 c,HD 75784,1.0,Radial Velocity,2018.0,W. M. Keck Observatory,5606.0,6.6933333333333325,,1648.4782666666667,0.37166666666666665,,G5,4883.666666666667,3.4,1.26,3.51,85.4321
HD 75898 b,HD 75898,1.0,Radial Velocity,2007.0,W. M. Keck Observatory,420.5300025,1.193375,,831.9190094625,0.10375000000000001,,F8 V,6041.75,1.58,1.2783333333333333,4.236666666666667,78.0505
HD 75898 c,HD 75898,1.0,Radial Velocity,2024.0,Multiple Observatories,6717.0,7.39,,2698.36317543,0.08,,F8 V,6122.0,,1.295,4.34,78.0505
HD 76700 b,HD 76700,1.0,Radial Velocity,2002.0,Anglo-Australian Telescope,3.9709799999999995,0.05003333333333334,,67.80373333333334,0.06166666666666667,,,5656.0,1.37,0.995,4.2295,60.88309999999999
HD 76920 b,HD 76920,1.0,Radial Velocity,2017.0,Multiple Observatories,415.64549999999997,1.135,,1126.1740756333331,0.8671,,K1 III,4675.333333333333,8.33,1.13,2.766,184.03100000000003
HD 77338 b,HD 77338,1.0,Radial Velocity,2012.0,La Silla Observatory,5.7361,0.060700000000000004,,17.4849,0.09,,,5355.5,0.925,1.1500000000000001,4.6,45.935
HD 77946 b,HD 77946,1.0,Transit,2024.0,Transiting Exoplanet Survey Satellite (TESS),6.5273225,0.0725,2.80073062,9.64,0.222,1128.86,F5,6026.5,1.3136999999999999,1.18365,4.288,99.451
HD 79181 b,HD 79181,1.0,Radial Velocity,2021.0,Okayama Astrophysical Observatory,273.1,0.9,,203.41018048,0.259,,G8 III,4862.0,11.06,1.28,2.45,103.335
HD 7924 b,HD 7924,1.0,Radial Velocity,2008.0,W. M. Keck Observatory,5.3977466666666665,0.057397500000000004,,350.00751991166663,0.0674,825.9,K0 V,5138.026,0.782604,0.7972072,4.5552066,16.9922
HD 7924 c,HD 7924,1.0,Radial Velocity,2015.0,W. M. Keck Observatory,15.299866666666667,0.11275,,593.1239916433333,0.099,583.6,K0.5 V,5123.0650000000005,0.7809699999999999,0.817018,4.5724415,16.9922
HD 7924 d,HD 7924,1.0,Radial Velocity,2015.0,W. M. Keck Observatory,24.448966666666667,0.15415,,526.9025551833333,0.19,499.0,K0.5 V,5123.0650000000005,0.7809699999999999,0.817018,4.5724415,16.9922
HD 79498 b,HD 79498,2.0,Radial Velocity,2011.0,McDonald Observatory,1886.55,3.0549999999999997,,425.8961,0.5825,,G5,5744.0,1.05,1.07,4.37,48.9489
HD 80606 b,HD 80606,2.0,Radial Velocity,2001.0,Multiple Observatories,111.434494375,0.45562857142857144,11.405310416,1306.42963033875,0.9318742857142858,405.0,G5,5562.412857142857,1.046097,1.0121896666666668,4.3969492500000005,66.4711
HD 80653 b,HD 80653,1.0,Transit,2020.0,K2,0.7195810000000001,0.016605,1.613,5.66,0.0,2463.0,G2,6019.5,1.2213333333333332,1.18,4.339,109.86
HD 80869 b,HD 80869,1.0,Radial Velocity,2021.0,Haute-Provence Observatory,1725.2068900000002,2.8866666666666667,,1652.17800239,0.8856666666666667,203.2,G1 V,5837.0,1.062,1.0733333333333335,4.18,85.3951
HD 80883 b,HD 80883,1.0,Radial Velocity,2022.0,Multiple Observatories,6383.78352,6.462,,1748.0562385,0.203,,,,,0.88,,34.6011
HD 80913 b,HD 80913,1.0,Radial Velocity,2022.0,Multiple Observatories,10839.83341,9.95,,7505.2000029,0.313,,,,,1.11,,61.3603
HD 81040 b,HD 81040,1.0,Radial Velocity,2005.0,Multiple Observatories,977.9647583333334,1.9535,,2307.8617575450003,0.5058333333333334,,G2/G3,5727.5,0.885,1.01,4.52,34.4341
HD 81688 b,HD 81688,1.0,Radial Velocity,2007.0,Okayama Astrophysical Observatory,183.97500000000002,0.7060000000000001,,648.7627283933333,0.02,,K0 III-IV,4775.0,12.065000000000001,1.085,2.2965,85.7183
HD 81817 b,HD 81817,1.0,Radial Velocity,2020.0,Bohyunsan Optical Astronomical Observatory,1034.150795,3.2664999999999997,,8140.87840205,0.1335,,K3 III,4140.0,83.8,4.3,1.3,269.126
HD 81817 c,HD 81817,1.0,Radial Velocity,2022.0,Multiple Observatories,622.97802,2.325,,7185.78245386,0.095,,,,,4.3,,269.126
HD 82886 b,HD 82886,1.0,Radial Velocity,2011.0,W. M. Keck Observatory,705.0,1.615,,576.87195,0.068,,,5032.5,5.029999999999999,1.795,3.4,127.061
HD 82943 b,HD 82943,1.0,Radial Velocity,2003.0,La Silla Observatory,440.41999999999996,1.176612,,528.184023674,0.1812,,,5960.862,1.1880350000000002,1.08,4.359606250000001,27.5902
HD 82943 c,HD 82943,1.0,Radial Velocity,2003.0,La Silla Observatory,219.6014,0.74167,,570.273205672,0.39026,,,5960.862,1.1880350000000002,1.08,4.359606250000001,27.5902
HD 8326 b,HD 8326,1.0,Radial Velocity,2019.0,Las Campanas Observatory,158.991,0.533,,66.6,0.2,,K2 V,4914.0,,0.8,,30.6862
HD 83443 b,HD 83443,1.0,Radial Velocity,2002.0,Multiple Observatories,2.985641571428572,0.03985285714285714,,121.18237686714285,0.025857142857142856,,K0 V,5437.526666666667,0.98312,0.95,4.3934805,40.8991
HD 83443 c,HD 83443,1.0,Radial Velocity,2022.0,Multiple Observatories,8241.0,8.0,,476.7426105,0.76,,K0 V,5442.0,0.94,1.0,4.39,40.8991
HD 8535 b,HD 8535,2.0,Radial Velocity,2010.0,La Silla Observatory,1313.0,2.45,,216.1244,0.15,,G0 V,6136.0,1.19,1.13,4.46,55.4401
HD 85390 b,HD 85390,1.0,Radial Velocity,2009.0,La Silla Observatory,791.84,1.471,,36.142156666666665,0.43999999999999995,,,5178.666666666667,0.8,0.759,4.3933333333333335,33.5225
HD 8574 b,HD 8574,1.0,Radial Velocity,2002.0,Haute-Provence Observatory,227.1475,0.75925,,612.2927916900001,0.29774999999999996,,F8,6037.285,1.4053223333333333,1.1681955,4.212135,44.8264
HD 86065 b,HD 86065,1.0,Radial Velocity,2022.0,Multiple Observatories,25775.78859,15.947,,2877.30056857,0.219,,,,,0.81,,40.3661
HD 86081 b,HD 86081,2.0,Radial Velocity,2006.0,W. M. Keck Observatory,2.1376143666666665,0.0332,,489.45820000000003,0.009966666666666667,,F8,5978.5,1.46,1.21,4.27,103.93599999999999
HD 86226 b,HD 86226,1.0,Radial Velocity,2009.0,Las Campanas Observatory,1616.625,2.723333333333333,,264.584891805,0.244475,176.0,G2 V,5924.333333333333,1.0415,1.0330000000000001,4.390000000000001,45.683
HD 86226 c,HD 86226,1.0,Transit,2020.0,Transiting Exoplanet Survey Satellite (TESS),3.984507133333333,0.049,2.16,7.35,0.07063333333333333,1311.0,G1 V,5911.0,1.053,1.019,4.403333333333333,45.683
HD 86264 b,HD 86264,1.0,Radial Velocity,2009.0,Lick Observatory,1481.2637433333332,2.8320000000000003,,3083.78680732,0.7636666666666666,,F7 V,6210.0,1.88,1.3666666666666665,4.02,67.8107
HD 86728 b,HD 86728,1.0,Radial Velocity,2025.0,Multiple Observatories,31.1515,0.1916,,9.43,0.067,,,5610.0,1.237,0.967,4.25,14.9202
HD 8673 b,HD 8673,2.0,Radial Velocity,2009.0,Thueringer Landessternwarte Tautenburg,1639.345485,2.995,,4361.79536797,0.7264999999999999,,,6389.05,1.50225,1.28,4.19179,37.8619
HD 86950 b,HD 86950,1.0,Radial Velocity,2016.0,Multiple Observatories,1270.0,2.72,,1144.188,0.17,,K1 III,4805.0,8.8,1.66,2.66,209.839
HD 87646 b,HD 87646,3.0,Radial Velocity,2016.0,Apache Point Observatory,13.481,0.117,,3941.092,0.05,,G,5770.0,1.55,1.12,4.1,73.58352
HD 87816 b,HD 87816,1.0,Radial Velocity,2025.0,La Silla Observatory,484.17,1.618,,2142.16346318,0.78,,K0 III,4989.0,9.0,2.41,2.86,133.233
HD 87816 c,HD 87816,1.0,Radial Velocity,2025.0,La Silla Observatory,7596.0,10.14,,3877.5065654,0.19,,K0 III,4989.0,9.0,2.41,2.86,133.233
HD 87883 b,HD 87883,1.0,Radial Velocity,2009.0,Lick Observatory,3025.244236,3.8153999999999995,,2030.4476595783333,0.63982,,K0,4961.47,0.7942785,0.8139415,4.532873333333334,18.2912
HD 88072 b,HD 88072,1.0,Radial Velocity,2022.0,Multiple Observatories,18538.79293,13.895,,2511.79790052,0.156,,,,,1.04,,35.9098
HD 88133 b,HD 88133,1.0,Radial Velocity,2004.0,W. M. Keck Observatory,3.4152297333333332,0.04765166666666667,,131.13136083333333,0.07566666666666667,,G5,5418.666666666667,2.0458075,1.226,3.9532200000000004,73.6123
HD 88986 b,HD 88986,1.0,Radial Velocity,2023.0,Haute-Provence Observatory,146.05,0.58,2.49,17.2,0.24,460.0,G2 V,5861.0,1.543,1.25,4.16,33.2673
HD 89307 b,HD 89307,1.0,Radial Velocity,2009.0,Lick Observatory,2301.5,3.4123666666666668,,667.10401369,0.1875,,G0 V,5943.428,1.0808,1.0826666666666667,4.421682499999999,32.0104
HD 89345 b,HD 89345,1.0,Transit,2018.0,K2,11.81428188,0.1077,7.173790666666666,36.37291,0.2102,1070.0,G5,5539.0,1.6902000000000001,1.1323333333333334,4.046749999999999,132.345
HD 89744 b,HD 89744,2.0,Radial Velocity,1999.0,Fred Lawrence Whipple Observatory,256.78,0.915,,2617.7868333333336,0.6796666666666668,,F7 V,6277.053333333333,2.13257,1.709,3.96652,38.6364
HD 89839 b,HD 89839,1.0,Radial Velocity,2023.0,Multiple Facilities,3420.3333333333335,4.823666666666667,,1664.3614246566667,0.24033333333333337,,F7 V,6314.0,,1.27,4.49,57.3063
HD 90156 b,HD 90156,1.0,Radial Velocity,2009.0,La Silla Observatory,49.6895,0.25045,,14.885716949999999,0.235,,,5614.3099999999995,0.920286,0.847977,4.459786,21.9496
HD 9174 b,HD 9174,1.0,Radial Velocity,2016.0,Multiple Observatories,1179.0,2.2,,352.7913,0.12,,G8 IV,5577.0,1.67,1.03,4.03,81.4893
HD 92788 b,HD 92788,1.0,Radial Velocity,2000.0,Multiple Observatories,325.7896666666667,0.9583333333333334,,1148.95451544,0.33936666666666665,,G5 V,5750.541666666667,1.125,1.0964375,4.398003500000001,34.6538
HD 92788 c,HD 92788,1.0,Radial Velocity,2019.0,La Silla Observatory,9985.64875,9.379999999999999,,1029.766961835,0.4075,,G6 V,5723.125,1.1509775,1.1128749999999998,4.3640105,34.6538
HD 93083 b,HD 93083,1.0,Radial Velocity,2005.0,La Silla Observatory,143.58,0.477,,117.59,0.14,,K3 V,4995.0,,0.7,4.26,28.5159
HD 93351 b,HD 93351,1.0,Radial Velocity,2022.0,Multiple Observatories,2.45946,0.035,,3.49611248,0.549,,,,,0.94,,56.163
HD 93351 c,HD 93351,1.0,Radial Velocity,2022.0,Multiple Observatories,14010.2941,11.154,,4154.01727949,0.109,,,,,0.94,,56.163
HD 93385 b,HD 93385,1.0,Radial Velocity,2021.0,La Silla Observatory,7.3426,0.0756,,4.2,0.295,,G2/G3 V,5977.0,,1.04,4.42,43.3475
HD 93385 c,HD 93385,1.0,Radial Velocity,2021.0,La Silla Observatory,13.18,0.112,,7.1,0.2,,G2/G3 V,5977.0,,1.04,4.42,43.3475
HD 93385 d,HD 93385,1.0,Radial Velocity,2021.0,La Silla Observatory,45.85,0.2565,,8.7,0.09,,G2/G3 V,5977.0,,1.04,4.42,43.3475
HD 93963 A b,HD 93963 A,2.0,Transit,2022.0,Transiting Exoplanet Survey Satellite (TESS),1.0381190666666666,0.02073,1.43651456,4.97,0.0,1942.115,G0 V,5960.666666666667,1.0347,1.0872000000000002,4.4783333333333335,82.3432
HD 93963 A c,HD 93963 A,2.0,Transit,2022.0,Transiting Exoplanet Survey Satellite (TESS),3.64513935,0.047695,3.173880285,18.799999999999997,0.0,1278.225,G0 V,5947.5,1.0370499999999998,1.0967,4.4675,82.3432
HD 9446 b,HD 9446,1.0,Radial Velocity,2009.0,Haute-Provence Observatory,30.052,0.189,,222.472,0.2,,G5 V,5793.0,1.0,1.0,4.53,50.3503
HD 9446 c,HD 9446,1.0,Radial Velocity,2009.0,Haute-Provence Observatory,192.9,0.654,,578.426,0.06,,G5 V,5793.0,1.0,1.0,4.53,50.3503
HD 94771 b,HD 94771,1.0,Radial Velocity,2023.0,La Silla Observatory,2164.0,3.48,,169.0,0.39,,G3/G5 V,5631.0,1.903,1.2,3.94,57.7807
HD 94834 b,HD 94834,1.0,Radial Velocity,2018.0,W. M. Keck Observatory,1576.0,2.74,,400.4658,0.14,,,4798.0,4.2,1.11,3.22,98.1609
HD 94890 b,HD 94890,1.0,Radial Velocity,2025.0,La Silla Observatory,824.61,2.07,,676.97450691,0.22,,K0 III,4867.0,10.71,1.74,2.6,61.7012
HD 94890 c,HD 94890,1.0,Radial Velocity,2025.0,La Silla Observatory,2492.19,4.33,,2831.85110637,0.05,,K0 III,4867.0,10.71,1.74,2.6,61.7012
HD 95086 b,HD 95086,1.0,Imaging,2013.0,Paranal Observatory,,55.85,,1728.9329060799998,,1008.0,A8 III,7595.0,1.48667,1.685,4.34161,86.2279
HD 95089 b,HD 95089,1.0,Radial Velocity,2009.0,W. M. Keck Observatory,485.7,1.435,,390.9229,0.138,,,4960.0,4.99,1.56,3.3200000000000003,136.957
HD 95089 c,HD 95089,1.0,Radial Velocity,2018.0,W. M. Keck Observatory,1822.5,3.33,,1179.1493,0.289,,,4918.0,5.08,1.46,3.24,136.957
HD 95127 b,HD 95127,1.0,Radial Velocity,2015.0,McDonald Observatory,482.0,1.28,,2485.39645,0.11,,K0,4218.0,30.505,2.45,1.78,676.579
HD 95338 b,HD 95338,1.0,Radial Velocity,2020.0,Las Campanas Observatory,55.084846999999996,0.262,4.08087127,42.44,0.197,385.0,K0.5 V,5154.5,0.869,0.839,4.49,36.9941
HD 95544 b,HD 95544,1.0,Radial Velocity,2021.0,Haute-Provence Observatory,2127.847173333333,3.311666666666667,,2182.52767087,0.043000000000000003,156.5,G0,5722.0,1.088,1.0633333333333335,4.07,87.80490000000002
HD 95735 c,GJ 411,1.0,Radial Velocity,2021.0,Multiple Observatories,3068.0,3.02,,15.82632676,0.136,,,3719.475,0.3687915,0.390873,4.89502,5.675773
HD 95872 b,HD 95872,1.0,Radial Velocity,2015.0,Multiple Facilities,4375.0,5.175000000000001,,1325.3510999999999,0.06,,K0 V,5312.0,0.84,0.825,4.43,72.2195
HD 96063 b,HD 96063,1.0,Radial Velocity,2011.0,W. M. Keck Observatory,361.8,1.05,,344.82205,0.1,,,5084.0,4.625,1.195,3.465,140.065
HD 96127 b,HD 96127,1.0,Radial Velocity,2011.0,McDonald Observatory,647.299995,1.41,,3966.5184,0.3,,K2 III,4047.5,43.05,5.925,2.06,587.659
HD 96167 b,HD 96167,2.0,Radial Velocity,2009.0,W. M. Keck Observatory,498.4849975,1.3285,,230.9829525,0.6965,,G5,5760.75,1.9133333333333333,1.2833333333333334,4.04,85.3006
HD 96700 b,HD 96700,1.0,Radial Velocity,2021.0,La Silla Observatory,8.1245,0.0777,,8.9,0.138,,G0 V,5845.0,,0.89,4.39,25.4111
HD 96700 c,HD 96700,1.0,Radial Velocity,2021.0,La Silla Observatory,19.88,0.141,,3.5,0.293,,G0 V,5845.0,,0.89,4.39,25.4111
HD 96700 d,HD 96700,1.0,Radial Velocity,2021.0,La Silla Observatory,103.5,0.424,,12.7,0.27,,G0 V,5845.0,,0.89,4.39,25.4111
HD 96992 b,HD 96992,1.0,Radial Velocity,2021.0,Multiple Observatories,514.0,1.24,,362.3262,0.41,,,4725.0,7.43,0.96,2.76,396.082
HD 97037 b,HD 97037,1.0,Radial Velocity,2022.0,Multiple Observatories,6449.08337,6.925,,6707.76852973,0.357,,,,,1.06,,32.413
HD 97048 b,HD 97048,1.0,Disk Kinematics,2019.0,Atacama Large Millimeter Array (ALMA),,130.0,,794.575,,,Be9.5/AO,10000.0,2.25,2.4,,183.857
HD 97658 b,HD 97658,1.0,Radial Velocity,2010.0,W. M. Keck Observatory,9.490846600000001,0.0808,2.2654725,8.129459811428571,0.074,754.0,K1,5166.671111111111,0.7332493999999999,0.7903546,4.592906444444444,21.5618
HD 98219 b,HD 98219,1.0,Radial Velocity,2011.0,W. M. Keck Observatory,435.8666633333333,1.27,,631.84804,0.06366666666666666,,,4954.333333333333,4.55,1.41,3.453333333333333,113.704
HD 98649 b,HD 98649,1.0,Radial Velocity,2012.0,La Silla Observatory,5513.8192,6.109249999999999,,2516.87756725,0.85075,,G3/G5 V,5774.5,1.005,0.9966666666666667,4.445,42.1727
HD 98736 b,HD 98736,2.0,Radial Velocity,2018.0,W. M. Keck Observatory,968.8,1.864,,740.5439,0.226,,,5271.0,0.93,0.92,,32.4459
HD 99109 b,HD 99109,1.0,Radial Velocity,2005.0,W. M. Keck Observatory,439.8666633333333,1.1123333333333334,,149.99862164,0.08,,,5292.636666666666,0.983152,0.8863893333333334,4.404589333333333,54.7901
HD 99283 b,HD 99283,1.0,Radial Velocity,2021.0,Okayama Astrophysical Observatory,310.4,1.08,,308.29355479,0.2,,K0 III,4886.0,11.21,1.76,2.57,111.093
HD 99492 b,HD 99492,2.0,Radial Velocity,2004.0,W. M. Keck Observatory,17.047428571428572,0.12169333333333333,,28.20471414714286,0.12471428571428571,,K2 V,4910.441428571428,0.8108463333333334,0.8351241666666667,4.588000714285714,18.2038
HD 99492 c,HD 99492,2.0,Radial Velocity,2023.0,Roque de los Muchachos Observatory,95.233,,,17.9,0.063,,K2 V,4929.0,,0.85,4.57,18.2038
HD 99706 b,HD 99706,1.0,Radial Velocity,2011.0,W. M. Keck Observatory,859.0,2.0833333333333335,,425.8715333333333,0.3283333333333333,,,4895.0,5.46,1.6266666666666667,3.1199999999999997,146.6
HD 99706 c,HD 99706,1.0,Radial Velocity,2018.0,W. M. Keck Observatory,1278.0,,,1808.4527,0.411,,,,,1.72,,146.6
HIP 105854 b,HIP 105854,1.0,Radial Velocity,2014.0,Multiple Observatories,184.2,0.81,,2606.1,0.02,,K2 III,4780.0,,2.1,2.94,78.6381
HIP 107772 b,HIP 107772,1.0,Radial Velocity,2020.0,Multiple Observatories,55.199,0.243,,12.9,0.18,,M0 V,,,0.63,,23.6434
HIP 107773 b,HIP 107773,1.0,Radial Velocity,2015.0,Multiple Observatories,144.3,0.72,,629.3034,0.09,,K1 III,4945.0,11.6,2.42,2.6,105.18
HIP 109384 b,HIP 109384,1.0,Radial Velocity,2016.0,Haute-Provence Observatory,499.48,1.134,,495.8148,0.549,,G5,5180.0,,0.78,4.43,58.9582
HIP 109600 b,HIP 109600,2.0,Radial Velocity,2016.0,Haute-Provence Observatory,232.08,0.706,,851.7844,0.163,,G5,5530.0,,0.87,4.45,66.3361
HIP 111909 b,HIP 111909,1.0,Radial Velocity,2025.0,Multiple Observatories,487.08,1.32,,384.57237247,,,K1 III,4891.0,4.53,1.28,3.09,88.077
HIP 111909 c,HIP 111909,1.0,Radial Velocity,2025.0,Multiple Observatories,893.63,1.97,,257.44100967,,,K1 III,4891.0,4.53,1.28,3.09,88.077
HIP 113103 b,HIP 113103,1.0,Transit,2023.0,Transiting Exoplanet Survey Satellite (TESS),7.610303,0.06899,1.829,,0.17,721.0,,4930.0,0.742,0.761,4.6,46.2122
HIP 113103 c,HIP 113103,1.0,Transit,2023.0,Transiting Exoplanet Survey Satellite (TESS),14.245648,0.10479,2.4,,0.17,585.0,,4930.0,0.742,0.761,4.6,46.2122
HIP 114933 b,HIP 114933,1.0,Radial Velocity,2021.0,Multiple Observatories,1480.315,2.84,,587.9825529499999,0.105,,K0 III,4823.5,5.27,1.39,2.99,101.766
HIP 116454 b,HIP 116454,2.0,Transit,2014.0,K2,9.109078925,0.08248333333333334,2.498745,11.0833,0.17725,729.4,K1,5078.75,0.7275,0.7875000000000001,4.5873333333333335,62.4491
HIP 12961 b,HIP 12961,1.0,Radial Velocity,2010.0,La Silla Observatory,57.435,0.25,,112.82965,0.168,,,3943.5,0.6553995,0.655,4.62016,23.371
HIP 14810 b,HIP 14810,1.0,Radial Velocity,2005.0,W. M. Keck Observatory,6.6739614000000005,0.06944,,1202.0220000000002,0.144338,,G5,5515.6,1.0454633333333334,0.9924999999999999,4.3116675,50.48
HIP 14810 c,HIP 14810,1.0,Radial Velocity,2006.0,W. M. Keck Observatory,130.25390000000002,0.5003333333333334,,354.9065666666667,0.24323333333333333,,G5,5524.333333333333,1.048195,1.0,4.313335,50.48
HIP 14810 d,HIP 14810,1.0,Radial Velocity,2009.0,W. M. Keck Observatory,966.9,1.915,,184.3414,0.179,,G5,5514.5,1.0350000000000001,1.0,4.22,50.48
HIP 18606 b,HIP 18606,1.0,Radial Velocity,2025.0,Multiple Observatories,674.94,1.61,,244.72787339,,,K0/1 III,4860.0,4.83,1.21,3.1,47.0288
HIP 19976 b,HIP 19976,2.0,Radial Velocity,2022.0,Multiple Observatories,50.65905,0.234,,21.61233168,0.304,,,,,0.67,,40.2707
HIP 21152 b,HIP 21152,2.0,Imaging,2022.0,Multiple Observatories,22500.0,17.25,,8231.7557413,0.44,1275.0,F5 V,6655.0,,1.35,4.3,43.4073
HIP 29442 c,HD 42813,1.0,Radial Velocity,2023.0,Paranal Observatory,3.53795795,0.04439,1.5655000000000001,4.5,,1170.0,,5289.0,0.98,0.8955,4.39,68.192
HIP 29442 d,HD 42813,1.0,Radial Velocity,2023.0,Paranal Observatory,6.4296625,0.06609999999999999,1.4540000000000002,5.119999999999999,,959.0,,5289.0,0.98,0.8955,4.39,68.192
HIP 34222 b,HIP 34222,1.0,Radial Velocity,2021.0,Cerro Tololo Inter-American Observatory,159.986,0.492,,263.79757781,0.305,,K7 V,,,0.62,,22.8386
HIP 35173 b,HIP 35173,1.0,Radial Velocity,2019.0,Las Campanas Observatory,41.516,0.217,,12.7,0.16,,K2 V,4881.0,,0.79,,33.1562
HIP 35965 b,HIP 35965,1.0,Radial Velocity,2022.0,Multiple Observatories,26125.56497,15.898,,2589.98368864,0.138,,,,,0.78,,50.1677
HIP 38594 b,HIP 38594,2.0,Radial Velocity,2020.0,Multiple Observatories,60.722,0.256,,8.1,0.17,,M0,,,0.61,,17.7886
HIP 38594 c,HIP 38594,2.0,Radial Velocity,2020.0,Multiple Observatories,3477.768,3.805,,48.4,0.16,,M0,,,0.61,,17.7886
HIP 39017 b,HIP 39017,1.0,Imaging,2024.0,Multiple Observatories,31000.0,22.1,,7500.7504052,0.55,,A9/F0,,,1.52,,66.3217
HIP 41378 b,HIP 41378,1.0,Transit,2016.0,K2,15.571792666666667,,2.7475,6.89,,959.0,,6248.333333333333,1.3079999999999998,1.1593333333333333,4.237,106.289
HIP 41378 c,HIP 41378,1.0,Transit,2016.0,K2,31.703436666666665,,2.6435,4.4,,757.0,,6248.333333333333,1.3079999999999998,1.1593333333333333,4.237,106.289
HIP 41378 d,HIP 41378,1.0,Transit,2016.0,K2,374.96472000000006,,3.75,4.6,0.0,367.0,,6236.0,1.322,1.1549999999999998,4.224666666666667,106.28900000000002
HIP 41378 e,HIP 41378,1.0,Transit,2016.0,K2,250.0,,5.215,12.0,,335.0,,6248.333333333333,1.3079999999999998,1.1593333333333333,4.237,106.289
HIP 41378 f,HIP 41378,1.0,Transit,2016.0,K2,499.1199375,,9.7,12.0,,294.0,,6236.0,1.322,1.1549999999999998,4.224666666666667,106.289
HIP 41378 g,HIP 41378,1.0,Radial Velocity,2025.0,W. M. Keck Observatory,62.06,,,7.0,,605.0,,6320.0,1.273,1.16,4.294,106.289
HIP 4845 b,HIP 4845,1.0,Radial Velocity,2020.0,Multiple Observatories,34.15,0.176,,14.4,0.25,,,,,0.62,,21.0974
HIP 48714 b,HIP 48714,1.0,Radial Velocity,2020.0,Multiple Observatories,17.818,0.112,,22.9,0.5,,M0.5 Ve,,,0.58,,10.5298
HIP 5158 b,HIP 5158,1.0,Radial Velocity,2009.0,La Silla Observatory,345.69000000000005,0.89,,404.5973333333333,0.5266666666666667,,,4862.666666666667,0.7520445,0.78,4.421773333333333,51.6026
HIP 5158 c,HIP 5158,1.0,Radial Velocity,2011.0,La Silla Observatory,9017.76,7.7,,4780.1632,0.14,,,4813.0,0.754089,0.78,4.57532,51.6026
HIP 54373 b,HIP 54373,1.0,Radial Velocity,2019.0,Las Campanas Observatory,7.76,0.063,,8.62,0.2,,K5 V,4021.0,,0.57,,18.7168
HIP 54373 c,HIP 54373,1.0,Radial Velocity,2019.0,Las Campanas Observatory,15.144,0.099,,12.44,0.2,,K5 V,4021.0,,0.57,,18.7168
HIP 54515 b,HIP 54515,1.0,Imaging,2026.0,Subaru Telescope,33000.0,24.8,,5625.5628039,0.42,,A5 V,8100.0,,1.9,,82.8101
HIP 54597 b,HIP 54597,1.0,Radial Velocity,2023.0,La Silla Observatory,3262.0,3.9050000000000002,,700.8940884,0.035,,K5 V,4799.0,0.66,0.745,4.43,39.7429
HIP 55507 b,HIP 55507,1.0,Radial Velocity,2022.0,Multiple Observatories,5138.43727,5.062,,2585.53409095,0.362,,,,,0.65,,25.4893
HIP 56640 b,HIP 56640,1.0,Radial Velocity,2021.0,Multiple Observatories,2717.4515075,4.016666666666667,,1585.96375093,0.12625,,K1 III,4769.0,4.93,1.2175,2.91,122.324
HIP 57274 b,HIP 57274,1.0,Radial Velocity,2011.0,W. M. Keck Observatory,8.136075,0.07,,847.2507154975,0.19233333333333333,,K4 V,4553.333333333333,0.7892,0.5766666666666667,4.434963333333333,25.8618
HIP 57274 c,HIP 57274,1.0,Radial Velocity,2011.0,W. M. Keck Observatory,32.03,0.178,,130.0,0.05,,K4 V,4640.0,0.68,0.73,4.71,25.8618
HIP 57274 d,HIP 57274,1.0,Radial Velocity,2011.0,W. M. Keck Observatory,431.7,1.01,,167.4,0.27,,K4 V,4640.0,0.68,0.73,4.71,25.8618
HIP 5763 b,HIP 5763,1.0,Radial Velocity,2021.0,Cerro Tololo Inter-American Observatory,30.014,0.17,,162.09248757,0.054,,K6 V,,,0.72,,31.9043
HIP 63242 b,HIP 63242,1.0,Radial Velocity,2013.0,Multiple Observatories,124.6,0.565,,2917.56,0.23,,G8,4830.0,,1.54,2.53,156.456
HIP 65 A b,HIP 65 A,2.0,Transit,2020.0,Transiting Exoplanet Survey Satellite (TESS),0.9809818566666667,0.017410000000000002,22.75427,979.390795325,0.0045,1411.0,K4 V,4590.0,0.7242,0.781,4.611,61.78560000000001
HIP 65407 b,HIP 65407,1.0,Radial Velocity,2016.0,Haute-Provence Observatory,28.125,0.177,,136.03124,0.14,,K0,5460.0,,0.93,4.47,61.7804
HIP 65407 c,HIP 65407,1.0,Radial Velocity,2016.0,Haute-Provence Observatory,67.3,0.316,,249.17872,0.12,,K0,5460.0,,0.93,4.47,61.7804
HIP 65426 b,HIP 65426,1.0,Imaging,2017.0,Paranal Observatory,,92.0,16.8135,2860.47,,1500.0,A2 V,8840.0,1.77,1.96,,108.875
HIP 65891 b,HIP 65891,1.0,Radial Velocity,2015.0,Multiple Observatories,1082.02863,2.802,,1889.17683021,0.129,,K0 III,5000.0,8.93,2.495,2.9,150.292
HIP 66074 b,HIP 66074,1.0,Astrometry,2023.0,European Space Agency (ESA) Gaia Satellite,310.9,0.799,,1589.142035,0.948,,,4300.0,0.69,0.705,4.58,35.4438
HIP 67522 b,HIP 67522,1.0,Transit,2020.0,Transiting Exoplanet Survey Satellite (TESS),6.959479725,0.07475000000000001,9.999550450000001,,0.041,1175.0,,5675.0,1.38,1.22,4.0,127.28
HIP 67522 c,HIP 67522,1.0,Transit,2024.0,Transiting Exoplanet Survey Satellite (TESS),14.334892,0.1228,7.93595834,,0.077,917.0,,5675.0,1.38,1.22,,127.28
HIP 67537 b,HIP 67537,1.0,Radial Velocity,2017.0,Multiple Observatories,2543.3823766666665,4.8790000000000004,,4063.7599060033335,0.5883333333333333,,K1 III,4985.0,8.69,2.3786666666666667,2.85,116.046
HIP 67851 b,HIP 67851,1.0,Radial Velocity,2015.0,Multiple Observatories,88.99603666666667,0.4475,,427.58534203,0.08385,,K0 III,4846.4,5.804666666666667,1.4468,3.0839999999999996,64.1181
HIP 67851 c,HIP 67851,1.0,Radial Velocity,2015.0,Multiple Observatories,2713.0718166666666,4.1975999999999996,,1730.942128977143,0.213,,K0 III,4846.4,5.804666666666667,1.4468,3.0839999999999996,64.1181
HIP 70849 b,HIP 70849,2.0,Radial Velocity,2009.0,La Silla Observatory,8218.6,9.425666666666666,,1912.11569445,0.6496666666666666,,K7 V,4105.0,,0.6423333333333333,,24.057200000000005
HIP 71135 b,HIP 71135,1.0,Radial Velocity,2019.0,Las Campanas Observatory,87.19,0.335,,18.8,0.21,,M1,4146.0,,0.66,,32.3311
HIP 74890 b,HIP 74890,1.0,Radial Velocity,2016.0,Multiple Observatories,817.385,2.1,,686.5112707200001,0.035,,K1 III,4837.0,5.195,1.525,3.105,78.6562
HIP 75092 b,HIP 75092,1.0,Radial Velocity,2021.0,Multiple Observatories,948.5899999999999,2.02,,526.006013585,0.21,,K0 III,4891.0,4.53,1.28,3.09,81.6696
HIP 77900 b,HIP 77900,1.0,Imaging,2024.0,European Space Agency (ESA) Gaia Satellite,,3319.0,,6674.396547,,2507.0,,,,,,150.862
HIP 78530 b,HIP 78530,1.0,Imaging,2010.0,Gemini Observatory,,740.0,,7440.829999999999,,2700.0,B9 V,9912.666666666666,2.10876,2.5,4.13086,136.759
HIP 79098 AB b,HIP 79098 AB,2.0,Imaging,2019.0,Paranal Observatory,,345.0,,6515.515,,2450.0,,,,3.75,,145.798
HIP 79431 b,HIP 79431,1.0,Radial Velocity,2009.0,W. M. Keck Observatory,111.7,0.36,,667.415,0.29,,M3 V,3191.0,,0.49,,14.5324
HIP 81208 C b,HIP 81208 C,3.0,Imaging,2023.0,Paranal Observatory,104100.0,23.04,,4703.8604236,,2050.0,M,,,0.135,,147.533
HIP 8152 b,HIP 8152,1.0,Transit,2023.0,Transiting Exoplanet Survey Satellite (TESS),10.751012,0.0925,2.5481292150000003,8.35,0.07,824.98,,5574.0,0.9551499999999999,0.9236500000000001,4.443,101.694
HIP 8152 c,HIP 8152,1.0,Transit,2023.0,Transiting Exoplanet Survey Satellite (TESS),19.60546,0.1385,2.50221254,10.05,0.24000000000000002,674.8399999999999,,5574.0,0.9551499999999999,0.9236500000000001,4.443,101.694
HIP 8541 b,HIP 8541,2.0,Radial Velocity,2016.0,Multiple Observatories,1645.2659675,3.109666666666667,,1877.0967621175,0.1605,,K2 III/IV,4670.666666666667,7.335,1.3272499999999998,2.7833333333333337,155.121
HIP 86221 b,HIP 86221,1.0,Radial Velocity,2021.0,Cerro Tololo Inter-American Observatory,2.224,0.031,,225.65816897,0.086,,K5 V,,,0.79,,29.4898
HIP 90988 b,HIP 90988,1.0,Radial Velocity,2021.0,Multiple Observatories,454.02938666666665,1.31,,611.5018550666667,0.05366666666666667,,K1 III,4883.5,3.94,1.4043333333333334,3.32,94.0349
HIP 91258 b,HIP 91258,1.0,Radial Velocity,2013.0,Haute-Provence Observatory,5.0505,0.058499999999999996,,342.93135,0.022,,G5 V,5519.0,0.9450000000000001,0.96,4.53,45.8846
HIP 94235 b,HIP 94235,2.0,Transit,2022.0,Transiting Exoplanet Survey Satellite (TESS),7.7125889999999995,0.0787,3.1035,379.0,0.32,1060.0,G V,5988.215,1.08479,1.097,4.43247,58.5146
HIP 948 b,HIP 948,1.0,Radial Velocity,2022.0,Multiple Observatories,24955.45756,15.037,,6547.2651842,0.23,,,,,0.71,,34.8523
HIP 9618 b,HIP 9618,1.0,Transit,2023.0,Transiting Exoplanet Survey Satellite (TESS),20.772881666666667,0.14426666666666665,3.82612709,8.9,0.11666666666666665,663.0933333333334,,5602.666666666667,0.9584999999999999,0.9359999999999999,4.4475,67.5478
HIP 9618 c,HIP 9618,1.0,Transit,2023.0,Transiting Exoplanet Survey Satellite (TESS),52.56357366666666,0.2679666666666667,3.3705197533333333,11.066666666666668,0.11666666666666665,486.7366666666667,,5602.666666666667,0.9584999999999999,0.9359999999999999,4.4475,67.5478
HIP 97166 b,HIP 97166,1.0,Transit,2021.0,Transiting Exoplanet Survey Satellite (TESS),10.288912,0.09,2.6100669,19.55,0.22499999999999998,729.3299999999999,K0 V,5207.0,0.8389,0.9161,4.4835,65.9501
HIP 97166 c,HIP 97166,1.0,Radial Velocity,2021.0,Multiple Observatories,16.636,0.124,,8.95,0.125,642.0,K0 V,5207.0,0.8389,0.9161,4.4835,65.9501
HIP 97233 b,HIP 97233,1.0,Radial Velocity,2014.0,Multiple Observatories,1058.35502,2.496,,6545.7985477699995,0.6243333333333333,,K0,5020.0,5.34,1.81,3.26,102.27500000000002
HIP 99770 b,HIP 99770,1.0,Imaging,2023.0,Multiple Observatories,18600.0,16.9,,5117.0373527,0.25,,A5-A6,8000.0,,1.85,,40.0765
HN Lib b,HN Lib,1.0,Radial Velocity,2023.0,Calar Alto Observatory,36.116,0.1417,,5.46,0.079,234.4,M4.0 V,3347.0,0.299,0.291,4.76,6.24442
HN Peg b,HN Peg,1.0,Imaging,2006.0,Spitzer Space Telescope,,773.0,11.7768,6991.57,,,G0 V,,,,,18.1186
HR 2562 b,HR 2562,1.0,Imaging,2016.0,Gemini Observatory,,23.65,12.44199,6865.1174862,,1227.5,F5 V,6597.0,1.334,1.334,4.3,34.0071
HR 5183 b,HR 5183,2.0,Radial Velocity,2019.0,Multiple Observatories,36116.666666666664,21.933333333333334,,1027.6468977633333,0.867,171.0,G0 V,5807.266666666666,1.542634,1.07,4.045467333333334,31.4607
HR 810 b,HR 810,1.0,Radial Velocity,1999.0,La Silla Observatory,316.7249975,0.9183333333333333,,1021.82098085,0.12275,,,6167.0,1.13,1.1333333333333335,4.46,17.3181
HR 858 b,HR 858,2.0,Transit,2019.0,Transiting Exoplanet Survey Satellite (TESS),3.5856385,0.04844,2.0445,3.55,0.15,1562.0,,6277.5,1.258,1.1745,4.281,31.964
HR 858 c,HR 858,2.0,Transit,2019.0,Transiting Exoplanet Survey Satellite (TESS),5.9733975,0.06805,1.959,3.8,0.095,1317.5,,6277.5,1.258,1.1745,4.281,31.964
HR 858 d,HR 858,2.0,Transit,2019.0,Transiting Exoplanet Survey Satellite (TESS),11.2302555,0.10364999999999999,2.0825,7.1,0.14,1068.0,,6277.5,1.258,1.1745,4.281,31.964
HR 8799 b,HR 8799,1.0,Imaging,2008.0,Gemini Observatory,169392.55666666667,68.65333333333332,9.8627,2000.0,,1200.0,A5 V,7204.58,1.49338,1.5575,4.29656,41.2441
HR 8799 c,HR 8799,1.0,Imaging,2008.0,Gemini Observatory,73275.44666666667,39.60333333333333,12.1045,3000.0,0.5,1200.0,A5 V,7204.58,1.49338,1.5575,4.29656,41.2441
HR 8799 d,HR 8799,1.0,Imaging,2008.0,W. M. Keck Observatory,39313.770000000004,25.485,11.54405,3000.0,0.6,1300.0,A5 V,7204.58,1.49338,1.5575,4.29656,41.2441
HR 8799 e,HR 8799,1.0,Imaging,2010.0,W. M. Keck Observatory,19407.8,15.963333333333333,11.601315,3178.3,0.15,1225.0,A5,7269.72,1.49338,1.61,4.197706666666667,41.2441
HS Psc b,HS Psc,1.0,Radial Velocity,2024.0,McDonald Observatory,3.986,0.0435,,464.02947422,0.27,,K7 V,4203.0,0.65,0.69,4.66,37.6604
HU Aqr AB b,HU Aqr,2.0,Eclipse Timing Variations,2011.0,Yunnan Astronomical Observatory,2390.0,3.6,,1875.197,0.0,,,,,0.88,,
HU Aqr AB c,HU Aqr,2.0,Eclipse Timing Variations,2011.0,Yunnan Astronomical Observatory,4368.0,5.4,,1430.235,0.51,,,,,0.88,,
IC 4651 9122 b,IC 4651 9122,1.0,Radial Velocity,2018.0,La Silla Observatory,734.0,2.038,,2002.329,0.18,,,,,2.1,2.52,859.324
IRAS 04125+2902 b,IRAS 04125+2902,2.0,Transit,2024.0,Transiting Exoplanet Survey Satellite (TESS),8.834978,0.077,10.73820351,,,854.0,,4080.0,1.45,0.7,,159.244
ITG 15 b,ITG 15 A,2.0,Imaging,2024.0,European Space Agency (ESA) Gaia Satellite,,435.0,,6674.396547,,2601.0,,,,,,136.37
K2-10 b,K2-10,1.0,Transit,2015.0,K2,19.303945375,0.1372,3.7782442657142856,26.1,0.31,676.0,,5572.285714285715,0.9328225,0.9236376,4.45732,272.36
K2-100 b,K2-100,1.0,Transit,2016.0,K2,1.6738444709090907,0.033966666666666666,3.4725,14.9,0.08,1600.75,G0 V,6092.93375,1.222226,1.1615,4.346718571428572,188.959
K2-101 b,K2-101,1.0,Transit,2016.0,K2,14.675568909999999,0.1124,1.996841196,,0.1,618.0,,4815.764,0.7461805,0.81,4.56556,188.33
K2-102 b,K2-102,1.0,Transit,2016.0,K2,9.9151575,,1.3,,0.1,,,4666.5,0.739216,0.753,4.53373,188.175
K2-104 b,K2-104,1.0,Transit,2016.0,K2,1.97426105,0.0236,1.814,,0.135,798.0,,3649.0766666666664,0.4902175,0.505267,4.755855,189.289
K2-105 b,K2-105,1.0,Transit,2017.0,K2,8.266716199,0.0813,3.486700477142857,22.7,0.0,849.0,K1,5480.0375,0.921663,0.9644913333333333,4.487694285714285,197.989
K2-107 b,K2-107,1.0,Transit,2017.0,K2,3.3139281,0.04775,15.188744843999999,266.9772,0.0,1714.5,F9 IV,6074.75,1.775,1.3,4.105,685.2000000000002
K2-108 b,K2-108,1.0,Transit,2017.0,K2,4.73388186,0.0577,5.760747188333333,59.4,0.18,1417.3333333333333,,5492.166666666667,1.76356,1.10141,3.9355433333333334,477.295
K2-11 b,K2-11,1.0,Transit,2015.0,K2,39.878309,0.22265000000000001,3.84,,,734.0,,5276.666666666667,1.914,1.12,4.56,329.309
K2-110 b,K2-110,1.0,Transit,2017.0,K2,13.863232573333333,0.10228999999999999,2.553741655714286,16.53333333333333,0.10450000000000001,606.0,K3 V,4941.0,0.7088311428571429,0.7375897499999999,4.58912,116.474
K2-111 b,K2-111,1.0,Transit,2017.0,K2,5.351707571428571,0.05853333333333333,1.635234052857143,6.2175,0.07666666666666667,1212.3333333333333,G2,5773.5,1.2349999999999999,0.84,4.2828,200.394
K2-111 c,K2-111,1.0,Radial Velocity,2020.0,Multiple Observatories,15.6795,0.116145,,11.190000000000001,0.07050000000000001,,G2,5775.0,1.25,0.84,4.25,200.394
K2-113 b,K2-113,1.0,Transit,2017.0,K2,5.8176449,0.06,11.9035925,410.0007,0.0,1138.0,G,5638.0,1.264,1.018,4.3566666666666665,635.722
K2-114 b,K2-114,1.0,Transit,2017.0,K2,11.390450671111111,0.09509799999999999,10.708304967142857,621.8852320466666,0.05333333333333334,700.88,,4965.0,0.8579786666666666,0.8516666666666666,4.5043171428571425,475.75800000000004
K2-115 b,K2-115,1.0,Transit,2017.0,K2,20.272871087,0.1404,11.882218336,293.991945535,0.11333333333333334,665.6666666666666,,5684.0,0.85652,0.9393333333333334,4.5270657142857145,413.591
K2-116 b,K2-116,1.0,Transit,2017.0,K2,4.6553258,0.048,0.7409641066666666,,0.06,,,4376.925,0.6715565,0.694512,4.64,49.3855
K2-117 b,K2-117,1.0,Transit,2017.0,K2,1.2916500000000002,0.0189,1.972,,0.06,868.0,M1.0 V,3734.8239999999996,0.5106813333333333,0.5242185,4.73651,101.63199999999999
K2-117 c,K2-117,1.0,Transit,2017.0,K2,5.4442642,0.04976666666666666,1.9759999999999998,,0.15,537.0,M1.0 V,3765.373333333333,0.5086495,0.536,4.7485,101.632
K2-118 b,K2-118,1.0,Transit,2017.0,K2,50.92316,0.245,2.51,,0.2,,,4726.29,0.718313,0.756446,,321.722
K2-119 b,K2-119,1.0,Transit,2017.0,K2,7.727741040000001,0.0699,2.395,,0.07,666.0,,4635.7,0.7155393999999999,0.7266666666666666,4.574553333333333,365.58099999999996
K2-12 b,K2-12,1.0,Transit,2015.0,K2,8.282188516666666,0.08136666666666666,2.3830391216666666,5.2,0.5,1014.5,,5785.4,1.054028,0.9702443333333334,4.29,326.381
K2-121 b,K2-121,1.0,Transit,2017.0,K2,5.18579921,0.055799999999999995,7.726241958571428,51.0,0.22,725.6666666666666,,4591.795,0.6742482857142857,0.7160236,4.65588,169.398
K2-122 b,K2-122,2.0,Transit,2017.0,K2,2.219292315,0.0309,1.2233333333333334,,0.21,791.5,,3924.3933333333334,0.603432,0.6265296666666667,4.665204,72.0444
K2-123 b,K2-123,1.0,Transit,2017.0,K2,30.9545747825,0.16533333333333333,2.7733333333333334,,0.06,338.0,,3957.111666666666,0.5996156,0.6064505,4.666836,161.555
K2-124 b,K2-124,1.0,Transit,2017.0,K2,6.4137574285714285,0.050333333333333334,2.7383333333333333,,0.08,443.5,,3556.34,0.369073,0.4073503333333333,4.8472625,140.385
K2-125 b,K2-125,1.0,Transit,2017.0,K2,21.750264,0.121,2.18,,0.08,,,3654.47,0.402049,0.494727,,124.156
K2-126 b,K2-126,1.0,Transit,2017.0,K2,7.3867591657142855,0.0658,1.9050808839999998,,0.06,601.0,,4324.166,0.6390375,0.674,4.6530450000000005,102.953
K2-127 b,K2-127,1.0,Transit,2017.0,K2,3.5881296,0.04105,9.7125,,0.12,809.0,,4666.28,0.84301775,0.7099665,4.514915,709.999
K2-128 b,K2-128,1.0,Transit,2017.0,K2,5.675731,0.056,1.24670765,,0.23,,,4545.255,0.714113,0.6991225,4.7,114.637
K2-129 b,K2-129,1.0,Transit,2017.0,K2,8.2396515,0.057,0.8505,,0.13,,,3459.09,0.287505,0.360031,,27.7957
K2-13 b,K2-13,1.0,Transit,2015.0,K2,40.01265033333333,0.21795,2.2933333333333334,,,511.0,,5644.333333333333,0.8300000000000001,0.87,4.33,342.394
K2-130 b,K2-130,1.0,Transit,2017.0,K2,2.4941623333333336,0.032,1.1772696466666666,,0.17,,,4442.235000000001,0.6836236666666666,0.6853484999999999,4.62,118.01100000000001
K2-131 b,K2-131,1.0,Transit,2017.0,K2,0.3692566,0.009430000000000001,1.6854281899999999,6.8999999999999995,0.0,2142.5,,5179.666666666667,0.758274,0.802914,4.59,152.509
K2-132 b,K2-132,1.0,Transit,2017.0,K2,9.1730955,0.08879999999999999,12.053685077499999,156.2664166666667,0.3133333333333333,1586.0,,4898.25,3.915,1.08,3.436,609.818
K2-133 b,K2-133,1.0,Transit,2017.0,K2,3.0712650000000004,0.03247,1.3250000000000002,,,,M1 V,3655.0,0.4625,0.48550000000000004,,75.1703
K2-133 c,K2-133,1.0,Transit,2017.0,K2,4.86802,0.044204999999999994,1.5415,,,,M1 V,3655.0,0.4625,0.48550000000000004,,75.1703
K2-133 d,K2-133,1.0,Transit,2017.0,K2,11.02397,0.075935,2.0115,,,,M1 V,3655.0,0.4625,0.48550000000000004,,75.1703
K2-133 e,K2-133,1.0,Transit,2019.0,K2,26.5841,0.1346,1.73,,,296.0,M1.5 V,3655.0,0.455,0.461,,75.1703
K2-136 b,K2-136,2.0,Transit,2017.0,K2,7.9753973333333334,0.0707,1.018,4.3,0.32,581.5,K5.5,4452.666666666667,0.677,0.741,4.625666666666667,59.2474
K2-136 c,K2-136,2.0,Transit,2017.0,K2,17.307158,0.11789,3.02,18.1,0.21566666666666667,447.5,K5 V,4417.2,0.705,0.7206666666666667,4.6274,59.24739999999999
K2-136 d,K2-136,2.0,Transit,2017.0,K2,25.573855,0.1538,1.5216666666666665,3.0,0.3203333333333333,396.5,K5.5,4452.666666666667,0.677,0.741,4.625666666666667,59.2474
K2-137 b,K2-137,1.0,Transit,2017.0,K2,0.17971700000000002,0.0058,0.765,158.915,0.0,1471.0,M3 V,3594.5,0.366,0.463,4.907500000000001,98.8765
K2-138 b,K2-138,1.0,Transit,2017.0,K2,2.353173333333333,0.03381666666666666,1.5233333333333334,2.8200000000000003,0.157,1157.0,G8 V,5343.0,0.854,0.927,4.5545,202.585
K2-138 c,K2-138,1.0,Transit,2017.0,K2,3.55997075,0.044449999999999996,2.3596666666666666,6.27,0.11866666666666666,1012.0,G8 V,5343.0,0.854,0.927,4.5545,202.585
K2-138 d,K2-138,1.0,Transit,2017.0,K2,5.404943,0.05842,2.5033333333333334,4.35,0.18366666666666664,888.0,G8 V,5343.0,0.854,0.927,4.5545,202.585
K2-138 e,K2-138,1.0,Transit,2017.0,K2,8.261426,0.07849,3.263333333333333,13.54,0.13533333333333333,757.0,G8 V,5343.0,0.8614999999999999,0.927,4.5545,202.585
K2-138 f,K2-138,1.0,Transit,2017.0,K2,12.757342000000001,0.10505666666666667,2.814666666666666,2.05,0.14633333333333334,653.0,G8 V,5343.0,0.854,0.927,4.5545,202.585
K2-138 g,K2-138,1.0,Transit,2021.0,K2,41.966621,0.229895,3.0965,3.4400000000000004,0.0745,445.0,G8 V,5331.333333333333,0.8453333333333334,0.9255,4.542666666666666,202.585
K2-139 b,K2-139,1.0,Transit,2017.0,K2,28.381943200000002,0.17930000000000001,9.310979136,123.00021,0.12,544.5,K0 V,5378.333333333333,0.8884293333333333,0.954314,4.566666666666666,153.856
K2-14 b,K2-14,1.0,Transit,2015.0,K2,8.36853556,0.06423333333333334,6.388,,0.14,488.0,,3876.105,0.544444,0.4515,4.891,364.048
K2-140 b,K2-140,1.0,Transit,2017.0,K2,6.5692171,0.06526666666666667,12.78326877,309.724594255,0.06,1011.0,G5,5647.0,1.006,0.9924999999999999,4.4168,347.917
K2-141 b,K2-141,1.0,Transit,2018.0,K2,0.28024285,0.007315,1.51325,5.13,0.0,2071.0,K7 V,4535.25,0.68055,0.7073333333333333,4.608,61.8736
K2-141 c,K2-141,1.0,Transit,2018.0,K2,7.7485,0.0683,7.0,7.7,0.046,695.0,,4584.5,0.681,0.708,4.62,61.8736
K2-146 b,K2-146,1.0,Transit,2018.0,K2,2.6473532222222222,0.025766666666666663,3.00375,5.685,0.1345,534.0,M3.0 V,3378.5,0.335243,0.3305,4.90572,79.3002
K2-146 c,K2-146,1.0,Transit,2019.0,K2,3.98564,0.0327,2.3899999999999997,7.295,0.1175,,M3.0 V,3385.0,0.33999999999999997,0.34450000000000003,4.906,79.3002
K2-147 b,K2-147,1.0,Transit,2018.0,K2,0.9619225,0.015825,1.100715015,,0.38,1077.0,,3712.3333333333335,0.48100000000000004,0.573,4.795,90.5494
K2-148 b,K2-148,2.0,Transit,2018.0,K2,4.38394,0.0454,1.0155,,,,,4079.0,0.5015000000000001,0.65,4.653,124.458
K2-148 c,K2-148,2.0,Transit,2018.0,K2,6.922555,0.0616,1.315,,,,,4079.0,0.5015000000000001,0.65,4.653,124.458
K2-148 d,K2-148,2.0,Transit,2018.0,K2,9.758115,0.0774,1.26,,,,,4079.0,0.5015000000000001,0.65,4.653,124.458
K2-149 b,K2-149,1.0,Transit,2018.0,K2,11.332,0.083,1.64,,,,M1.0 V,3745.0,0.568,0.595,4.707,123.676
K2-15 b,K2-15,1.0,Transit,2015.0,K2,11.8096345,0.0928,2.875,,,676.0,,5145.666666666667,0.755,0.765,4.571,493.992
K2-150 b,K2-150,1.0,Transit,2018.0,K2,10.593615,0.0727,1.855,,,,M2.5 V,3499.0,0.398,0.457,4.822,102.483
K2-151 b,K2-151,2.0,Transit,2018.0,K2,3.8354935,0.0369,1.3485,,,566.0,M1.5 V,3640.0,0.443,0.45499999999999996,4.8100000000000005,69.4798
K2-152 b,K2-152,1.0,Transit,2018.0,K2,32.6503,0.17254999999999998,2.55,,,337.0,M0.0 V,3992.0,0.6205,0.642,4.6635,108.449
K2-153 b,K2-153,1.0,Transit,2018.0,K2,7.515639999999999,0.06075,2.0,,,497.0,M3.0 V,3782.5,0.5125,0.531,4.7455,143.125
K2-154 b,K2-154,1.0,Transit,2018.0,K2,3.676305,0.040650000000000006,2.11,,,715.0,M0.0 V,4037.5,0.6395,0.661,4.6475,129.356
K2-154 c,K2-154,1.0,Transit,2018.0,K2,7.95482,0.068,2.085,,,552.0,M0.0 V,4037.5,0.6395,0.661,4.6475,129.356
K2-155 b,K2-155,1.0,Transit,2018.0,K2,6.3428249999999995,0.055400000000000005,1.675,,,708.0,,4088.5,0.5529999999999999,0.595,4.666,72.7998
K2-155 c,K2-155,1.0,Transit,2018.0,K2,13.852502333333334,0.0933,2.275,,,583.0,,4032.0,0.544,0.5766666666666667,4.688,72.7998
K2-155 d,K2-155,1.0,Transit,2018.0,K2,40.70075,0.19115,1.77,,,381.0,,4088.5,0.5529999999999999,0.595,4.666,72.7998
K2-156 b,K2-156,1.0,Transit,2018.0,K2,0.813144,0.0149,1.13138093,,,1347.0,,4505.666666666667,0.6177714999999999,0.6511315,4.666666666666667,150.21
K2-157 b,K2-157,1.0,Transit,2018.0,K2,0.3652585,0.00962,0.9968269599999999,1.14,,2432.0,G9 V,5415.333333333333,0.8719163333333334,0.9147545,4.5,298.373
K2-157 c,K2-157,1.0,Radial Velocity,2025.0,Paranal Observatory,25.942,0.165,,30.8,0.2,587.0,G9 V,5334.0,0.86,0.89,4.45,298.373
K2-157 d,K2-157,1.0,Radial Velocity,2025.0,Paranal Observatory,66.5,0.309,,23.3,0.5,429.1,G9 V,5334.0,0.86,0.89,4.45,298.373
K2-158 b,K2-158,1.0,Transit,2018.0,K2,10.061298,0.0887,2.63728488,,,794.0,,5496.0,0.9210484999999999,0.9263785,4.455,197.299
K2-158 c,K2-158,1.0,Transit,2018.0,K2,5.90279,0.0622,1.28,,,948.0,,5503.0,0.95,0.92,4.45,197.299
K2-159 b,K2-159,1.0,Transit,2018.0,K2,12.421564,0.1013,2.233769405,,,684.0,,5422.0,0.8299574999999999,0.89285,4.5649999999999995,170.998
K2-16 b,K2-16,1.0,Transit,2015.0,K2,7.61977148,0.06662,2.0740000000000003,,,684.0,K3 V,4730.75,0.6566666666666667,0.68,4.5695,334.967
K2-16 c,K2-16,1.0,Transit,2015.0,K2,19.075146,0.1228,2.258,,,504.0,K3 V,4730.75,0.6566666666666667,0.68,4.5695,334.967
K2-160 b,K2-160,1.0,Transit,2018.0,K2,3.705871,,3.17824034,,,,,5649.0,0.913754,0.982829,4.61,315.363
K2-161 b,K2-161,1.0,Transit,2018.0,K2,9.283188,,6.11721229,,,,,4972.0,2.568173,0.986876,3.63,916.319
K2-162 b,K2-162,1.0,Transit,2018.0,K2,9.4583185,0.0795,1.46315248,,,631.0,,4863.5,0.707813,0.763317,4.67,124.433
K2-163 b,K2-163,1.0,Transit,2018.0,K2,6.673117,,2.46610713,,,,,4937.0,0.762201,0.826112,4.71,208.529
K2-164 b,K2-164,1.0,Transit,2018.0,K2,17.359515666666667,,2.3297500266666664,,,,,5842.5,1.5086896666666665,1.180894,3.81,375.67
K2-165 b,K2-165,1.0,Transit,2018.0,K2,2.354992,,1.27443657,,,,,5185.0,0.803827,0.834847,4.46,134.591
K2-165 c,K2-165,1.0,Transit,2018.0,K2,4.382745,,1.55409035,,,,,5185.0,0.803827,0.834847,4.46,134.591
K2-165 d,K2-165,1.0,Transit,2018.0,K2,14.101361,,2.64809498,,,,,5185.0,0.803827,0.834847,4.46,134.591
K2-166 b,K2-166,1.0,Transit,2018.0,K2,8.5270845,0.0858,2.00661448,,,1140.0,,5941.0,1.4031095,1.1163325,4.165,476.882
K2-167 b,K2-167,1.0,Transit,2018.0,K2,9.977667083333333,0.0947,2.3697457883333333,6.5,0.4533333333333333,1175.0,,6056.833333333333,1.488,1.03256625,4.0295,80.8994
K2-168 b,K2-168,1.0,Transit,2018.0,K2,15.85317725,,2.1336155775,,,766.35,,5517.233333333334,0.8614036666666666,0.8918695,4.46,243.935
K2-169 b,K2-169,1.0,Transit,2018.0,K2,6.380444333333333,,1.3414289033333333,,,,,5447.5,0.919053,0.986144,4.56,235.867
K2-17 b,K2-17,1.0,Transit,2015.0,K2,17.967929,0.11493333333333333,1.944584665,,0.18,487.0,,4214.682,0.6145766,0.664238,4.754,125.106
K2-170 b,K2-170,1.0,Transit,2018.0,K2,7.575554866666667,,1.5127251233333334,,,,,5748.5,0.980807,0.963657,4.34,392.872
K2-170 c,K2-170,1.0,Transit,2018.0,K2,12.399859333333334,,1.910588233333333,,,,,5748.5,0.980807,0.963657,4.34,392.872
K2-171 b,K2-171,1.0,Transit,2018.0,K2,5.627619166666666,,2.542190683333333,,,,,5141.0,1.717458,0.891587,3.95,606.128
K2-172 b,K2-172,1.0,Transit,2018.0,K2,14.317347333333332,,1.7186935966666665,,,,,5509.0,0.8644445000000001,0.934356,4.61,249.742
K2-172 c,K2-172,1.0,Transit,2018.0,K2,29.6259305,,3.21189699,,,,,5521.666666666667,0.8622793333333334,0.955678,4.585520000000001,249.742
K2-173 b,K2-173,1.0,Transit,2018.0,K2,5.867547355,,1.60826194,,,,,5576.675,0.922167,0.932269,4.474795,228.641
K2-174 b,K2-174,1.0,Transit,2018.0,K2,19.563466683333335,0.126,2.610359802,,,455.0,,4405.924000000001,0.6726666666666667,0.67210025,4.5769,99.9293
K2-175 b,K2-175,1.0,Transit,2018.0,K2,9.525988,,2.03803688,,,,,5909.0,1.420038,1.094693,4.11,247.266
K2-176 b,K2-176,1.0,Transit,2018.0,K2,5.329439499999999,,1.520450485,,,,,5428.0,0.88758,0.938545,4.63,247.302
K2-177 b,K2-177,1.0,Transit,2018.0,K2,14.155185,,2.1162048,,,,,6063.0,1.213565,1.210525,4.38,492.167
K2-178 b,K2-178,1.0,Transit,2018.0,K2,8.747954,,3.693954925,,,,,5525.0,0.887267,0.95109,4.55,214.753
K2-179 b,K2-179,1.0,Transit,2018.0,K2,5.171840123333333,,2.316339425,,,,,5043.49,0.738708,0.8361725,4.6473700000000004,190.81000000000003
K2-18 b,K2-18,1.0,Transit,2015.0,K2,32.940376934,0.14793333333333333,2.243333333333333,8.1775,0.21,265.38,M2.5 V,3464.4444444444443,0.409502,0.39177799999999996,4.748133333333333,38.0266
K2-18 c,K2-18,1.0,Radial Velocity,2017.0,La Silla Observatory,8.962,0.06,,7.51,0.47,363.0,,3457.0,0.411,0.359,,38.0266
K2-180 b,K2-180,1.0,Transit,2018.0,K2,8.86624378888889,0.074825,2.6234874525,10.75062082,0.0375,746.3,K2 V,5276.571428571428,0.69485,0.7142203333333333,4.584362857142858,203.896
K2-181 b,K2-181,1.0,Transit,2018.0,K2,6.89404604625,0.07100000000000001,2.8403526716666665,,0.4,975.3333333333334,,5568.5,1.05928,0.9875999999999999,4.394563333333333,360.911
K2-182 b,K2-182,1.0,Transit,2018.0,K2,4.736962938888889,0.052285,2.7699685728571426,20.48833743,0.055499999999999994,950.45,,5166.314285714286,0.7934088571428572,0.855166,4.581531428571429,154.83
K2-183 b,K2-183,1.0,Transit,2018.0,K2,0.4692803333333333,,1.7197652366666667,,,,,5482.0,0.8716415,0.942219,4.6,329.041
K2-183 c,K2-183,1.0,Transit,2018.0,K2,10.792071985714285,0.0932,2.766268996,,,787.0,,5471.188,0.9394232,0.9430547499999999,4.503416,329.041
K2-183 d,K2-183,1.0,Transit,2018.0,K2,22.6293196,0.1527,6.060225475999999,,,615.0,,5494.333333333333,0.9199999999999999,0.9361095,4.543333333333333,329.041
K2-184 b,K2-184,1.0,Transit,2018.0,K2,16.992277311428573,0.1457,1.5115728179999999,,,556.5,,5238.3240000000005,0.7697758333333334,0.85,4.615084,75.5857
K2-185 b,K2-185,1.0,Transit,2018.0,K2,10.616376666666666,,1.21761591,,,809.0,,5755.0,0.9271745,0.9681095,4.53,268.357
K2-185 c,K2-185,1.0,Transit,2018.0,K2,52.712488666666665,,2.5551731600000003,,,477.0,,5788.0,0.9155,0.96,4.48,268.357
K2-186 b,K2-186,1.0,Transit,2018.0,K2,41.470159499999994,,3.3110388950000003,,,,,5784.0,1.019115,1.018617,4.45,330.739
K2-187 b,K2-187,1.0,Transit,2018.0,K2,0.7739745,0.0164,1.345839925,,,1815.0,,5466.333333333333,0.89097825,0.9734995,4.573333333333333,330.916
K2-187 c,K2-187,1.0,Transit,2018.0,K2,2.8716619999999997,0.0392,1.720117492,,,1173.0,,5466.333333333333,0.89097825,0.9734995,4.573333333333333,330.916
K2-187 d,K2-187,1.0,Transit,2018.0,K2,7.150243502857143,0.072,3.140209074,,,865.0,,5429.668,0.9007421666666667,0.9423330000000001,4.535488,330.916
K2-187 e,K2-187,1.0,Transit,2018.0,K2,13.607663800000001,0.1106,2.345083262,,,698.0,,5466.333333333333,0.89097825,0.9734995,4.573333333333333,330.916
K2-188 b,K2-188,1.0,Transit,2018.0,K2,1.7425760000000001,0.0289,1.30454311,,,1692.0,,5979.5,1.149601,1.0833055,4.335,446.821
K2-188 c,K2-188,1.0,Transit,2018.0,K2,7.809459921666666,0.0785,2.78627826,,,1026.0,,5943.2,1.1990880000000002,1.0666666666666667,4.315855,446.8210000000001
K2-189 b,K2-189,1.0,Transit,2018.0,K2,3.2352297500000002,0.0361,1.505585885,,,1200.0,,5488.0,0.87332125,0.9058426666666666,4.55,242.113
K2-189 c,K2-189,1.0,Transit,2018.0,K2,6.678992147142857,0.068,2.494859636,,,874.5,,5480.0,0.8722992857142857,0.9259055999999999,4.547231999999999,242.113
K2-19 b,K2-19,1.0,Transit,2015.0,K2,7.920143669333333,0.07564,7.308457,38.339999999999996,0.06839999999999999,848.6666666666666,G9 V,5365.307692307692,0.8471164545454545,0.9075162999999999,4.533316666666667,289.827
K2-19 c,K2-19,1.0,Transit,2015.0,K2,11.913835416666666,0.09972,4.402634761666667,14.12,0.09825,740.3333333333334,G9 V,5395.416666666667,0.8586186363636364,0.903145375,4.5217,289.827
K2-19 d,K2-19,1.0,Transit,2016.0,K2,2.508381771428571,0.035199999999999995,1.162680824285714,11.333333333333334,0.0,1197.0,G9 V,5430.142857142857,0.8389675,0.9030326000000001,4.551666666666667,289.827
K2-190 b,K2-190,1.0,Transit,2018.0,K2,10.099819333333334,,1.133368645,,,,,5618.3,0.9642766666666667,0.9477985,4.41557,160.679
K2-190 c,K2-190,1.0,Transit,2018.0,K2,21.574023,,1.09308317,,,,,5631.0,0.912206,0.904597,4.38,160.679
K2-191 b,K2-191,1.0,Transit,2018.0,K2,2.8582661375000002,,1.60444661,,,,,5066.666666666667,0.880375,0.854998,4.4953,287.188
K2-192 b,K2-192,1.0,Transit,2018.0,K2,4.1630795,0.049,1.5215913733333333,,,939.0,,5212.333333333333,0.8212736666666668,0.8822063333333334,4.535363333333334,221.753
K2-193 b,K2-193,1.0,Transit,2018.0,K2,14.786784599999999,0.1184,3.861135395,,,739.0,,5672.0,0.9818582499999999,1.0021499999999999,4.45559,411.92299999999994
K2-194 b,K2-194,1.0,Transit,2018.0,K2,39.71572866666667,,3.6361492899999996,,,,,6095.5,1.3014683333333334,1.155043,4.245925,629.51
K2-195 b,K2-195,1.0,Transit,2018.0,K2,15.8534774,0.1208,3.090065645,,,720.0,,5725.31,0.9626666666666667,0.9516819999999999,4.475503333333333,315.014
K2-195 c,K2-195,1.0,Transit,2018.0,K2,28.476743,,2.627909455,,,,,5712.0,0.9271834999999999,0.963364,4.55,315.014
K2-196 b,K2-196,1.0,Transit,2018.0,K2,48.324222,,3.59970536,,,,,6045.0,1.538801,1.162095,4.08,584.877
K2-197 b,K2-197,1.0,Transit,2018.0,K2,8.357197094,0.0806,2.5205097999999997,,,848.0,,5649.0,0.9253333333333335,0.9979999999999999,4.52318,247.637
K2-198 b,K2-198,1.0,Transit,2018.0,K2,17.04308726,,4.195834236666666,,,715.8,,5230.1849999999995,0.77386275,0.8234893333333333,4.618733333333333,110.56699999999998
K2-198 c,K2-198,1.0,Transit,2019.0,K2,3.35930275,,1.423,,,1229.9,,5198.37,0.7692505000000001,0.839,4.5962,110.567
K2-198 d,K2-198,1.0,Transit,2019.0,K2,7.449953725,,2.629,,,943.2,,5219.58,0.7723253333333333,0.817367,4.613099999999999,110.567
K2-199 b,K2-199,1.0,Transit,2018.0,K2,3.2253091857142855,0.038349999999999995,1.7858384950000001,7.0,0.02,872.0,,4575.4,0.6851511666666666,0.711227,4.6328875,107.518
K2-199 c,K2-199,1.0,Transit,2018.0,K2,7.3744415624999995,0.0665,2.764476065,12.5,0.03,662.0,,4593.0,0.6826184285714286,0.7098405,4.64431,107.518
K2-200 b,K2-200,1.0,Transit,2018.0,K2,2.8499909999999997,,1.3721993499999998,,,,,5125.42,0.7997943333333334,0.847104,4.627395,184.131
K2-201 b,K2-201,1.0,Transit,2018.0,K2,1.059798,,1.43503356,,,,,5507.0,0.8990805,0.956055,4.68,197.932
K2-201 c,K2-201,1.0,Transit,2018.0,K2,22.778339000000003,,3.337842005,,,,,5507.0,0.8990805,0.956055,4.68,197.932
K2-2016-BLG-0005L b,K2-2016-BLG-0005L,1.0,Microlensing,2023.0,K2,4700.0,4.135,,359.14609991,,,,,,0.579,,5230.0
K2-202 b,K2-202,1.0,Transit,2018.0,K2,3.4051255,,2.3058280150000003,,,,,5491.0,0.9168425,0.971461,4.55,300.397
K2-203 b,K2-203,1.0,Transit,2018.0,K2,9.693333666666666,0.0824,1.3353933133333333,,0.23,738.4,,5013.0,0.767998,0.7932655,4.5,166.147
K2-204 b,K2-204,1.0,Transit,2018.0,K2,7.056054,0.0738,2.9926618233333335,,0.28,1148.0,,5769.0,1.2153325,1.042628,4.2515,577.235
K2-205 b,K2-205,1.0,Transit,2018.0,K2,26.6771315,,2.102263855,,,,,5890.0,1.1372870000000002,0.951027,4.25,405.301
K2-206 b,K2-206,1.0,Transit,2018.0,K2,18.294549,,2.79522879,,,,,5043.0,0.758046,0.789481,4.46,244.443
K2-207 b,K2-207,1.0,Transit,2018.0,K2,12.488945,,3.097926345,,,,,5522.0,0.928579,0.941851,4.41,363.064
K2-208 b,K2-208,1.0,Transit,2018.0,K2,4.191042666666667,0.04878,1.7010942833333333,,0.37,1122.0,,5541.0,0.872,0.903092,4.5615000000000006,256.887
K2-209 b,K2-209,1.0,Transit,2018.0,K2,2.080615,,0.86850263,,,,,4720.0,0.712365,0.74479,4.46,76.4986
K2-21 b,K2-21,1.0,Transit,2015.0,K2,9.32453956,0.073,1.654,,0.1,500.0,M0.0,4073.7650000000003,0.60569575,0.6580115,4.828,83.6448
K2-21 c,K2-21,1.0,Transit,2015.0,K2,15.500742383333334,0.10253333333333332,2.08,,0.21,420.0,M0.0,4068.4120000000003,0.60569575,0.6486743333333334,4.71678,83.6448
K2-210 b,K2-210,1.0,Transit,2018.0,K2,0.5702315,,0.83932173,,,,,5448.0,0.870895,0.911717,4.574999999999999,176.51
K2-211 b,K2-211,1.0,Transit,2018.0,K2,0.669556,0.01419,1.3615727175,,0.19,1873.0,,5232.666666666667,0.8168635,0.866456,4.614333333333334,272.297
K2-212 b,K2-212,1.0,Transit,2018.0,K2,9.7955126,0.0785,2.546515408,,,542.0,,4323.333333333333,0.6615,0.621964,4.6933333333333325,109.218
K2-213 b,K2-213,1.0,Transit,2018.0,K2,8.13087,,1.51398464,,,,,5794.0,1.20424,1.069596,4.25,389.702
K2-214 b,K2-214,1.0,Transit,2018.0,K2,8.596577400000001,0.0834,2.451135008,,,1003.5,,5832.333333333333,1.26175,1.03,4.266666666666667,300.64
K2-215 b,K2-215,1.0,Transit,2018.0,K2,8.269559000000001,,2.3769061899999997,,,,,5704.0,1.027549,0.999987,4.41,403.964
K2-216 b,K2-216,1.0,Transit,2018.0,K2,2.1747929999999998,0.028900000000000002,1.674741375,7.05,0.0,1020.6666666666666,K5 V,4561.75,0.6969296,0.7064986666666666,4.5975,115.461
K2-217 b,K2-217,1.0,Transit,2018.0,K2,14.073312000000001,,3.469270365,,,,,5967.0,1.3058589999999999,1.102661,4.17,381.878
K2-218 b,K2-218,1.0,Transit,2018.0,K2,8.680217500000001,,2.679740745,,,,,5757.0,1.0551155,1.047488,4.45,394.083
K2-219 b,K2-219,1.0,Transit,2018.0,K2,3.9010935,,1.408812915,,,,,5753.0,1.2551160000000001,1.021545,4.23,325.4
K2-219 c,K2-219,1.0,Transit,2018.0,K2,6.667535,,1.549198615,,,,,5753.0,1.2551160000000001,1.021545,4.23,325.4
K2-219 d,K2-219,1.0,Transit,2018.0,K2,11.138029,,2.70817228,,,,,5753.0,1.2551160000000001,1.021545,4.23,325.4
K2-22 b,K2-22,2.0,Transit,2015.0,K2,0.48995156,0.011279999999999998,3.8385714285714285,444.962,0.19,2100.0,M0 V,3862.53,0.5683138,0.597646,4.721500000000001,243.836
K2-220 b,K2-220,1.0,Transit,2018.0,K2,13.682683,0.1104,2.378946728,,,759.5,,5623.666666666667,1.012,0.9432119999999999,4.426666666666667,233.51400000000004
K2-221 b,K2-221,1.0,Transit,2018.0,K2,2.399038,,1.82945136,,,,,5716.0,1.0093495,1.010842,4.57,318.81
K2-222 b,K2-222,1.0,Transit,2018.0,K2,15.387510800000001,0.12085,2.294651902,7.199999999999999,0.16,824.3333333333334,,5973.75,1.08459375,0.9697485,4.33,101.321
K2-223 b,K2-223,1.0,Transit,2018.0,K2,0.5055966666666666,0.0127,0.89657922,,,2271.0,,5851.0,1.0010786666666667,1.0635025,4.506666666666667,198.604
K2-223 c,K2-223,1.0,Transit,2018.0,K2,4.563328333333334,0.0549,1.5631973666666668,,,1091.0,,5851.0,1.0010786666666667,1.0635025,4.506666666666667,198.604
K2-224 b,K2-224,1.0,Transit,2018.0,K2,4.4788155,0.0516,1.611894965,,,1002.0,,5617.0,0.8399989999999999,0.9060905,4.59,275.255
K2-224 c,K2-224,1.0,Transit,2018.0,K2,10.095479999999998,0.0886,2.4577037500000003,,,764.0,,5620.0,0.84,0.91,4.55,275.255
K2-225 b,K2-225,1.0,Transit,2018.0,K2,15.871948333333334,0.13745000000000002,3.2534291100000003,,0.23,912.5,,5665.0,1.7,1.376,4.1626666666666665,357.778
K2-226 b,K2-226,1.0,Transit,2018.0,K2,3.271092,0.041125,1.5219858633333334,,0.22,1153.5,,5369.666666666667,0.8995,0.8739936666666667,4.521,211.265
K2-227 b,K2-227,1.0,Transit,2018.0,K2,13.621832,,1.66551298,,,,,5673.0,0.890666,0.950811,4.58,187.234
K2-228 b,K2-228,1.0,Transit,2018.0,K2,2.698324,0.0338,1.29717168,,,914.0,,4739.5,0.6745085,0.7260575,4.665,129.46
K2-229 b,K2-229,1.0,Transit,2018.0,K2,0.5842061666666667,0.012994,1.1692959833333332,2.5433333333333334,0.0,1847.0,,5232.333333333333,0.788313,0.84497,4.571666666666666,102.56400000000001
K2-229 c,K2-229,1.0,Transit,2018.0,K2,8.327455,0.076335,2.088701205,14.15,0.0,759.0,,5223.5,0.7915000000000001,0.85597,4.5675,102.564
K2-230 b,K2-230,1.0,Transit,2018.0,K2,2.8605229999999997,0.0409,1.94710282,,,1529.0,,5973.5,1.285622,1.1206,4.245,540.773
K2-231 b,K2-231,1.0,Transit,2018.0,K2,13.843235499999999,,2.645,,,,,5695.0,0.9903,1.01,4.48,321.215
K2-232 b,K2-232,1.0,Transit,2018.0,K2,11.168451776666666,0.10133,11.534061,124.748275,0.25766666666666665,1015.5,,6065.333333333333,1.161,1.188,4.343666666666667,130.72
K2-233 b,K2-233,1.0,Transit,2018.0,K2,2.4675143333333334,0.03306,1.352,6.83,0.026333333333333334,1096.0,K3,4926.333333333333,0.71,0.7933333333333333,4.626666666666666,67.5062
K2-233 c,K2-233,1.0,Transit,2018.0,K2,7.060570000000001,0.06664333333333333,1.296,8.705,0.06673333333333333,770.6666666666666,K3,4926.333333333333,0.71,0.7933333333333333,4.626666666666666,67.5062
K2-233 d,K2-233,1.0,Transit,2018.0,K2,24.3660575,0.15218,2.453666666666667,15.72,0.12663333333333335,510.0,K3,4932.25,0.7333333333333334,0.795,4.6475,67.5062
K2-237 b,K2-237,1.0,Transit,2018.0,K2,2.1805431575,0.03585,17.2898686125,442.179900675,0.018000000000000002,1827.25,F6 V,6215.571428571428,1.3319999999999999,1.2718,4.2788571428571425,314.995
K2-238 b,K2-238,1.0,Transit,2018.0,K2,3.20467545,0.046,14.5717,273.3338,0.0,1587.0,G2 V,5630.0,1.59,1.19,4.11,537.963
K2-239 b,K2-239,1.0,Transit,2018.0,K2,5.24,0.0441,1.1,,,502.0,M3.0 V,3420.0,0.36,0.4,4.9,31.0849
K2-239 c,K2-239,1.0,Transit,2018.0,K2,7.775,0.0576,1.0,,,427.0,M3.0 V,3420.0,0.36,0.4,4.9,31.0849
K2-239 d,K2-239,1.0,Transit,2018.0,K2,10.115,0.0685,1.1,,,399.0,M3.0 V,3420.0,0.36,0.4,4.9,31.0849
K2-24 b,K2-24,1.0,Transit,2016.0,K2,20.88613677777778,0.1553,5.589552423333334,19.7,0.02,720.6666666666666,G3,5626.375,1.1810247142857142,1.1050244,4.288142857142857,170.562
K2-24 c,K2-24,1.0,Transit,2016.0,K2,42.357338125,0.2489333333333333,7.720877655555556,20.95,0.023333333333333334,569.3333333333334,G3,5626.375,1.1810247142857142,1.1050244,4.288142857142857,170.562
K2-240 b,K2-240,1.0,Transit,2018.0,K2,6.034,0.0513,2.0,,,586.0,M0.5 V,3810.0,0.54,0.58,4.7,72.9105
K2-240 c,K2-240,1.0,Transit,2018.0,K2,20.523,0.1159,1.8,,,389.0,M0.5 V,3810.0,0.54,0.58,4.7,72.9105
K2-241 b,K2-241,1.0,Transit,2018.0,K2,26.8199,0.1567,2.55,,,507.0,,5262.0,0.75,0.71,4.54,149.464
K2-242 b,K2-242,1.0,Transit,2018.0,K2,6.51389,0.0494,2.54,,,416.0,,3459.0,0.37,0.38,4.89,109.237
K2-243 b,K2-243,1.0,Transit,2018.0,K2,11.54182,0.1087,2.17,,,1035.0,,6570.0,1.39,1.29,4.26,266.864
K2-243 c,K2-243,1.0,Transit,2018.0,K2,24.94598,0.1817,2.01,,,801.0,,6570.0,1.39,1.29,4.26,266.864
K2-244 b,K2-244,1.0,Transit,2018.0,K2,21.069520500000003,0.1418,1.700035645,,,638.0,,5702.5,0.9054515000000001,0.86,4.475,212.902
K2-245 b,K2-245,1.0,Transit,2018.0,K2,11.893415000000001,0.0959,3.505,,,846.0,,5867.5,1.103,0.855,4.37,456.064
K2-246 b,K2-246,1.0,Transit,2018.0,K2,5.76918,0.0602,3.49,,,977.0,,5610.0,0.94,0.87,4.43,703.616
K2-247 b,K2-247,1.0,Transit,2018.0,K2,2.25021,0.0304,2.12,,,979.0,,4667.0,0.69,0.74,4.63,258.113
K2-247 c,K2-247,1.0,Transit,2018.0,K2,6.49424,0.0615,2.19,,,688.0,,4667.0,0.69,0.74,4.63,258.113
K2-248 b,K2-248,1.0,Transit,2018.0,K2,7.17256,0.0699,2.57,,,886.0,,5528.0,0.92,0.88,4.45,406.254
K2-249 b,K2-249,1.0,Transit,2018.0,K2,12.409,0.1151,2.79,,,1061.0,,6504.0,1.57,1.32,4.16,521.716
K2-25 b,K2-25,1.0,Transit,2015.0,K2,3.484508252,0.0287,3.435,24.5,0.32266666666666666,494.0,M4.5,3190.2,0.2936832,0.28635,4.94034,44.9565
K2-250 b,K2-250,1.0,Transit,2018.0,K2,4.014245,0.04598,2.576286665,,0.21,980.5,,5087.5,0.8035000000000001,0.8045,4.537,414.708
K2-251 b,K2-251,1.0,Transit,2018.0,K2,9.30075,0.0694,2.35,,,437.0,,3717.0,0.49,0.52,4.76,147.03
K2-252 b,K2-252,1.0,Transit,2018.0,K2,13.81513,0.1041,1.74,,,639.0,,5152.0,0.82,0.79,4.5,228.839
K2-253 b,K2-253,1.0,Transit,2018.0,K2,4.00167,0.0506,12.67,,,1238.0,,6027.0,1.1,1.08,4.39,876.565
K2-254 b,K2-254,1.0,Transit,2018.0,K2,4.09639,0.0448,1.63,,,791.0,,4629.0,0.67,0.71,4.64,227.775
K2-254 c,K2-254,1.0,Transit,2018.0,K2,12.11839,0.0923,2.19,,,551.0,,4629.0,0.67,0.71,4.64,227.775
K2-255 b,K2-255,1.0,Transit,2018.0,K2,1.96417,0.0274,2.9,,,1034.0,,4676.0,0.69,0.71,4.62,191.608
K2-257 b,K2-257,1.0,Transit,2018.0,K2,1.60588,0.0216,0.83,,,789.0,,3725.0,0.5,0.52,4.76,64.0065
K2-258 b,K2-258,1.0,Transit,2018.0,K2,19.0921,0.149,3.0,,,831.0,,6351.0,1.31,1.21,4.29,661.873
K2-259 b,K2-259,1.0,Transit,2018.0,K2,15.4814145,0.1271,2.20831899,,,795.0,,5993.5,1.1038875,1.14,4.404999999999999,416.457
K2-26 b,K2-26,1.0,Transit,2016.0,K2,14.566753199999999,0.09534999999999999,2.6275,,,430.0,M1 V,3742.0,0.5150526,0.545,4.736535,99.0504
K2-260 b,K2-260,1.0,Transit,2018.0,K2,2.6266848400000002,0.04216,17.906361644999997,498.99173002,0.0265,2023.5,F6 V,6465.6,1.703,1.4393999999999998,4.152200000000001,663.834
K2-261 b,K2-261,1.0,Transit,2018.0,K2,11.63351798888889,0.105675,9.612993308333333,65.53604917833333,0.33466666666666667,1033.0,G7 IV/V,5508.0,1.6555,1.098857142857143,4.131875,213.283
K2-263 b,K2-263,1.0,Transit,2018.0,K2,50.81963125,0.2573,2.2913464725,14.850000000000001,0.14500000000000002,470.0,G9 V,5382.0,0.85,0.88,4.545,162.481
K2-264 b,K2-264,1.0,Transit,2018.0,K2,5.839886,0.05023,2.2504999999999997,,0.5,492.5,M2.5 V,3620.0,0.473,0.4835,4.783,185.605
K2-264 c,K2-264,1.0,Transit,2018.0,K2,19.661976000000003,0.11283,2.7190000000000003,,0.45,328.5,M2.5 V,3620.0,0.473,0.4835,4.783,185.605
K2-265 b,K2-265,2.0,Transit,2018.0,K2,2.36899051,0.033675,1.66798633,6.160612066666666,0.122,1311.5,G8 V,5425.285714285715,0.9145666666666666,0.9053333333333334,4.468653333333333,138.671
K2-266 b,K2-266,2.0,Transit,2018.0,K2,0.658524,0.01306,3.3,11.26782377,,1515.0,,4285.0,0.703,0.686,4.581,77.5586
K2-266 c,K2-266,2.0,Transit,2018.0,K2,7.814,0.0679,0.705,0.29013072,0.042,664.5,,4285.0,0.703,0.686,4.581,77.5586
K2-266 d,K2-266,2.0,Transit,2018.0,K2,14.6976,0.1035,2.93,8.9,0.0485,538.3,,4285.0,0.703,0.686,4.581,77.5586
K2-266 e,K2-266,2.0,Transit,2018.0,K2,19.482,0.1249,2.73,14.3,0.043,490.1,,4285.0,0.703,0.686,4.581,77.5586
K2-268 b,K2-268,1.0,Transit,2018.0,K2,2.15195,0.0308,1.5066666666666666,,,1128.5,,5087.0,0.7776666666666667,0.84,4.585,327.783
K2-268 c,K2-268,1.0,Transit,2018.0,K2,9.327071977142856,0.0819,2.85,,,692.0,,5061.495,0.7859183333333334,0.8394999999999999,4.5696449999999995,327.783
K2-268 d,K2-268,1.0,Transit,2021.0,K2,4.528824,,1.67,,,888.0,,5106.0,0.7765,0.84,4.58,327.783
K2-268 e,K2-268,1.0,Transit,2021.0,K2,6.1314915,,1.525,,,801.0,,5106.0,0.7765,0.84,4.58,327.783
K2-268 f,K2-268,1.0,Transit,2021.0,K2,26.269185,,2.415,,,492.0,,5106.0,0.7765,0.84,4.58,327.783
K2-269 b,K2-269,1.0,Transit,2018.0,K2,4.144825,0.0531,1.3885465000000001,,,1429.0,,6140.48,1.379637,1.17,4.166673333333333,360.76
K2-27 b,K2-27,3.0,Transit,2016.0,K2,6.771314952222222,0.06866,4.888811885,30.066666666666666,0.20550000000000002,909.6666666666666,,5359.875,0.8815135714285715,0.8892240000000001,4.5077,249.64500000000004
K2-270 b,K2-270,1.0,Transit,2018.0,K2,1.5431873333333332,0.0247,1.3933333333333333,,,1203.0,,4877.0,0.77,0.85,4.59,280.518
K2-270 c,K2-270,1.0,Transit,2018.0,K2,4.399751861666666,0.0497,3.0149999999999997,,,848.0,,4778.205,0.8028004,0.786,4.53674,280.518
K2-271 b,K2-271,1.0,Transit,2018.0,K2,8.562598752,0.077,6.723333333333334,,,893.0,,5578.186666666666,0.99102,0.93,4.396333333333334,564.454
K2-272 b,K2-272,1.0,Transit,2018.0,K2,14.452806695714285,0.10439999999999999,2.98,,,701.0,,5406.624000000001,0.8132836666666666,0.9066666666666667,4.554080000000001,423.065
K2-273 b,K2-273,1.0,Transit,2018.0,K2,11.71892459375,0.08515,3.418333333333333,,,760.5,,5126.932,0.8570514285714286,0.8586666666666667,4.521272,308.105
K2-274 b,K2-274,1.0,Transit,2018.0,K2,14.12907760125,0.10139999999999999,2.2318673633333335,,,622.0,,5051.147999999999,0.7310648571428572,0.8200000000000001,4.64216,228.327
K2-275 b,K2-275,1.0,Transit,2018.0,K2,3.2808740771428573,0.03385,2.2537376,,,1035.5,,4808.42,0.7235524,0.776,4.5770800000000005,123.438
K2-275 c,K2-275,1.0,Transit,2018.0,K2,8.4386519,0.08155,2.3899999999999997,,,656.5,,4812.183333333333,0.71483625,0.7773333333333333,4.617566666666667,123.43800000000002
K2-276 b,K2-276,1.0,Transit,2018.0,K2,18.715025,0.1291,3.533333333333333,,,583.0,,4991.0,0.833,0.8049999999999999,4.463115,488.152
K2-277 b,K2-277,1.0,Transit,2018.0,K2,6.327153825,0.06695000000000001,2.1612438,7.4,0.52,986.6666666666666,,5700.833333333333,0.9735531999999999,0.9966666666666667,4.469726666666667,113.123
K2-278 b,K2-278,1.0,Transit,2018.0,K2,3.33390275,0.0488,2.736666666666667,,,1711.0,,6152.0,1.6944299999999999,1.19,4.06734,786.439
K2-279 b,K2-279,1.0,Transit,2018.0,K2,7.123653,0.067,1.1513333333333333,,,879.0,,5491.99,0.8585,0.8674999999999999,4.485305,182.983
K2-28 b,K2-28,1.0,Transit,2016.0,K2,2.2604368999999997,0.019825,2.125,,0.043333333333333335,526.0,M4,3201.55,0.28396675,0.23845166666666665,4.93,62.996900000000004
K2-280 b,K2-280,1.0,Transit,2018.0,K2,19.8951135,0.14745,7.449156456666667,43.05,0.35,755.6666666666666,,5687.5,1.3014999999999999,1.07,4.27,391.537
K2-281 b,K2-281,1.0,Transit,2018.0,K2,8.687747,0.0773,7.88,,,665.0,,4812.0,0.755,0.82,4.59,458.13899999999995
K2-282 b,K2-282,1.0,Transit,2018.0,K2,4.16992125,0.0499,2.8025,,,1057.0,,5511.0,0.97,0.95,4.484999999999999,496.289
K2-283 b,K2-283,1.0,Transit,2018.0,K2,1.9210743333333333,0.0291,3.516666666666667,,,1186.0,,5060.0,0.84,0.89,4.56,402.915
K2-284 b,K2-284,1.0,Transit,2018.0,K2,4.79496445,0.04771,2.78,,0.078,653.0,,4140.0,0.607,0.63,4.67,107.272
K2-285 b,K2-285,1.0,Transit,2018.0,K2,3.471745,0.03817,2.59,9.68,0.0,1088.9,K2 V,4975.0,0.787,0.83,4.4,154.961
K2-285 c,K2-285,1.0,Transit,2018.0,K2,7.138048,0.0824,3.53,15.68,0.0,741.4,K2 V,4975.0,0.787,0.83,4.4,154.961
K2-285 d,K2-285,1.0,Transit,2018.0,K2,10.45582,0.1178,2.48,6.5,0.0,619.9,K2 V,4975.0,0.787,0.83,4.4,154.961
K2-285 e,K2-285,1.0,Transit,2018.0,K2,14.76289,0.18041,1.95,10.7,0.0,500.9,K2 V,4975.0,0.787,0.83,4.4,154.961
K2-286 b,K2-286,1.0,Transit,2018.0,K2,27.359,0.1768,2.1,,,347.0,M0 V,3926.0,0.62,0.64,4.7,76.1486
K2-287 b,K2-287,1.0,Transit,2018.0,K2,14.893290499999999,0.1206,9.41555196,100.91077012,0.479,804.0,,5695.0,1.07,1.058,4.398,158.335
K2-288 B b,K2-288 B,2.0,Transit,2018.0,K2,31.3911315,0.164,1.575,,,226.36,M3 V,3341.0,0.316,0.33,4.96,65.6138
K2-289 b,K2-289,1.0,Transit,2019.0,K2,13.15687325,0.107,7.08,,,753.0,,4384.666666666667,0.7825,0.953,4.6415,274.3
K2-29 b,K2-29,2.0,Transit,2016.0,K2,3.2588785325,0.04176,11.880757432,213.422845,0.07200000000000001,1123.5,G7 V,5342.58,0.8445164285714286,0.9363639999999999,4.567187142857143,178.475
K2-290 b,K2-290,3.0,Transit,2019.0,K2,9.21165,0.0923,3.06,10.9,0.0,1230.0,,6302.0,1.511,1.194,4.23,272.909
K2-290 c,K2-290,3.0,Transit,2019.0,K2,48.36685,0.305,11.276254,246.00042,0.0,676.0,,6302.0,1.511,1.194,4.23,272.909
K2-291 b,K2-291,1.0,Transit,2019.0,K2,2.225118,0.03261,1.5866666666666667,6.460000000000001,0.0,1278.0,,5520.0,0.9015,0.9313333333333333,4.5,90.0562
K2-292 b,K2-292,1.0,Transit,2019.0,K2,16.9841,0.13,2.63,24.5,0.04,795.0,G3 V,5725.0,1.09,1.0,4.33,114.293
K2-293 b,K2-293,1.0,Transit,2019.0,K2,13.1225,,2.45,,,750.0,,5532.0,0.947,0.958,4.52,392.251
K2-294 b,K2-294,1.0,Transit,2019.0,K2,2.50387,,1.66,,,1425.0,,5612.0,1.2,0.987,4.2,373.078
K2-295 b,K2-295,1.0,Transit,2018.0,K2,4.024881495,0.0451,9.971491,106.47305,0.0,852.0,K5 V,4444.0,0.71,0.74,4.63,232.801
K2-3 b,K2-3,1.0,Transit,2015.0,K2,10.054278485333333,0.07542499999999999,2.049692307692308,6.805714285714286,0.0522,488.86,M0 V,3886.0833333333335,0.5626812307692308,0.5891839999999999,4.7339111111111105,44.072700000000005
K2-3 c,K2-3,1.0,Transit,2015.0,K2,24.646096285714286,0.1370875,1.6312307692307693,2.8085714285714287,0.0366,362.96,M0 V,3883.0,0.5636666666666666,0.5934999999999999,4.739,44.0727
K2-3 d,K2-3,1.0,Transit,2015.0,K2,44.55948514285715,0.20398571428571427,1.4756666666666665,4.25715261,0.046599999999999996,296.24,M0 V,3880.181818181818,0.566238,0.5951024,4.7339111111111105,44.0727
K2-30 b,K2-30,1.0,Transit,2016.0,K2,4.098441795555555,0.0472625,12.521029928333334,189.74451,0.035666666666666666,1160.0,G6 V,5471.25,0.88279325,0.9094000000000001,4.50552375,333.042
K2-308 b,K2-308,1.0,Transit,2019.0,K2,3.38628,,9.916,,,,,6100.0,1.24,1.09,3.94,1314.53
K2-31 b,K2-31,2.0,Transit,2016.0,K2,1.2578478042857142,0.022289999999999997,24.720385,568.31014,0.0,1688.0,G7 V,5338.285714285715,0.901008,0.9263999999999999,4.498489999999999,110.527
K2-312 c,HD 80653,1.0,Radial Velocity,2023.0,Roque de los Muchachos Observatory,921.2,1.961,,1719.45168187,0.853,,,5959.0,1.22,1.18,,109.86
K2-315 b,K2-315,1.0,Transit,2020.0,K2,3.1443189,,0.95,,,460.0,M(3.5+/-0.5) V,3300.0,0.196,0.174,5.094,56.9686
K2-316 b,K2-316,1.0,Transit,2020.0,K2,1.133,0.0147,1.33,,,841.0,,3436.0,0.379,0.408,4.891,112.486
K2-316 c,K2-316,1.0,Transit,2020.0,K2,5.26,0.0582,1.83,,,423.0,,3436.0,0.379,0.408,4.891,112.486
K2-317 b,K2-317,1.0,Transit,2020.0,K2,6.22,0.0542,2.93,,,432.0,,3387.0,0.379,0.403,4.885,176.291
K2-318 b,K2-318,1.0,Transit,2020.0,K2,7.01,0.0911,1.66,,,456.0,,3851.0,0.552,0.561,4.701,147.866
K2-319 b,K2-319,1.0,Transit,2020.0,K2,26.68,0.1516,2.79,,,641.0,,5440.0,0.898,0.954,4.512,209.071
K2-32 b,K2-32,2.0,Transit,2016.0,K2,8.991845877272727,0.08042200000000001,5.168803245,17.225,0.01,796.0,G9 V,5250.333333333333,0.854494875,0.8603333333333333,4.50532125,157.682
K2-32 c,K2-32,2.0,Transit,2016.0,K2,20.660079,0.14002599999999998,3.0899179539999997,8.5,0.016333333333333335,603.25,G9 V,5247.375,0.8548805714285714,0.8603333333333333,4.501285714285714,157.682
K2-32 d,K2-32,2.0,Transit,2016.0,K2,31.7171879,0.186364,3.4468111980000002,16.425,0.016666666666666666,523.0,G9 V,5247.375,0.8548805714285714,0.8603333333333333,4.501285714285714,157.682
K2-32 e,K2-32,2.0,Transit,2019.0,K2,4.3490866666666665,0.04925,1.4740000000000002,2.1,0.043,1066.0,,5271.0,0.8525,0.843,4.49,157.682
K2-320 b,K2-320,1.0,Transit,2020.0,K2,1.995,0.0142,2.62,,,698.0,,3157.0,0.3,0.117,4.55,108.74
K2-321 b,K2-321,1.0,Transit,2020.0,K2,2.29798745,0.034695000000000004,2.000621735,,0.44,765.5,,3802.5,0.589,0.5885,4.6665,77.6888
K2-322 b,K2-322,1.0,Transit,2020.0,K2,8.205,0.0594,1.92,,,635.0,,4141.0,0.602,0.63,4.677,123.415
K2-323 b,K2-323,1.0,Transit,2020.0,K2,24.93,0.1275,2.1,,,318.0,,3710.0,0.549,0.478,4.63,118.318
K2-324 b,K2-324,1.0,Transit,2020.0,K2,3.262,0.0331,2.43,,,707.0,,3752.0,0.505,0.517,4.743,136.667
K2-325 b,K2-325,1.0,Transit,2020.0,K2,6.93,0.0419,2.2,,,423.0,,3287.0,0.298,0.274,4.84,111.638
K2-326 b,K2-326,1.0,Transit,2020.0,K2,1.256,0.0198,2.28,,,1114.0,,3924.0,0.688,0.507,4.462,282.308
K2-329 b,K2-329,1.0,Transit,2020.0,K2,12.4551225,0.1016,8.675766,82.6358,0.0697,650.0,,5282.0,0.822,0.901,4.566,233.237
K2-33 b,K2-33,1.0,Transit,2016.0,K2,5.42457222,0.0409,3.7095,1160.0795,0.0,850.0,M3,3289.5,0.89715575,0.4063333333333334,3.951585,139.268
K2-330 b,K2-330,1.0,Transit,2021.0,K2,13.77345,,2.608738005,,,969.0,,6204.326666666667,1.47936,1.2255,4.126896666666666,160.125
K2-331 b,K2-331,1.0,Transit,2021.0,K2,9.398977,,1.79,,,909.0,,5994.0,1.06,1.1,4.43,211.43
K2-331 c,K2-331,1.0,Transit,2021.0,K2,22.9962555,,2.6100000000000003,,,673.0,,6002.0,1.0514999999999999,1.1,4.428,211.43
K2-332 b,K2-332,1.0,Transit,2021.0,K2,17.704340000000002,,1.98,,,266.0,,3290.5,0.28483800000000004,0.2674415,4.95365,123.202
K2-333 b,K2-333,1.0,Transit,2021.0,K2,14.759580333333332,,5.74,,,826.0,,6006.666666666667,1.1973333333333331,1.06,4.308666666666666,343.99
K2-334 b,K2-334,1.0,Transit,2021.0,K2,5.113882266666667,,5.325,,,1380.0,,6760.666666666667,1.436,1.36,4.256,371.82300000000004
K2-335 b,K2-335,1.0,Transit,2021.0,K2,12.281938499999999,,2.4021121033333332,,,949.0,,6159.666666666667,1.3292366666666666,1.225,4.231216666666667,557.993
K2-336 b,K2-336,1.0,Transit,2021.0,K2,21.19578025,,1.2890820333333333,,,569.0,,5332.59,0.7933453333333333,0.885,4.564396666666666,239.289
K2-337 b,K2-337,1.0,Transit,2021.0,K2,16.27217575,,2.4996212966666667,,,850.0,,5821.666666666667,1.2828766666666667,1.01,4.2238966666666675,421.636
K2-338 b,K2-338,1.0,Transit,2021.0,K2,3.850418,,1.0514999999999999,,,783.0,,4531.0,0.6284765,0.6839999999999999,4.6718150000000005,156.951
K2-339 b,K2-339,1.0,Transit,2021.0,K2,19.507714,,2.0149999999999997,,,508.0,,4857.0,0.6479999999999999,0.74,4.59,360.36
K2-34 b,K2-34,1.0,Transit,2016.0,K2,2.995635823076923,0.044398,14.097773631999999,503.8400075,0.019,1675.75,F,6133.358181818182,1.4248193333333332,1.2089927777777776,4.173029090909091,348.646
K2-340 b,K2-340,1.0,Transit,2021.0,K2,29.735183666666668,,3.44,,,606.0,,5498.0,1.13,0.9450000000000001,4.313695,738.136
K2-341 b,K2-341,1.0,Transit,2021.0,K2,36.555034,,3.1192900433333333,,,598.0,,5788.0,1.13,0.98,4.305,421.4080000000001
K2-342 b,K2-342,1.0,Transit,2021.0,K2,11.561283,,2.215,,,861.0,,6030.0,1.248,1.01,4.3075,208.357
K2-343 b,K2-343,1.0,Transit,2021.0,K2,2.7871420000000002,,1.825,,,653.0,,3804.0,0.48350000000000004,0.49,4.8,166.169
K2-343 c,K2-343,1.0,Transit,2021.0,K2,7.676948666666667,,2.2533333333333334,,,465.0,,3797.0,0.4625,0.49,4.795,166.169
K2-344 b,K2-344,1.0,Transit,2021.0,K2,3.355852,,1.5950000000000002,,,722.0,,4117.0,0.5205,0.51,4.74,75.1691
K2-345 b,K2-345,1.0,Transit,2021.0,K2,10.366569,,1.9649999999999999,,,437.0,,3727.0,0.5297005,0.547811,4.721550000000001,162.408
K2-346 b,K2-346,1.0,Transit,2021.0,K2,26.198017,,2.2340434966666667,,,450.0,,4756.0,0.7007283333333333,0.728,4.63946,105.58
K2-347 b,K2-347,1.0,Transit,2021.0,K2,7.186958999999999,,2.495,,,640.0,,4495.0,0.6235495,0.6735,4.672155,320.336
K2-348 b,K2-348,1.0,Transit,2021.0,K2,4.6885215,,3.53,,,908.0,,5148.5,0.85,0.83,4.5225,201.856
K2-348 c,K2-348,1.0,Transit,2021.0,K2,12.5505335,,2.635,,,655.0,,5148.5,0.839,0.83,4.5225,201.856
K2-349 b,K2-349,1.0,Transit,2021.0,K2,9.031492666666667,,2.065,,,518.0,,4829.5,0.7003559999999999,0.72,4.690695,453.567
K2-35 b,K2-35,1.0,Transit,2016.0,K2,2.39967406,0.031200000000000002,1.318,,0.13,979.0,K4 V,4458.6775,0.62339375,0.701968,4.6285,252.596
K2-35 c,K2-35,1.0,Transit,2016.0,K2,5.6088951400000004,0.0551,1.9966666666666668,,0.12,751.5,K4 V,4446.858333333334,0.67489375,0.690984,4.581466666666667,252.596
K2-350 b,K2-350,1.0,Transit,2021.0,K2,4.163873,,1.54,,,1158.0,,5789.0,1.04,0.98,4.39,489.368
K2-350 c,K2-350,1.0,Transit,2016.0,K2,19.99101466666667,,2.7750000000000004,,,687.0,,5794.0,1.0230000000000001,1.01,4.43248,489.368
K2-351 b,K2-351,1.0,Transit,2021.0,K2,7.80639867,,2.785,,,934.0,,5749.0,1.04316,1.0266666666666666,4.411373333333334,694.734
K2-352 b,K2-352,1.0,Transit,2021.0,K2,3.665912,,1.37,,,1160.0,,5791.0,0.95,0.98,4.47,176.051
K2-352 c,K2-352,1.0,Transit,2021.0,K2,8.235685499999999,,1.96,,,885.0,,5860.5,0.9365,0.98,4.483499999999999,176.051
K2-352 d,K2-352,1.0,Transit,2021.0,K2,14.870664999999999,,3.3150000000000004,,,727.0,,5860.5,0.9365,0.98,4.483499999999999,176.051
K2-353 b,K2-353,1.0,Transit,2021.0,K2,15.466805,,5.55,,,735.0,,5698.0,0.99,0.87,4.38,268.515
K2-354 b,K2-354,1.0,Transit,2021.0,K2,3.793653,,1.56,,,543.0,,3589.5,0.4159405,0.4229735,4.833365000000001,91.722
K2-355 b,K2-355,1.0,Transit,2021.0,K2,5.7385647,0.0632,2.25,,,1066.0,,5790.0,0.92,0.96,4.49,500.497
K2-356 b,K2-356,1.0,Transit,2021.0,K2,21.0267366,0.1599,2.29,,,624.0,,5568.0,0.86,0.9,4.52,355.54
K2-357 b,K2-357,1.0,Transit,2021.0,K2,16.3488637,0.145,3.72,,,735.0,,5794.0,1.0,0.98,4.43,517.687
K2-358 b,K2-358,1.0,Transit,2021.0,K2,11.2510285,0.0863,2.68,,,888.0,,5650.0,0.91,0.93,4.49,480.307
K2-36 b,K2-36,1.0,Transit,2016.0,K2,1.4226191,0.022815000000000002,1.4181861387499999,4.433333333333334,0.0465,1246.0,K2 V,4910.714285714285,0.73175,0.7950662500000001,4.6238,109.749
K2-36 c,K2-36,1.0,Transit,2016.0,K2,5.340863496666667,0.05513,2.9725458225,13.9,0.0445,801.75,K2 V,4900.043333333333,0.7339974,0.7950662500000001,4.6123014285714286,109.749
K2-360 c,EPIC 201595106,1.0,Radial Velocity,2024.0,Multiple Observatories,9.79692,0.0883,,15.23,0.11,912.0,,5679.0,0.98,0.958,4.435,232.1
K2-365 b,K2-365,1.0,Transit,2022.0,K2,23.4437512,,2.93826349,,,,,5620.5,1.0318606666666665,0.9025,4.408146666666666,187.222
K2-366 b,K2-366,1.0,Transit,2022.0,K2,15.937168999999999,,2.023,,,,,5087.5,0.7903333333333333,0.825,4.406,185.947
K2-367 b,K2-367,1.0,Transit,2022.0,K2,20.645008999999998,,2.4443333333333332,,,,,4372.0,0.625,0.756,4.726,176.965
K2-368 b,K2-368,1.0,Transit,2022.0,K2,5.025906333333333,,1.4580000000000002,,,,,4671.0,0.663,0.746,4.667,206.60800000000003
K2-368 c,K2-368,1.0,Transit,2022.0,K2,9.659438,,1.3704999999999998,,,,,4663.0,0.62,0.746,4.667,206.608
K2-368 d,K2-368,1.0,Transit,2022.0,K2,20.200992499999998,,1.919,,,,,4663.0,0.62,0.746,4.667,206.608
K2-369 b,K2-369,1.0,Transit,2022.0,K2,5.7617689500000004,,1.318277635,,,,,5592.0,0.8745,0.735,4.494,185.55
K2-37 b,K2-37,1.0,Transit,2016.0,K2,4.44279815,0.051074999999999995,1.5426201883333333,,,961.5,G3 V,5279.8,0.81735075,0.881717,4.5555,179.943
K2-37 c,K2-37,1.0,Transit,2016.0,K2,6.429632744285714,0.06537,2.591353273333333,,,850.0,G3 V,5221.0,0.8254842,0.881717,4.540204,179.943
K2-37 d,K2-37,1.0,Transit,2016.0,K2,14.091817166666667,0.11025,2.4919597733333334,12.5,,654.5,G3 V,5279.8,0.81735075,0.881717,4.5555,179.943
K2-370 b,K2-370,1.0,Transit,2022.0,K2,2.14084,,3.207,,,,G8,5377.0,0.971,0.984,4.454,144.202
K2-371 b,K2-371,1.0,Transit,2022.0,K2,3.114920824,,12.518,,,,,4943.0,0.74504,0.866,4.62918,442.813
K2-372 b,K2-372,1.0,Transit,2022.0,K2,9.844056,,3.0583333333333336,,,,,5489.615,0.93075,0.9035,4.44755,463.88
K2-373 b,K2-373,1.0,Transit,2022.0,K2,11.02098,,2.1555,,,,,6138.0,1.4965,1.158,4.156,229.567
K2-374 b,K2-374,1.0,Transit,2022.0,K2,4.521953,,1.593,,,,G3,5789.0,0.907,0.731,4.386,359.439
K2-374 c,K2-374,1.0,Transit,2022.0,K2,16.43445,,2.213,,,,G3,5789.0,0.907,0.731,4.386,359.439
K2-375 b,K2-375,1.0,Transit,2022.0,K2,14.4539645,,2.279441873333333,,,,,5828.693333333334,1.5476433333333333,1.0845,4.168733333333333,696.1
K2-376 b,K2-376,1.0,Transit,2022.0,K2,5.776475,,1.736,,,,G1,5937.0,1.149,0.908,4.275,161.61
K2-377 b,K2-377,1.0,Transit,2022.0,K2,12.834181206666665,,1.7565,,,,,4257.0,0.694492,0.7475,4.6260200000000005,195.149
K2-378 b,K2-378,1.0,Transit,2022.0,K2,2.060268666666667,,3.02,,,,,4838.5,0.731807,0.8565,4.63772,687.973
K2-379 b,K2-379,1.0,Transit,2022.0,K2,8.777773499999999,,2.2255000000000003,,,,,4603.0,0.7204999999999999,0.856,4.615,182.207
K2-38 b,K2-38,1.0,Transit,2016.0,K2,4.0161871428571425,0.0503925,1.6857900000000001,10.41396,0.1535,1237.25,G2 V,5731.166666666667,1.1324,1.0548,4.3528,192.69
K2-38 c,K2-38,1.0,Transit,2016.0,K2,10.56107,0.096035,2.436666666666667,8.325000000000001,0.1235,896.25,G2 V,5726.0,1.10525,1.0485,4.3535,192.68999999999997
K2-380 b,K2-380,1.0,Transit,2022.0,K2,9.401516,,2.3445,,,,,5911.0,1.225,0.993,4.194,249.303
K2-381 b,K2-381,1.0,Transit,2022.0,K2,7.938996466666667,,1.0327412366666666,,,,,4567.0,0.660326,0.754,4.656499999999999,145.701
K2-381 c,K2-381,1.0,Transit,2022.0,K2,16.0361368,,2.0270418625,,,,,4614.666666666667,0.646884,0.754,4.656499999999999,145.701
K2-381 d,K2-381,1.0,Transit,2022.0,K2,26.804473666666667,,1.5668599366666667,,,,,4567.0,0.660326,0.754,4.656499999999999,145.701
K2-382 b,K2-382,1.0,Transit,2022.0,K2,21.699258333333333,,2.40753041,,,,,5511.0,0.811,0.922,4.5975,278.412
K2-383 b,K2-383,1.0,Transit,2022.0,K2,1.8659886666666665,,1.7242041266666668,,,,,5180.0,0.8145625000000001,1.061,4.6675,203.788
K2-384 b,K2-384,1.0,Transit,2022.0,K2,2.231527,,1.076,,,,M4 V,3623.0,0.348,0.33,4.874,82.6603
K2-384 c,K2-384,1.0,Transit,2022.0,K2,4.195008,,1.1205,,,,M4 V,3623.0,0.3025,0.33,4.874,82.6603
K2-384 d,K2-384,1.0,Transit,2022.0,K2,6.679341,,1.246,,,,M4 V,3623.0,0.3025,0.33,4.874,82.6603
K2-384 e,K2-384,1.0,Transit,2022.0,K2,9.7155265,,1.2425,,,,M4 V,3623.0,0.3025,0.33,4.874,82.6603
K2-384 f,K2-384,1.0,Transit,2022.0,K2,13.627486666666668,,2.001,,,,M4 V,3741.5,0.28733333333333333,0.33,4.874,82.6603
K2-385 b,K2-385,1.0,Transit,2022.0,K2,2.3809234999999997,,1.6295,,,,,4844.0,0.7475,0.927,4.64,420.819
K2-386 b,K2-386,1.0,Transit,2022.0,K2,7.473417666666666,,2.5300000000000002,,,,,5670.5,0.9973333333333333,0.911,4.424,428.785
K2-387 b,K2-387,1.0,Transit,2022.0,K2,28.735174999999998,,6.514,,,,,3572.0,0.6245,0.57,4.66,266.318
K2-388 b,K2-388,1.0,Transit,2022.0,K2,6.339152666666667,,3.74,,,874.0,G8,5348.0,0.9013333333333334,0.8713333333333333,4.444,290.495
K2-389 b,K2-389,1.0,Transit,2022.0,K2,8.583499666666667,,2.2106666666666666,,,932.0,G3,5779.0,1.0873333333333335,0.8646666666666668,4.285333333333333,259.208
K2-389 c,K2-389,1.0,Transit,2022.0,K2,20.851337,,2.04,,,,G3,5782.0,1.084,0.802,4.273,259.208
K2-39 b,K2-39,1.0,Transit,2016.0,K2,4.6048647,0.058826666666666666,5.891173333333334,39.076175,0.050666666666666665,1610.0,,4905.142857142857,2.938114,1.1005,3.5444000000000004,307.46999999999997
K2-390 b,K2-390,1.0,Transit,2022.0,K2,3.312792,,4.662,,,,G4,5558.0,0.966,0.789,4.368,456.122
K2-391 b,K2-391,1.0,Transit,2022.0,K2,4.622654,,1.371,,,,G7,5543.0,0.566,0.757,4.973,507.94
K2-392 b,K2-392,1.0,Transit,2022.0,K2,15.398723,,1.85,,,,G3,5726.0,1.058,0.841,4.314,406.985
K2-393 b,K2-393,1.0,Transit,2022.0,K2,10.4123105,,2.352,,,,,5609.0,1.0955,0.881,4.321,265.914
K2-394 b,K2-394,1.0,Transit,2022.0,K2,5.0957685,,1.692,,,,,4714.0,0.631,0.478,4.515,98.0152
K2-395 b,K2-395,1.0,Transit,2022.0,K2,4.803352,,2.597,,,,K0,5007.0,0.783,0.952,4.628,286.727
K2-395 c,K2-395,1.0,Transit,2022.0,K2,8.491282,,3.395,,,,K0,5007.0,0.783,0.952,4.628,286.727
K2-396 b,K2-396,1.0,Transit,2022.0,K2,0.673862,,1.579,,,,G9,5236.0,0.92,0.954,4.488,274.864
K2-396 c,K2-396,1.0,Transit,2022.0,K2,25.76051,,3.124,,,,,5236.0,0.92,0.954,4.488,274.864
K2-397 b,K2-397,1.0,Transit,2022.0,K2,3.572326,,2.417,,,,G7,5387.0,0.966,0.937,4.435,199.354
K2-398 b,K2-398,1.0,Transit,2022.0,K2,6.393025,,2.274,,,,G2,5946.0,1.239,0.945,4.227,606.992
K2-398 c,K2-398,1.0,Transit,2022.0,K2,18.787839,,5.098,,,,G2,5946.0,1.239,0.945,4.227,606.992
K2-4 b,K2-4,1.0,Transit,2015.0,K2,10.004332781666667,0.07573333333333333,2.2039999999999997,,0.08,563.0,,4090.546,0.5903397499999999,0.6350086666666667,4.711345,231.828
K2-400 b,K2-400,1.0,Transit,2022.0,K2,3.865053,,1.163,,,,M3,3578.0,0.382,0.374,4.847,62.3804
K2-401 b,K2-401,1.0,Transit,2022.0,K2,6.293099,,2.262,,,,K7,4213.0,0.675,0.87,4.719,200.727
K2-402 b,K2-402,1.0,Transit,2022.0,K2,17.27474,,2.678,,,,G2,5716.0,1.28,0.944,4.197,523.055
K2-403 b,K2-403,1.0,Transit,2022.0,K2,33.589979,,5.333,,,,G4,5511.0,0.886,0.784,4.439,246.599
K2-404 b,K2-404,1.0,Transit,2022.0,K2,13.115365,,2.53,,,,M1,3748.0,0.552,0.552,4.695,121.63
K2-405 b,K2-405,1.0,Transit,2022.0,K2,3.4354620000000002,,4.1875,,,,K0,4927.0,0.765,1.034,4.685,197.234
K2-406 b,K2-406,1.0,Transit,2022.0,K2,22.549406,,4.602,,,,G4,5784.0,0.961,0.798,4.374,85.3751
K2-407 b,K2-407,1.0,Transit,2022.0,K2,4.941907,,1.283,,,,G4,5563.0,0.927,0.881,4.45,218.376
K2-407 c,K2-407,1.0,Transit,2022.0,K2,9.22453,,1.36,,,,G4,5563.0,0.927,0.881,4.45,218.376
K2-408 b,K2-408,1.0,Transit,2022.0,K2,20.978959,,1.677,,,,G7,5335.0,0.784,0.813,4.559,162.306
K2-409 b,K2-409,1.0,Transit,2022.0,K2,1.908084,,2.482,,,,G4,5742.0,1.228,0.886,4.204,431.031
K2-411 b,K2-411,1.0,Transit,2022.0,K2,3.2141,0.0511,0.9898,,,,,5711.0,1.375,1.018,4.1693,298.219
K2-412 b,K2-412,1.0,Transit,2022.0,K2,5.9382,0.0586,2.116,,,,,5590.0,0.977,0.893,4.412,654.085
K2-413 b,K2-413,1.0,Transit,2022.0,K2,0.8094,0.0117,0.7599,,,,,4116.0,0.7,0.808,4.656,285.162
K2-413 c,K2-413,1.0,Transit,2022.0,K2,5.3301,0.0426,1.2327,,,,,4116.0,0.7,0.808,4.656,285.162
K2-414 b,K2-414,1.0,Transit,2022.0,K2,4.3696,0.0487,1.219,,,,,4343.0,0.732,0.814,4.621,260.036
K2-414 c,K2-414,1.0,Transit,2022.0,K2,6.669,0.0552,1.9287,,,,,4343.0,0.732,0.814,4.621,260.036
K2-415 b,K2-415,1.0,Transit,2023.0,K2,4.0179694,0.027,1.015,7.5,,412.4,M5 V,3173.0,0.1965,0.1635,5.066,21.8182
K2-416 b,K2-416,1.0,Transit,2023.0,K2,13.102,0.088,2.66,1652.7077164,,447.0,M V,3746.0,0.554,0.548,4.691,120.311
K2-417 b,K2-417,1.0,Transit,2023.0,K2,6.535,0.063,3.31,699.2224954,,558.0,M V,3861.0,0.5776,0.569,4.67,94.0424
K2-419 A b,K2-419 A,2.0,Transit,2024.0,K2,20.358990104,0.1208,10.675,196.0,0.042,377.0,,3722.3333333333335,0.5398368,0.5442253333333333,4.71558,268.685
K2-42 b,K2-42,1.0,Transit,2016.0,K2,6.6879684,0.0617,2.3966666666666665,,,,,4544.5,0.6505000000000001,0.702,4.659,396.913
K2-43 b,K2-43,1.0,Transit,2016.0,K2,3.4712102000000002,0.037919999999999995,4.5840000000000005,,0.07,939.3,,3847.33,0.566483,0.5899546666666666,4.698,182.536
K2-43 c,K2-43,1.0,Transit,2019.0,K2,2.199167,,2.51,,,1093.7,,3840.6,0.5760000000000001,0.571,,182.536
K2-44 b,K2-44,1.0,Transit,2016.0,K2,5.656618333333333,0.06255,2.5770343066666666,,,1211.0,,5875.0,1.5846115,1.15,4.074,476.703
K2-45 b,K2-45,1.0,Transit,2016.0,K2,1.72926055,0.0237,9.8875,,0.1,,,4212.033333333334,0.629887,0.5925945,4.824,495.317
K2-46 b,K2-46,1.0,Transit,2016.0,K2,19.153769,0.13821,2.322281194,,,889.0,,6262.25,1.297222,0.9875465,4.154,449.23699999999997
K2-47 b,K2-47,1.0,Transit,2016.0,K2,31.646202,0.1779,2.3,,,,,4932.0,0.76,0.75,4.544,349.88100000000003
K2-48 b,K2-48,1.0,Transit,2016.0,K2,20.508297666666667,0.1344,2.4166666666666665,,,,,4813.5,0.725,0.77,4.603,313.764
K2-49 b,K2-49,1.0,Transit,2016.0,K2,2.770600566666667,0.0309,2.8266666666666667,,,,,4252.0,0.6053333333333333,0.51,4.81,457.125
K2-5 b,K2-5,1.0,Transit,2015.0,K2,5.73563124,0.0515,2.386,,,599.5,K7.5 V,4035.25,0.5406666666666666,0.5533333333333333,4.766500000000001,202.943
K2-5 c,K2-5,1.0,Transit,2015.0,K2,10.933365,0.07919999999999999,1.96,,,483.5,K7.5 V,4017.6666666666665,0.5406666666666666,0.5533333333333333,4.766500000000001,202.943
K2-50 b,K2-50,1.0,Transit,2016.0,K2,8.752622466666667,0.0705,2.1133333333333333,,,,,4289.0,0.61,0.611,4.742,257.443
K2-52 b,K2-52,1.0,Transit,2016.0,K2,3.535106875,0.051250000000000004,11.92,,,2004.0,,5506.666666666667,1.9173333333333333,1.4505,4.0595,1038.41
K2-53 b,K2-53,1.0,Transit,2016.0,K2,12.2075197,0.09775,2.4775,,,665.0,,4942.75,0.815833,0.8405,4.5025466666666665,138.018
K2-54 b,K2-54,1.0,Transit,2016.0,K2,9.7838,0.0716,1.88084625,,0.24,560.0,,3894.0,0.5135000000000001,0.518,4.750500000000001,174.955
K2-55 b,K2-55,1.0,Transit,2016.0,K2,2.84930495875,0.03493,4.226,44.0,0.07,900.0,,4329.568571428571,0.68559625,0.6878625,4.593552,159.522
K2-57 b,K2-57,1.0,Transit,2016.0,K2,9.007039,0.0749,2.279762505,,0.25,635.8,,4411.666666666667,0.646,0.6910000000000001,4.6545,264.213
K2-58 b,K2-58,1.0,Transit,2016.0,K2,7.052459216,0.0692,2.6535632575,,,,,5141.25,0.834193,0.873937,4.52546,181.746
K2-58 c,K2-58,1.0,Transit,2016.0,K2,2.5371233,0.035,1.6487802275,,,,,5181.666666666667,0.8334493333333333,0.873937,4.531000000000001,181.746
K2-58 d,K2-58,1.0,Transit,2016.0,K2,22.88185875,0.1517,1.77055398,,,,,5181.666666666667,0.8334493333333333,0.873937,4.531000000000001,181.746
K2-59 b,K2-59,1.0,Transit,2016.0,K2,20.694017666666667,0.1354,2.4,,,,,4915.0,0.7304999999999999,0.774,4.592,311.313
K2-59 c,K2-59,1.0,Transit,2016.0,K2,11.295736,0.0905,2.283333333333333,,,,,4915.0,0.7304999999999999,0.774,4.592,311.313
K2-6 b,K2-6,1.0,Transit,2015.0,K2,30.9412702,0.189,2.562430484,,,615.0,,5736.0,0.96,0.9434466666666667,4.534,316.819
K2-60 b,K2-60,1.0,Transit,2016.0,K2,3.0025858850000002,0.043395,8.61393675,135.39558,0.0,1400.0,G4 V,5586.8,1.404916,0.9899999999999999,4.108485,491.87000000000006
K2-61 b,K2-61,1.0,Transit,2016.0,K2,2.5732353299999997,0.0392,2.060568662,,,1325.0,,5840.0,1.0016002,1.006734,4.363894999999999,405.732
K2-62 b,K2-62,1.0,Transit,2016.0,K2,6.671603663333333,0.0636,1.9925225340000001,,,666.0,,4605.2,0.682398,0.6907156666666667,4.620855000000001,112.467
K2-62 c,K2-62,1.0,Transit,2016.0,K2,16.197198,0.1148,1.972139174,,,495.0,,4617.75,0.6779823333333334,0.6770735,4.624666666666667,112.46700000000001
K2-63 b,K2-63,1.0,Transit,2016.0,K2,20.260169666666666,0.1627,2.7300000000000004,,,,,6228.5,1.4495,1.4,4.15,517.534
K2-63 c,K2-63,1.0,Transit,2016.0,K2,25.45677166666667,0.189,3.516666666666667,,,,,6228.5,1.4495,1.4,4.15,517.534
K2-64 b,K2-64,1.0,Transit,2016.0,K2,6.5311127025,0.0619,2.57,,,,,5338.666666666667,0.82210125,0.8405,4.55139,499.891
K2-65 b,K2-65,1.0,Transit,2016.0,K2,12.648562044,0.1014,1.5204062475,,,,,4907.666666666667,0.7606666666666667,0.7859585,4.5415,
K2-66 b,K2-66,1.0,Transit,2016.0,K2,5.0693983000000005,0.06026,2.665,18.65,0.0,1399.5,,6050.0,1.69,1.11,4.0183333333333335,513.877
K2-68 b,K2-68,1.0,Transit,2016.0,K2,8.054557275,0.0708,1.78707639,,,,,4786.333333333333,0.688647,0.7406984999999999,4.686,168.652
K2-69 b,K2-69,1.0,Transit,2016.0,K2,7.0656258,0.0591,2.5966666666666662,,,,,4093.0,0.491,0.551,4.786,180.697
K2-7 b,K2-7,1.0,Transit,2015.0,K2,28.681705,0.18483333333333332,3.7813082625,,0.24,718.5,,5729.0,1.565,1.053,3.9545,738.553
K2-70 b,K2-70,1.0,Transit,2016.0,K2,13.980380865999999,0.1112,2.7750986875,,,,,5210.75,0.8148118,0.8778656666666667,4.525153333333333,232.964
K2-71 b,K2-71,1.0,Transit,2016.0,K2,6.9858446999999995,0.0559,2.735,,,,,3948.5,0.498,0.477,4.852,153.192
K2-72 b,K2-72,1.0,Transit,2016.0,K2,5.577305566666666,0.0385,1.1233333333333333,,0.11,,,3473.49,0.330989,0.24418250000000002,5.048,66.4321
K2-72 c,K2-72,1.0,Transit,2016.0,K2,15.188067,0.0751,1.01,,0.11,,,3428.7349999999997,0.2814945,0.24418250000000002,5.048,66.4321
K2-72 d,K2-72,1.0,Transit,2016.0,K2,7.760039,0.04805,0.87,,0.11,,,3428.7349999999997,0.2814945,0.24418250000000002,5.048,66.4321
K2-72 e,K2-72,1.0,Transit,2016.0,K2,24.162884,0.10200000000000001,1.055,,0.11,,,3428.7349999999997,0.2814945,0.24418250000000002,5.048,66.4321
K2-73 b,K2-73,1.0,Transit,2016.0,K2,7.495420477142857,0.07619,3.02107823,9.2,,968.0,,5999.5,1.0604046666666667,1.0470384,4.395984,269.183
K2-73 c,K2-73,1.0,Radial Velocity,2025.0,W. M. Keck Observatory,1000.0,,,1142.0,,186.1,,5867.0,1.058,1.02,4.39,269.183
K2-74 b,K2-74,1.0,Transit,2016.0,K2,19.56651075,0.1402,2.9672668625,,,,,5931.0,1.0123333333333333,0.973591,4.3420000000000005,377.822
K2-75 b,K2-75,1.0,Transit,2016.0,K2,7.816749725,0.081,2.6146561975,,,,,5939.0,1.4300073333333334,1.1667545,4.189,561.93
K2-75 c,K2-75,1.0,Transit,2016.0,K2,18.2923315,0.1429,2.7165604925,,,,,5939.0,1.4300073333333334,1.1667545,4.189,561.93
K2-77 b,K2-77,1.0,Transit,2016.0,K2,8.200245733333333,0.07565,2.45952263,603.877,0.215,806.0,,5072.5199999999995,0.7878645,0.8492515,4.558254,141.731
K2-79 b,K2-79,1.0,Transit,2016.0,K2,10.994850999999999,0.09875,3.919475955,6.5,0.23,973.5,,5888.2,1.25975,1.0619875,4.272,256.011
K2-8 b,K2-8,1.0,Transit,2015.0,K2,10.353499444999999,0.0863,3.164,,,661.0,K3 V,4896.6,0.74539525,0.7799999999999999,4.543933333333333,403.513
K2-8 c,K2-8,1.0,Transit,2016.0,K2,5.06405928,0.053849999999999995,2.388,,,839.0,K3 V,4938.0,0.735,0.81,4.541,403.513
K2-80 b,K2-80,1.0,Transit,2016.0,K2,19.094316666666668,0.135,2.051091443333333,,,,,5409.0,0.855729,0.9065555000000001,4.5845,200.802
K2-80 c,K2-80,1.0,Transit,2016.0,K2,5.605013,0.0596,1.4563813233333331,,,,,5409.0,0.855729,0.9065555000000001,4.5845,200.802
K2-80 d,K2-80,1.0,Transit,2018.0,K2,28.874576500000003,,2.4710575300000004,,,,,5377.0,0.813229,0.913111,4.65,200.802
K2-81 b,K2-81,1.0,Transit,2016.0,K2,6.10199132,0.05845,2.0566666666666666,,0.06,,,4662.71,0.6558876666666666,0.745273,4.61822,252.318
K2-83 b,K2-83,1.0,Transit,2016.0,K2,2.7471083333333333,0.03107,1.438,,0.07,,,3892.875,0.424,0.539056,4.863,125.529
K2-83 c,K2-83,1.0,Transit,2016.0,K2,9.9985118775,0.073655,1.7643333333333333,,0.06,,,3877.9166666666665,0.4650003333333333,0.520321,4.77295,125.529
K2-84 b,K2-84,1.0,Transit,2016.0,K2,6.421495,0.0665,2.46,,,,,5652.0,0.883,0.95,4.481,284.876
K2-84 c,K2-84,1.0,Transit,2016.0,K2,27.856099999999998,0.1768,2.0949999999999998,,,,,5652.0,0.883,0.95,4.481,284.876
K2-85 b,K2-85,1.0,Transit,2016.0,K2,0.68455552452,0.012815,1.28796006,3.2,0.24,1355.0,,4346.887142857143,0.6822833333333334,0.68416175,4.477015000000001,97.2179
K2-86 b,K2-86,1.0,Transit,2016.0,K2,8.776594666666666,0.077,3.011737203333333,,,,,5305.5,0.76,0.7737475,4.5495,258.699
K2-87 b,K2-87,1.0,Transit,2016.0,K2,9.726882666666667,0.09079999999999999,6.873333333333332,,,979.0,,5576.5,1.4545,1.0554999999999999,4.339,491.242
K2-88 b,K2-88,1.0,Transit,2016.0,K2,4.612306666666666,0.038250000000000006,1.5999999999999999,,0.26,,,3580.575,0.256,0.36752300000000004,5.022,110.56099999999999
K2-89 b,K2-89,1.0,Transit,2016.0,K2,1.095989,0.01581,0.7706666666666667,,0.15,,,3684.0,0.318,0.439308,4.835935,86.03860000000002
K2-9 b,K2-9,1.0,Transit,2015.0,K2,18.4488386,0.09519999999999999,3.174,,,299.0,M2.5 V,3668.75,0.41533333333333333,0.27,4.816,82.9631
K2-90 b,K2-90,1.0,Transit,2016.0,K2,13.729377690000002,0.09620000000000001,2.4525,,0.07,502.0,,4293.7775,0.63766025,0.638,4.688653333333334,134.188
K2-90 c,K2-90,1.0,Transit,2016.0,K2,2.900415333333333,0.0339,1.2266666666666668,,0.19,,,4278.99,0.640377,0.6333065,4.791,134.188
K2-91 b,K2-91,1.0,Transit,2016.0,K2,1.4195414275,0.0172,1.1666666666666667,,0.09,,,3478.9666666666667,0.29622333333333334,0.319776,4.9313649999999996,62.5785
K2-95 b,K2-95,1.0,Transit,2016.0,K2,10.13430155,0.06246666666666666,4.691428571428572,,0.16,428.5,M3.0,3481.2,0.4178296666666667,0.41609433333333334,4.834326666666667,179.854
K2-97 b,K2-97,1.0,Transit,2016.0,K2,8.40638975,0.08413333333333334,12.316863485,207.30439886,0.2135,1532.5,,4741.426666666667,4.286972857142858,1.1624999999999999,3.3031999999999995,878.43
K2-98 b,K2-98,1.0,Transit,2016.0,K2,10.136881584444446,0.09676666666666667,4.800644608571429,28.735879850000003,0.0595,1118.0,F8 V,6188.0,1.51003,1.1892658333333335,4.154648571428572,518.625
K2-99 b,K2-99,1.0,Transit,2016.0,K2,18.2496445,0.15723333333333334,11.67956987,290.60193803,0.20500000000000002,1135.0,G0 IV,6072.545000000001,2.5929345,1.486139,3.7608800000000002,519.229
K2-99 c,K2-99,1.0,Radial Velocity,2022.0,Multiple Observatories,522.2,1.43,,2669.7586188,0.21,390.0,,6069.0,2.55,1.44,3.783,519.229
KELT-1 b,KELT-1,1.0,Transit,2012.0,KELT,1.2175011533333333,0.02466,12.442,8654.15,0.004966666666666667,,,6542.68,1.4680533333333334,1.335,4.234233333333333,268.43
KELT-10 b,KELT-10,1.0,Transit,2016.0,KELT-South,4.166258725,0.05165,15.737422405,215.96494338,,1377.0,G0 V,5948.0,1.209,1.112,4.319,188.404
KELT-11 b,KELT-11,1.0,Transit,2017.0,KELT-South,4.736223766666667,0.0624225,15.206867983333334,63.0097158575,0.1219,1712.0,,5355.375,2.74086,1.4426666666666665,3.715666666666667,99.1596
KELT-12 b,KELT-12,1.0,Transit,2017.0,KELT-North,5.031624266666666,0.06708,19.95202,301.9385,0.0,1800.0,,6279.0,2.37,1.591,3.889,368.03
KELT-14 b,KELT-14,1.0,Transit,2016.0,KELT-South,1.710054966,0.029804999999999998,18.2874835,394.1092,0.0,1937.0,G4,5740.5,1.5200000000000002,1.239,4.183,250.121
KELT-15 b,KELT-15,2.0,Transit,2016.0,KELT-South,3.32945766,0.04613,17.8391235,352.7913,0.0,1642.0,,6003.0,1.5557500000000002,1.40075,4.1685,324.683
KELT-16 b,KELT-16,2.0,Transit,2017.0,KELT,0.9689934504,0.020395,15.681377655,867.6737414849999,0.0,2435.0,F7 V,6236.25,1.36,1.207,4.25925,444.58600000000007
KELT-17 b,KELT-17,1.0,Transit,2016.0,KELT,3.080174983333333,0.04881,17.093725,416.3573,,2087.0,A,7454.0,1.645,1.635,4.22,226.5
KELT-18 b,KELT-18,2.0,Transit,2017.0,KELT-North,2.871710294,0.0455,17.59813,375.0394,0.0,2085.0,F4 V,6712.5,1.9082599999999998,1.524,4.0565999999999995,321.376
KELT-19 A b,KELT-19 A,2.0,Transit,2017.0,KELT,4.611726566666667,0.0637,21.40919,1293.5681,,1935.0,A8 V,7500.0,1.83,1.62,4.127,300.276
KELT-2 A b,KELT-2 A,2.0,Transit,2012.0,KELT,4.11378694,0.054965,14.668819999999998,503.11813666666666,0.027,,,6194.25,1.8535,1.366,4.5,134.058
KELT-20 b,KELT-20,1.0,Transit,2017.0,KELT-North,3.4741073119999997,0.0556,20.0136695,3239.00553,0.0,2261.0,A2 V,8785.0,1.57375,1.76,4.295,136.426
KELT-21 b,KELT-21,1.0,Transit,2018.0,KELT-North,3.612767793333333,0.05224,17.777474,1242.7153,0.0,2051.0,A8 V,7598.0,1.638,1.458,4.173,470.878
KELT-23 A b,KELT-23 A,2.0,Transit,2019.0,KELT-North,2.2552802672,0.03302,14.829507,298.12454,0.0,1561.0,G2 V,5898.75,0.996,0.944,4.444956666666666,126.261
KELT-24 b,KELT-24,2.0,Transit,2019.0,KELT-North,5.551493271428571,0.06773,14.071015286666666,1480.0236991766667,0.05378000000000001,1441.0,F7,6448.195,1.4874450000000001,1.3896000000000002,4.227176666666666,96.5173
KELT-3 b,KELT-3,2.0,Transit,2013.0,KELT,2.703389202222222,0.041225,15.6925672375,505.7414245725,0.00875,1816.0,,6332.5,1.524112857142857,1.3845714285714286,4.198016666666667,210.252
KELT-4 A b,KELT-4 A,3.0,Transit,2016.0,KELT,2.989591505,0.04317,19.049679095000002,286.36411315,0.015,1823.0,F,6206.333333333333,1.602,1.2006666666666668,4.108666666666667,218.05
KELT-6 b,KELT-6,1.0,Transit,2014.0,KELT,7.845628883333333,0.07993,13.599235,145.853365,0.12625,1313.0,F8,6170.0,1.5897999999999999,1.1683999999999999,4.0845,240.726
KELT-6 c,KELT-6,1.0,Radial Velocity,2015.0,Multiple Observatories,1276.0,2.39,,1179.1493,0.21,,,6272.0,1.529,1.126,4.12,240.726
KELT-7 b,KELT-7,1.0,Transit,2015.0,KELT,2.734769108888889,0.04415,17.558898499999998,424.30305,0.0,2048.0,F,6736.0,1.7515,1.59125,4.2645,136.681
KELT-8 b,KELT-8,1.0,Transit,2015.0,KELT,3.2440662799999997,0.045605,19.95202,252.67485,0.0405,1675.0,G2 V,5745.5,1.46,1.0918,4.095048,197.57199999999997
KELT-9 b,KELT-9,2.0,Transit,2017.0,KELT-North,1.4811211125000001,0.03462,20.590933,845.4277999999999,0.0,4050.0,B9.5-A0,10170.0,2.362,2.52,4.093,204.455
KIC 10001893 b,KIC 10001893,1.0,Orbital Brightness Modulation,2014.0,Kepler,0.2197,,,,,,,27500.0,,,5.35,1672.94
KIC 10001893 c,KIC 10001893,1.0,Orbital Brightness Modulation,2014.0,Kepler,0.32528,,,,,,,27500.0,,,5.35,1672.94
KIC 10001893 d,KIC 10001893,1.0,Orbital Brightness Modulation,2014.0,Kepler,0.81161,,,,,,,27500.0,,,5.35,1672.94
KIC 10068024 b,KIC 10068024,1.0,Orbital Brightness Modulation,2021.0,Kepler,2.073549,,,635.656814,,,,6118.4,1.574,1.22,4.092,721.105
KIC 10525077 b,KIC 10525077,1.0,Transit,2015.0,Kepler,854.083,,5.5,,,,,6091.0,1.01,1.01,4.42,1461.15
KIC 3526061 b,KIC 3526061,1.0,Radial Velocity,2022.0,McDonald Observatory,3552.0,5.14,,5768.58558705,0.85,,,4829.0,5.86,1.42,3.09,401.229
KIC 3558849 b,KIC 3558849,1.0,Transit,2015.0,Kepler,1322.3,,6.9,,,,,6175.0,1.01,0.98,4.44,1215.7
KIC 5437945 b,KIC 5437945,1.0,Transit,2015.0,Kepler,440.785090125,1.155742,6.967571428571429,,0.0,308.0,,6234.52375,1.3453333333333333,1.049,4.144354285714286,1274.01
KIC 5479689 b,KIC 5479689,1.0,Orbital Brightness Modulation,2021.0,Kepler,1.701531,,,158.9142035,,,,5459.1,0.894,0.966,4.52,454.95
KIC 7917485 b,KIC 7917485,1.0,Pulsation Timing Variations,2016.0,Kepler,840.0,,,3750.394,0.15,,A,7067.0,,1.63,4.0,1382.89
KIC 8121913 b,KIC 8121913,1.0,Orbital Brightness Modulation,2021.0,Kepler,3.294601,,,667.4396547,,,,5975.3,2.233,1.456,3.896,707.303
KIC 8540376 b,KOI-7892,1.0,Transit,2015.0,Kepler,31.8099,,4.1,,,,,6474.0,1.26,1.04,4.31,1072.3
KIC 8540376 c,KOI-7892,1.0,Transit,2015.0,Kepler,75.2,,2.4,,,,,6474.0,1.26,1.04,4.31,1072.3
KIC 9663113 b,KIC 9663113,1.0,Transit,2015.0,Kepler,572.3836707142857,1.399212,5.848142857142856,,0.0,240.5,,6131.90125,1.0762,1.0386666666666666,4.290963333333333,1594.74
KMT-2016-BLG-0212L b,KMT-2016-BLG-0212L,1.0,Microlensing,2018.0,KMTNet,,4.125,,1430.75,,,,,,0.42,,6125.0
KMT-2016-BLG-1105L b,KMT-2016-BLG-1105L,1.0,Microlensing,2023.0,KMTNet,,2.475,,5.1466666666666665,,,,,,0.42800000000000005,,4993.333333333333
KMT-2016-BLG-1107L b,KMT-2016-BLG-1107L,1.0,Microlensing,2019.0,KMTNet,,0.7035,,536.0,,,,,,0.05449999999999999,,7066.0
KMT-2016-BLG-1397L b,KMT-2016-BLG-1397L,1.0,Microlensing,2018.0,KMTNet,,5.1,,2200.0,,,,,,0.45,,6600.0
KMT-2016-BLG-1820L b,KMT-2016-BLG-1820L,1.0,Microlensing,2018.0,KMTNet,,1.08,,1450.0,,,,,,0.039,,6260.0
KMT-2016-BLG-1836L b,KMT-2016-BLG-1836L,1.0,Microlensing,2019.0,KMTNet,,3.1571428571428575,,708.5714285714286,,,,,,0.49833333333333335,,6914.285714285715
KMT-2016-BLG-2142L b,KMT-2016-BLG-2142L,1.0,Microlensing,2018.0,KMTNet,,0.83,,4923.0,,,,,,0.073,,7010.0
KMT-2016-BLG-2321L b,KMT-2016-BLG-2321L,1.0,Microlensing,2024.0,KMTNet,,3.6,,304.0558426966666,,,,,,0.73,,3570.0
KMT-2016-BLG-2364L b,KMT-2016-BLG-2364L,1.0,Microlensing,2020.0,KMTNet,,2.63,,1250.0,,,,,,0.5,,6440.0
KMT-2016-BLG-2397L b,KMT-2016-BLG-2397L,1.0,Microlensing,2020.0,KMTNet,,3.2350000000000003,,802.5,,,,,,0.63,,4985.0
KMT-2016-BLG-2605L b,KMT-2016-BLG-2605L,1.0,Microlensing,2021.0,KMTNet,,0.681,,245.0457018,,,,,,0.064,,6421.0
KMT-2017-BLG-0165L b,KMT-2017-BLG-0165L,1.0,Microlensing,2018.0,KMTNet,,3.45,,34.0,,,,,,0.76,,4530.0
KMT-2017-BLG-0428L b,KMT-2017-BLG-0428L,1.0,Microlensing,2023.0,KMTNet,,1.8133333333333335,,5.59,,,,,,0.34,,5400.0
KMT-2017-BLG-0673L b,KMT-2017-BLG-0673L,1.0,Microlensing,2022.0,KMTNet,,2.34,,1166.43025369,,,,,,0.63,,5080.0
KMT-2017-BLG-0849L b,KMT-2017-BLG-0849L,1.0,Microlensing,2024.0,KMTNet,,2.73,,6.39,,,,,,0.19,,7220.0
KMT-2017-BLG-1003L b,KMT-2017-BLG-1003L,1.0,Microlensing,2023.0,KMTNet,,1.39,,5.22,,,,,,0.32,,7093.333333333333
KMT-2017-BLG-1038L b,KMT-2017-BLG-1038L,1.0,Microlensing,2019.0,KMTNet,,1.85,,700.0,,,,,,0.4,,6050.0
KMT-2017-BLG-1057L b,KMT-2017-BLG-1057L,1.0,Microlensing,2024.0,KMTNet,,2.36,,23.5,,,,,,0.57,,6500.0
KMT-2017-BLG-1146L b,KMT-2017-BLG-1146L,1.0,Microlensing,2019.0,KMTNet,,1.65,,250.0,,,,,,0.365,,6550.0
KMT-2017-BLG-1194L b,KMT-2017-BLG-1194L,1.0,Microlensing,2023.0,KMTNet,,1.78,,3.54,,,,,,0.41,,4240.0
KMT-2017-BLG-2197L b,KMT-2017-BLG-2197L,1.0,Microlensing,2025.0,KMTNet,,11.280000000000001,,2506.076989195,,,,,,0.36,,7800.0
KMT-2017-BLG-2331L b,KMT-2017-BLG-2331L,1.0,Microlensing,2024.0,KMTNet,,2.14,,171.0,,,,,,0.4,,8030.0
KMT-2017-BLG-2509L b,KMT-2017-BLG-2509L,1.0,Microlensing,2021.0,KMTNet,,2.14,,664.26137063,,,,,,0.46,,7040.0
KMT-2018-BLG-0029L b,KMT-2018-BLG-0029L,1.0,Microlensing,2020.0,KMTNet,,4.404999999999999,,8.14,,,,,,1.1949999999999998,,3570.0
KMT-2018-BLG-0030L b,KMT-2018-BLG-0030L,1.0,Microlensing,2022.0,KMTNet,,4.39,,460.85119015,,,,,,0.51,,6480.0
KMT-2018-BLG-0087L b,KMT-2018-BLG-0087L,1.0,Microlensing,2022.0,KMTNet,,0.765,,87.40281192500001,,,,,,0.10500000000000001,,6960.0
KMT-2018-BLG-0247L b,KMT-2018-BLG-0247L,1.0,Microlensing,2022.0,KMTNet,,2.3766666666666665,,686.5093591199999,,,,,,0.28,,6690.0
KMT-2018-BLG-0748L b,KMT-2018-BLG-0748L,1.0,Microlensing,2020.0,KMTNet,,0.62,,60.0,,,,,,0.087,,7300.0
KMT-2018-BLG-0885L b,KMT-2018-BLG-0885L,1.0,Microlensing,2023.0,KMTNet,,1.855,,9534.852210000001,,,,,,0.29,,6890.0
KMT-2018-BLG-1025L b,KMT-2018-BLG-1025L,1.0,Microlensing,2021.0,KMTNet,,0.8210000000000001,,4.983333333333333,,,,,,0.12833333333333333,,7208.333333333333
KMT-2018-BLG-1292L b,KMT-2018-BLG-1292L,1.0,Microlensing,2020.0,KMTNet,,6.295,,1485.0,,,,,,1.17,,3650.0
KMT-2018-BLG-1743L b,KMT-2018-BLG-1743L,1.0,Microlensing,2021.0,KMTNet,,1.69,,295.10367589500004,,,,,,0.3055,,6261.0
KMT-2018-BLG-1976L b,KMT-2018-BLG-1976L,1.0,Microlensing,2021.0,KMTNet,,2.79,,664.26137063,,,,,,0.65,,5840.0
KMT-2018-BLG-1988L b,KMT-2018-BLG-1988L,1.0,Microlensing,2022.0,KMTNet,,2.96,,6.17,,,,,,0.475,,4160.0
KMT-2018-BLG-1990L b,KMT-2018-BLG-1990L,1.0,Microlensing,2019.0,KMTNet,,0.9206363636363636,,162.45454545454547,,,M,,,0.10629999999999999,,1042.6363636363637
KMT-2018-BLG-1996L b,KMT-2018-BLG-1996L,1.0,Microlensing,2021.0,KMTNet,,3.1199999999999997,,367.091810085,,,,,,0.69,,5910.0
KMT-2018-BLG-2602L b,KMT-2018-BLG-2602L,1.0,Microlensing,2022.0,KMTNet,,3.81,,365.50266805,,,,,,0.66,,4310.0
KMT-2019-BLG-0253L b,KMT-2019-BLG-0253L,1.0,Microlensing,2022.0,KMTNet,,3.1,,9.2,,,,,,0.6999999999999998,,4900.0
KMT-2019-BLG-0297L b,KMT-2019-BLG-0297L,1.0,Microlensing,2023.0,KMTNet,,0.96,,6038.739733,,,,,,0.21,,3090.0
KMT-2019-BLG-0298L b,KMT-2019-BLG-0298L,1.0,Microlensing,2023.0,KMTNet,,5.652666666666666,,577.07044431,,,,,,0.6986666666666667,,6728.666666666667
KMT-2019-BLG-0335L b,KMT-2019-BLG-0335L,1.0,Microlensing,2023.0,KMTNet,,1.64,,6674.396547,,,,,,0.32,,7710.0
KMT-2019-BLG-0371L b,KMT-2019-BLG-0371L,1.0,Microlensing,2021.0,KMTNet,,1.145,,3127.4315248800003,,,,,,0.09,,7025.0
KMT-2019-BLG-0414L b,KMT-2019-BLG-0414L,1.0,Microlensing,2022.0,KMTNet,,5.2749999999999995,,1026.5857546099999,,,,,,0.74,,4410.0
KMT-2019-BLG-0578L b,KMT-2019-BLG-0578L,1.0,Microlensing,2025.0,KMTNet,,1.6,,381.3940884,,,,,,0.28,,7300.0
KMT-2019-BLG-0842L b,KMT-2019-BLG-0842L,1.0,Microlensing,2020.0,KMTNet,,3.31,,10.28,,,,,,0.76,,3320.0
KMT-2019-BLG-0953L b,KMT-2019-BLG-0953L,1.0,Microlensing,2022.0,KMTNet,,1.1,,15.5,,,,,,0.28,,7200.0
KMT-2019-BLG-1042L b,KMT-2019-BLG-1042L,1.0,Microlensing,2022.0,KMTNet,,1.7,,60.38739733,,,,,,0.3,,6600.0
KMT-2019-BLG-1216L b,KMT-2019-BLG-1216L,1.0,Microlensing,2023.0,KMTNet,,2.5884285714285715,,33.46279085285714,,,,,,0.39875,,2976.5714285714284
KMT-2019-BLG-1339L b,KMT-2019-BLG-1339L,1.0,Microlensing,2020.0,KMTNet,,2.48,,2020.25,,,,,,0.375,,6620.0
KMT-2019-BLG-1367L b,KMT-2019-BLG-1367L,1.0,Microlensing,2023.0,KMTNet,,1.7,,4.086666666666667,,,,,,0.25,,4673.333333333333
KMT-2019-BLG-1552L b,KMT-2019-BLG-1552L,1.0,Microlensing,2022.0,KMTNet,,2.6,,1287.20504835,,,,,,0.79,,4600.0
KMT-2019-BLG-1715L b,KMT-2019-BLG-1715L,1.0,Microlensing,2021.0,KMTNet,,3.0599999999999996,,634.067671965,,,,,,0.6,,3815.0
KMT-2019-BLG-1806L b,KMT-2019-BLG-1806L,1.0,Microlensing,2023.0,KMTNet,,3.004,,4.646,,,,,,0.742,,6638.0
KMT-2019-BLG-1953L b,KMT-2019-BLG-1953L,1.0,Microlensing,2020.0,KMTNet,,,,200.0,,,,,,0.31,,7040.0
KMT-2019-BLG-2783L b,KMT-2019-BLG-2783L,1.0,Microlensing,2023.0,KMTNet,,1.85,,368.68095212,,,,,,0.34,,5910.0
KMT-2019-BLG-2974L b,KMT-2019-BLG-2974L,1.0,Microlensing,2022.0,KMTNet,,2.0,,88.99195396,,,,,,0.47,,6100.0
KMT-2020-BLG-0414L b,KMT-2020-BLG-0414L,1.0,Microlensing,2021.0,KMTNet,,1.6583333333333332,,1.3216666666666665,,,WD,,,0.36325,,1045.0
KMT-2020-BLG-0414L c,KMT-2020-BLG-0414L,1.0,Microlensing,2021.0,KMTNet,,8.463333333333333,,6753.85364875,,,WD,,,0.36325,,1045.0
KMT-2021-BLG-0119L b,KMT-2021-BLG-0119L,1.0,Microlensing,2022.0,KMTNet,,3.065,,1806.854493795,,,,,,0.6466666666666666,,3345.0
KMT-2021-BLG-0171L b,KMT-2021-BLG-0171L,1.0,Microlensing,2022.0,KMTNet,,3.6181818181818177,,9.036363636363637,,,,5200.0,,0.7885714285714286,,4681.818181818182
KMT-2021-BLG-0192L b,KMT-2021-BLG-0192L,1.0,Microlensing,2022.0,KMTNet,,2.395,,41.84740692166667,,,,,,0.27,,5671.666666666667
KMT-2021-BLG-0240L b,KMT-2021-BLG-0240L,1.0,Microlensing,2022.0,KMTNet,,2.716666666666667,,107.00223035666666,,,,,,0.488,,6866.666666666667
KMT-2021-BLG-0320L b,KMT-2021-BLG-0320L,1.0,Microlensing,2022.0,KMTNet,,2.045,,31.7828407,,,,,,0.32,,6950.0
KMT-2021-BLG-0322L b,KMT-2021-BLG-0322L,2.0,Microlensing,2021.0,KMTNet,,,,2034.1018048,,,,,,0.62,,6600.0
KMT-2021-BLG-0712L b,KMT-2021-BLG-0712L,1.0,Microlensing,2023.0,KMTNet,,2.026666666666667,,34.61666666666667,,,,,,0.225,,2790.0
KMT-2021-BLG-0736L b,KMT-2021-BLG-0736L,1.0,Microlensing,2025.0,KMTNet,,4.0,,21.0,,,,,,0.6,,7000.0
KMT-2021-BLG-0748L b,KMT-2021-BLG-0748L,1.0,Microlensing,2022.0,KMTNet,,2.4133333333333336,,140.90392710333333,,,,,,0.36000000000000004,,6093.333333333333
KMT-2021-BLG-0909L b,KMT-2021-BLG-0909L,1.0,Microlensing,2023.0,KMTNet,,1.75,,400.46379282,,,,,,0.38,,6480.0
KMT-2021-BLG-0912L b,KMT-2021-BLG-0912L,1.0,Microlensing,2022.0,KMTNet,,3.085,,4.865,,,K,,,0.775,,6135.0
KMT-2021-BLG-1077L b,KMT-2021-BLG-1077L,1.0,Microlensing,2022.0,KMTNet,,1.26,,69.92224954,,,M V,,,0.14,,8240.0
KMT-2021-BLG-1077L c,KMT-2021-BLG-1077L,1.0,Microlensing,2022.0,KMTNet,,0.93,,79.45710175,,,M V,,,0.14,,8240.0
KMT-2021-BLG-1105L b,KMT-2021-BLG-1105L,1.0,Microlensing,2023.0,KMTNet,,3.552857142857143,,508.07141061857146,,,,,,0.622,,4432.857142857143
KMT-2021-BLG-1150L b,KMT-2021-BLG-1150L,1.0,Microlensing,2023.0,KMTNet,,4.5,,279.68899816,,,,,,0.73,,3800.0
KMT-2021-BLG-1253L b,KMT-2021-BLG-1253L,1.0,Microlensing,2022.0,KMTNet,,1.652,,19.698,,,,,,0.22999999999999998,,6570.0
KMT-2021-BLG-1303L b,KMT-2021-BLG-1303L,1.0,Microlensing,2022.0,KMTNet,,2.89,,120.77479466,,,,,,0.57,,6280.0
KMT-2021-BLG-1372L b,KMT-2021-BLG-1372L,1.0,Microlensing,2022.0,KMTNet,,2.346666666666667,,60.876666666666665,,,,,,0.42,,5970.0
KMT-2021-BLG-1391L b,KMT-2021-BLG-1391L,1.0,Microlensing,2022.0,KMTNet,,2.016,,4.196,,,,,,0.38000000000000006,,6094.0
KMT-2021-BLG-1547L b,KMT-2021-BLG-1547L,1.0,Microlensing,2023.0,KMTNet,,4.5,,467.20775829,,,,,,0.72,,5070.0
KMT-2021-BLG-1554L b,KMT-2021-BLG-1554L,1.0,Microlensing,2022.0,KMTNet,,0.84,,38.13940884,,,,,,0.08,,7680.0
KMT-2021-BLG-1689L b,KMT-2021-BLG-1689L,1.0,Microlensing,2022.0,KMTNet,,2.8714285714285714,,42.857142857142854,,,,4570.0,,0.6116666666666667,,6257.142857142857
KMT-2021-BLG-1770L b,KMT-2021-BLG-1770L,1.0,Microlensing,2023.0,KMTNet,,0.9,,6674.396547,,,,,,0.13,,6920.0
KMT-2021-BLG-1898L b,KMT-2021-BLG-1898L,1.0,Microlensing,2022.0,KMTNet,,2.45,,241.54958932,,,,,,0.48,,6900.0
KMT-2021-BLG-2010L b,KMT-2021-BLG-2010L,1.0,Microlensing,2023.0,KMTNet,,2.105,,340.07639549,,,,,,0.37,,7090.0
KMT-2021-BLG-2294L b,KMT-2021-BLG-2294L,1.0,Microlensing,2022.0,KMTNet,,1.0725,,22.24798849,,,,,,0.12,,6830.0
KMT-2021-BLG-2478L b,KMT-2021-BLG-2478L,1.0,Microlensing,2023.0,KMTNet,,1.8500000000000003,,287.10499432333336,,,,,,0.20000000000000004,,2963.3333333333335
KMT-2021-BLG-2609L b,KMT-2021-BLG-2609L,1.0,Microlensing,2024.0,KMTNet,,2.3,,22.883645299999998,,,,,,0.2,,7480.0
KMT-2022-BLG-0303L b,KMT-2022-BLG-0303L,1.0,Microlensing,2024.0,KMTNet,,4.81,,163.04597279,,,,,,0.368,,6570.0
KMT-2022-BLG-0371L b,KMT-2022-BLG-0371L,1.0,Microlensing,2023.0,KMTNet,,3.2199999999999998,,82.63538582,,,,,,0.63,,7140.0
KMT-2022-BLG-0440L b,KMT-2022-BLG-0440L,1.0,Microlensing,2023.0,KMTNet,,3.25,,15.350000000000001,,,,,,0.53,,3500.0
KMT-2022-BLG-1013L b,KMT-2022-BLG-1013L,1.0,Microlensing,2023.0,KMTNet,,1.38,,98.52680617,,,,,,0.18,,7710.0
KMT-2022-BLG-1790L b,KMT-2022-BLG-1790L,1.0,Microlensing,2025.0,KMTNet,,5.25,,549.84314411,,,,,,0.58,,6480.0
KMT-2022-BLG-2076L b,KMT-2022-BLG-2076L,1.0,Microlensing,2025.0,KMTNet,,5.04,,276.51071408999996,,,,,,0.67,,5570.0
KMT-2022-BLG-2286L b,KMT-2022-BLG-2286L,1.0,Microlensing,2024.0,KMTNet,,2.67,,9852.680617,,,,,,0.325,,7015.0
KMT-2023-BLG-0119L b,KMT-2023-BLG-0119L,1.0,Microlensing,2025.0,KMTNet,,3.575,,83.7,,,K2.5 V,,,0.71,,5410.0
KMT-2023-BLG-0416L b,KMT-2023-BLG-0416L,1.0,Microlensing,2024.0,KMTNet,,3.0125,,1024.4404128625001,,,,,,0.6166666666666667,,6067.5
KMT-2023-BLG-0469L b,KMT-2023-BLG-0469L,1.0,Microlensing,2024.0,KMTNet,,2.35,,39.41072247,,,,,,0.47,,7070.0
KMT-2023-BLG-0548L b,KMT-2023-BLG-0548L,1.0,Microlensing,2025.0,KMTNet,,2.9899999999999998,,646.780808245,,,,,,0.4215,,5575.0
KMT-2023-BLG-0735L b,KMT-2023-BLG-0735L,1.0,Microlensing,2024.0,KMTNet,,2.81,,38.77506565,,,,,,0.61,,6390.0
KMT-2023-BLG-0830L b,KMT-2023-BLG-0830L,1.0,Microlensing,2025.0,KMTNet,,1.565,,18.2751334,,,,,,0.22,,7250.0
KMT-2023-BLG-0949L b,KMT-2023-BLG-0949L,1.0,Microlensing,2025.0,KMTNet,,2.665,,1571.661472615,,,,,,0.48,,6060.0
KMT-2023-BLG-1431L b,KMT-2023-BLG-1431L,1.0,Microlensing,2024.0,KMTNet,,2.75,,13.5,,,,,,0.57,,6850.0
KMT-2023-BLG-1454L b,KMT-2023-BLG-1454L,1.0,Microlensing,2024.0,KMTNet,,1.31,,179.573049955,,,,,,0.17,,7220.0
KMT-2023-BLG-1642L b,KMT-2023-BLG-1642L,1.0,Microlensing,2024.0,KMTNet,,1.365,,375.03752026,,,,,,0.15000000000000002,,7210.0
KMT-2023-BLG-1743L b,KMT-2023-BLG-1743L,1.0,Microlensing,2024.0,KMTNet,,1.16,,6356.56814,,,,,,0.11,,7130.0
KMT-2023-BLG-1866L b,KMT-2023-BLG-1866L,1.0,Microlensing,2024.0,KMTNet,,2.5366666666666666,,3.4333333333333336,,,,,,0.5,,6383.333333333333
KMT-2023-BLG-1896L b,KMT-2023-BLG-1896L,1.0,Microlensing,2025.0,KMTNet,,3.74,,16.35,,,K6 V,,,0.72,,5490.0
KMT-2023-BLG-2209L b,KMT-2023-BLG-2209L,1.0,Microlensing,2025.0,KMTNet,,3.51,,254.2627256,,,,,,0.73,,5570.0
KMT-2024-BLG-0404L b,KMT-2024-BLG-0404L,1.0,Microlensing,2025.0,KMTNet,,0.85,,8657.64580668,,,M,,,0.09,,7210.0
KMT-2024-BLG-0404L c,KMT-2024-BLG-0404L,1.0,Microlensing,2025.0,KMTNet,,,,17.3,,,M,,,0.09,,7210.0
KMT-2024-BLG-1044L b,KMT-2024-BLG-1044L,1.0,Microlensing,2024.0,KMTNet,,,,10.715,,,,,,0.1,,6925.0
KMT-2024-BLG-1209L b,KMT-2024-BLG-1209L,1.0,Microlensing,2025.0,KMTNet,,3.215,,839.06699448,,,K3 V,,,0.77,,3930.0
KMT-2024-BLG-1281L b,KMT-2024-BLG-1281L,1.0,Microlensing,2025.0,KMTNet,,1.96,,19.06970442,,,,,,0.32,,7180.0
KMT-2024-BLG-2059L b,KMT-2024-BLG-2059L,1.0,Microlensing,2025.0,KMTNet,,2.665,,6.99222495,,,,,,0.51,,6070.0
KMT-2024-BLG-2242L b,KMT-2024-BLG-2242L,1.0,Microlensing,2025.0,KMTNet,,0.97,,15.732506144999999,,,,,,0.069,,7620.0
KOBE-1 b,KOBE-1,1.0,Radial Velocity,2025.0,Calar Alto Observatory,8.5399,0.07006,,8.8,0.0,594.4,K7 V,4135.0,0.619,0.629,5.07,23.9718
KOBE-1 c,KOBE-1,1.0,Radial Velocity,2025.0,Calar Alto Observatory,29.671,0.16071,,12.4,0.0,392.5,K7 V,4135.0,0.619,0.629,5.07,23.9718
KOI-12 b,KOI-12,1.0,Transit,2015.0,Kepler,17.855216634835713,0.14814285714285713,15.033080000000002,1739.5895333333335,0.2225,929.8,,6761.4376923076925,1.5181419999999999,1.4216363636363636,4.24815,399.398
KOI-1257 b,KOI-1257,2.0,Transit,2014.0,Kepler,86.64765798165,0.36238333333333334,8.255714285714285,460.83,0.12866666666666668,398.6666666666667,G5 V,5391.0,0.9073333333333333,0.8361666666666667,4.427428571428572,
KOI-13 b,KOI-13,3.0,Transit,2011.0,Kepler,1.7635944487470587,0.03760125,20.73245092307692,2645.4762124999997,0.005715555555555556,3342.0,,8518.741666666667,2.3805,1.9583333333333333,3.968909090909091,519.096
KOI-134 b,KOI-134,1.0,Transit,2025.0,Kepler,67.5027485,0.36002,12.320407545,346.43296363,0.032,601.2,F9V,6100.9914285714285,1.7208333333333332,1.3641666666666667,4.074685,1159.21
KOI-134 c,KOI-134,1.0,Transit Timing Variations,2025.0,Kepler,33.95,0.2305,,69.92224954,0.24,,F9V,6160.0,1.667,1.407,4.11,1159.21
KOI-142 b,KOI-142,1.0,Transit,2013.0,Kepler,10.924515116444445,0.09713633766,3.784125,9.852267166666666,0.01859,769.0,,5486.411111111111,0.9255057142857144,0.979,4.488613333333333,376.863
KOI-142 c,KOI-142,1.0,Transit Timing Variations,2013.0,Kepler,22.290527,0.1546855015,,206.87139166666668,0.03784,,,5468.5,0.8885000000000001,0.9875,4.528,376.863
KOI-1599.01,KOI-1599,1.0,Transit,2019.0,Kepler,20.412960430000002,0.14658,1.9966666666666668,4.6,0.0023333333333333335,657.0,,5816.857142857143,0.9719999999999999,1.02,4.428445714285714,1131.64
KOI-1599.02,KOI-1599,1.0,Transit,2019.0,Kepler,13.614978028571429,0.11188216666666667,36.373333333333335,9.0,0.0019,751.8,,5814.166666666667,0.9633333333333334,1.02,4.44726,1131.64
KOI-1783.01,KOI-1783,1.0,Transit,2020.0,Kepler,134.477127576,0.521535,8.476285714285714,177.0,0.0,382.0,,6056.222222222223,1.13721,1.0515,4.3841975,865.7299999999999
KOI-1783.02,KOI-1783,1.0,Transit,2020.0,Kepler,284.076358417,0.8584916666666667,5.064714285714286,8.616015,0.0,297.8,,6056.222222222223,1.13721,1.0515,4.3841975,865.7299999999999
KOI-1831 d,Kepler-324,1.0,Transit,2021.0,Kepler,34.201412369799996,0.19785666666666668,1.1564285714285714,1.745,0.0,471.1666666666667,,5274.333333333333,0.8201428571428571,0.89825,4.561597142857143,501.57399999999996
KOI-1833 d,Kepler-968,1.0,Transit,2021.0,Kepler,7.684429135999999,0.06325,2.202,11.02,0.0,590.8,,4412.857142857143,0.594,0.592,4.645263333333333,290.324
KOI-1843.03,Kepler-974,1.0,Transit,2013.0,Kepler,0.17689215,0.005,0.62,8.0,,1654.0,,3628.5,0.485,0.46,4.8,134.311
KOI-217 b,KOI-217,1.0,Transit,2010.0,Kepler,3.90508566497,0.04811666666666667,12.740875,,0.0,1042.4,,5502.272727272727,0.8794285714285713,0.96,4.514473333333333,914.6990000000001
KOI-2513.01,KOI-2513,1.0,Transit,2023.0,Kepler,19.00540180125,0.20179999999999998,58.92704086166666,7310.053361,0.06,760.6,,6156.155,1.074,1.0076,4.402,1369.87
KOI-3503 b,KOI-3503,1.0,Transit,2021.0,Kepler,21.187225057142857,0.145154,0.9053333333333334,9.2,0.0,696.6,,6195.521428571429,0.9289999999999999,0.8991666666666668,4.48639,887.064
KOI-3503 c,KOI-3503,1.0,Transit,2021.0,Kepler,31.82522432,0.18969333333333335,0.99875,10.36,0.0,621.3333333333334,,6135.13,1.2727766666666664,0.888,4.44665,887.064
KOI-351 b,KOI-351,1.0,Transit,2013.0,Kepler,7.008241973755556,0.07328059467142857,1.24525,,0.0,1060.0,,6105.362222222222,1.199,1.1264285714285713,4.356154285714285,848.2540000000001
KOI-351 c,KOI-351,1.0,Transit,2013.0,Kepler,8.719771219,0.08531632758571428,1.3867500000000001,,0.0,985.0,,6105.362222222222,1.199,1.1264285714285713,4.356154285714285,848.2540000000001
KOI-351 d,KOI-351,1.0,Transit,2013.0,Kepler,59.73702621585001,0.3072954078571429,2.7385,,0.0,519.0,,6097.939,1.2198842857142858,1.125625,4.348515,848.254
KOI-351 e,KOI-351,1.0,Transit,2013.0,Kepler,91.9401091636,0.4086831307142857,2.505,,0.0,449.5,,6097.939,1.2198842857142858,1.125625,4.348515,848.254
KOI-351 f,KOI-351,1.0,Transit,2013.0,Kepler,124.91728466125,0.4939761331833334,2.873142857142857,,0.0,406.3333333333333,,6077.2825,1.2152433333333332,1.1241666666666668,4.343846666666667,848.254
KOI-351 g,KOI-351,1.0,Transit,2013.0,Kepler,210.60182804307695,0.7074846005,7.510275555555555,76.74244464750001,0.011171428571428572,341.0,,6094.949166666666,1.1993333333333334,1.1497272727272727,4.354235555555555,848.254
KOI-351 h,KOI-351,1.0,Transit,2013.0,Kepler,331.6081342307692,0.95999069315,10.752008181818182,255.78637985,0.002075,293.0,,6112.188333333333,1.1993333333333334,1.1324285714285716,4.363453333333333,848.254
KOI-3680 b,KOI-3680,1.0,Transit,2018.0,Kepler,141.24163523875,0.53263,11.010985,613.4119,0.0992,345.0,,5815.2775,0.9896666666666666,1.0103333333333333,4.449428571428571,921.986
KOI-4777.01,KOI-4777,1.0,Transit,2022.0,Kepler,0.7416001,0.010475,0.4425,99.2,0.0,854.5,,3446.0,0.31000000000000005,0.3125,4.912985999999999,172.245
KOI-4978 b,KOI-4978,1.0,Transit,2024.0,Kepler,0.941967,,0.7,,,,G,5050.28,0.966,0.859,,936.341
KOI-55 b,KOI-55,1.0,Orbital Brightness Modulation,2011.0,Kepler,0.240104,0.006,0.759,0.44,,,B,27730.0,0.203,0.496,5.52,1231.02
KOI-55 c,KOI-55,1.0,Orbital Brightness Modulation,2011.0,Kepler,0.342887,0.0076,0.867,0.655,,,B,27730.0,0.203,0.496,5.52,1231.02
KOI-7368 b,KOI-7368,1.0,Transit,2022.0,Kepler,6.84296285,0.0678,3.08,,0.0,805.0,,5028.275,0.955178,0.8143333333333334,4.429729999999999,264.995
KOI-7913 b,KOI-7913 A,2.0,Transit,2022.0,Kepler,24.278437733333334,0.1456,2.1849999999999996,,0.0,432.0,K6 V,4333.0,0.779486,0.729,4.529843333333333,271.277
KOI-94 b,KOI-94,2.0,Transit,2013.0,Kepler,3.7431769841923077,0.0495181058875,1.6003,555.0356512033333,0.03571428571428571,1428.3333333333333,,6163.75,1.3955466666666667,1.1825555555555556,4.220063,477.052
KOI-94 c,KOI-94,2.0,Transit,2013.0,Kepler,10.4236958704625,0.098028818325,3.849909090909091,10.120851852,0.06142857142857143,1008.1666666666666,,6166.5,1.3988559999999999,1.1826,4.215236666666667,477.052
KOI-94 d,KOI-94,2.0,Transit,2013.0,Kepler,22.342973884341177,0.1629734663875,10.274454545454546,73.80036674,0.0031428571428571426,785.3333333333334,,6167.533333333334,1.4076177777777776,1.1911111111111112,4.21268,477.05199999999996
KOI-94 e,KOI-94,2.0,Transit,2013.0,Kepler,54.31999776570667,0.2948166080625,6.1162,16.645965435,0.0027142857142857142,581.1666666666666,,6166.5,1.4076177777777776,1.1911111111111112,4.215236666666667,477.052
KOI-984 b,KOI-984,1.0,Transit,2022.0,Kepler,4.287688554333333,0.0511,3.0199999999999996,,0.018,1000.4285714285714,,5387.262222222223,0.85775,0.9663999999999999,4.547285714285715,252.66700000000003
KOI-984 c,KOI-984,1.0,Transit Timing Variations,2022.0,Kepler,15.05595,0.11315,,116.9,0.2,770.0,,5295.0,0.818,0.928,4.54,252.667
KPS-1 b,KPS-1,1.0,Transit,2018.0,Acton Sky Portal Observatory,1.706313926,0.0269,11.54527,346.4347,0.0,1459.0,K1 V,5165.0,0.907,0.892,4.47,262.706
Kapteyn c,Kapteyn,1.0,Radial Velocity,2014.0,Multiple Observatories,121.54,0.311,,7.0,0.23,,,3550.0,0.291,0.281,,3.93305
Kepler-10 b,Kepler-10,1.0,Transit,2011.0,Kepler,0.8374693620318182,0.016830431528571426,1.462932047368421,3.760579399090909,0.0,2041.3636363636363,,5670.913043478261,1.0652666666666666,0.9033333333333334,4.358128421052632,185.506
Kepler-10 c,Kepler-10,1.0,Transit,2011.0,Kepler,45.2943211626,0.23991400196666668,2.3075625,13.33007260142857,0.02623076923076923,535.3333333333334,,5671.25,1.0649166666666667,0.9035000000000001,4.3569024999999995,185.506
Kepler-10 d,Kepler-10,1.0,Radial Velocity,2023.0,Roque de los Muchachos Observatory,151.05,0.5379,,12.34,0.225,387.0,,5708.0,1.065,0.91,4.344,185.506
Kepler-100 b,Kepler-100,1.0,Transit,2014.0,Kepler,6.8870991406,0.07275044024285715,1.3155000000000001,5.598305223333334,0.018571428571428572,1143.0,,5847.285714285715,1.5181384615384617,1.093,4.104807272727273,304.6449999999999
Kepler-100 c,Kepler-100,1.0,Transit,2014.0,Kepler,12.815876169461538,0.11016386051428571,2.266,5.5261173249999995,0.002857142857142857,929.2,,5848.076923076923,1.5188166666666667,1.08,4.1229890909090905,304.645
Kepler-100 d,Kepler-100,1.0,Transit,2014.0,Kepler,35.33308288006154,0.21657215047142858,1.5214545454545456,2.386542,0.054285714285714284,662.4,,5848.076923076923,1.5188166666666667,1.08,4.1229890909090905,304.645
Kepler-100 e,Kepler-100,1.0,Radial Velocity,2023.0,W. M. Keck Observatory,60.888588,0.312391586,,24.14271827,0.026437,,,,,1.097,,304.645
Kepler-1000 b,Kepler-1000,1.0,Transit,2016.0,Kepler,120.0184157186,0.5264166666666666,4.8635,,0.0,493.0,,6559.944545454546,1.5363333333333333,1.3391428571428572,4.168784444444444,1115.62
Kepler-1001 b,Kepler-1001,1.0,Transit,2016.0,Kepler,14.30513920513,0.11279499999999999,3.03425,,0.0,694.2,,5561.727272727273,0.8490472222222222,0.9287500000000001,4.551546666666667,928.978
Kepler-1001 c,Kepler-1001,1.0,Transit,2020.0,Kepler,9.18186998,0.08399333333333335,1.6782846842857142,,0.0,804.8,,5609.0,0.8464214285714285,0.9333333333333335,4.5546114285714285,928.978
Kepler-1002 b,Kepler-1002,1.0,Transit,2016.0,Kepler,4.3364361838444445,0.055459999999999995,1.6416666666666666,,0.0,1409.0,,6043.043333333333,1.5688,1.2095,4.1531666666666665,408.303
Kepler-1003 b,Kepler-1003,1.0,Transit,2016.0,Kepler,3.55486167782,0.044704999999999995,1.564625,,0.0,1170.4,,5988.090909090909,1.2103816666666667,0.9820000000000001,4.436137777777778,941.902
Kepler-1004 b,Kepler-1004,1.0,Transit,2016.0,Kepler,5.28790640135,0.06858500000000001,8.1195,,0.0,1807.0,,4973.56,3.632297,1.3790000000000002,3.3361666666666667,1152.68
Kepler-1005 b,Kepler-1005,1.0,Transit,2016.0,Kepler,6.49801900398,0.066995,1.638375,,0.0,1029.2,,5731.962,1.1046666666666667,0.9936666666666666,4.330705555555556,567.806
Kepler-1006 b,Kepler-1006,1.0,Transit,2016.0,Kepler,19.761755382277777,0.14692,2.563714285714286,,0.0,791.4,,6184.142857142857,1.1083333333333334,1.0293333333333334,4.371333333333333,
Kepler-1007 b,Kepler-1007,1.0,Transit,2016.0,Kepler,5.185000363266666,0.0484,1.2683333333333333,,0.0,656.4,,4442.843333333333,0.5883333333333334,0.5896666666666667,4.671666666666667,
Kepler-1008 b,Kepler-1008,2.0,Transit,2016.0,Kepler,12.43932954637,0.10010833333333334,2.148875,,0.0,873.4,,5065.62,0.7434778571428572,0.8704285714285714,4.295178888888889,282.565
Kepler-1009 b,Kepler-1009,1.0,Transit,2016.0,Kepler,11.350111278488889,0.08078,2.0687142857142855,,0.0,439.6,,3882.7,0.5448000000000001,0.5592,4.67141888888889,355.019
Kepler-101 b,Kepler-101,1.0,Transit,2014.0,Kepler,3.487688483818182,0.0471675,5.1076,51.1,0.014333333333333332,1344.0,G3 IV,5649.34,1.5658333333333332,1.1243333333333334,4.177422,927.9810000000001
Kepler-101 c,Kepler-101,1.0,Transit,2014.0,Kepler,6.029716972,0.06777,1.093,3.78,0.0,1145.6666666666667,G3 IV,5655.64,1.416,1.1243333333333334,4.20217888888889,927.9809999999999
Kepler-1010 b,Kepler-1010,1.0,Transit,2016.0,Kepler,34.26846432176667,0.1923,2.399714285714286,,0.0,492.2,,5205.4,0.819,0.8204,4.516888888888889,579.273
Kepler-1011 b,Kepler-1011,1.0,Transit,2016.0,Kepler,5.7532184525888885,0.062439999999999996,2.837285714285714,,0.0,906.6,,5337.4,0.83205175,0.88,4.530265555555555,736.779
Kepler-1012 b,Kepler-1012,1.0,Transit,2016.0,Kepler,5.50859335167,0.05942666666666666,1.345,,0.0,942.6,,5480.693636363636,0.8932608999999999,0.9491428571428572,4.4975644444444445,411.077
Kepler-1013 b,Kepler-1013,1.0,Transit,2016.0,Kepler,18.93060241211111,0.1366,4.130857142857143,,0.0,784.6,,4924.4,1.213899375,0.9246666666666666,4.206202222222222,422.246
Kepler-1014 b,Kepler-1014,1.0,Transit,2016.0,Kepler,16.57107135577778,0.12104,2.178142857142857,,0.0,617.0,,5415.1,0.802878875,0.88,4.575496666666667,624.8
Kepler-1015 b,Kepler-1015,1.0,Transit,2016.0,Kepler,16.00494194204,0.13513333333333333,2.96675,,0.0,957.2,,6550.754545454546,1.476286,1.2930000000000001,4.192161111111111,739.357
Kepler-1016 b,Kepler-1016,1.0,Transit,2016.0,Kepler,1.9545287220666667,0.030856666666666668,2.239375,,0.0,1493.4,,5863.936,1.1075,1.0154285714285716,4.4133450000000005,1402.82
Kepler-1016 c,Kepler-1016,1.0,Transit,2016.0,Kepler,105.6549596061111,0.440498,3.8395714285714284,,0.0,395.75,,5823.304,1.1075,1.0,4.3852675,1402.82
Kepler-1017 b,Kepler-1017,1.0,Transit,2016.0,Kepler,7.2340138325400005,0.07222666666666668,2.508125,,0.0,1015.8,,5514.090909090909,0.873811,0.984125,4.366851111111111,552.058
Kepler-1018 b,Kepler-1018,1.0,Transit,2016.0,Kepler,49.1012491154,0.26182,2.8038571428571433,,0.0,477.6,,5590.6,0.96023,0.9501999999999999,4.466188888888889,1010.01
Kepler-1019 b,Kepler-1019,1.0,Transit,2016.0,Kepler,1.4112292870666667,0.02116,1.4347142857142858,,0.0,1063.4,,4360.396,0.6378,0.6438571428571428,4.593405555555555,194.182
Kepler-102 b,Kepler-102,1.0,Transit,2014.0,Kepler,5.286952863241667,0.0545819331375,0.4893636363636364,2.7,0.014285714285714287,805.3333333333334,,4865.833333333333,0.7352842857142857,0.7972222222222223,4.584768888888889,107.79600000000002
Kepler-102 c,Kepler-102,1.0,Transit,2014.0,Kepler,7.071349078892857,0.06629953586250001,0.5911818181818181,2.35,0.013428571428571429,730.5,,4862.0,0.734998125,0.7955,4.586288000000001,107.796
Kepler-102 d,Kepler-102,1.0,Transit,2014.0,Kepler,10.31175882212857,0.0852373290625,1.3131666666666666,3.4853130849999996,0.013142857142857142,644.6666666666666,,4862.0,0.734998125,0.7955,4.586288000000001,107.796
Kepler-102 e,Kepler-102,1.0,Transit,2013.0,Kepler,16.145711373221427,0.11494658415,2.431636363636364,6.123976103333334,0.012714285714285714,554.6666666666666,,4862.0,0.734998125,0.7955,4.586288000000001,107.796
Kepler-102 f,Kepler-102,1.0,Transit,2014.0,Kepler,27.453687214984615,0.16371045965,0.8535454545454545,4.75,0.014285714285714287,464.8333333333333,,4862.0,0.734998125,0.7955,4.586288000000001,107.796
Kepler-1020 b,Kepler-1020,1.0,Transit,2016.0,Kepler,96.91513282629,0.38192333333333334,2.175875,,0.0,316.8,,5207.326363636364,0.7506868571428572,0.8126666666666668,4.625764444444445,415.358
Kepler-1021 b,Kepler-1021,1.0,Transit,2016.0,Kepler,13.474731898811111,0.10362,2.1341428571428573,,0.0,642.2,,5375.1,0.823,0.8633333333333333,4.569118888888889,810.082
Kepler-1022 b,Kepler-1022,1.0,Transit,2016.0,Kepler,10.994694861877779,0.08080000000000001,2.0014285714285713,,0.0,512.0,,4318.7,0.61,0.6242222222222222,4.644046666666666,420.04200000000003
Kepler-1023 b,Kepler-1023,1.0,Transit,2016.0,Kepler,62.138839617129996,0.30445666666666665,3.0595,,0.0,440.2,,5390.090909090909,0.9209259,0.9216666666666667,4.430615555555556,694.175
Kepler-1024 b,Kepler-1024,1.0,Transit,2016.0,Kepler,66.41613007723333,0.30458,3.6644285714285716,,0.0,371.2,,5298.9220000000005,0.7608,0.860125,4.597497777777778,1087.4
Kepler-1025 b,Kepler-1025,1.0,Transit,2016.0,Kepler,37.322879845749995,0.23904499999999998,6.106625,,0.0,791.2,,6160.233,1.1245660000000002,1.0728888888888888,4.1880500000000005,803.776
Kepler-1026 b,Kepler-1026,1.0,Transit,2016.0,Kepler,36.515662237633336,0.19548,2.3004285714285713,,0.0,425.0,,4878.9,0.71094075,0.772375,4.58836,351.239
Kepler-1027 b,Kepler-1027,2.0,Transit,2016.0,Kepler,1.9078076753400002,0.029568333333333335,1.526625,,0.0,1741.8,,5442.960909090909,1.1076366666666668,0.933625,4.1912899999999995,405.10400000000004
Kepler-1028 b,Kepler-1028,1.0,Transit,2016.0,Kepler,2.5146228892124998,0.03526,1.326142857142857,,0.0,1220.8,,5615.888888888889,0.8404735555555555,0.9253333333333335,4.5592325,607.916
Kepler-1029 b,Kepler-1029,1.0,Transit,2016.0,Kepler,4.417700556,0.04688,1.3133333333333332,,0.0,836.6,,4869.9325,0.7263054285714284,0.735625,4.59107,366.656
Kepler-103 b,Kepler-103,1.0,Transit,2014.0,Kepler,15.965337295433333,0.12944206716666665,3.2828230769230773,11.2680170675,0.03266666666666667,873.6666666666666,G2,5905.133333333333,1.4612,1.1054285714285714,4.148673333333334,494.832
Kepler-103 c,Kepler-103,1.0,Transit,2014.0,Kepler,179.6086239678,0.6500191037333334,5.466075,40.7537521725,0.02422222222222222,389.5,G2,5905.133333333333,1.4612,1.1054285714285714,4.148673333333334,494.832
Kepler-1030 b,Kepler-1030,1.0,Transit,2016.0,Kepler,19.329526162188888,0.13306,2.3685714285714283,,0.0,525.6,,4988.3150000000005,0.735237,0.8325714285714286,4.614481111111111,758.702
Kepler-1031 b,Kepler-1031,1.0,Transit,2016.0,Kepler,1.2262213791285714,0.022625,0.842,,0.0,1832.75,,6036.374285714286,1.02325,1.0667499999999999,4.388199999999999,682.882
Kepler-1032 b,Kepler-1032,1.0,Transit,2016.0,Kepler,3.29012362425,0.03628,1.6855714285714285,,0.0,806.2,,4503.333333333333,0.617,0.6223333333333333,4.651,673.01
Kepler-1033 b,Kepler-1033,1.0,Transit,2016.0,Kepler,7.5605011658666665,0.07588,2.4708571428571426,,0.0,909.0,,5726.5,0.9341666666666666,0.962,4.488396666666667,1455.5
Kepler-1034 b,Kepler-1034,1.0,Transit,2016.0,Kepler,12.124011364833333,0.09741999999999999,2.228142857142857,,0.0,663.8,,5175.4,0.78469175,0.8552857142857143,4.567447777777778,654.549
Kepler-1035 b,Kepler-1035,1.0,Transit,2016.0,Kepler,2.7140761833,0.03627166666666667,1.2734999999999999,,0.0,1254.6,,5748.5,1.1237816666666667,1.016142857142857,4.391554444444444,562.116
Kepler-1036 b,Kepler-1036,1.0,Transit,2016.0,Kepler,122.8801022155,0.4746266666666667,2.851875,,0.0,331.8,,5521.545454545455,0.8688571428571429,0.9545555555555555,4.530497777777778,489.435
Kepler-1037 b,Kepler-1037,1.0,Transit,2016.0,Kepler,1.063788889225,0.01964,1.4631428571428573,,0.0,1605.6,,5163.217777777778,0.7980195,0.8765714285714286,4.4747925,446.914
Kepler-1038 b,Kepler-1038,1.0,Transit,2016.0,Kepler,148.4599050251111,0.52016,4.014714285714286,,0.0,315.0,,5300.7,0.7930322222222222,0.8816,4.508047777777778,584.136
Kepler-1038 c,Kepler-1038,1.0,Transit,2021.0,Kepler,7.1276747213333325,0.0683,1.2272467599999999,,0.0,799.75,,5324.166666666667,0.779686,0.844,4.576468333333334,584.136
Kepler-1039 b,Kepler-1039,1.0,Transit,2016.0,Kepler,0.9348853046333334,0.01779,2.3505,,0.0,1925.6,,4730.4,0.7303008,0.74875,4.2444,306.91
Kepler-104 b,Kepler-104,2.0,Transit,2014.0,Kepler,11.427573697061538,0.09331743536249999,2.6873636363636364,14.772714905,0.0,913.8,,5831.75,1.08206,0.8464444444444444,4.28515,400.785
Kepler-104 c,Kepler-104,2.0,Transit,2014.0,Kepler,23.66831854889231,0.1516864572625,2.6195999999999997,7.14430805,0.0,716.8,,5831.75,1.08206,0.8464444444444443,4.28515,400.785
Kepler-104 d,Kepler-104,2.0,Transit,2014.0,Kepler,51.755386015700005,0.2554926721875,2.9392,5.54022107,0.0,552.4,,5831.75,1.08206,0.851,4.28515,400.78499999999997
Kepler-1040 b,Kepler-1040,1.0,Transit,2016.0,Kepler,201.12089300370002,0.6454483333333333,2.1725,,0.0,305.6,,5727.884545454545,0.9716467142857143,0.9824285714285714,4.453864444444445,482.119
Kepler-1041 b,Kepler-1041,1.0,Transit,2016.0,Kepler,24.7576391017,0.16904000000000002,2.8084285714285713,,0.0,643.6,,6036.1,0.9856666666666666,1.0625,4.32401,1485.82
Kepler-1042 b,Kepler-1042,1.0,Transit,2016.0,Kepler,10.132016559511111,0.07748000000000001,1.9100000000000001,,0.0,586.0,,4757.0,0.5928000000000001,0.5988,4.646,
Kepler-1043 b,Kepler-1043,1.0,Transit,2016.0,Kepler,38.50527525928889,0.21792000000000003,2.5330000000000004,,0.0,534.0,,5865.0,0.9314202,0.9072000000000001,4.503222222222222,903.332
Kepler-1044 b,Kepler-1044,1.0,Transit,2016.0,Kepler,6.7740789477000005,0.07266,2.5905714285714287,,0.0,1055.6,,6080.874,1.0600355555555554,1.0948,4.425065555555555,1278.96
Kepler-1045 b,Kepler-1045,1.0,Transit,2016.0,Kepler,26.410471953466665,0.16244,2.4987142857142857,,0.0,516.0,,5375.4,0.802,0.8556666666666667,4.583511111111111,942.485
Kepler-1046 b,Kepler-1046,1.0,Transit,2016.0,Kepler,14.37508250777,0.11881333333333333,1.6771428571428573,,0.0,772.2,,6008.901,1.0393333333333332,1.058,4.460166666666667,721.534
Kepler-1047 b,Kepler-1047,1.0,Transit,2016.0,Kepler,56.188755428709996,0.2883516666666666,2.3525,,0.0,474.0,,5693.243636363636,1.3925,0.9942857142857143,4.26625,817.647
Kepler-1047 c,Kepler-1047,1.0,Transit,2016.0,Kepler,3.18897863995,0.042826,1.006,,0.0,1241.5,,5699.902222222223,1.3925,1.0072857142857143,4.283357142857143,817.647
Kepler-1048 b,Kepler-1048,1.0,Transit,2016.0,Kepler,6.921014250377778,0.059399999999999994,1.6145714285714288,,0.0,623.2,,4467.717,0.6609999999999999,0.6921999999999999,4.5071377777777775,556.006
Kepler-1049 b,Kepler-1049,1.0,Transit,2016.0,Kepler,3.273114858508,0.03402,0.89575,,0.0,634.0,,3855.4,0.5023333333333334,0.5276666666666667,4.736838888888888,162.006
Kepler-105 b,Kepler-105,1.0,Transit,2013.0,Kepler,5.412177296933334,0.0620575,3.3160833333333333,8.8421,0.06999999999999999,1259.5714285714287,,6142.282857142856,1.15384,1.0833,4.291903636363636,459.223
Kepler-105 c,Kepler-105,1.0,Transit,2014.0,Kepler,7.125970455,0.07366125,1.6710714285714285,4.702,0.0033333333333333335,1124.8333333333333,,6064.139999999999,1.0635759999999999,1.0577272727272726,4.321593999999999,459.223
Kepler-1050 b,Kepler-1050,1.0,Transit,2016.0,Kepler,15.378806194744445,0.124155,1.6745,,0.0,836.4,,5958.236,1.0458355555555556,1.052125,4.34478,490.488
Kepler-1050 c,Kepler-1050,1.0,Transit,2016.0,Kepler,21.12841455223,0.15344,1.59425,,0.0,752.2,,5950.276363636363,1.044678,1.053,4.354706666666667,490.48800000000006
Kepler-1051 b,Kepler-1051,1.0,Transit,2016.0,Kepler,25.96200874049,0.18310833333333332,2.740125,,0.0,806.4,,6593.172727272727,1.460597142857143,1.3281428571428573,4.235538888888889,829.343
Kepler-1052 b,Kepler-1052,1.0,Transit,2016.0,Kepler,34.85374772071,0.2059966666666667,2.594875,,0.0,524.8,,5789.363636363636,0.9544852857142857,1.0151666666666668,4.512152222222222,943.444
Kepler-1052 c,Kepler-1052,1.0,Transit,2023.0,Kepler,180.92379857999998,0.6185633333333334,2.3407500075,,0.0,302.5,,5785.8,0.8674999999999999,0.9363333333333334,4.5349475,943.4439999999998
Kepler-1053 b,Kepler-1053,1.0,Transit,2016.0,Kepler,2.4143511795222223,0.029459999999999997,0.8534285714285714,,0.0,835.4,,4358.366,0.6166203333333333,0.6853333333333333,4.678545555555555,151.129
Kepler-1054 b,Kepler-1054,1.0,Transit,2016.0,Kepler,4.306544866666666,0.05407,2.177375,,0.0,1156.0,,6013.5,1.141,1.1496,4.3688375,1090.51
Kepler-1055 b,Kepler-1055,1.0,Transit,2016.0,Kepler,2.29503474299,0.03291666666666667,1.156375,,0.0,1296.0,,5709.256363636364,0.8817571428571428,0.9512499999999999,4.528194444444444,389.397
Kepler-1056 b,Kepler-1056,1.0,Transit,2016.0,Kepler,27.495624274988888,0.16471999999999998,2.5227142857142857,,0.0,595.4,,5832.8099999999995,1.149842,1.0105,4.372388888888889,982.51
Kepler-1057 b,Kepler-1057,1.0,Transit,2016.0,Kepler,14.088262375777779,0.11384000000000001,2.816,,0.0,722.2,,5912.4,0.9228018,1.0028333333333335,4.524179999999999,1201.82
Kepler-1058 b,Kepler-1058,1.0,Transit,2016.0,Kepler,110.96486726555555,0.37252,2.2983333333333333,,0.0,242.0,,4504.596666666667,0.582,0.5878333333333333,4.680000000000001,491.997
Kepler-1059 b,Kepler-1059,1.0,Transit,2016.0,Kepler,3.7641827521444444,0.044,1.711,,0.0,891.2,,4968.0,0.731,0.7994444444444445,4.60938888888889,713.167
Kepler-106 b,Kepler-106,1.0,Transit,2014.0,Kepler,6.1649082046,0.06491399612857143,0.8432999999999999,5.3,0.0,1030.2,,5879.181818181818,1.039,0.9628749999999999,4.404922222222222,444.32199999999995
Kepler-106 c,Kepler-106,1.0,Transit,2014.0,Kepler,13.570771900291668,0.10973905151428572,2.4581,11.88172861,0.0,792.8,,5879.916666666667,1.039,0.9742000000000001,4.406295,444.322
Kepler-106 d,Kepler-106,1.0,Transit,2014.0,Kepler,23.980145851,0.1604885906,1.0566,8.1,0.0,655.2,,5879.181818181818,1.039,0.9628749999999999,4.404922222222222,444.32199999999995
Kepler-106 e,Kepler-106,1.0,Transit,2014.0,Kepler,43.84443983574167,0.23998990601428574,2.6531,8.88031256,0.0,535.6,,5879.916666666667,1.039,0.9742,4.406295,444.322
Kepler-1060 b,Kepler-1060,1.0,Transit,2016.0,Kepler,46.878126475377776,0.2427,2.500571428571429,,0.0,512.0,,5707.2,1.0076666666666667,0.985,4.376915555555556,946.5650000000002
Kepler-1061 b,Kepler-1061,1.0,Transit,2016.0,Kepler,2.75798579958,0.03945,1.986375,,0.0,1517.2,,6184.818181818182,1.0572997,1.07725,4.405627777777777,543.375
Kepler-1062 b,Kepler-1062,1.0,Transit,2016.0,Kepler,9.304148840266667,0.07464000000000001,1.6829999999999998,,0.0,577.2,,4457.3,0.677,0.675,4.5812277777777775,397.455
Kepler-1063 b,Kepler-1063,2.0,Transit,2016.0,Kepler,14.07970648125,0.11162000000000001,1.38,,0.0,739.8,,5642.9325,0.9298,0.95275,4.414333333333333,343.226
Kepler-1064 b,Kepler-1064,1.0,Transit,2016.0,Kepler,16.540811514633333,0.11502000000000001,1.4016666666666666,,0.0,548.2,,5101.493333333334,0.6864,0.7586666666666666,4.628,
Kepler-1065 b,Kepler-1065,1.0,Transit,2016.0,Kepler,3.6093119058000003,0.045599999999999995,3.448571428571429,,0.0,1084.2,,5582.0,0.91,0.959,4.505277777777778,1122.48
Kepler-1065 c,Kepler-1065,1.0,Transit,2016.0,Kepler,2.3703026866666668,0.0344,1.5023333333333333,,0.0,1256.0,,5634.142857142857,0.8804000000000001,0.9586666666666667,4.51875,1122.48
Kepler-1066 b,Kepler-1066,1.0,Transit,2016.0,Kepler,1.93155908966,0.028983333333333333,2.402625,,0.0,1474.4,,5600.007272727273,0.8781017142857143,0.9581428571428571,4.431672222222222,344.251
Kepler-1067 b,Kepler-1067,1.0,Transit,2016.0,Kepler,0.7621301007875,0.016,0.7351428571428571,,0.0,1812.0,,5568.666666666667,0.91825,0.95775,4.513665714285714,667.693
Kepler-1067 c,Kepler-1067,1.0,Transit,2021.0,Kepler,5.425875447888889,0.059215,1.4179748971428572,,0.0,937.0,,5570.333333333333,0.922,0.9571999999999999,4.5218325,667.693
Kepler-1068 b,Kepler-1068,1.0,Transit,2016.0,Kepler,16.9234199061,0.13254666666666667,3.537875,,0.0,719.2,,5808.090909090909,1.0105300000000002,1.03875,4.456321111111111,1473.61
Kepler-1069 b,Kepler-1069,1.0,Transit,2016.0,Kepler,23.89895502815,0.164995,2.30775,,0.0,713.6,,5636.789090909091,1.394487,1.004125,4.165817777777778,695.967
Kepler-107 b,Kepler-107,1.0,Transit,2014.0,Kepler,3.18001509575,0.04458555555555556,1.5585000000000002,3.655,0.015000000000000001,1481.142857142857,,5849.733333333334,1.4481885714285716,1.16,4.17792,525.997
Kepler-107 c,Kepler-107,1.0,Transit,2014.0,Kepler,4.901443294514286,0.05954111111111111,1.75925,9.695,0.0125,1281.857142857143,,5849.733333333334,1.4481885714285716,1.16,4.17792,525.997
Kepler-107 d,Kepler-107,1.0,Transit,2014.0,Kepler,7.958238413107693,0.08229111111111112,1.0405833333333334,5.75,0.03125,1090.857142857143,,5852.928571428572,1.4258000000000002,1.16,4.1849572727272735,525.997
Kepler-107 e,Kepler-107,1.0,Transit,2014.0,Kepler,14.749138444878572,0.12407,3.0365,11.35,0.015000000000000001,888.0,,5849.733333333334,1.4481885714285716,1.16,4.17792,525.997
Kepler-1070 b,Kepler-1070,1.0,Transit,2016.0,Kepler,6.221608917749999,0.07003833333333333,1.71775,,0.0,1229.4,,6328.443636363637,1.2337585714285715,1.1976666666666667,4.311663333333333,939.0010000000001
Kepler-1071 b,Kepler-1071,1.0,Transit,2016.0,Kepler,6.1799899173299995,0.05755,1.9633749999999999,,0.0,714.4,,5119.216363636363,0.8215544285714286,0.8597142857142857,4.628868888888889,1042.27
Kepler-1072 b,Kepler-1072,1.0,Transit,2016.0,Kepler,1.5690651455111113,0.02782,1.508375,,0.0,1778.6,,6093.892,1.256714285714286,1.1486666666666665,4.287297499999999,982.716
Kepler-1073 b,Kepler-1073,1.0,Transit,2016.0,Kepler,8.678891167766666,0.08062,2.160142857142857,,0.0,834.4,,5710.5,0.9709726666666666,0.9626666666666667,4.484576666666666,809.897
Kepler-1073 c,Kepler-1073,1.0,Transit,2016.0,Kepler,4.0258226428285715,0.048075,1.5291666666666666,,0.0,1083.5,,5698.0,0.994556,0.9308,4.477065714285715,809.897
Kepler-1073 d,Kepler-1073,1.0,Transit,2021.0,Kepler,2.5047570211666668,0.035050000000000005,1.289541898,,0.0,1268.5,,5669.166666666667,0.9205224,0.9156000000000001,4.457621666666667,809.897
Kepler-1074 b,Kepler-1074,1.0,Transit,2016.0,Kepler,5.9460911924,0.05312,1.16725,,0.0,556.0,,3948.0,0.567,0.57703975,4.697531111111111,250.817
Kepler-1075 b,Kepler-1075,1.0,Transit,2016.0,Kepler,1.5237294428571428,0.0212,1.343,,0.0,858.8,,3893.125,0.5346,0.5566000000000001,4.718558571428572,291.275
Kepler-1076 b,Kepler-1076,1.0,Transit,2016.0,Kepler,6.1472854402124995,0.06048,0.8083333333333335,,0.0,759.4,,4923.2725,0.7407594285714286,0.8028000000000001,4.603666666666666,
Kepler-1077 b,Kepler-1077,1.0,Transit,2016.0,Kepler,34.35121411196667,0.21028000000000002,2.676714285714286,,0.0,575.6,,5943.614,0.9772857142857143,1.0399999999999998,4.458096666666666,1101.42
Kepler-1078 b,Kepler-1078,1.0,Transit,2016.0,Kepler,3.0072525771428573,0.03898,1.961,,0.0,1131.0,,5638.3575,0.8161666666666667,0.8732,4.455075714285714,2481.71
Kepler-1079 b,Kepler-1079,1.0,Transit,2016.0,Kepler,13.245045792322223,0.1193,2.532285714285714,,0.0,1088.0,,5722.974,1.551842857142857,1.3135999999999999,3.914,591.098
Kepler-108 b,Kepler-108,2.0,Transit,2014.0,Kepler,49.183940933,0.28456666666666663,8.21875,,0.03666666666666667,653.4,,5725.0779999999995,2.1558333333333333,1.3476000000000001,3.9802857142857144,338.732
Kepler-108 c,Kepler-108,2.0,Transit,2014.0,Kepler,190.3206960420909,0.7017833333333333,7.48,,0.006666666666666667,415.8,,5712.276363636363,2.1558333333333333,1.3476000000000001,3.9802857142857144,338.732
Kepler-1080 b,Kepler-1080,1.0,Transit,2016.0,Kepler,77.2552202249,0.37676,4.090428571428571,,0.0,541.4,,6455.206,1.366,1.2004,4.158517777777778,1382.82
Kepler-1081 b,Kepler-1081,1.0,Transit,2016.0,Kepler,3.8569100406333328,0.04727,1.4413749999999999,,0.0,1299.8,,5336.856,0.8447269999999999,0.8995,4.278835,420.215
Kepler-1082 b,Kepler-1082,1.0,Transit,2016.0,Kepler,1.5432063199333335,0.025818333333333332,1.044125,,0.0,1612.4,,5960.202,1.22,0.977,4.3823875,739.557
Kepler-1083 b,Kepler-1083,1.0,Transit,2016.0,Kepler,33.4178347012,0.18946000000000002,3.0958571428571426,,0.0,446.2,,5068.8,0.7523333333333334,0.8156666666666667,4.588721111111111,902.633
Kepler-1084 b,Kepler-1084,1.0,Transit,2016.0,Kepler,2.053340420285714,0.032240000000000005,1.2414285714285713,,0.0,1843.6,,6202.41375,1.352405,1.032,4.184798571428571,405.533
Kepler-1085 b,Kepler-1085,1.0,Transit,2016.0,Kepler,219.32164823311112,0.738002,6.454571428571429,,0.0,313.0,,5941.2,1.0504333333333333,1.112,4.4319175,1364.53
Kepler-1085 c,Kepler-1085,1.0,Transit,2020.0,Kepler,56.77703039111111,0.29879666666666665,3.1194539157142858,,0.0,488.8,,5956.444444444444,1.02055,1.072,4.4481675,1364.53
Kepler-1086 b,Kepler-1086,2.0,Transit,2016.0,Kepler,18.784246812688888,0.11814,2.194142857142857,,0.0,419.6,,4301.844,0.622946125,0.6446,4.676782222222222,466.084
Kepler-1086 c,Kepler-1086,2.0,Transit,2016.0,Kepler,161.515906377125,0.49805,2.843666666666667,,0.0,205.0,,4300.16,0.622946125,0.6901999999999999,4.67263,466.08400000000006
Kepler-1087 b,Kepler-1087,1.0,Transit,2016.0,Kepler,0.6938439927888889,0.015090000000000001,0.739875,,0.0,2103.2,,5471.2080000000005,1.0627425,0.9522857142857142,4.3416825,362.623
Kepler-1088 b,Kepler-1088,1.0,Transit,2016.0,Kepler,23.127464320479998,0.16078833333333334,1.40125,,0.0,689.6,,5939.323636363636,1.0599544444444444,1.056,4.384087777777777,280.629
Kepler-1089 b,Kepler-1089,1.0,Transit,2016.0,Kepler,5.132229436719999,0.046900000000000004,1.738,,0.0,547.8,,3743.5,0.518213625,0.5288474285714286,4.722347777777777,259.328
Kepler-109 b,Kepler-109,1.0,Transit,2014.0,Kepler,6.481633162021429,0.0689533504125,2.4093333333333335,5.584686366666666,0.039999999999999994,1175.3333333333333,,5944.285714285715,1.3651054545454546,1.0513333333333332,4.195487272727273,474.861
Kepler-109 c,Kepler-109,1.0,Transit,2014.0,Kepler,21.22260861544286,0.1521357812875,2.5560833333333335,10.58493962,0.016,790.8333333333334,,5944.285714285715,1.3651054545454546,1.0513333333333332,4.195487272727273,474.861
Kepler-1090 b,Kepler-1090,1.0,Transit,2016.0,Kepler,198.68019774377777,0.625326,2.5869999999999997,,0.0,290.25,,5316.1,0.965925,0.862,4.40879625,858.7700000000001
Kepler-1090 c,Kepler-1090,1.0,Transit,2021.0,Kepler,42.426711222222224,0.22320333333333334,3.1628082642857143,,0.0,483.8,,5334.111111111111,1.006,0.8515,4.3960725,858.77
Kepler-1091 b,Kepler-1091,1.0,Transit,2016.0,Kepler,1.4347472511000001,0.02396,1.2578571428571428,,0.0,1483.6,,5775.888888888889,1.0156,1.002,4.500255,914.2989999999999
Kepler-1092 b,Kepler-1092,1.0,Transit,2016.0,Kepler,58.601589974477776,0.30088,2.146,,0.0,508.4,,6096.848,1.026142857142857,1.0402500000000001,4.426811111111111,981.233
Kepler-1093 b,Kepler-1093,1.0,Transit,2016.0,Kepler,25.08248179083,0.17123833333333335,2.107428571428571,,0.0,779.8,,6368.283,1.31753,1.159,4.250033333333333,1072.88
Kepler-1093 c,Kepler-1093,1.0,Transit,2016.0,Kepler,89.72217902528888,0.397274,2.1348333333333334,,0.0,508.0,,6358.536666666667,1.30847125,1.137,4.2525375,1072.88
Kepler-1094 b,Kepler-1094,1.0,Transit,2016.0,Kepler,78.09959848676667,0.36528,2.908428571428572,,0.0,453.4,,5931.322999999999,1.236838,1.0773333333333333,4.351764444444445,1291.01
Kepler-1095 b,Kepler-1095,1.0,Transit,2016.0,Kepler,4.271031275312501,0.051519999999999996,1.24,,0.0,1109.4,,5848.72,0.9123333333333333,0.9845714285714285,4.503245,792.522
Kepler-1096 b,Kepler-1096,1.0,Transit,2016.0,Kepler,2.892217087025,0.03356,1.249285714285714,,0.0,777.2,,4273.453333333334,0.6133748571428571,0.6182000000000001,4.6752625,377.976
Kepler-1097 b,Kepler-1097,1.0,Transit,2016.0,Kepler,187.7467485872222,0.58268,3.1762857142857146,,0.0,269.0,,5270.1,0.7655676666666666,0.815,4.568646666666667,719.802
Kepler-1098 b,Kepler-1098,1.0,Transit,2016.0,Kepler,2.5430728256625,0.03512,1.2381428571428572,,0.0,1289.4,,5741.333333333333,0.9796666666666667,0.9606666666666666,4.4264375000000005,1049.19
Kepler-1099 b,Kepler-1099,1.0,Transit,2016.0,Kepler,2.168450318511111,0.03356,2.765857142857143,,0.0,1555.8,,5987.2,1.0876666666666666,1.024,4.44574,1022.8
Kepler-11 b,Kepler-11,1.0,Transit,2010.0,Kepler,10.30401842,0.09108072332222222,1.8506666666666665,3.5340819983333334,0.007888888888888888,849.4,,5729.071428571428,1.0775714285714286,0.9775714285714285,4.35798,646.346
Kepler-11 c,Kepler-11,1.0,Transit,2010.0,Kepler,13.02483952823125,0.1065224827,2.9563333333333333,6.689944851666667,0.004555555555555555,785.8,,5729.071428571428,1.0775714285714286,0.9775714285714285,4.35798,646.346
Kepler-11 d,Kepler-11,1.0,Transit,2010.0,Kepler,22.686810060158823,0.15482840744444445,3.2686153846153845,7.137684945714286,0.0007777777777777778,653.0,,5729.071428571428,1.0775714285714286,0.9775714285714285,4.35798,646.346
Kepler-11 e,Kepler-11,1.0,Transit,2010.0,Kepler,31.9962592525,0.19401523413333333,4.077,7.744188907142857,0.002777777777777778,582.2,,5722.076923076923,1.0775714285714286,0.9539166666666666,4.358392727272727,646.346
Kepler-11 f,Kepler-11,1.0,Transit,2010.0,Kepler,46.68630892284118,0.24955385028888888,2.643307692307692,4.437945284285715,0.002,513.2,,5729.071428571428,1.0775714285714286,0.9775714285714285,4.35798,646.346
Kepler-11 g,Kepler-11,1.0,Transit,2010.0,Kepler,118.37866178293334,0.46387228192222224,3.4893636363636364,81.88048598200001,0.022444444444444444,376.2,,5729.071428571428,1.0775714285714286,0.9775714285714285,4.35798,646.346
Kepler-110 b,Kepler-110,1.0,Transit,2014.0,Kepler,12.691067950881818,0.10809428571428571,2.516,,0.0,1039.8,,5954.499166666667,1.3415455555555555,1.0931428571428572,4.126882,586.531
Kepler-110 c,Kepler-110,1.0,Transit,2014.0,Kepler,31.71982363240909,0.19914428571428572,3.0143333333333335,,0.0,766.4,,5954.499166666667,1.3415455555555555,1.0931428571428572,4.126882,586.531
Kepler-1100 b,Kepler-1100,1.0,Transit,2016.0,Kepler,6.4219938627,0.06875833333333334,1.35025,,0.0,1030.2,,6070.084,1.041168,1.08675,4.4355775,693.618
Kepler-1101 b,Kepler-1101,1.0,Transit,2016.0,Kepler,81.31527974163333,0.35238,2.2735714285714286,,0.0,374.8,,5470.25,0.7999403333333333,0.9143749999999999,4.56936,742.473
Kepler-1102 b,Kepler-1102,1.0,Transit,2016.0,Kepler,51.32859322266667,0.27328,3.1004285714285715,,0.0,546.0,,5985.5,1.118503,1.0286666666666666,4.359971111111111,1246.05
Kepler-1103 b,Kepler-1103,1.0,Transit,2016.0,Kepler,19.79196818539,0.14869333333333332,2.548375,,0.0,734.0,,6172.545454545455,1.057,1.1109999999999998,4.308522222222222,1331.92
Kepler-1104 b,Kepler-1104,1.0,Transit,2016.0,Kepler,5.037281325877777,0.06186833333333334,1.259,,0.0,1278.0,,6432.566000000001,1.3991866666666668,1.2677142857142858,4.3011425,530.658
Kepler-1105 b,Kepler-1105,1.0,Transit,2016.0,Kepler,4.421562962466667,0.04588,1.8745714285714286,,0.0,696.0,,4203.6,0.6624748571428573,0.662,4.626026666666666,318.004
Kepler-1106 b,Kepler-1106,1.0,Transit,2016.0,Kepler,1.2527501060750001,0.02332,1.620285714285714,,0.0,1866.2,,6106.111111111111,1.0462500000000001,1.12,4.3928525,1090.7
Kepler-1107 b,Kepler-1107,1.0,Transit,2016.0,Kepler,0.571038548,0.012691666666666665,1.39075,,0.0,1865.0,,5168.67,0.8216314285714285,0.8648571428571429,4.524688571428571,428.798
Kepler-1108 b,Kepler-1108,1.0,Transit,2016.0,Kepler,4.5100648089625,0.0514,1.4562857142857142,,0.0,989.0,,5459.111111111111,0.82842525,0.8884000000000001,4.534485,767.701
Kepler-1109 b,Kepler-1109,1.0,Transit,2016.0,Kepler,37.64665462434444,0.21968000000000001,2.3487142857142858,,0.0,565.2,,5596.901,0.9537355555555556,0.93475,4.373028888888889,685.087
Kepler-111 b,Kepler-111,1.0,Transit,2014.0,Kepler,3.341805847372727,0.045458571428571425,1.6688888888888889,,0.0,1321.6,,5924.5,1.1602774999999999,1.097888888888889,4.3455390000000005,657.223
Kepler-111 c,Kepler-111,1.0,Transit,2014.0,Kepler,224.77986437758332,0.75176875,7.403007579999999,222.4798849,0.029333333333333333,329.7,,5923.692307692308,1.15858,1.0999,4.347671818181818,657.223
Kepler-1110 b,Kepler-1110,1.0,Transit,2016.0,Kepler,9.693111949333334,0.07672,2.377,,0.0,608.4,,4779.36,0.707372,0.7525,4.626683333333334,726.828
Kepler-1111 b,Kepler-1111,1.0,Transit,2016.0,Kepler,8.7962087372,0.08676,1.799,,0.0,931.0,,6024.835,0.9981986666666667,1.0790000000000002,4.481838888888889,841.5359999999998
Kepler-1112 b,Kepler-1112,1.0,Transit,2016.0,Kepler,14.362723297466667,0.12616,2.6287142857142856,,0.0,926.8,,6604.3279999999995,1.396882857142857,1.34,4.297346666666667,1671.28
Kepler-1113 b,Kepler-1113,1.0,Transit,2016.0,Kepler,42.30051235,0.23368000000000003,2.449142857142857,,0.0,527.2,,5841.457777777778,1.0160142857142858,0.9928000000000001,4.4162675,1073.88
Kepler-1114 b,Kepler-1114,1.0,Transit,2016.0,Kepler,14.97435799731,0.11111,1.5785,,0.0,718.0,,5395.326363636364,0.8481671000000001,0.8242857142857144,4.46021,418.417
Kepler-1115 b,Kepler-1115,1.0,Transit,2016.0,Kepler,23.554179966422222,0.21272000000000002,2.105125,,0.0,1376.2,,9241.0,2.077992,2.2155,4.160448888888889,983.245
Kepler-1116 b,Kepler-1116,1.0,Transit,2016.0,Kepler,41.69780714125555,0.23286,2.41,,0.0,487.4,,5641.8,0.8921666666666667,0.9588888888888888,4.512784444444445,1008.57
Kepler-1117 b,Kepler-1117,1.0,Transit,2016.0,Kepler,4.790286550988888,0.05414166666666667,1.045625,,0.0,955.2,,5491.104,0.8608326666666666,0.9332,4.5403775,568.487
Kepler-1118 b,Kepler-1118,1.0,Transit,2016.0,Kepler,38.671322035611105,0.20972,2.8625714285714285,,0.0,528.8,,5417.8,0.9981533333333333,0.9258000000000001,4.346233333333333,888.325
Kepler-1119 b,Kepler-1119,1.0,Transit,2016.0,Kepler,8.32648422111111,0.08116,1.7416666666666665,,0.0,937.0,,6026.666666666667,1.0283333333333333,1.0562222222222222,4.304478888888889,1757.23
Kepler-112 b,Kepler-112,1.0,Transit,2014.0,Kepler,8.408880102754544,0.07518428571428572,2.652,,0.0,906.2,,5622.5625,0.9335616999999999,0.8485,4.42481,513.206
Kepler-112 c,Kepler-112,1.0,Transit,2014.0,Kepler,28.57425593119091,0.17016714285714288,2.7328888888888887,,0.0,602.2,,5622.5625,0.9335616999999999,0.8485,4.42481,513.206
Kepler-1120 b,Kepler-1120,1.0,Transit,2016.0,Kepler,2.949028696875,0.03672,1.4567142857142856,,0.0,1014.8,,4966.035555555555,0.7206666666666667,0.7727999999999999,4.5761325,615.231
Kepler-1121 b,Kepler-1121,1.0,Transit,2016.0,Kepler,13.15137055644,0.11634666666666667,1.725,,0.0,990.0,,6229.168181818182,1.4920022222222222,1.1881249999999999,4.159951111111111,482.04699999999997
Kepler-1122 b,Kepler-1122,1.0,Transit,2016.0,Kepler,42.191924445388885,0.23280000000000003,2.1595714285714283,,0.0,486.4,,5565.7,0.9082000000000001,0.9504285714285714,4.43085,1230.42
Kepler-1123 b,Kepler-1123,1.0,Transit,2016.0,Kepler,4.3394615387125,0.050960000000000005,1.7129999999999999,,0.0,1026.6,,5449.751111111112,0.8800463333333334,0.9166666666666666,4.5086625,704.323
Kepler-1124 b,Kepler-1124,1.0,Transit,2016.0,Kepler,2.8520903622000002,0.03104,1.943875,,0.0,644.4,,3743.5555555555557,0.47082977777777774,0.47089857142857144,4.7889675,289.899
Kepler-1125 b,Kepler-1125,1.0,Transit,2016.0,Kepler,17.6701742675,0.13033999999999998,2.3141428571428575,,0.0,675.0,,5812.0,0.919,0.9906666666666667,4.340325,2011.4100000000003
Kepler-1126 b,Kepler-1126,1.0,Transit,2016.0,Kepler,108.5931098307,0.4317516666666667,1.678625,,0.0,379.4,,5836.918181818181,0.9233275714285715,0.965,4.504498888888889,635.736
Kepler-1126 c,Kepler-1126,1.0,Transit,2023.0,Kepler,199.66636974875,0.640144,1.5685000066666666,,0.0,305.75,,5829.925,0.9209723999999999,0.89975,4.500237142857143,635.736
Kepler-1127 b,Kepler-1127,1.0,Transit,2016.0,Kepler,5.1233562752249995,0.05514,1.5788571428571427,,0.0,928.4,,5456.544444444445,0.8648868000000001,0.9186,4.5345275,842.459
Kepler-1128 b,Kepler-1128,1.0,Transit,2016.0,Kepler,61.6179298725,0.30358,3.436857142857143,,0.0,418.6,,5382.891111111112,0.8981666666666667,0.9771666666666666,4.4510525,1083.41
Kepler-1129 b,Kepler-1129,1.0,Transit,2016.0,Kepler,24.33980982069,0.16475166666666666,3.31425,,0.0,694.8,,5849.118181818182,1.0134539999999999,0.9887777777777776,4.377121111111111,1183.88
Kepler-1129 c,Kepler-1129,1.0,Transit,2016.0,Kepler,76.53674174650001,0.351414,2.8055714285714286,,0.0,479.0,,5834.63,1.00606,0.9936,4.37301125,1183.88
Kepler-113 b,Kepler-113,1.0,Transit,2014.0,Kepler,4.754000651166666,0.04998917712857143,1.9746,9.61374,0.0,771.6,,4706.166666666667,0.7201428571428571,0.7541666666666668,4.586671,262.351
Kepler-113 c,Kepler-113,1.0,Transit,2014.0,Kepler,8.925078260683334,0.07603847747142857,2.5119,4.877644945,0.0,625.4,,4706.166666666667,0.7201428571428571,0.7541666666666668,4.586671,262.351
Kepler-1130 b,Kepler-1130,2.0,Transit,2016.0,Kepler,5.452987868272728,0.059219045000000005,0.8795555555555556,,0.0,924.4,,5391.181818181818,0.8632099999999999,0.9342,4.522105555555556,249.343
Kepler-1130 c,Kepler-1130,2.0,Transit,2021.0,Kepler,3.2666178653333335,0.04203368388571428,0.68629948,,0.0,1097.6,,5411.75,0.8687833333333334,0.9435,4.521235714285714,249.343
Kepler-1130 d,Kepler-1130,2.0,Transit,2021.0,Kepler,4.272266488333333,0.050290659614285714,0.65284034125,,0.0,1003.4,,5411.75,0.8687833333333334,0.9435,4.521235714285714,249.343
Kepler-1131 b,Kepler-1131,1.0,Transit,2016.0,Kepler,3.5323259696875002,0.04586,1.4577142857142857,,0.0,1179.2,,5864.295555555556,0.96392025,1.0305,4.490785,1030.7
Kepler-1132 b,Kepler-1132,1.0,Transit,2016.0,Kepler,62.891697116111104,0.28844000000000003,2.225857142857143,,0.0,375.0,,5222.5,0.8013594999999999,0.8446666666666666,4.582113333333333,867.9310000000002
Kepler-1133 b,Kepler-1133,1.0,Transit,2016.0,Kepler,11.555613610155556,0.0968,1.8715714285714284,,0.0,717.2,,5503.278,0.853,0.9301999999999999,4.532988888888889,753.135
Kepler-1134 b,Kepler-1134,1.0,Transit,2016.0,Kepler,17.132657116288886,0.12502,2.4771428571428573,,0.0,607.2,,5369.6,0.7879843750000001,0.87525,4.589787777777778,944.445
Kepler-1135 b,Kepler-1135,1.0,Transit,2016.0,Kepler,76.95821254594445,0.34488,2.1954285714285713,,0.0,452.2,,5760.933999999999,1.0306666666666666,0.962,4.228174444444445,1314.64
Kepler-1136 b,Kepler-1136,1.0,Transit,2016.0,Kepler,2.361723187075,0.029920000000000002,1.5137142857142858,,0.0,914.2,,4474.777777777777,0.6495748571428572,0.6491666666666667,4.64185,491.40600000000006
Kepler-1137 b,Kepler-1137,1.0,Transit,2016.0,Kepler,23.921100092155555,0.18544,2.492,,0.0,990.0,,6971.630999999999,1.7919525,1.4745,4.088435555555556,921.778
Kepler-1138 b,Kepler-1138,1.0,Transit,2016.0,Kepler,3.17059755295,0.040139999999999995,1.6507142857142856,,0.0,1182.6,,5599.888888888889,0.8859999999999999,0.9498,4.5219125,872.328
Kepler-1139 b,Kepler-1139,1.0,Transit,2016.0,Kepler,0.8131684219444444,0.016339999999999997,1.069125,,0.0,1619.8,,5287.2660000000005,0.82604325,0.8902857142857143,4.55034,495.15600000000006
Kepler-114 b,Kepler-114,1.0,Transit,2014.0,Kepler,5.188584338106667,0.049571428571428565,1.1209090909090909,3.4499999999999997,0.0,609.5,M0 V,4392.818461538462,0.6880137142857142,0.5765555555555556,4.66424,259.533
Kepler-114 c,Kepler-114,1.0,Transit,2013.0,Kepler,8.041299195233334,0.06566999999999999,1.435,11.29167,0.0,526.5,M0 V,4375.136666666666,0.6631826666666666,0.5749000000000001,4.670603636363636,259.533
Kepler-114 d,Kepler-114,1.0,Transit,2013.0,Kepler,11.776121130833333,0.08461333333333333,2.273,2.527423333333333,0.0,463.8333333333333,M0 V,4375.136666666666,0.6631826666666666,0.5749000000000001,4.670603636363636,259.533
Kepler-1140 b,Kepler-1140,1.0,Transit,2016.0,Kepler,24.0862486668,0.14944,2.849857142857143,,0.0,500.8,,4892.5,0.7575665,0.758,4.552027777777777,656.48
Kepler-1141 b,Kepler-1141,1.0,Transit,2016.0,Kepler,2.344515369288889,0.03417666666666667,0.86925,,0.0,1451.8,,5853.9,1.1233555555555554,0.9913333333333334,4.3597025,393.642
Kepler-1142 b,Kepler-1142,1.0,Transit,2016.0,Kepler,18.302693057655556,0.13010000000000002,1.6632857142857145,,0.0,686.2,,5611.826,1.5052583333333331,0.967,4.252405555555556,1273.51
Kepler-1143 b,Kepler-1143,1.0,Transit,2016.0,Kepler,2.8888998260000003,0.03544,1.5282857142857142,,0.0,964.6,,4907.888888888889,0.6999167500000001,0.7725,4.6032775,555.189
Kepler-1143 c,Kepler-1143,1.0,Transit,2016.0,Kepler,210.63069999583334,0.6192333333333333,3.2274000000000003,,0.0,231.33333333333334,,4902.571428571428,0.7010556666666666,0.79,4.6072033333333335,555.189
Kepler-1144 b,Kepler-1144,1.0,Transit,2016.0,Kepler,17.146439601966666,0.12806,2.2444285714285717,,0.0,706.0,,5759.8,1.0426783333333334,0.9968,4.425673333333333,1140.57
Kepler-1145 b,Kepler-1145,1.0,Transit,2016.0,Kepler,3.9707714673,0.04444,1.4916666666666665,,0.0,958.8,,5124.0,0.7724,0.7479999999999999,4.5517325,691.961
Kepler-1146 b,Kepler-1146,1.0,Transit,2016.0,Kepler,2.3522640243375,0.03194,1.2742857142857142,,0.0,1013.4,,4750.111111111111,0.738817,0.7766666666666667,4.5973375,703.038
Kepler-1147 b,Kepler-1147,1.0,Transit,2016.0,Kepler,10.627980023877777,0.09608000000000001,2.2632857142857143,,0.0,871.2,,5946.6089999999995,1.066,1.0481666666666667,4.346893333333333,1657.36
Kepler-1148 b,Kepler-1148,1.0,Transit,2016.0,Kepler,1.1044620744,0.018840000000000003,1.611,,0.0,1389.4,,4992.444444444444,0.7521002857142857,0.7385,4.568125,625.692
Kepler-1149 b,Kepler-1149,1.0,Transit,2016.0,Kepler,3.73090507505,0.04682,1.4352857142857143,,0.0,1115.8,,5751.32,0.9113333333333333,0.9844285714285714,4.43918,1217.73
Kepler-115 b,Kepler-115,1.0,Transit,2014.0,Kepler,2.40364980395,0.035488571428571425,1.098111111111111,,0.0,1481.2,,5991.283636363636,1.163322857142857,1.046,4.34504,623.609
Kepler-115 c,Kepler-115,1.0,Transit,2014.0,Kepler,8.990892226036364,0.08550285714285713,2.528777777777778,,0.0,954.8,,5996.723333333334,1.16417375,1.046,4.346004,623.609
Kepler-1150 b,Kepler-1150,2.0,Transit,2016.0,Kepler,2.7878701192,0.03736,1.8025714285714287,,0.0,1327.0,,4755.111111111111,0.7019132,0.8608571428571429,4.2707025000000005,358.518
Kepler-1151 b,Kepler-1151,1.0,Transit,2016.0,Kepler,65.64776041912222,0.30676000000000003,2.6155714285714287,,0.0,463.0,,5583.089,0.886869375,0.9226000000000001,4.469498888888889,682.436
Kepler-1152 b,Kepler-1152,1.0,Transit,2016.0,Kepler,1.6471589769222221,0.022359999999999998,0.9476249999999999,,0.0,841.0,,3914.3333333333335,0.5336000000000001,0.5558000000000001,4.7112175,215.233
Kepler-1153 b,Kepler-1153,1.0,Transit,2016.0,Kepler,1.7558392025714284,0.02776,1.7345714285714284,,0.0,1340.6,,5531.0,0.838117857142857,0.9184285714285715,4.557622857142857,1119.49
Kepler-1154 b,Kepler-1154,1.0,Transit,2016.0,Kepler,5.1855949677875,0.060860000000000004,1.9222857142857142,,0.0,1153.8,,6232.444444444444,1.3976899999999999,1.1560000000000001,4.3522975,1460.1
Kepler-1154 c,Kepler-1154,1.0,Transit,2016.0,Kepler,8.458072553700001,0.08465,2.0523333333333333,,0.0,991.75,,6241.75,1.3976899999999999,1.255,4.334054285714286,1460.1
Kepler-1155 b,Kepler-1155,1.0,Transit,2016.0,Kepler,33.4698799477,0.20068000000000003,2.255,,0.0,610.2,,5898.333333333333,1.0812000000000002,0.9733333333333333,4.354666666666667,1128.72
Kepler-1156 b,Kepler-1156,1.0,Transit,2016.0,Kepler,11.895200187288888,0.10132333333333332,1.2955,,0.0,806.4,,5864.6,0.9504285714285714,1.0274285714285714,4.48939,691.331
Kepler-1157 b,Kepler-1157,1.0,Transit,2016.0,Kepler,4.4574214744875,0.045040000000000004,0.9401428571428571,,0.0,731.6,,4524.888888888889,0.6418571428571429,0.6537499999999999,4.6200975,342.144
Kepler-1158 b,Kepler-1158,1.0,Transit,2016.0,Kepler,13.539643121309998,0.12003833333333334,2.018625,,0.0,975.0,,6235.538181818181,2.1215,1.1935,4.034504444444445,1484.25
Kepler-1159 b,Kepler-1159,1.0,Transit,2016.0,Kepler,22.70816627125,0.16044,1.9622857142857144,,0.0,677.6,,6094.797777777778,1.0728571428571427,1.0765,4.373927500000001,1213.71
Kepler-116 b,Kepler-116,1.0,Transit,2014.0,Kepler,5.968721884590909,0.06837428571428572,3.072777777777778,,0.0,1194.6,,6307.0,1.3977085714285715,1.2098888888888888,4.287299,955.168
Kepler-116 c,Kepler-116,1.0,Transit,2014.0,Kepler,13.071503541236364,0.11518142857142857,2.132888888888889,,0.0,920.4,,6307.0,1.3977085714285715,1.2098888888888888,4.287299,955.168
Kepler-1160 b,Kepler-1160,1.0,Transit,2016.0,Kepler,7.9703681827375,0.0758,1.917142857142857,,0.0,844.4,,5674.777777777777,0.8347999999999999,0.9189999999999999,4.5780325,1077.63
Kepler-1161 b,Kepler-1161,1.0,Transit,2016.0,Kepler,10.712514829222222,0.07848,2.214142857142857,,0.0,493.6,,4261.544,0.6995078333333332,0.6103333333333333,4.623606666666666,547.726
Kepler-1162 b,Kepler-1162,1.0,Transit,2016.0,Kepler,32.56353114433333,0.193,2.1228571428571428,,0.0,503.6,,5393.4,0.8313655714285714,0.906375,4.553833333333333,940.211
Kepler-1162 c,Kepler-1162,1.0,Transit,2023.0,Kepler,59.28411211857143,0.2877,1.811600004,,0.0,413.75,,5389.571428571428,0.8354509999999999,0.902,4.543,940.211
Kepler-1163 b,Kepler-1163,1.0,Transit,2016.0,Kepler,6.1178797149,0.06831333333333334,0.97525,,0.0,1160.8,,6323.906,1.3386633333333335,1.17525,4.329385,478.64700000000005
Kepler-1164 b,Kepler-1164,1.0,Transit,2016.0,Kepler,3.976001979811111,0.045641666666666664,1.142125,,0.0,967.8,,5188.4,0.783186,0.8148333333333334,4.5453725,431.622
Kepler-1165 b,Kepler-1165,1.0,Transit,2016.0,Kepler,9.4785208401875,0.090725,1.6001666666666665,,0.0,949.0,,6145.888888888889,1.1976666666666667,1.115,4.2511225,1575.2
Kepler-1165 c,Kepler-1165,1.0,Transit,2021.0,Kepler,29.96856373875,0.19552,2.2151556416666667,,0.0,642.6,,6179.125,1.0718333333333334,1.11525,4.31904,1575.2
Kepler-1166 b,Kepler-1166,1.0,Transit,2016.0,Kepler,33.24086484883333,0.19532,1.8252857142857142,,0.0,546.8,,5476.826,0.8549932,0.908,4.473434444444445,634.906
Kepler-1167 b,Kepler-1167,1.0,Transit,2016.0,Kepler,1.003937420675,0.017800000000000003,1.734142857142857,,0.0,1422.2,,4900.888888888889,0.75482125,0.7442857142857143,4.54922,820.905
Kepler-1168 b,Kepler-1168,1.0,Transit,2016.0,Kepler,55.822559638255555,0.26632,2.201857142857143,,0.0,377.4,,5094.773999999999,0.7451481111111111,0.8182222222222223,4.605705555555556,752.666
Kepler-1169 b,Kepler-1169,1.0,Transit,2016.0,Kepler,6.1101033797,0.068585,0.973,,0.0,1129.4,,6045.426,1.2286666666666666,1.1408571428571428,4.3117624999999995,522.823
Kepler-117 b,Kepler-117,1.0,Transit,2014.0,Kepler,18.795909812261538,0.14621625,7.0283999999999995,30.6375,0.008216666666666666,842.0,F8 V,6218.54,1.500714285714286,1.1575555555555554,4.20846,1455.57
Kepler-117 c,Kepler-117,1.0,Transit,2014.0,Kepler,50.79037584741539,0.28376375,10.4768,696.39,0.005383333333333334,604.0,F8 V,6227.628461538461,1.500714285714286,1.1584999999999999,4.222217272727272,1455.57
Kepler-1170 b,Kepler-1170,1.0,Transit,2016.0,Kepler,9.989687550777779,0.08812,2.543142857142857,,0.0,692.6,,5144.1,0.8156666666666667,0.8721111111111112,4.544392222222222,1050.45
Kepler-1171 b,Kepler-1171,1.0,Transit,2016.0,Kepler,1.4425923720555556,0.028720000000000002,2.702142857142857,,0.0,2709.0,,7139.7,2.0244,1.506,4.025198888888889,573.0
Kepler-1172 b,Kepler-1172,1.0,Transit,2016.0,Kepler,26.020223595055555,0.17076,3.3175714285714286,,0.0,581.6,,5702.729,0.87688275,0.9776,4.549003333333333,1306.53
Kepler-1173 b,Kepler-1173,1.0,Transit,2016.0,Kepler,0.7698540398555556,0.015616666666666668,0.890375,,0.0,1632.8,,5136.704,0.79799175,0.866,4.56306,377.06
Kepler-1174 b,Kepler-1174,1.0,Transit,2016.0,Kepler,6.8922525203000005,0.07176,1.7091428571428569,,0.0,1003.2,,5971.222222222223,1.0406666666666666,1.0635000000000001,4.3158075,1408.75
Kepler-1175 b,Kepler-1175,1.0,Transit,2016.0,Kepler,37.94553439384444,0.21879999999999997,2.9661428571428567,,0.0,516.6,,5707.4,0.8652,0.95175,4.583798888888889,1121.89
Kepler-1176 b,Kepler-1176,1.0,Transit,2016.0,Kepler,24.17402569375,0.1568,2.0397142857142856,,0.0,560.4,,5567.495555555555,0.9469175,0.9436666666666667,4.51774,864.699
Kepler-1177 b,Kepler-1177,1.0,Transit,2016.0,Kepler,106.24880244211111,0.4368,2.178142857142857,,0.0,393.0,,5785.0,0.9898333333333333,0.994375,4.311448888888888,1299.97
Kepler-1178 b,Kepler-1178,1.0,Transit,2016.0,Kepler,31.806445851885712,0.1596,0.8781666666666667,,0.0,378.0,,4851.1975,0.6747028571428572,0.5871999999999999,4.620431428571428,482.287
Kepler-1179 b,Kepler-1179,1.0,Transit,2016.0,Kepler,2.685056798322222,0.03472833333333333,1.320375,,0.0,1135.4,,5222.0,0.826,0.7815714285714286,4.537685,415.20500000000004
Kepler-118 b,Kepler-118,1.0,Transit,2014.0,Kepler,7.518516224977778,0.0711,1.555375,,0.0,828.4,,5185.3,0.9080228888888888,0.8515714285714286,4.458548888888888,574.228
Kepler-118 c,Kepler-118,1.0,Transit,2014.0,Kepler,20.1720226801,0.13721666666666668,6.678625,,0.0,595.8,,5178.363636363636,0.8998809,0.8585714285714285,4.4664909999999995,574.228
Kepler-1180 b,Kepler-1180,1.0,Transit,2016.0,Kepler,16.859827703633332,0.12648,1.8565714285714283,,0.0,768.0,,6185.6,1.105,1.105,4.341553333333334,1596.8
Kepler-1181 b,Kepler-1181,1.0,Transit,2016.0,Kepler,4.893386686177778,0.061880000000000004,1.5542857142857145,,0.0,1342.4,,6541.183999999999,1.3231666666666666,1.3122500000000001,4.307082222222222,938.417
Kepler-1181 c,Kepler-1181,1.0,Transit,2023.0,Kepler,8.9348886685,0.0928,1.6567999920000003,,0.0,1114.25,,6651.88,1.3302,1.3340000000000003,4.31193,938.417
Kepler-1182 b,Kepler-1182,1.0,Transit,2016.0,Kepler,11.1738998413625,0.09808000000000001,2.015285714285714,,0.0,794.8,,5898.444444444444,0.9343333333333333,1.0116666666666667,4.4344375000000005,1545.39
Kepler-1183 b,Kepler-1183,1.0,Transit,2016.0,Kepler,28.505464478377778,0.17904,2.8402857142857143,,0.0,555.2,,5649.3,0.89,0.957,4.371754444444445,1919.19
Kepler-1184 b,Kepler-1184,1.0,Transit,2016.0,Kepler,53.59907848656667,0.28724,2.5907142857142853,,0.0,530.4,,6166.6,1.03381375,1.0782500000000002,4.442246666666667,1157.84
Kepler-1185 b,Kepler-1185,1.0,Transit,2016.0,Kepler,104.35173952183334,0.4382333333333333,1.5574,,0.0,365.6666666666667,,5738.714285714285,0.9186666666666666,1.0404,4.42229,459.273
Kepler-1186 b,Kepler-1186,1.0,Transit,2016.0,Kepler,16.07675645,0.12747999999999998,2.284,,0.0,719.2,,5809.58,0.9868333333333333,1.049,4.4420150000000005,1337.25
Kepler-1187 b,Kepler-1187,1.0,Transit,2016.0,Kepler,18.870617167433334,0.14048,2.5065714285714287,,0.0,702.2,,6024.4,1.0473333333333334,1.0675000000000001,4.439688888888889,1020.53
Kepler-1188 b,Kepler-1188,1.0,Transit,2016.0,Kepler,17.136973526577776,0.13444,2.2564285714285712,,0.0,776.6,,6092.3,1.0761666666666667,1.07925,4.310683333333333,1717.48
Kepler-1189 b,Kepler-1189,1.0,Transit,2016.0,Kepler,3.7886185822125,0.04814,1.5521428571428573,,0.0,1245.6,,5761.006666666666,1.1460742857142858,1.0586666666666666,4.34292,782.852
Kepler-119 b,Kepler-119,1.0,Transit,2014.0,Kepler,2.4220835933,0.03438333333333333,3.7916250000000002,,0.0,1211.2,,5588.0,0.8609999999999999,0.94475,4.50492,701.996
Kepler-119 c,Kepler-119,1.0,Transit,2014.0,Kepler,4.1251056775,0.04895,0.944625,,0.0,1013.4,,5614.777777777777,0.8291666666666666,0.9176,4.5278,701.996
Kepler-1190 b,Kepler-1190,1.0,Transit,2016.0,Kepler,10.458443896522223,0.08268,1.249857142857143,,0.0,598.6,,4636.486,0.7013344285714285,0.7047142857142857,4.5965588888888895,342.509
Kepler-1191 b,Kepler-1191,1.0,Transit,2016.0,Kepler,5.6001052228875,0.05936,1.5417142857142856,,0.0,900.0,,5378.555555555556,0.85269,0.8902000000000001,4.53088,955.5359999999998
Kepler-1192 b,Kepler-1192,1.0,Transit,2016.0,Kepler,25.203376718933335,0.16884000000000002,2.4655714285714287,,0.0,596.6,,5692.8,0.919121875,0.9793333333333334,4.509586666666667,1304.19
Kepler-1193 b,Kepler-1193,1.0,Transit,2016.0,Kepler,2.832647674211111,0.03990666666666667,1.305625,,0.0,1388.0,,5945.356,1.2876666666666667,1.0525714285714287,4.3129675,802.116
Kepler-1194 b,Kepler-1194,1.0,Transit,2016.0,Kepler,16.223735357677775,0.12164,1.74,,0.0,762.2,,5659.757777777778,1.083,0.905,4.356333333333334,757.382
Kepler-1195 b,Kepler-1195,1.0,Transit,2016.0,Kepler,8.496419264637499,0.07308,2.1935714285714285,,0.0,704.6,,5072.0,0.7329645,0.723,4.585217500000001,918.5660000000001
Kepler-1196 b,Kepler-1196,1.0,Transit,2016.0,Kepler,66.18442074472222,0.31654,2.235285714285714,,0.0,433.2,,5777.7,0.9539691666666666,0.9856666666666666,4.498656666666666,922.333
Kepler-1197 b,Kepler-1197,1.0,Transit,2016.0,Kepler,2.032318110177778,0.02754833333333333,1.159625,,0.0,986.8,,4633.2,0.6671428571428571,0.71925,4.61437,486.93999999999994
Kepler-1198 b,Kepler-1198,1.0,Transit,2016.0,Kepler,7.684795186900001,0.0752,1.6498571428571427,,0.0,911.8,,5532.666666666667,0.9165,0.9366666666666666,4.44883,743.03
Kepler-1199 b,Kepler-1199,1.0,Transit,2016.0,Kepler,15.04473097526,0.11629833333333334,1.234,,0.0,832.4,,5890.728,1.1371666666666667,0.9126,4.273666666666666,563.493
Kepler-12 b,Kepler-12,1.0,Transit,2011.0,Kepler,4.43796321781875,0.055037,18.59719958333333,137.1422125,0.004428571428571429,1375.857142857143,,5956.941176470588,1.4669166666666669,1.1085,4.162617142857143,881.386
Kepler-120 b,Kepler-120,1.0,Transit,2014.0,Kepler,6.312535865975001,0.05621571428571428,2.1948999999999996,8.5,0.0,586.3333333333334,M0 V,4283.083333333333,0.5807777777777777,0.5992857142857143,4.64826,388.63
Kepler-120 c,Kepler-120,1.0,Transit,2014.0,Kepler,12.794547843508333,0.09002428571428571,1.720888888888889,,0.0,463.1666666666667,M0 V,4283.083333333333,0.5807777777777777,0.5992857142857143,4.64826,388.63
Kepler-1200 b,Kepler-1200,1.0,Transit,2016.0,Kepler,1.1185502133125,0.0187,1.0391428571428571,,0.0,1168.6,,4489.777777777777,0.6828333333333334,0.715,4.6138275,588.715
Kepler-1201 b,Kepler-1201,1.0,Transit,2016.0,Kepler,15.187255544022223,0.11924000000000001,1.973142857142857,,0.0,792.2,,6075.9,1.034103,1.092,4.421404444444445,944.241
Kepler-1202 b,Kepler-1202,1.0,Transit,2016.0,Kepler,28.68530704937778,0.17904,2.600857142857143,,0.0,546.4,,5700.8,0.8845061,0.9806666666666667,4.52961,1175.38
Kepler-1203 b,Kepler-1203,1.0,Transit,2016.0,Kepler,0.5879999496875,0.01132,1.0222857142857142,,0.0,1229.8,,3981.4444444444443,0.5963333333333333,0.584,4.63648,317.022
Kepler-1204 b,Kepler-1204,1.0,Transit,2016.0,Kepler,85.73557249147777,0.38716,2.989857142857143,,0.0,447.4,,5928.9,1.038792,1.046,4.419315555555555,1175.22
Kepler-1205 b,Kepler-1205,1.0,Transit,2016.0,Kepler,1.078390249425,0.01948,1.675857142857143,,0.0,1635.6,,5238.111111111111,0.815073,0.8497142857142856,4.4594700000000005,698.485
Kepler-1206 b,Kepler-1206,1.0,Transit,2016.0,Kepler,1.216997742225,0.02008,1.5751428571428572,,0.0,1299.2,,4811.666666666667,0.7548814285714285,0.7451428571428572,4.5634025,762.019
Kepler-1207 b,Kepler-1207,1.0,Transit,2016.0,Kepler,13.6823393222125,0.11528000000000001,1.7082857142857144,,0.0,796.6,,6016.333333333333,1.0206666666666668,1.0912,4.30253,1754.19
Kepler-1208 b,Kepler-1208,1.0,Transit,2016.0,Kepler,11.0850599253125,0.09068000000000001,2.4194285714285715,,0.0,661.6,,5002.777777777777,0.7746305714285714,0.7925714285714286,4.558035,825.176
Kepler-1209 b,Kepler-1209,1.0,Transit,2016.0,Kepler,25.36903362307,0.178575,1.471125,,0.0,763.0,,6261.181818181818,1.272505,1.218375,4.278624444444445,505.531
Kepler-121 b,Kepler-121,1.0,Transit,2014.0,Kepler,3.17741637206,0.03911666666666667,2.5725,,0.0,1009.2,,5321.0,0.7048842000000001,0.8346666666666667,4.64855,510.5230000000001
Kepler-121 c,Kepler-121,1.0,Transit,2014.0,Kepler,41.008115476789996,0.21546666666666667,2.644,,0.0,430.2,,5321.0,0.7048842000000001,0.8346666666666667,4.64855,510.5230000000001
Kepler-1210 b,Kepler-1210,1.0,Transit,2016.0,Kepler,8.0711831232375,0.07584,1.5902857142857143,,0.0,858.4,,5670.888888888889,0.9173333333333334,0.9022857142857142,4.49649,1176.53
Kepler-1211 b,Kepler-1211,1.0,Transit,2016.0,Kepler,11.01816583809,0.09843833333333334,2.726125,,0.0,837.8,,5903.636363636364,0.9881666666666667,1.0313,4.430072222222222,1826.5299999999997
Kepler-1212 b,Kepler-1212,1.0,Transit,2016.0,Kepler,12.941281679444444,0.10876000000000001,1.8765714285714286,,0.0,797.2,,6077.151,1.0963333333333332,1.09,4.427068888888889,1316.57
Kepler-1213 b,Kepler-1213,1.0,Transit,2016.0,Kepler,5.34975345,0.06091,1.173875,,0.0,1121.6,,6101.365555555556,1.1443333333333332,1.09975,4.3838099999999995,807.812
Kepler-1214 b,Kepler-1214,1.0,Transit,2016.0,Kepler,18.8264669325,0.1296,2.423714285714286,,0.0,588.8,,5136.333333333333,0.83177,0.8082857142857144,4.5025625,729.227
Kepler-1215 b,Kepler-1215,1.0,Transit,2016.0,Kepler,4.7670359009125,0.05284,1.2472857142857143,,0.0,1046.8,,5583.777777777777,0.9299754285714287,0.8813333333333334,4.45177,661.022
Kepler-1216 b,Kepler-1216,1.0,Transit,2016.0,Kepler,4.370380020825,0.053559999999999997,1.445,,0.0,1153.8,,5847.888888888889,1.0509857142857142,1.0125,4.4213875,1258.36
Kepler-1217 b,Kepler-1217,1.0,Transit,2016.0,Kepler,2.0323223837,0.032479999999999995,1.8658571428571429,,0.0,1530.4,,6055.0,1.0579925000000001,1.0976666666666668,4.4333,1347.71
Kepler-1218 b,Kepler-1218,1.0,Transit,2016.0,Kepler,22.92226838851,0.15776333333333334,1.476625,,0.0,698.0,,5918.702727272727,1.28,1.011111111111111,4.278867777777778,840.5030000000002
Kepler-1219 b,Kepler-1219,1.0,Transit,2016.0,Kepler,16.10475515613,0.13046,2.119625,,0.0,892.2,,5943.802727272728,2.6926542857142857,1.047875,3.9342899999999994,880.895
Kepler-122 b,Kepler-122,1.0,Transit,2014.0,Kepler,5.7661789258454546,0.06347,2.126111111111111,,0.0,1065.4,,6037.083333333333,1.22976625,1.0468,4.376369,1027.45
Kepler-122 c,Kepler-122,1.0,Transit,2014.0,Kepler,12.466010347636363,0.10638,5.324222222222222,,0.0,823.2,,6037.083333333333,1.22976625,1.0468,4.376369,1027.45
Kepler-122 d,Kepler-122,1.0,Transit,2014.0,Kepler,21.587511008745455,0.1532,1.8841111111111113,,0.0,686.2,,6037.083333333333,1.22976625,1.0468,4.376369,1027.45
Kepler-122 e,Kepler-122,1.0,Transit,2014.0,Kepler,37.99597041189167,0.22350142857142857,2.2104,27.7,0.0,568.2,,6037.083333333333,1.2241614285714288,1.044,4.376369,1027.45
Kepler-122 f,Kepler-122,1.0,Transit Timing Variations,2014.0,Kepler,56.259746784,0.2896083333333333,2.0085555555555556,36.0,0.0,498.6,,6038.3,1.0998,1.044,4.3975575000000005,1027.45
Kepler-1220 b,Kepler-1220,1.0,Transit,2016.0,Kepler,7.4269697554625,0.07038,1.4160000000000001,,0.0,922.4,,5753.555555555556,0.9899547999999999,0.9663333333333334,4.434675,961.907
Kepler-1221 b,Kepler-1221,1.0,Transit,2016.0,Kepler,12.000954414644445,0.09168000000000001,1.6433333333333333,,0.0,636.2,,5208.166666666667,0.7233333333333333,0.7243999999999999,4.590333333333333,913.6500000000001
Kepler-1222 b,Kepler-1222,1.0,Transit,2016.0,Kepler,1.9169485643777777,0.027735,0.771875,,0.0,1163.6,,5141.4,0.752211,0.819,4.606825000000001,415.218
Kepler-1223 b,Kepler-1223,1.0,Transit,2016.0,Kepler,16.301330171644445,0.11714,1.324142857142857,,0.0,548.0,,4796.9,0.7953256666666666,0.79625,4.544156666666667,459.957
Kepler-1224 b,Kepler-1224,1.0,Transit,2016.0,Kepler,13.323541578020002,0.11319166666666668,1.207375,,0.0,856.8,,6219.818181818182,1.1792714285714285,1.1875714285714285,4.38012,559.598
Kepler-1225 b,Kepler-1225,1.0,Transit,2016.0,Kepler,7.010745692475,0.0747,2.0264285714285717,,0.0,1132.0,,6166.435555555556,1.16475,1.1575,4.3035675,1347.52
Kepler-1226 b,Kepler-1226,1.0,Transit,2016.0,Kepler,17.292266083690002,0.134575,1.712875,,0.0,751.8,,6051.451818181818,1.2580483333333332,1.0705555555555555,4.352743333333333,1125.72
Kepler-1227 b,Kepler-1227,1.0,Transit,2016.0,Kepler,94.28905208111112,0.389925,2.172875,,0.0,389.8,,5679.4,0.9142857142857144,0.953,4.4844325,623.706
Kepler-1228 b,Kepler-1228,1.0,Transit,2016.0,Kepler,0.5773701046333333,0.012426666666666667,1.4925,,0.0,1765.0,,5073.43,0.727679,0.7821428571428573,4.6112925,515.453
Kepler-1229 b,Kepler-1229,1.0,Transit,2016.0,Kepler,86.82908142866,0.2974333333333333,1.438,,0.0,204.0,,3729.181818181818,0.48575,0.51125,4.764684,265.482
Kepler-123 b,Kepler-123,1.0,Transit,2014.0,Kepler,17.232304548491665,0.13282714285714287,2.7239999999999998,55.3,0.0,781.8,,6181.333333333333,1.252,1.0485,4.327588,1021.66
Kepler-123 c,Kepler-123,1.0,Transit,2014.0,Kepler,26.695156321116666,0.17784,1.4252222222222222,,0.0,675.8,,6181.333333333333,1.252,1.0485,4.327588,1021.66
Kepler-1230 b,Kepler-1230,1.0,Transit,2016.0,Kepler,9.95669178528889,0.09228,3.005571428571429,,0.0,943.6,,6046.7,1.1009311111111113,1.0513333333333332,4.377165555555556,1364.22
Kepler-1231 b,Kepler-1231,1.0,Transit,2016.0,Kepler,10.41727994075,0.09304,1.3898571428571427,,0.0,816.4,,5712.0,1.0039685714285713,0.9958571428571429,4.4378775,987.237
Kepler-1232 b,Kepler-1232,1.0,Transit,2016.0,Kepler,26.78385425817,0.16784166666666667,1.837625,,0.0,567.0,,5342.0,0.8436631666666666,0.9031250000000001,4.493323333333333,632.865
Kepler-1233 b,Kepler-1233,1.0,Transit,2016.0,Kepler,45.12616515557777,0.26302,2.3357142857142854,,0.0,602.8,,6357.067,1.163759,1.1812,4.373191111111112,1178.7
Kepler-1234 b,Kepler-1234,1.0,Transit,2016.0,Kepler,11.940131426712501,0.09558,2.548428571428572,,0.0,625.8,,4994.444444444444,0.7696666666666667,0.8108333333333334,4.5642499999999995,916.749
Kepler-1235 b,Kepler-1235,1.0,Transit,2016.0,Kepler,4.160574329266667,0.04891,0.7382500000000001,,0.0,980.8,,5425.718,0.8601428571428571,0.9167142857142857,4.5295325,540.604
Kepler-1236 b,Kepler-1236,1.0,Transit,2016.0,Kepler,31.057311794444445,0.181,1.9685714285714286,,0.0,486.6,,5347.4,0.7752732222222222,0.8543333333333333,4.591327777777778,999.64
Kepler-1237 b,Kepler-1237,1.0,Transit,2016.0,Kepler,84.57334335765556,0.37263999999999997,2.666857142857143,,0.0,361.4,,5326.9,0.9023906666666667,0.8875,4.506600000000001,1064.31
Kepler-1238 b,Kepler-1238,1.0,Transit,2016.0,Kepler,4.147848054285714,0.05398000000000001,1.7354285714285713,,0.0,1311.6,,6287.5,1.2982,1.2633333333333334,4.305698571428571,1632.13
Kepler-1239 b,Kepler-1239,1.0,Transit,2016.0,Kepler,5.1910656521875,0.062060000000000004,2.1366666666666667,,0.0,1166.4,,6222.0,1.2212,1.2226666666666668,4.3096049999999995,2140.6
Kepler-124 b,Kepler-124,1.0,Transit,2014.0,Kepler,3.4104654244444443,0.039915714285714284,0.896,,0.0,932.8,,5108.4,0.6643881428571429,0.7204999999999999,4.65620125,420.046
Kepler-124 c,Kepler-124,1.0,Transit,2014.0,Kepler,13.821398529054546,0.10150428571428571,2.2337777777777776,,0.0,585.6,,5121.666666666667,0.680643875,0.743,4.657883,420.046
Kepler-124 d,Kepler-124,1.0,Transit,2014.0,Kepler,30.950665306372727,0.17367142857142856,1.3643333333333334,,0.0,447.2,,5121.666666666667,0.680643875,0.743,4.657883,420.046
Kepler-1240 b,Kepler-1240,1.0,Transit,2016.0,Kepler,4.866409233555555,0.054634999999999996,1.294375,,0.0,1066.2,,5652.272,1.0274285714285714,0.9635999999999999,4.3482325,862.186
Kepler-1241 b,Kepler-1241,1.0,Transit,2016.0,Kepler,18.55258538691111,0.13316,2.6021428571428573,,0.0,612.8,,5432.7,0.8297147777777778,0.8951250000000001,4.553733333333334,968.722
Kepler-1242 b,Kepler-1242,1.0,Transit,2016.0,Kepler,13.627990221977777,0.10492000000000001,2.784,,0.0,642.2,,4956.8,0.8127306249999999,0.795,4.50694,687.615
Kepler-1243 b,Kepler-1243,1.0,Transit,2016.0,Kepler,16.832030137266667,0.12489999999999998,1.6654285714285713,,0.0,687.8,,5627.755,0.9134,0.952,4.504603333333333,758.17
Kepler-1244 b,Kepler-1244,1.0,Transit,2016.0,Kepler,3.704285967,0.04984,1.3307142857142857,,0.0,1675.8,,6688.448888888889,1.6231666666666669,1.35,4.0256075,1075.81
Kepler-1245 b,Kepler-1245,1.0,Transit,2016.0,Kepler,4.3540866965500005,0.048519999999999994,1.5594285714285714,,0.0,1043.6,,5387.444444444444,0.8993333333333333,0.81,4.442333333333333,805.936
Kepler-1245 c,Kepler-1245,1.0,Transit,2016.0,Kepler,2.9365860660142857,0.0372,1.601,,0.0,1189.25,,5380.0,0.8932,0.808,4.4468000000000005,805.936
Kepler-1246 b,Kepler-1246,1.0,Transit,2016.0,Kepler,11.32274736825,0.08484,1.3314285714285714,,0.0,552.6,,4553.595555555556,0.6595,0.66425,4.617055,436.505
Kepler-1247 b,Kepler-1247,1.0,Transit,2016.0,Kepler,13.712203169366667,0.10948,2.351714285714286,,0.0,669.4,,5441.4,0.8031269999999999,0.9125000000000001,4.580584444444445,1045.92
Kepler-1248 b,Kepler-1248,1.0,Transit,2016.0,Kepler,7.467243310675,0.07805999999999999,1.1199999999999999,,0.0,1035.4,,6087.2325,1.2144,1.153,4.363666666666667,593.026
Kepler-1249 b,Kepler-1249,1.0,Transit,2016.0,Kepler,24.334636663344444,0.16720000000000002,2.036,,0.0,646.6,,6082.0,1.0196666666666667,1.0877777777777777,4.347581111111111,1904.5400000000002
Kepler-125 b,Kepler-125,1.0,Transit,2014.0,Kepler,4.164042912757143,0.04117714285714286,2.627,,0.0,599.5,M1 V,3800.4285714285716,0.5157777777777778,0.5390367272727273,4.72907,183.365
Kepler-125 c,Kepler-125,1.0,Transit,2014.0,Kepler,5.77410466385,0.051166666666666666,0.8250833333333333,,0.0,538.8,,3799.6666666666665,0.51525,0.5385892222222223,4.7319890909090905,183.365
Kepler-1250 b,Kepler-1250,1.0,Transit,2016.0,Kepler,2.6075429034249997,0.0391,2.1815714285714285,,0.0,1420.8,,5998.666666666667,1.08,1.0776666666666668,4.353995,2126.85
Kepler-1251 b,Kepler-1251,1.0,Transit,2016.0,Kepler,45.090429959888894,0.24724,2.041857142857143,,0.0,484.6,,5693.0599999999995,0.900481375,0.9795555555555556,4.524564444444445,902.204
Kepler-1252 b,Kepler-1252,1.0,Transit,2016.0,Kepler,15.054002355562499,0.10884,1.418,,0.0,673.8,,5568.222222222223,0.893348,0.8068333333333334,4.4690175,648.979
Kepler-1253 b,Kepler-1253,1.0,Transit,2016.0,Kepler,68.88643585931,0.31465666666666664,1.4455,,0.0,484.0,,5824.158181818181,1.2772000000000001,0.902,4.238266666666666,514.524
Kepler-1254 b,Kepler-1254,1.0,Transit,2016.0,Kepler,9.9911268936875,0.08366,1.554857142857143,,0.0,675.2,,4994.473333333333,0.7436442857142858,0.7875000000000001,4.584625,622.818
Kepler-1254 c,Kepler-1254,1.0,Transit,2016.0,Kepler,3.600837263657143,0.042425000000000004,1.301,,0.0,947.25,,4979.4075,0.742585,0.7887142857142857,4.586714285714286,622.818
Kepler-1254 d,Kepler-1254,1.0,Transit,2016.0,Kepler,5.727168208928572,0.057875,1.3306666666666667,,0.0,811.25,,4979.4075,0.742585,0.7887142857142857,4.586714285714286,622.818
Kepler-1255 b,Kepler-1255,1.0,Transit,2016.0,Kepler,36.29189914418889,0.21898,2.2982857142857145,,0.0,598.8,,6016.4,1.2609533333333334,1.08,4.332348888888889,1617.07
Kepler-1256 b,Kepler-1256,1.0,Transit,2016.0,Kepler,12.41282877821111,0.10895500000000001,1.463125,,0.0,964.4,,6203.87,1.3704,1.1455,4.2335650000000005,891.192
Kepler-1257 b,Kepler-1257,1.0,Transit,2016.0,Kepler,2.6683154643,0.03748,1.5015714285714286,,0.0,1247.6,,5674.673333333333,0.8886666666666666,0.964125,4.502174999999999,1105.95
Kepler-1258 b,Kepler-1258,1.0,Transit,2016.0,Kepler,0.9849407860333333,0.019423333333333334,0.977125,,0.0,1945.8,,5868.904,1.019631111111111,1.0185714285714285,4.403815,717.555
Kepler-1259 b,Kepler-1259,1.0,Transit,2016.0,Kepler,0.6630870708,0.01414,1.5151428571428571,,0.0,1674.6,,5132.666666666667,0.782,0.8587142857142858,4.57,805.562
Kepler-126 b,Kepler-126,1.0,Transit,2014.0,Kepler,10.495680930799999,0.09802491585,1.5145454545454546,4.11726105,0.01,1008.0,,6236.076923076923,1.3687142857142856,1.193,4.230687272727272,237.401
Kepler-126 c,Kepler-126,1.0,Transit,2014.0,Kepler,21.869662828146154,0.1600778839,1.5930909090909091,1.27942148,0.027142857142857142,788.6,,6236.076923076923,1.3687142857142856,1.193,4.230687272727272,237.401
Kepler-126 d,Kepler-126,1.0,Transit,2014.0,Kepler,100.28291604284615,0.4418479521375,2.5568181818181817,54.59018723,0.002857142857142857,474.6,,6236.076923076923,1.3687142857142856,1.193,4.230687272727272,237.401
Kepler-1260 b,Kepler-1260,1.0,Transit,2016.0,Kepler,19.118747187455554,0.13538,1.8497142857142859,,0.0,707.2,,5878.0,1.171,1.034,4.244383333333333,1734.4299999999998
Kepler-1261 b,Kepler-1261,1.0,Transit,2016.0,Kepler,48.431055874277774,0.24420000000000003,2.4412857142857143,,0.0,403.6,,4982.765,0.777264,0.7932,4.560517777777778,744.294
Kepler-1262 b,Kepler-1262,1.0,Transit,2016.0,Kepler,9.7639371908625,0.09314,1.8121428571428573,,0.0,913.8,,5979.666666666667,1.0235999999999998,1.0051428571428571,4.4435,1054.87
Kepler-1263 b,Kepler-1263,1.0,Transit,2016.0,Kepler,4.551402749275001,0.05058,1.1135714285714287,,0.0,915.2,,5194.611111111111,0.7877671428571429,0.8446,4.57087,664.83
Kepler-1264 b,Kepler-1264,1.0,Transit,2016.0,Kepler,0.968525685125,0.018115,1.134125,,0.0,1808.2,,5753.777777777777,0.95011725,0.96375,4.459401428571429,801.993
Kepler-1265 b,Kepler-1265,1.0,Transit,2016.0,Kepler,6.4944380060125,0.06095999999999999,1.4894285714285715,,0.0,723.2,,4714.555555555556,0.693001,0.7237142857142856,4.5903575,583.641
Kepler-1266 b,Kepler-1266,1.0,Transit,2016.0,Kepler,28.47491865897,0.17111833333333334,2.49025,,0.0,479.8,,5082.818181818182,0.740277,0.830375,4.613801111111111,849.312
Kepler-1266 c,Kepler-1266,1.0,Transit,2021.0,Kepler,4.86635528,0.05265,1.5880342314285714,,0.0,864.6,,5109.875,0.7594718333333333,0.8290000000000001,4.5932957142857145,849.312
Kepler-1267 b,Kepler-1267,1.0,Transit,2016.0,Kepler,13.03133570868889,0.10718000000000001,2.4655714285714287,,0.0,705.8,,5585.7,1.099105,1.0002499999999999,4.443045555555555,1379.43
Kepler-1268 b,Kepler-1268,1.0,Transit,2016.0,Kepler,40.99026162021111,0.24016,2.1834285714285717,,0.0,609.2,,6055.1,1.279715,1.074625,4.279362222222222,1840.77
Kepler-1269 b,Kepler-1269,1.0,Transit,2016.0,Kepler,37.332888678790006,0.2253683333333333,1.94575,,0.0,613.6,,5984.454545454545,1.56175,1.0725555555555557,4.2031366666666665,1097.23
Kepler-127 b,Kepler-127,1.0,Transit,2014.0,Kepler,14.435937753216665,0.12481428571428572,1.4667,,0.07833333333333332,883.8,,6108.28923076923,1.366875,1.2405,4.235632727272727,352.794
Kepler-127 c,Kepler-127,1.0,Transit,2014.0,Kepler,29.393220487691664,0.2003714285714286,2.4569,,0.005,697.4,,6108.28923076923,1.366875,1.2405,4.235632727272727,352.794
Kepler-127 d,Kepler-127,1.0,Transit,2014.0,Kepler,48.630360384341664,0.28024,2.5603000000000002,,0.005,589.4,,6108.28923076923,1.366875,1.2405,4.235632727272727,352.794
Kepler-1270 b,Kepler-1270,1.0,Transit,2016.0,Kepler,6.03338839388,0.07039166666666667,3.0993749999999998,,0.0,1494.4,,5064.401818181818,3.043195,1.3034,3.5576666666666665,1095.05
Kepler-1271 b,Kepler-1271,1.0,Transit,2016.0,Kepler,3.0255817927555557,0.04217166666666666,1.334875,,0.0,1376.2,,6129.2,1.177936,1.1038333333333334,4.3856625000000005,831.991
Kepler-1272 b,Kepler-1272,1.0,Transit,2016.0,Kepler,51.13124594253333,0.27074,2.555285714285714,,0.0,541.8,,5975.8,1.1537142857142857,1.042,4.270874444444444,1206.37
Kepler-1273 b,Kepler-1273,1.0,Transit,2016.0,Kepler,28.625540896900002,0.18456,2.3939999999999997,,0.0,566.8,,5642.0,0.8257543999999999,0.9475,4.5493322222222226,1114.24
Kepler-1274 b,Kepler-1274,1.0,Transit,2016.0,Kepler,6.981529437077778,0.079485,1.2882500000000001,,0.0,1343.4,,6128.75,2.1954622222222224,1.426,3.9255475,614.648
Kepler-1275 b,Kepler-1275,1.0,Transit,2016.0,Kepler,3.656918229025,0.04798,1.271857142857143,,0.0,1323.6,,6180.848888888889,1.221595,1.1544,4.3394625,1153.98
Kepler-1276 b,Kepler-1276,1.0,Transit,2016.0,Kepler,12.57208875276,0.10738833333333332,1.11175,,0.0,908.8,,6289.363636363636,1.105707777777778,1.11175,4.383837777777778,538.481
Kepler-1277 b,Kepler-1277,1.0,Transit,2016.0,Kepler,40.83644383555,0.21827833333333332,1.415,,0.0,481.8,,5605.090909090909,0.8605200000000001,0.90675,4.547183333333333,557.193
Kepler-1278 b,Kepler-1278,1.0,Transit,2016.0,Kepler,3.2394158723777777,0.04262833333333333,0.95725,,0.0,1224.2,,6054.8,1.0699999999999998,1.0916666666666668,4.4232775,889.426
Kepler-1279 b,Kepler-1279,1.0,Transit,2016.0,Kepler,23.4774083007,0.16661666666666666,1.705875,,0.0,738.4,,6239.0,1.4656666666666667,1.1015555555555556,4.188601111111111,1494.2200000000003
Kepler-128 b,Kepler-128,1.0,Transit,2013.0,Kepler,15.084700044705883,0.12577961965,1.3547142857142858,14.921666666666667,0.0,965.1666666666666,,6076.454545454545,1.6629166666666666,1.1676923076923076,4.063244,396.379
Kepler-128 c,Kepler-128,1.0,Transit,2013.0,Kepler,22.802307278125,0.165636024075,1.3337857142857141,14.201666666666668,0.005285714285714285,841.0,,6076.454545454545,1.6629166666666666,1.1676923076923076,4.063244,396.379
Kepler-1280 b,Kepler-1280,1.0,Transit,2016.0,Kepler,66.55800962315001,0.3413366666666667,2.381125,,0.0,556.6,,6112.266363636364,1.6440922222222223,1.1195555555555556,4.110596666666667,1486.7
Kepler-1281 b,Kepler-1281,1.0,Transit,2016.0,Kepler,3.1160357804250003,0.0412,1.6333333333333335,,0.0,1115.6,,5539.0,0.8539999999999999,0.9555999999999999,4.562666666666667,
Kepler-1282 b,Kepler-1282,1.0,Transit,2016.0,Kepler,2.1319433006125,0.033280000000000004,1.5784285714285713,,0.0,1370.0,,5683.777777777777,0.9280611428571428,1.0417999999999998,4.5043825,1103.29
Kepler-1283 b,Kepler-1283,1.0,Transit,2016.0,Kepler,12.946238605375001,0.10696000000000001,1.7065714285714286,,0.0,771.0,,6089.444444444444,0.948,1.0046666666666666,4.2884275,2921.99
Kepler-1284 b,Kepler-1284,1.0,Transit,2016.0,Kepler,0.6640747661874999,0.01424,1.2034285714285713,,0.0,1687.2,,5111.666666666667,0.8041666666666667,0.855,4.559075,882.324
Kepler-1285 b,Kepler-1285,1.0,Transit,2016.0,Kepler,14.79680062367,0.12583,1.155,,0.0,927.6,,6113.837272727272,1.4722000000000002,1.2032222222222222,4.1618755555555556,422.269
Kepler-1286 b,Kepler-1286,1.0,Transit,2016.0,Kepler,11.254051308355555,0.09888,2.388428571428572,,0.0,885.8,,5885.2,1.0965714285714285,1.0185,4.34691,1354.46
Kepler-1287 b,Kepler-1287,1.0,Transit,2016.0,Kepler,11.476857057475,0.09978000000000001,1.483857142857143,,0.0,809.4,,5816.888888888889,0.932254,1.007,4.4900625000000005,1003.26
Kepler-1288 b,Kepler-1288,1.0,Transit,2016.0,Kepler,2.761200411022222,0.04239166666666666,1.5631428571428572,,0.0,1895.6,,6346.197777777777,1.4927066666666668,1.3633333333333333,4.042333333333334,814.078
Kepler-1289 b,Kepler-1289,1.0,Transit,2016.0,Kepler,7.9902287717250005,0.0777,1.4371428571428573,,0.0,926.6,,5855.824444444444,1.145656,1.0375999999999999,4.392325,1053.57
Kepler-129 b,Kepler-129,1.0,Transit,2014.0,Kepler,15.791765936078573,0.1310773117888889,2.296333333333333,15.111139985000001,0.0014285714285714286,889.2,G4 V,5756.947692307693,1.6732276923076923,1.1706666666666667,4.052301818181818,408.845
Kepler-129 c,Kepler-129,1.0,Transit,2014.0,Kepler,82.19943875040714,0.39374077304444444,2.408166666666667,34.156867695,0.028571428571428574,512.8,G4 V,5756.947692307693,1.6732276923076923,1.1706666666666667,4.052301818181818,408.845
Kepler-129 d,Kepler-129,1.0,Radial Velocity,2021.0,W. M. Keck Observatory,2290.7856620000002,3.630565666,,2326.25946205,0.10575799999999999,,G4 V,5770.0,1.653,1.2065000000000001,,408.845
Kepler-1290 b,Kepler-1290,1.0,Transit,2016.0,Kepler,4.695059014025,0.05556,1.544,,0.0,1094.2,,5875.666666666667,0.9756666666666667,1.019625,4.4545475,1593.7
Kepler-1291 b,Kepler-1291,1.0,Transit,2016.0,Kepler,8.63038272355,0.07786,1.5052857142857141,,0.0,739.0,,5276.0,0.7655722500000001,0.849625,4.59816,897.352
Kepler-1292 b,Kepler-1292,1.0,Transit,2016.0,Kepler,3.276459241875,0.0443,1.8298571428571428,,0.0,1175.8,,5683.666666666667,0.9645,1.0513333333333332,4.4882725,1493.43
Kepler-1293 b,Kepler-1293,1.0,Transit,2016.0,Kepler,5.576548092122222,0.065755,1.0185,,0.0,1209.4,,6350.944,1.1946666666666668,1.19975,4.285745,1028.16
Kepler-1294 b,Kepler-1294,1.0,Transit,2016.0,Kepler,115.68645749875,0.46834,3.368142857142857,,0.0,373.6,,5861.666666666667,0.9812000000000001,1.016142857142857,4.369825,1855.6999999999998
Kepler-1295 b,Kepler-1295,1.0,Transit,2016.0,Kepler,3.8137130729375,0.04638,1.4922857142857142,,0.0,1032.8,,5472.111111111111,0.843,0.9163333333333333,4.5419875,1174.46
Kepler-1296 b,Kepler-1296,1.0,Transit,2016.0,Kepler,8.384078845714287,0.0786,1.552,,0.0,950.0,,5432.1625,1.2584414285714285,0.8491666666666666,4.227144285714286,1551.54
Kepler-1297 b,Kepler-1297,1.0,Transit,2016.0,Kepler,1.681890753125,0.027960000000000002,1.1027142857142855,,0.0,1705.4,,5998.666666666667,1.0931666666666666,1.0395,4.32208,1439.47
Kepler-1298 b,Kepler-1298,1.0,Transit,2016.0,Kepler,7.1281278649,0.07928333333333333,1.242625,,0.0,1278.2,,6285.973636363636,2.1055,1.2875999999999999,3.989166666666667,544.163
Kepler-1299 b,Kepler-1299,1.0,Transit,2016.0,Kepler,19.940044677388887,0.1364,2.6172857142857144,,0.0,589.8,,5561.7,0.9016666666666667,0.9301666666666666,4.5230877777777785,1404.94
Kepler-130 b,Kepler-130,2.0,Transit,2014.0,Kepler,8.457430382353847,0.0794828030375,1.0252727272727273,,0.02142857142857143,975.8,,5917.692307692308,1.1327142857142858,0.948875,4.3176109090909085,316.663
Kepler-130 c,Kepler-130,2.0,Transit,2014.0,Kepler,27.508680965084615,0.17509774713749998,2.887,,0.01,662.8333333333334,,5917.307692307692,1.1477499999999998,0.9624285714285714,4.316338181818182,316.663
Kepler-130 d,Kepler-130,2.0,Transit,2014.0,Kepler,87.51790454093846,0.377813939775,1.4575454545454547,,0.1142857142857143,447.6,,5917.692307692308,1.1327142857142858,0.948875,4.3176109090909085,316.663
Kepler-1300 b,Kepler-1300,1.0,Transit,2016.0,Kepler,22.24192672624,0.160275,1.399375,,0.0,830.8,,6136.358181818182,1.8461983333333334,1.1673333333333333,4.073333333333334,777.025
Kepler-1301 b,Kepler-1301,1.0,Transit,2016.0,Kepler,9.082364304524999,0.08120000000000001,1.3958571428571427,,0.0,732.6,,5279.777777777777,0.798,0.8722857142857142,4.5654525,854.28
Kepler-1302 b,Kepler-1302,1.0,Transit,2016.0,Kepler,8.8392195593125,0.079,1.542142857142857,,0.0,775.6,,5256.777777777777,0.855,0.8542857142857142,4.527925,634.58
Kepler-1303 b,Kepler-1303,1.0,Transit,2016.0,Kepler,7.5612642908125,0.07508000000000001,1.2662857142857145,,0.0,888.4,,5800.888888888889,0.9285,0.994,4.49228,897.783
Kepler-1304 b,Kepler-1304,1.0,Transit,2016.0,Kepler,16.12880498625,0.11552,3.0061428571428572,,0.0,645.6,,5279.555555555556,0.8683333333333333,0.7816,4.469166666666667,2176.08
Kepler-1305 b,Kepler-1305,1.0,Transit,2016.0,Kepler,13.563120316075,0.11091999999999999,1.8274285714285714,,0.0,731.4,,5778.444444444444,0.9312857142857143,0.9875,4.4652725,1575.23
Kepler-1306 b,Kepler-1306,1.0,Transit,2016.0,Kepler,16.295916842825,0.1243,1.8124285714285713,,0.0,675.4,,5655.315555555555,0.971,0.97,4.4856225,1107.5
Kepler-1307 b,Kepler-1307,1.0,Transit,2016.0,Kepler,18.01624678612222,0.13732,2.422,,0.0,767.8,,6016.3330000000005,1.07,1.0512000000000001,4.465023333333333,1014.6200000000001
Kepler-1308 b,Kepler-1308,1.0,Transit,2016.0,Kepler,2.1038533862,0.023620000000000002,0.68575,,0.0,627.2,,3515.222222222222,0.3865,0.40394514285714284,4.84293,112.705
Kepler-1309 b,Kepler-1309,1.0,Transit,2016.0,Kepler,28.84308875317778,0.16792,2.3233333333333337,,0.0,490.2,,5163.5,0.785,0.7736666666666667,4.535333333333333,
Kepler-131 b,Kepler-131,1.0,Transit,2014.0,Kepler,16.091970295825,0.12694504122857145,2.1249,11.492505605,0.0,707.4,,5756.25,1.0229811111111111,1.0426666666666666,4.446761,228.678
Kepler-131 c,Kepler-131,1.0,Transit,2014.0,Kepler,25.51695138546667,0.17256131444285713,0.8039999999999999,8.25,0.0,606.4,,5756.25,1.0229811111111111,1.0426666666666666,4.446761,228.678
Kepler-1310 b,Kepler-1310,1.0,Transit,2016.0,Kepler,0.6793392235111111,0.014586666666666666,1.3335,,0.0,1831.0,,5551.0,0.858904,0.9155,4.5609025,569.185
Kepler-1311 b,Kepler-1311,1.0,Transit,2016.0,Kepler,11.172647022922224,0.09857,1.284125,,0.0,954.6,,5824.7,1.61975,1.01725,4.13832,866.3309999999999
Kepler-1311 c,Kepler-1311,1.0,Transit,2016.0,Kepler,2.5357326054222225,0.036755,1.19775,,0.0,1562.6,,5824.7,1.61975,1.01725,4.13832,866.3309999999999
Kepler-1311 d,Kepler-1311,1.0,Transit,2021.0,Kepler,197.51085842333333,0.6692566666666666,8.283910864285714,,0.0,366.0,,5817.888888888889,1.6783333333333335,1.0150000000000001,4.1188199999999995,866.331
Kepler-1312 b,Kepler-1312,1.0,Transit,2016.0,Kepler,5.44832396168,0.05888833333333334,2.005125,,0.0,938.0,,5680.78,0.8912000000000001,0.9845714285714285,4.53074,299.104
Kepler-1312 c,Kepler-1312,1.0,Transit,2021.0,Kepler,1.116127776875,0.020488333333333334,0.9193324771428572,,0.0,1589.8,,5691.1075,0.8855,0.9805999999999999,4.545888571428572,299.104
Kepler-1313 b,Kepler-1313,1.0,Transit,2016.0,Kepler,3.8330899893500003,0.04573166666666667,2.850625,,0.0,1340.0,,5379.88,0.8075330000000001,0.90075,4.29417,174.234
Kepler-1314 b,Kepler-1314,1.0,Transit,2016.0,Kepler,5.4247489009,0.04752,4.976666666666667,,0.0,578.8,,3934.6666666666665,0.5913999999999999,0.5846,4.79153,
Kepler-1315 b,Kepler-1315,1.0,Transit,2016.0,Kepler,0.8433804744444444,0.016061666666666665,1.473875,,0.0,1504.6,,4781.724,0.7247004,0.790875,4.5424925,480.869
Kepler-1315 c,Kepler-1315,1.0,Transit,2021.0,Kepler,6.566067885111111,0.06325,1.66371269,,0.0,757.8,,4777.137777777778,0.8196431428571429,0.792,4.5276175,480.86899999999997
Kepler-1316 b,Kepler-1316,1.0,Transit,2016.0,Kepler,87.97299978333334,0.3844083333333333,3.14875,,0.0,397.2,,5913.1,1.1720300000000001,1.0235,4.44649,800.871
Kepler-1317 b,Kepler-1317,1.0,Transit,2016.0,Kepler,0.568874424325,0.0129,1.4901428571428572,,0.0,1776.4,,5167.588888888889,0.7910485,0.8553333333333333,4.580935,728.303
Kepler-1318 b,Kepler-1318,1.0,Transit,2016.0,Kepler,213.257828104,0.6066,2.858857142857143,,0.0,201.4,,4499.8,0.6716679999999999,0.68625,4.628715555555555,475.24799999999993
Kepler-1319 b,Kepler-1319,2.0,Transit,2016.0,Kepler,2.8870567516,0.026080000000000002,1.1429999999999998,,0.055,497.0,,3484.181818181818,0.488602,0.4939542,4.861743333333333,103.91699999999999
Kepler-132 b,Kepler-132,2.0,Transit,2014.0,Kepler,6.178198921733333,0.06504,1.2269999999999999,,0.0,1079.0,,5929.025833333333,1.07275,0.9328333333333334,4.330125000000001,349.549
Kepler-132 c,Kepler-132,2.0,Transit,2014.0,Kepler,6.414912640708334,0.0665075,1.3882222222222222,,0.0,1066.5,,5929.025833333333,1.07275,0.9328333333333334,4.330125000000001,349.549
Kepler-132 d,Kepler-132,2.0,Transit,2014.0,Kepler,18.010153683016664,0.13254375000000002,1.6887777777777777,,0.0,755.5,,5929.025833333333,1.07275,0.9328333333333334,4.330125000000001,349.549
Kepler-132 e,Kepler-132,2.0,Transit,2016.0,Kepler,110.28682920688888,0.438394,1.1891666666666667,,0.0,406.5,,5926.812222222222,1.0546,0.9408333333333334,4.3562,349.549
Kepler-1320 b,Kepler-1320,1.0,Transit,2016.0,Kepler,0.8683863455625,0.016300000000000002,1.599142857142857,,0.0,1390.0,,4739.555555555556,0.7151959999999999,0.7658571428571428,4.61428,647.424
Kepler-1321 b,Kepler-1321,1.0,Transit,2016.0,Kepler,11.12847072953,0.08494,5.73925,,0.0,510.2,,4084.1,0.6941826666666667,0.604,4.597813333333333,769.146
Kepler-1321 c,Kepler-1321,1.0,Transit,2016.0,Kepler,2.22684249394,0.029060000000000002,2.92975,,0.0,872.4,,4084.1,0.6941826666666667,0.604,4.597813333333333,769.146
Kepler-1321 d,Kepler-1321,1.0,Transit,2021.0,Kepler,5.72086684825,0.05458,2.724739636666667,,0.0,636.6,,4089.125,0.6442,0.59075,4.61461,769.146
Kepler-1322 b,Kepler-1322,1.0,Transit,2016.0,Kepler,0.9628668449375,0.01844,1.5567142857142857,,0.0,1668.2,,5615.444444444444,0.8216666666666667,0.8874000000000001,4.52313,1350.32
Kepler-1322 c,Kepler-1322,1.0,Transit,2021.0,Kepler,6.460054108714286,0.0655,1.812487545,,0.0,885.0,,5661.714285714285,0.8106666666666666,0.8868,4.548002857142857,1350.32
Kepler-1323 b,Kepler-1323,1.0,Transit,2016.0,Kepler,0.9299062321200001,0.019451666666666666,1.46325,,0.0,2333.4,,6201.540909090909,1.3240675,1.144,4.2443422222222225,465.417
Kepler-1324 b,Kepler-1324,1.0,Transit,2016.0,Kepler,4.1158475561375,0.046079999999999996,1.7062857142857142,,0.0,876.4,,4752.222222222223,0.73293,0.7725714285714286,4.551435,481.667
Kepler-1325 b,Kepler-1325,1.0,Transit,2016.0,Kepler,33.878679382166666,0.20262000000000002,2.8775714285714287,,0.0,529.8,,5584.6,0.918644875,0.9503999999999999,4.491228888888889,973.368
Kepler-1326 b,Kepler-1326,1.0,Transit,2016.0,Kepler,42.35154225285555,0.26282,3.9605714285714284,,0.0,747.0,,6806.9,1.4075411111111111,1.4140000000000001,4.22157,698.326
Kepler-1327 b,Kepler-1327,1.0,Transit,2016.0,Kepler,14.88794183965,0.11781833333333332,1.8622857142857143,,0.0,831.4,,5940.324,1.08511625,1.0105,4.369831111111111,678.069
Kepler-1328 b,Kepler-1328,1.0,Transit,2016.0,Kepler,4.5215861163555555,0.053233333333333334,1.1045,,0.0,1108.0,,5759.51,1.1638,0.9966249999999999,4.3816524999999995,813.543
Kepler-1329 b,Kepler-1329,1.0,Transit,2016.0,Kepler,9.336481947966668,0.07456,2.159142857142857,,0.0,572.2,,4456.2,0.6660437777777778,0.671,4.623836666666667,588.037
Kepler-133 b,Kepler-133,1.0,Transit,2014.0,Kepler,8.129982879463638,0.08042285714285714,1.948222222222222,,0.0,1054.2,,5672.2525,1.4889999999999999,1.0121111111111112,4.10621,653.6
Kepler-133 c,Kepler-133,1.0,Transit,2014.0,Kepler,31.51778680411818,0.19827714285714285,2.8947777777777777,,0.0,671.2,,5672.2525,1.4889999999999999,1.0121111111111112,4.10621,653.6
Kepler-1330 b,Kepler-1330,1.0,Transit,2016.0,Kepler,10.107606548588889,0.09136,1.9557142857142857,,0.0,822.0,,5588.1,0.9987999999999999,0.9624999999999999,4.270854444444445,1720.48
Kepler-1331 b,Kepler-1331,1.0,Transit,2016.0,Kepler,0.7891615026,0.01416,0.9500000000000001,,0.0,1229.8,,4275.777777777777,0.6378604999999999,0.6402857142857143,4.64255,319.197
Kepler-1332 b,Kepler-1332,1.0,Transit,2016.0,Kepler,11.87458577729,0.09630833333333333,1.2705,,0.0,709.8,,5569.801818181818,0.90616775,0.9475714285714286,4.529691111111111,528.685
Kepler-1333 b,Kepler-1333,1.0,Transit,2016.0,Kepler,109.64686355544444,0.43226000000000003,2.9819999999999998,,0.0,358.4,,5535.658,0.8613921111111111,0.949,4.491580000000001,932.4460000000001
Kepler-1334 b,Kepler-1334,1.0,Transit,2016.0,Kepler,15.645914285488889,0.12271999999999998,2.2988571428571425,,0.0,707.8,,5797.7,0.9366666666666666,0.9997777777777777,4.474124444444445,1223.04
Kepler-1335 b,Kepler-1335,1.0,Transit,2016.0,Kepler,6.264060082,0.0612,1.5451428571428572,,0.0,798.8,,4965.777777777777,0.7489146666666667,0.7837142857142858,4.548285,621.853
Kepler-1336 b,Kepler-1336,1.0,Transit,2016.0,Kepler,23.1986959079,0.15749166666666667,1.884375,,0.0,630.4,,5556.255454545454,1.7227242857142857,0.95175,4.224995555555555,1126.64
Kepler-1336 c,Kepler-1336,1.0,Transit,2016.0,Kepler,5.777212693422222,0.06235333333333334,1.56975,,0.0,1001.4,,5566.954,1.6492499999999999,0.952,4.266205,1126.64
Kepler-1337 b,Kepler-1337,1.0,Transit,2016.0,Kepler,24.40028539861111,0.14368,2.437142857142857,,0.0,433.6,,4525.8,0.6766666666666667,0.68075,4.599405555555555,601.629
Kepler-1338 b,Kepler-1338,1.0,Transit,2016.0,Kepler,0.9351178469666667,0.019011666666666666,0.9666250000000001,,0.0,2037.4,,5905.8,1.162375,1.0245,4.3186275,753.26
Kepler-1339 b,Kepler-1339,1.0,Transit,2016.0,Kepler,1.341556007811111,0.02331,0.9157500000000001,,0.0,1810.6,,5702.338,1.2881725,0.9445,4.26327,371.049
Kepler-134 b,Kepler-134,1.0,Transit,2014.0,Kepler,5.317436259108334,0.061209324125,2.075,,0.0,1222.2,,5943.68,1.0493244444444445,1.031,4.323915,334.7970000000001
Kepler-134 c,Kepler-134,1.0,Transit,2014.0,Kepler,10.10574915855,0.09389457855,1.3479999999999999,,0.0,986.4,,5943.68,1.0493244444444445,1.031,4.323915,334.7970000000001
Kepler-1340 b,Kepler-1340,1.0,Transit,2016.0,Kepler,0.6650265173222222,0.015138333333333332,1.079,,0.0,2084.4,,5986.3,1.024696,1.0796666666666668,4.453977500000001,981.7790000000001
Kepler-1341 b,Kepler-1341,2.0,Transit,2016.0,Kepler,132.9963520452,0.4537116666666667,2.660625,,0.0,238.8,,4564.454545454545,0.6864285714285714,0.71,4.600515555555556,476.957
Kepler-1342 b,Kepler-1342,1.0,Transit,2016.0,Kepler,2.2157122361875,0.03164,1.679142857142857,,0.0,1276.8,,5369.555555555556,0.8991731428571429,0.8642857142857142,4.46564,890.724
Kepler-1343 b,Kepler-1343,1.0,Transit,2016.0,Kepler,3.35183408335,0.04492,2.108285714285714,,0.0,1297.0,,6054.777777777777,0.9953333333333333,1.0425714285714285,4.41217,1756.71
Kepler-1344 b,Kepler-1344,1.0,Transit,2016.0,Kepler,4.768302369180001,0.056535,1.797375,,0.0,1210.2,,6006.258181818182,1.131,1.0645,4.360888888888889,853.959
Kepler-1345 b,Kepler-1345,1.0,Transit,2016.0,Kepler,44.61694102902,0.26488666666666666,2.4655,,0.0,693.2,,6462.226363636364,1.53575,1.249,4.1031933333333335,1355.02
Kepler-1346 b,Kepler-1346,1.0,Transit,2016.0,Kepler,3.4016525081875,0.044399999999999995,1.3595714285714284,,0.0,1247.8,,6066.826666666667,0.9784933333333333,1.0125714285714287,4.4623625,843.701
Kepler-1347 b,Kepler-1347,1.0,Transit,2016.0,Kepler,14.009456231344444,0.1044,0.9866666666666667,,0.0,613.6,,5167.259999999999,0.7716000000000001,0.7744,4.565666666666667,
Kepler-1348 b,Kepler-1348,1.0,Transit,2016.0,Kepler,27.572164125055554,0.17604,1.7347142857142859,,0.0,591.4,,5932.3550000000005,1.0266666666666666,1.0583333333333333,4.4348,1213.82
Kepler-1349 b,Kepler-1349,1.0,Transit,2016.0,Kepler,2.128233484,0.033785,0.6713749999999999,,0.0,1632.8,,5964.094,1.3763333333333334,1.1496,4.237905,276.323
Kepler-135 b,Kepler-135,1.0,Transit,2014.0,Kepler,6.0025394937000005,0.06802285714285713,1.9337777777777778,,0.0,1187.0,,6186.849090909091,1.3662,1.1501666666666666,4.2654377777777785,621.855
Kepler-135 c,Kepler-135,1.0,Transit,2014.0,Kepler,11.448636965999999,0.10448857142857142,1.1854444444444445,,0.0,957.8,,6186.849090909091,1.3662,1.1501666666666666,4.2654377777777785,621.855
Kepler-1350 b,Kepler-1350,1.0,Transit,2016.0,Kepler,4.49716988696,0.041440000000000005,2.295,,0.0,557.8,,3750.6,0.5294292,0.5263602000000001,4.74064,340.691
Kepler-1350 c,Kepler-1350,1.0,Transit,2016.0,Kepler,1.7671470854222222,0.02236,1.6248749999999998,,0.0,759.4,,3746.6666666666665,0.4865955,0.49544175,4.744355,340.691
Kepler-1351 b,Kepler-1351,1.0,Transit,2016.0,Kepler,0.91614106015,0.01568,0.5987142857142856,,0.0,1203.2,,4372.553333333333,0.60752275,0.6188333333333333,4.672535,202.782
Kepler-1352 b,Kepler-1352,1.0,Transit,2016.0,Kepler,1.877880060011111,0.029971666666666664,0.83825,,0.0,1720.0,,6133.562,1.185142857142857,1.0478571428571428,4.3179325,670.829
Kepler-1353 b,Kepler-1353,1.0,Transit,2016.0,Kepler,24.75442344712222,0.1516,1.987142857142857,,0.0,482.6,,4785.2,0.7356261999999999,0.764125,4.556161111111112,593.384
Kepler-1354 b,Kepler-1354,1.0,Transit,2016.0,Kepler,76.6137032675,0.35434,2.7314285714285718,,0.0,464.6,,6099.1177777777775,1.0671666666666666,1.036875,4.3428575,1119.45
Kepler-1355 b,Kepler-1355,1.0,Transit,2016.0,Kepler,1.289589701975,0.02232,1.3854285714285715,,0.0,1445.2,,5406.777777777777,0.8166702857142857,0.896,4.5708775,911.269
Kepler-1356 b,Kepler-1356,1.0,Transit,2016.0,Kepler,0.634002858425,0.013680000000000001,1.4088571428571428,,0.0,1682.4,,5143.777777777777,0.75611225,0.8325714285714285,4.6122724999999996,845.228
Kepler-1357 b,Kepler-1357,1.0,Transit,2016.0,Kepler,3.009125939175,0.0398,1.1914285714285715,,0.0,1177.0,,5737.333333333333,0.895969,0.9700000000000001,4.545045,1015.69
Kepler-1358 b,Kepler-1358,1.0,Transit,2016.0,Kepler,7.063168833775,0.06588000000000001,1.1938571428571427,,0.0,829.0,,5253.777777777777,0.8046405714285714,0.7713333333333333,4.521395,546.998
Kepler-1359 b,Kepler-1359,1.0,Transit,2016.0,Kepler,59.497111498888884,0.27669499999999997,3.047,,0.0,373.4,,4718.9,0.7774722857142857,0.796,4.52356,614.859
Kepler-136 b,Kepler-136,2.0,Transit,2014.0,Kepler,11.578914030727274,0.1059,2.0157777777777777,19.8,0.0,920.2,,6177.307272727273,1.2894999999999999,1.1836,4.273725000000001,420.818
Kepler-136 c,Kepler-136,2.0,Transit,2014.0,Kepler,16.399231082572726,0.13328333333333334,1.9135,,0.0,820.0,,6177.307272727273,1.2894999999999999,1.1836,4.273725000000001,420.818
Kepler-1360 b,Kepler-1360,1.0,Transit,2016.0,Kepler,40.52877153482222,0.25372,3.220428571428571,,0.0,656.8,,6468.95,2.082192,1.3501428571428573,4.14095,1516.27
Kepler-1361 b,Kepler-1361,1.0,Transit,2016.0,Kepler,3.5755415142555558,0.04290666666666667,0.894625,,0.0,1042.2,,5122.969999999999,0.7857688,0.832625,4.4948375,389.143
Kepler-1362 b,Kepler-1362,1.0,Transit,2016.0,Kepler,136.2054291652222,0.45992,2.4355714285714285,,0.0,251.2,,4685.4,0.7043999999999999,0.7284999999999999,4.587314444444444,731.298
Kepler-1363 b,Kepler-1363,1.0,Transit,2016.0,Kepler,2.941941468625,0.03624,1.2362857142857142,,0.0,977.8,,4824.375555555555,0.7535545714285714,0.7362857142857143,4.5591775,541.714
Kepler-1364 b,Kepler-1364,1.0,Transit,2016.0,Kepler,13.322009576511112,0.12393999999999998,2.0916666666666663,,0.0,1134.6,,6958.833333333333,1.5952,1.43075,4.1405,1056.9
Kepler-1365 b,Kepler-1365,1.0,Transit,2016.0,Kepler,7.699921297133333,0.07646499999999999,0.9645,,0.0,905.6,,5747.154,0.9833999999999999,1.008,4.34113,840.128
Kepler-1365 c,Kepler-1365,1.0,Transit,2016.0,Kepler,4.774674394111111,0.05565166666666666,0.825375,,0.0,1061.2,,5747.154,0.9833999999999999,1.008,4.341130000000001,840.128
Kepler-1366 b,Kepler-1366,1.0,Transit,2016.0,Kepler,2.164060676677778,0.027000000000000003,1.39575,,0.0,790.2,,3949.6666666666665,0.5946666666666667,0.5708,4.660335,465.826
Kepler-1367 b,Kepler-1367,1.0,Transit,2016.0,Kepler,1.5740892203,0.02232,0.8741428571428571,,0.0,900.0,,4086.0,0.5858333333333333,0.5935714285714286,4.6573075,401.484
Kepler-1368 b,Kepler-1368,1.0,Transit,2016.0,Kepler,0.6756493413375,0.015239999999999998,1.438,,0.0,2060.8,,5859.444444444444,0.9863333333333334,1.0526666666666666,4.45016,1635.82
Kepler-1369 b,Kepler-1369,1.0,Transit,2016.0,Kepler,25.87311578011111,0.17348000000000002,2.857714285714286,,0.0,665.6,,5896.6,1.024684,1.005,4.403406666666666,1236.56
Kepler-137 b,Kepler-137,1.0,Transit,2014.0,Kepler,8.436395420136364,0.07776857142857142,1.6233333333333333,,0.0,757.6,,5274.083333333333,0.820857142857143,0.899875,4.550482000000001,302.979
Kepler-137 c,Kepler-137,1.0,Transit,2014.0,Kepler,18.735754418,0.13212285714285715,2.143,,0.0,581.0,,5274.909090909091,0.8150000000000001,0.8998571428571429,4.55332,302.979
Kepler-1370 b,Kepler-1370,1.0,Transit,2016.0,Kepler,20.26420008775,0.15433833333333333,1.963875,,0.0,786.0,,6206.037272727273,1.3495625,1.217857142857143,4.264353333333333,1004.1
Kepler-1370 c,Kepler-1370,1.0,Transit,2016.0,Kepler,7.441389516099999,0.07914,1.278875,,0.0,1097.8,,6205.394,1.2818,1.2208333333333334,4.274015,1004.1
Kepler-1371 b,Kepler-1371,1.0,Transit,2016.0,Kepler,3.4462019929333336,0.04022333333333333,0.759375,,0.0,1033.0,,5359.886,0.8857305,0.8496666666666667,4.52558,515.334
Kepler-1371 c,Kepler-1371,1.0,Transit,2016.0,Kepler,2.0054126295,0.027995000000000003,0.640125,,0.0,1238.8,,5357.77,0.875487,0.7527142857142858,4.531759999999999,515.334
Kepler-1372 b,Kepler-1372,1.0,Transit,2016.0,Kepler,1.3115580424875,0.023799999999999998,1.2265714285714286,,0.0,1646.4,,5812.555555555556,0.9644,1.044,4.464017500000001,1303.22
Kepler-1373 b,Kepler-1373,1.0,Transit,2016.0,Kepler,1.2912349700222223,0.024313333333333336,1.117625,,0.0,1859.8,,6331.4,1.1008333333333333,1.2016,4.287965,1699.4599999999998
Kepler-1374 b,Kepler-1374,1.0,Transit,2016.0,Kepler,10.652787210933333,0.09184,2.198571428571429,,0.0,712.2,,5472.3,0.7971445555555555,0.9074444444444444,4.619781111111111,1078.46
Kepler-1375 b,Kepler-1375,1.0,Transit,2016.0,Kepler,3.3004214083375,0.04512,1.4484285714285714,,0.0,1463.8,,6392.62,1.3465,1.3138,4.18504,1430.84
Kepler-1376 b,Kepler-1376,1.0,Transit,2016.0,Kepler,5.3087832854125,0.059640000000000006,1.0678571428571428,,0.0,1040.6,,5795.777777777777,0.9573333333333333,1.0006666666666666,4.465355,868.056
Kepler-1377 b,Kepler-1377,1.0,Transit,2016.0,Kepler,0.7409276872749999,0.015239999999999998,1.305,,0.0,1879.6,,5480.625,0.8610077142857142,0.8716666666666667,4.50896,1146.1
Kepler-1378 b,Kepler-1378,1.0,Transit,2016.0,Kepler,11.953998553744444,0.08839999999999999,2.162,,0.0,526.0,,4316.9,0.656317875,0.66125,4.61205,506.434
Kepler-1379 b,Kepler-1379,1.0,Transit,2016.0,Kepler,0.8818411926499999,0.01728,1.2911428571428571,,0.0,1548.2,,5219.311111111111,0.77972425,0.8612857142857143,4.59317,971.3250000000002
Kepler-138 b,Kepler-138,1.0,Transit,2014.0,Kepler,10.312695757142858,0.075125,0.6256,0.20575,0.00325,450.5,,3858.6923076923076,0.5257264545454545,0.5297818000000001,4.7281936363636365,66.8624
Kepler-138 c,Kepler-138,1.0,Transit,2014.0,Kepler,13.781115877058824,0.090775,1.5004375,2.98,0.00977777777777778,407.14285714285717,M1 V,3855.3333333333335,0.5273552142857143,0.5327045,4.722414615384616,66.8624
Kepler-138 d,Kepler-138,1.0,Transit,2014.0,Kepler,23.089641675333333,0.12802625,1.4982666666666666,1.23,0.00788888888888889,342.7142857142857,M1 V,3853.5714285714284,0.5238318333333334,0.529803,4.724355,66.8624
Kepler-138 e,Kepler-138,1.0,Transit Timing Variations,2022.0,Multiple Observatories,38.23,0.1803,,0.43,0.112,292.0,,3841.0,0.535,0.535,4.71,66.8624
Kepler-1380 b,Kepler-1380,1.0,Transit,2016.0,Kepler,10.3107521015125,0.09136,1.6074285714285714,,0.0,783.6,,5602.888888888889,0.8953333333333333,0.9655999999999999,4.3339775000000005,2462.94
Kepler-1381 b,Kepler-1381,1.0,Transit,2016.0,Kepler,25.384186381388886,0.17284000000000002,2.338142857142857,,0.0,647.8,,5956.8,0.9567724444444443,1.03225,4.4934811111111115,1197.04
Kepler-1382 b,Kepler-1382,1.0,Transit,2016.0,Kepler,16.358312376666664,0.13328833333333334,1.578875,,0.0,778.8,,6080.1,1.7462233333333332,1.1588333333333332,4.266439999999999,738.261
Kepler-1383 b,Kepler-1383,1.0,Transit,2016.0,Kepler,13.909345380488888,0.11382833333333335,1.326,,0.0,918.6,,6205.046,1.4774,1.1478333333333333,4.188615,1027.21
Kepler-1384 b,Kepler-1384,1.0,Transit,2016.0,Kepler,15.362603523044445,0.11348,2.195,,0.0,610.8,,4965.166666666667,0.8288,0.8008000000000001,4.489333333333334,
Kepler-1385 b,Kepler-1385,1.0,Transit,2016.0,Kepler,2.8887957986333337,0.04002,0.7538750000000001,,0.0,1233.8,,5700.666,1.491,0.9868571428571428,4.320612499999999,688.795
Kepler-1386 b,Kepler-1386,1.0,Transit,2016.0,Kepler,6.7397461354625,0.06914000000000001,1.2032857142857143,,0.0,943.0,,5655.222222222223,1.0074085714285714,0.9971666666666666,4.4225224999999995,835.882
Kepler-1387 b,Kepler-1387,1.0,Transit,2016.0,Kepler,2.2795264447875,0.0308,0.8957142857142858,,0.0,1113.4,,5008.406666666667,0.745,0.772,4.5672325,455.35799999999995
Kepler-1388 b,Kepler-1388,1.0,Transit,2016.0,Kepler,12.285896906290908,0.08544,2.273,,0.0,437.2,,4146.0,0.5716967777777778,0.57801475,4.681634444444445,453.795
Kepler-1388 c,Kepler-1388,1.0,Transit,2016.0,Kepler,5.536444353245455,0.05018,2.049222222222222,,0.0,570.6,,4146.0,0.5716967777777778,0.57801475,4.681634444444445,453.795
Kepler-1388 d,Kepler-1388,1.0,Transit,2016.0,Kepler,20.9572664672875,0.12293333333333334,2.4292857142857143,,0.0,359.0,,4221.875,0.5549999999999999,0.603103,4.69319,453.795
Kepler-1388 e,Kepler-1388,1.0,Transit,2016.0,Kepler,37.632746426075,0.18156666666666665,2.170857142857143,,0.0,295.6666666666667,,4221.875,0.5549999999999999,0.603103,4.69319,453.795
Kepler-1389 b,Kepler-1389,1.0,Transit,2016.0,Kepler,99.25290588739999,0.38398166666666667,1.8425,,0.0,311.2,,5017.909090909091,0.745608625,0.7986666666666666,4.592987777777777,497.093
Kepler-139 b,Kepler-139,1.0,Transit,2014.0,Kepler,15.77116375133077,0.125543569475,2.6119999999999997,6.143949235,0.0,762.8,,5608.0,1.1648070000000001,1.0413999999999999,4.318954,391.038
Kepler-139 c,Kepler-139,1.0,Transit,2014.0,Kepler,157.06367659907693,0.581228994225,2.7127,18.127898405,0.0,354.4,,5608.0,1.1648070000000001,1.0413999999999999,4.318954,391.038
Kepler-139 d,Kepler-139,1.0,Transit,2023.0,Kepler,7.305660949199999,0.07513477087142857,1.9285714285714286,3.329038115,0.0,984.8,,5605.555555555556,1.131595,1.0558571428571428,4.321051428571429,391.038
Kepler-139 e,Kepler-139,1.0,Radial Velocity,2023.0,W. M. Keck Observatory,1975.8176865,3.23579639,,402.0579076,0.013121,,,5630.0,1.045,1.078,,391.038
Kepler-139 f,Kepler-139,1.0,Transit Timing Variations,2025.0,Multiple Observatories,355.0,,,36.0,,,,5630.0,1.045,1.078,,391.038
Kepler-1390 b,Kepler-1390,1.0,Transit,2016.0,Kepler,6.480216860275,0.06545999999999999,1.075,,0.0,888.2,,5578.837777777778,0.9395,0.9456,4.4927675,723.431
Kepler-1391 b,Kepler-1391,1.0,Transit,2016.0,Kepler,54.40954268209,0.28284166666666666,1.67075,,0.0,473.6,,5765.399090909091,1.3465,0.9865555555555555,4.286842222222223,1038.35
Kepler-1392 b,Kepler-1392,1.0,Transit,2016.0,Kepler,15.141037855,0.11932000000000001,2.035,,0.0,704.0,,5808.0,0.8795999999999999,0.9583999999999999,4.541333333333333,
Kepler-1393 b,Kepler-1393,1.0,Transit,2016.0,Kepler,2.4435790943625,0.03438,0.7166666666666667,,0.0,1252.4,,5727.333333333333,0.8563333333333333,0.91625,4.537,544.456
Kepler-1394 b,Kepler-1394,1.0,Transit,2016.0,Kepler,3.937668552222222,0.05417333333333333,0.969375,,0.0,1653.8,,6558.5,1.8463577777777778,1.3942222222222223,4.0372924999999995,640.409
Kepler-1395 b,Kepler-1395,1.0,Transit,2016.0,Kepler,3.784718087311111,0.05130666666666667,0.961125,,0.0,1659.6,,6227.786,1.2208233333333334,1.200875,4.145805,492.89400000000006
Kepler-1396 b,Kepler-1396,1.0,Transit,2016.0,Kepler,18.220666445944445,0.13994,1.697142857142857,,0.0,755.0,,6067.873,1.2110940000000001,1.095,4.3626555555555555,1066.46
Kepler-1397 b,Kepler-1397,1.0,Transit,2016.0,Kepler,47.44955829595,0.25151833333333334,1.7657500000000002,,0.0,511.4,,6037.181818181818,1.072,1.0342500000000001,4.29938,1198.25
Kepler-1398 b,Kepler-1398,1.0,Transit,2016.0,Kepler,2.7881594538333334,0.039215,0.872875,,0.0,1414.6,,6081.64,1.24279,1.056,4.35164,852.204
Kepler-1398 c,Kepler-1398,1.0,Transit,2016.0,Kepler,4.138276904277777,0.051045,0.96025,,0.0,1240.0,,6081.64,1.24279,1.056,4.35164,852.204
Kepler-1399 b,Kepler-1399,1.0,Transit,2016.0,Kepler,1.63864929975,0.02768,1.3130000000000002,,0.0,1591.6,,5921.222222222223,0.9812857142857142,1.0252,4.4449075,1385.7
Kepler-14 b,Kepler-14,2.0,Transit,2011.0,Kepler,6.79012172099091,0.07801666666666666,11.81929175,2555.2972,0.005833333333333334,1444.0,,6382.5,2.040671111111111,1.4118,3.9777500000000003,
Kepler-140 b,Kepler-140,1.0,Transit,2014.0,Kepler,3.254274124981818,0.04484285714285714,1.4512222222222222,,0.0,1329.6,,6100.935833333333,1.1807322222222223,1.1495714285714287,4.381568,583.859
Kepler-140 c,Kepler-140,1.0,Transit,2014.0,Kepler,91.35181732424546,0.4137771428571429,1.6335555555555556,,0.0,437.6,,6100.935833333333,1.1807322222222223,1.1495714285714287,4.381568,583.859
Kepler-1400 b,Kepler-1400,1.0,Transit,2016.0,Kepler,9.0668814772375,0.07828,1.7544285714285712,,0.0,726.4,,5057.444444444444,0.7651728571428571,0.7728571428571429,4.5483775,752.237
Kepler-1401 b,Kepler-1401,1.0,Transit,2016.0,Kepler,11.200473557142857,0.098,1.4533333333333334,,0.0,811.6,,6028.833333333333,0.9403333333333334,0.9996,4.4976666666666665,1425.43
Kepler-1402 b,Kepler-1402,1.0,Transit,2016.0,Kepler,2.0338779186,0.0305,0.9794285714285714,,0.0,1343.8,,5361.666666666667,0.8104000000000001,0.8891428571428571,4.292855,1493.64
Kepler-1403 b,Kepler-1403,1.0,Transit,2016.0,Kepler,5.1949284953124995,0.06352,2.178,,0.0,1232.4,,6294.0,1.2428333333333335,1.1843333333333332,4.3304,2163.9
Kepler-1404 b,Kepler-1404,1.0,Transit,2016.0,Kepler,15.931426067911111,0.11506000000000001,5.066714285714285,,0.0,605.0,,5298.1,0.8006666666666667,0.8412,4.57251,962.183
Kepler-1405 b,Kepler-1405,1.0,Transit,2016.0,Kepler,28.227439037433335,0.17808,3.194571428571429,,0.0,566.6,,5807.1,0.9883333333333333,0.9978333333333333,4.477722222222223,1530.3
Kepler-1406 b,Kepler-1406,1.0,Transit,2016.0,Kepler,11.62904959295,0.09978000000000001,1.1583333333333334,,0.0,880.8,,5977.333333333333,1.105,0.98625,4.3415,572.403
Kepler-1407 b,Kepler-1407,1.0,Transit,2016.0,Kepler,20.071054081388887,0.14948,2.404714285714286,,0.0,747.0,,5928.3,1.23193,1.0986,4.287177777777778,1396.41
Kepler-1408 b,Kepler-1408,1.0,Transit,2016.0,Kepler,2.9979278338777777,0.04196333333333333,0.966125,,0.0,1522.2,,6110.562,1.5726666666666667,1.1380000000000001,4.17824,535.048
Kepler-1409 b,Kepler-1409,1.0,Transit,2016.0,Kepler,0.7648646037888889,0.015221666666666666,1.04,,0.0,1721.2,,5155.034,0.8006150000000001,0.8202857142857143,4.511515,694.89
Kepler-141 b,Kepler-141,1.0,Transit,2014.0,Kepler,3.10762895175,0.040389999999999995,7.721,,0.0,3343.4,,4651.763636363637,0.8023697142857144,0.8941666666666667,3.344333333333333,301.183
Kepler-141 c,Kepler-141,1.0,Transit,2014.0,Kepler,7.0106263652,0.06939571428571428,17.869777777777777,,0.0,2550.8,,4668.05,0.80811025,0.8941666666666667,3.45765,301.183
Kepler-1410 b,Kepler-1410,1.0,Transit,2016.0,Kepler,60.866783697209996,0.24863333333333335,1.6300000000000001,,0.0,258.5,,3976.275,0.5412857142857143,0.5634285714285714,4.720428571428571,
Kepler-1411 b,Kepler-1411,1.0,Transit,2016.0,Kepler,86.11546245480001,0.39790000000000003,3.120142857142857,,0.0,433.0,,5971.2,1.0407066666666667,1.022,4.4529266666666665,1660.48
Kepler-1412 b,Kepler-1412,1.0,Transit,2016.0,Kepler,3.6146050091666666,0.04514666666666667,0.7815,,0.0,1251.0,,5897.112,1.288,1.032,4.3024024999999995,755.678
Kepler-1413 b,Kepler-1413,1.0,Transit,2016.0,Kepler,13.182947840025001,0.10647999999999999,1.8304285714285715,,0.0,644.4,,5272.444444444444,0.81951725,0.9103333333333333,4.5825499999999995,1167.49
Kepler-1414 b,Kepler-1414,1.0,Transit,2016.0,Kepler,3.5157622771625,0.042879999999999995,1.6422857142857143,,0.0,1117.6,,5023.555555555556,0.84608575,0.8217142857142857,4.410205,570.835
Kepler-1415 b,Kepler-1415,1.0,Transit,2016.0,Kepler,0.6364244053111111,0.014126666666666668,1.30075,,0.0,1826.4,,5241.3,0.867,0.937,4.521405000000001,1043.56
Kepler-1416 b,Kepler-1416,1.0,Transit,2016.0,Kepler,1.4951500971428573,0.025019999999999997,1.0684285714285715,,0.0,1752.0,,5710.13125,1.2001666666666666,0.9565714285714285,4.228115714285714,949.59
Kepler-1417 b,Kepler-1417,1.0,Transit,2016.0,Kepler,20.35054860371111,0.14317,1.149125,,0.0,696.0,,5849.683999999999,1.0096666666666667,0.963,4.322455,991.845
Kepler-1418 b,Kepler-1418,1.0,Transit,2016.0,Kepler,22.47652094371111,0.13233999999999999,1.3683333333333334,,0.0,422.2,,4614.166666666667,0.601,0.6375,4.686166666666666,
Kepler-1419 b,Kepler-1419,1.0,Transit,2016.0,Kepler,42.521745595999995,0.23908000000000001,2.645285714285714,,0.0,509.2,,5828.2,0.9523333333333334,1.0082222222222221,4.46058,1498.58
Kepler-142 b,Kepler-142,1.0,Transit,2014.0,Kepler,2.0241443059636364,0.031042857142857143,1.9097777777777776,,0.0,1593.4,,5777.666666666667,1.1596225,1.0174999999999998,4.2908360000000005,548.686
Kepler-142 c,Kepler-142,1.0,Transit,2014.0,Kepler,4.761704322790909,0.05501428571428572,2.686222222222222,,0.0,1197.4,,5777.666666666667,1.1596225,1.0174999999999998,4.2908360000000005,548.686
Kepler-142 d,Kepler-142,1.0,Transit,2014.0,Kepler,41.80899199929091,0.23409285714285713,1.545,,0.0,580.4,,5777.666666666667,1.1596225,1.0174999999999998,4.2908360000000005,548.686
Kepler-1420 b,Kepler-1420,1.0,Transit,2016.0,Kepler,6.699597009,0.06656,1.3072857142857142,,0.0,797.0,,5285.444444444444,0.7942,0.8764,4.5712525,1054.37
Kepler-1421 b,Kepler-1421,1.0,Transit,2016.0,Kepler,6.9130472528333335,0.07544333333333332,0.84725,,0.0,1148.8,,6374.826,1.3546666666666667,1.2275,4.26541,783.401
Kepler-1422 b,Kepler-1422,1.0,Transit,2016.0,Kepler,18.605017858425,0.14848,1.9678571428571427,,0.0,813.0,,6408.0,1.2998333333333334,1.1720000000000002,4.32475,2465.84
Kepler-1423 b,Kepler-1423,1.0,Transit,2016.0,Kepler,23.9553925043625,0.15848,2.526666666666667,,0.0,749.8,,4986.166666666667,1.654,0.9018333333333334,3.9953333333333334,
Kepler-1424 b,Kepler-1424,1.0,Transit,2016.0,Kepler,29.609353393333336,0.18318,1.1875714285714287,,0.0,565.2,,5868.453333333334,0.9078333333333334,1.0003333333333333,4.4991666666666665,661.421
Kepler-1425 b,Kepler-1425,1.0,Transit,2016.0,Kepler,14.454119458422221,0.106925,1.016875,,0.0,684.2,,5553.076,0.84,0.9469999999999998,4.346955,863.8729999999999
Kepler-1426 b,Kepler-1426,1.0,Transit,2016.0,Kepler,14.25629720025,0.11856,1.6133333333333333,,0.0,791.4,,6079.166666666667,1.0238,1.0776666666666668,4.456,1697.81
Kepler-1427 b,Kepler-1427,1.0,Transit,2016.0,Kepler,0.968973696325,0.019700000000000002,1.1166666666666667,,0.0,1828.0,,5738.3275,1.0035,1.0613333333333335,4.462,
Kepler-1428 b,Kepler-1428,1.0,Transit,2016.0,Kepler,10.67613204049,0.10165166666666665,2.090375,,0.0,1068.6,,6293.009090909091,1.6900000000000002,1.2032857142857143,4.042014444444444,1530.32
Kepler-1429 b,Kepler-1429,1.0,Transit,2016.0,Kepler,4.4848988668375,0.05494,1.2695714285714286,,0.0,1189.4,,6106.333333333333,1.0416666666666667,1.083625,4.421085000000001,1214.09
Kepler-143 b,Kepler-143,1.0,Transit,2014.0,Kepler,16.00750616,0.12448142857142856,2.2892222222222225,,0.0,782.2,,5909.051,1.3072,0.9906666666666667,4.3093449999999995,809.467
Kepler-143 c,Kepler-143,1.0,Transit,2014.0,Kepler,27.082427387000003,0.17677857142857142,2.7818888888888886,,0.0,656.8,,5902.456363636364,1.3072,0.9906666666666667,4.295613333333333,809.4670000000001
Kepler-1430 b,Kepler-1430,1.0,Transit,2016.0,Kepler,2.460512542825,0.031120000000000002,1.1316666666666666,,0.0,987.6,,4781.166666666667,0.6512,0.65,4.594,875.523
Kepler-1431 b,Kepler-1431,1.0,Transit,2016.0,Kepler,5.8660168284375,0.06464,1.5275714285714286,,0.0,1059.8,,5906.091111111111,1.0691428571428572,1.0468,4.35834,1623.24
Kepler-1432 b,Kepler-1432,1.0,Transit,2016.0,Kepler,23.9107008663875,0.16812,2.2104285714285714,,0.0,715.2,,6197.111111111111,1.1095,1.0768333333333333,4.3060675,2171.87
Kepler-1433 b,Kepler-1433,1.0,Transit,2016.0,Kepler,4.135924793825,0.0521,1.7752857142857141,,0.0,1211.0,,6073.142857142857,1.0778333333333332,1.11675,4.417166666666667,
Kepler-1434 b,Kepler-1434,1.0,Transit,2016.0,Kepler,8.053293638700001,0.08433333333333333,1.108125,,0.0,1216.6,,6255.354,2.0512,1.1645714285714284,3.9976450000000003,775.529
Kepler-1435 b,Kepler-1435,1.0,Transit,2016.0,Kepler,4.4534300105,0.056093333333333335,0.923875,,0.0,1398.0,,6443.237999999999,1.3424,1.2411428571428573,4.2723025,704.211
Kepler-1436 b,Kepler-1436,1.0,Transit,2016.0,Kepler,9.705667142857143,0.08940000000000001,1.763,,0.0,958.4,,6031.875,1.1248333333333334,1.0553333333333335,4.252372857142857,2530.62
Kepler-1437 b,Kepler-1437,1.0,Transit,2016.0,Kepler,10.929540435875,0.09546,1.4822857142857144,,0.0,771.2,,5711.0,0.8744999999999999,0.9574,4.539833333333333,2101.69
Kepler-1438 b,Kepler-1438,1.0,Transit,2016.0,Kepler,2.3194191665,0.03332,0.94,,0.0,1288.6,,5517.75,0.8687999999999999,0.9205,4.3987225,1154.13
Kepler-1439 b,Kepler-1439,1.0,Transit,2016.0,Kepler,8.07354969333,0.05902,1.53075,,0.0,425.6,,3566.8,0.41680700000000004,0.4438746,4.795381111111111,225.393
Kepler-144 b,Kepler-144,1.0,Transit,2014.0,Kepler,5.885249652416667,0.0656525,1.3525,,0.0,1167.6666666666667,,6194.856923076923,1.21224,1.1017777777777777,4.310165454545454,384.917
Kepler-144 c,Kepler-144,1.0,Transit,2014.0,Kepler,10.104659579091667,0.094065,1.3344,,0.0,974.8333333333334,,6194.856923076923,1.21224,1.1017777777777777,4.310165454545454,384.917
Kepler-1440 b,Kepler-1440,1.0,Transit,2016.0,Kepler,39.85927334435,0.22686833333333334,1.5445,,0.0,575.4,,5754.545454545455,1.157,0.9938333333333333,4.242455555555555,1115.35
Kepler-1441 b,Kepler-1441,1.0,Transit,2016.0,Kepler,39.44157693853333,0.22378,1.4762857142857142,,0.0,531.4,,5638.539,1.3445483333333332,0.9818,4.3036755555555555,1110.48
Kepler-1442 b,Kepler-1442,1.0,Transit,2016.0,Kepler,81.41638970384444,0.389088,3.9274285714285715,,0.0,496.5,,6435.7,1.6107457142857142,1.3186,4.24841625,608.68
Kepler-1443 b,Kepler-1443,1.0,Transit,2016.0,Kepler,2.418109477675,0.036286,0.9195714285714285,,0.0,1579.5,,6340.666666666667,1.2545000000000002,1.186,4.28176,593.646
Kepler-1444 b,Kepler-1444,1.0,Transit,2016.0,Kepler,33.42033885001111,0.203672,2.0682857142857145,,0.0,551.75,,5783.729,1.0392542857142857,1.0051428571428571,4.4420175,319.675
Kepler-1445 b,Kepler-1445,1.0,Transit,2016.0,Kepler,10.6005164032,0.09507399999999999,0.9807142857142858,,0.0,930.0,,6105.024444444444,1.2970320000000002,1.0365,4.3095799999999995,506.3570000000001
Kepler-1446 b,Kepler-1446,1.0,Transit,2016.0,Kepler,0.6899678500333333,0.01469,1.2392857142857143,,0.0,2112.75,,4836.4220000000005,0.7038760000000001,0.7865000000000001,4.3740775,152.075
Kepler-1447 b,Kepler-1447,1.0,Transit,2016.0,Kepler,56.674665092625,0.289825,3.0829999999999997,,0.0,481.5,,5715.666666666667,0.969944125,0.9924999999999999,4.436075,890.296
Kepler-1448 b,Kepler-1448,1.0,Transit,2016.0,Kepler,12.27063887345,0.1058,1.6656666666666666,,0.0,811.0,,5945.807777777778,0.9223575,1.03275,4.5021375,768.903
Kepler-1449 b,Kepler-1449,1.0,Transit,2016.0,Kepler,13.227454920828572,0.1176,1.9226666666666665,,0.0,867.0,,6122.125,1.2268333333333334,1.2056,4.277231428571429,2006.48
Kepler-145 b,Kepler-145,1.0,Transit,2013.0,Kepler,22.95067667352857,0.1725027801,2.3343636363636366,35.55,0.06142857142857143,886.6,,6111.616666666666,1.8623750000000001,1.303,3.9700218181818183,566.85
Kepler-145 c,Kepler-145,1.0,Transit,2013.0,Kepler,42.88237961798571,0.26167012287142855,3.9280909090909093,52.25,0.015714285714285715,719.6,,6111.616666666666,1.8623750000000001,1.303,3.9700218181818183,566.85
Kepler-1450 b,Kepler-1450,1.0,Transit,2016.0,Kepler,54.5092229845375,0.239425,1.7714999999999999,,0.0,309.5,,4477.623333333333,0.6395938571428571,0.6655,4.656363750000001,505.829
Kepler-1451 b,Kepler-1451,1.0,Transit,2016.0,Kepler,35.62231938857143,0.2098,2.765,,0.0,521.5,,5740.625,0.90623275,0.9761428571428572,4.514045714285714,1058.72
Kepler-1452 b,Kepler-1452,1.0,Transit,2016.0,Kepler,42.91377342296667,0.252888,2.323571428571429,,0.0,655.5,,6036.09,2.1401566666666665,1.133375,3.9988325000000002,996.32
Kepler-1453 b,Kepler-1453,1.0,Transit,2016.0,Kepler,47.1611054946875,0.262,2.6258333333333335,,0.0,503.0,,5794.666666666667,0.9391845,1.03,4.50583375,1196.04
Kepler-1454 b,Kepler-1454,1.0,Transit,2016.0,Kepler,47.0316066719125,0.24065,1.7625,,0.0,450.75,,5443.444444444444,0.82125975,0.8905000000000001,4.53485125,780.566
Kepler-1455 b,Kepler-1455,1.0,Transit,2016.0,Kepler,49.2770742199,0.21467999999999998,1.952375,,0.0,277.0,,3926.4,0.568901875,0.566374875,4.695874444444445,357.621
Kepler-1456 b,Kepler-1456,1.0,Transit,2016.0,Kepler,18.137409002614284,0.1132,1.2286666666666666,,0.0,433.0,,4218.0,0.6044999999999999,0.5992,4.641382857142857,370.312
Kepler-1457 b,Kepler-1457,1.0,Transit,2016.0,Kepler,51.11077280154444,0.26622199999999996,1.942142857142857,,0.0,478.0,,5895.3,1.2002760000000001,0.978,4.41991125,889.885
Kepler-1458 b,Kepler-1458,1.0,Transit,2016.0,Kepler,47.98716019373333,0.249338,2.874428571428571,,0.0,493.0,,5577.9,0.8569999999999999,0.9112,4.4928325000000005,544.45
Kepler-1459 b,Kepler-1459,1.0,Transit,2016.0,Kepler,62.8691859528625,0.2883,1.6688333333333334,,0.0,370.0,,4822.0,0.7902710000000001,0.7644,4.50842,455.479
Kepler-146 b,Kepler-146,1.0,Transit,2014.0,Kepler,31.158779386509092,0.19613142857142857,3.356222222222222,,0.0,641.4,,6040.6325,1.120841,1.0706666666666667,4.360653,716.797
Kepler-146 c,Kepler-146,1.0,Transit,2014.0,Kepler,76.73252908443332,0.35746571428571433,2.974,,0.0,475.2,,6031.086153846153,1.1215345454545456,1.072,4.3611854545454545,716.797
Kepler-1460 b,Kepler-1460,1.0,Transit,2016.0,Kepler,29.9632546368,0.1614,2.0145,,0.0,391.0,,4422.0,0.6444,0.6545,4.6256875,553.218
Kepler-1461 b,Kepler-1461,1.0,Transit,2016.0,Kepler,29.349427780837498,0.17105,1.9745,,0.0,451.75,,4923.888888888889,0.7195,0.7791250000000001,4.62758625,679.106
Kepler-1462 b,Kepler-1462,1.0,Transit,2016.0,Kepler,65.6488888052125,0.3094,3.0241666666666664,,0.0,390.0,,5459.666666666667,0.833404625,0.937,4.57082125,1017.8200000000002
Kepler-1463 b,Kepler-1463,1.0,Transit,2016.0,Kepler,25.158650173057143,0.1694,1.8963333333333334,,0.0,619.0,,5838.125,0.9380000000000001,1.0022857142857142,4.435702857142857,1687.47
Kepler-1464 b,Kepler-1464,1.0,Transit,2016.0,Kepler,31.7786270836,0.18437199999999998,1.8732857142857142,,0.0,564.0,,5703.2,1.4320000000000002,1.005,4.24015,1151.73
Kepler-1464 c,Kepler-1464,1.0,Transit,2016.0,Kepler,5.327853577337501,0.056042,1.0892857142857142,,0.0,1023.0,,5708.666666666667,1.0570000000000002,0.8731428571428571,4.2783999999999995,1151.73
Kepler-1465 b,Kepler-1465,1.0,Transit,2016.0,Kepler,31.827682731428574,0.17762499999999998,2.3078333333333334,,0.0,477.5,,4683.0,0.7143165714285714,0.7000000000000001,4.475562857142857,359.497
Kepler-1466 b,Kepler-1466,1.0,Transit,2016.0,Kepler,31.17498400382222,0.19132200000000002,1.4061428571428571,,0.0,585.0,,5828.505999999999,0.991,1.00275,4.46825,631.949
Kepler-1467 b,Kepler-1467,1.0,Transit,2016.0,Kepler,47.0568906072125,0.23857499999999998,3.0308333333333337,,0.0,412.5,,5301.651111111111,0.7974506,0.8301999999999999,4.59808625,852.888
Kepler-1468 b,Kepler-1468,1.0,Transit,2016.0,Kepler,8.2398407069875,0.0808,1.9406666666666668,,0.0,961.0,,5858.398888888889,1.4423333333333332,1.0267142857142857,4.21330875,1899.24
Kepler-1468 c,Kepler-1468,1.0,Transit,2016.0,Kepler,3.545525121685714,0.046075000000000005,1.3183333333333334,,0.0,1273.25,,5868.8825,1.2730000000000001,1.0261666666666667,4.25514,1899.24
Kepler-1468 d,Kepler-1468,1.0,Transit,2021.0,Kepler,19.59061004571429,0.14395,2.214374292,,0.0,720.0,,5865.151428571428,1.496,1.0315,4.211997142857143,1899.24
Kepler-1469 b,Kepler-1469,1.0,Transit,2016.0,Kepler,21.863521139675,0.14645,2.5306666666666664,,0.0,554.0,,5343.888888888889,0.864,0.88525,4.53318125,1159.3
Kepler-147 b,Kepler-147,1.0,Transit,2014.0,Kepler,12.61114524223,0.10961,1.3723333333333334,,0.0,905.4,,5966.249090909091,1.4365,1.0913333333333333,4.206222222222222,1042.02
Kepler-147 c,Kepler-147,1.0,Transit,2014.0,Kepler,33.41620823887273,0.20987857142857141,2.754,,0.0,654.6,,5959.675833333334,1.4602,1.0882857142857143,4.1930499999999995,1042.02
Kepler-1470 b,Kepler-1470,1.0,Transit,2016.0,Kepler,16.295089837357143,0.11585000000000001,1.1451666666666667,,0.0,579.25,,4937.75,0.79782125,0.7824,4.5303571428571425,590.601
Kepler-1471 b,Kepler-1471,1.0,Transit,2016.0,Kepler,3.638995978528571,0.0435,1.3853333333333333,,0.0,1174.25,,5671.4725,0.8715505714285714,0.951,4.466971428571428,978.678
Kepler-1471 c,Kepler-1471,1.0,Transit,2023.0,Kepler,11.604480703333332,0.0942,1.7007999919999999,,0.0,798.25,,5701.481666666667,0.9171853999999999,0.85,4.4214,978.678
Kepler-1472 b,Kepler-1472,1.0,Transit,2016.0,Kepler,38.1308948246,0.23317500000000002,1.8118333333333334,,0.0,628.0,,6271.0,1.2356,1.154,4.29216625,1479.14
Kepler-1473 b,Kepler-1473,1.0,Transit,2016.0,Kepler,14.4273453575,0.116012,1.310142857142857,,0.0,783.0,,5930.455555555555,1.1383333333333334,1.015,4.376905714285714,652.253
Kepler-1474 b,Kepler-1474,1.0,Transit,2016.0,Kepler,36.433484904699995,0.220175,2.296,,0.0,594.75,,5781.698888888889,1.082394,1.0025,4.3655225,1180.9
Kepler-1475 b,Kepler-1475,1.0,Transit,2016.0,Kepler,82.176349298475,0.373,2.420166666666667,,0.0,441.0,,6191.444444444444,1.214518,1.0859999999999999,4.40547875,1568.38
Kepler-1476 b,Kepler-1476,1.0,Transit,2016.0,Kepler,10.358605495585715,0.0932,1.6723333333333334,,0.0,860.0,,5758.75,1.008,1.0,4.471862857142857,1002.74
Kepler-1477 b,Kepler-1477,1.0,Transit,2016.0,Kepler,11.55546268242857,0.0911,1.4686666666666668,,0.0,674.0,,5121.625,0.7984,0.766,4.468114285714286,680.828
Kepler-1478 b,Kepler-1478,1.0,Transit,2016.0,Kepler,26.084035144142856,0.1681,1.5903333333333334,,0.0,598.0,,5992.625,0.8800000000000001,0.952,4.426757142857142,1845.58
Kepler-1479 b,Kepler-1479,1.0,Transit,2016.0,Kepler,14.532596497355554,0.11652199999999999,1.864142857142857,,0.0,746.0,,5875.6,1.1110250000000002,1.027,4.4351199999999995,728.668
Kepler-148 b,Kepler-148,1.0,Transit,2014.0,Kepler,1.7293678207599998,0.0271,1.8025,,0.0,1281.2,,5177.545454545455,0.8410768888888889,0.8452,4.531319,791.163
Kepler-148 c,Kepler-148,1.0,Transit,2014.0,Kepler,4.18005587608,0.04878333333333334,3.448625,,0.0,954.4,,5177.545454545455,0.8410768888888889,0.8452,4.531319,791.163
Kepler-148 d,Kepler-148,1.0,Transit,2016.0,Kepler,51.84688955356667,0.25952,8.691571428571427,,0.0,412.8,,5168.1,0.8365213333333332,0.8452,4.529687777777777,791.163
Kepler-1480 b,Kepler-1480,2.0,Transit,2016.0,Kepler,22.126861854875,0.1525,2.750166666666667,,0.0,721.0,,5186.757777777778,0.801888,0.9404,4.32844375,500.89200000000005
Kepler-1481 b,Kepler-1481,1.0,Transit,2016.0,Kepler,5.942240942257143,0.05885,1.223,,0.0,797.75,,4855.32,0.7828160000000001,0.7742,4.537088571428571,459.076
Kepler-1482 b,Kepler-1482,1.0,Transit,2016.0,Kepler,12.253843763457143,0.09672,1.0428333333333333,,0.0,654.0,,5437.225,0.9034249999999999,0.8966666666666666,4.542046666666667,567.556
Kepler-1483 b,Kepler-1483,1.0,Transit,2016.0,Kepler,9.5085084257,0.091375,1.2910000000000001,,0.0,985.5,,6245.125,1.3822,1.2033333333333334,4.311634285714286,1273.78
Kepler-1484 b,Kepler-1484,1.0,Transit,2016.0,Kepler,30.4547131775,0.1939,2.322,,0.0,624.0,,5957.57375,0.9712,1.0122499999999999,4.14180875,2879.83
Kepler-1485 b,Kepler-1485,1.0,Transit,2016.0,Kepler,19.915665777744444,0.147364,1.4868571428571429,,0.0,726.5,,6023.2,1.211,1.0882500000000002,4.3448762499999996,615.66
Kepler-1486 b,Kepler-1486,1.0,Transit,2016.0,Kepler,54.6500742731625,0.2885,2.422,,0.0,522.25,,5897.555555555556,1.2533333333333334,1.058142857142857,4.284083750000001,1769.14
Kepler-1487 b,Kepler-1487,1.0,Transit,2016.0,Kepler,7.319382188171429,0.078475,2.1631666666666667,,0.0,1183.25,,6273.0,1.3154342857142858,1.1775,4.211745714285715,1014.62
Kepler-1487 c,Kepler-1487,1.0,Transit,2023.0,Kepler,35.801161802857145,0.2261,5.197799926,,0.0,697.0,,6234.0,1.6505066666666668,1.2476666666666667,4.117317142857143,1014.62
Kepler-1488 b,Kepler-1488,1.0,Transit,2016.0,Kepler,39.81903032858889,0.230686,2.052857142857143,,0.0,608.0,,5850.627,1.67,1.014875,4.10559875,905.825
Kepler-1488 c,Kepler-1488,1.0,Transit,2021.0,Kepler,6.158277668857143,0.066438,1.1522612483333334,,0.0,1133.25,,5868.87,1.524,1.002,4.1633216666666675,905.825
Kepler-1489 b,Kepler-1489,1.0,Transit,2016.0,Kepler,82.293991429575,0.3604,1.8578333333333334,,0.0,406.0,,5765.0,0.9285,0.9535,4.3991975,1283.05
Kepler-1489 c,Kepler-1489,1.0,Transit,2024.0,Kepler,0.680741,,0.51,,,,G,5565.53,0.957,0.977,,1283.05
Kepler-149 b,Kepler-149,1.0,Transit,2014.0,Kepler,29.198972702,0.17986571428571427,4.425666666666667,,0.0,566.6,,5432.270909090908,0.9259299999999999,0.9246000000000001,4.422515555555555,571.034
Kepler-149 c,Kepler-149,1.0,Transit,2014.0,Kepler,55.328750075609086,0.2752428571428572,1.8206666666666667,,0.0,458.0,,5427.955833333333,0.93295,0.9255,4.420646,571.034
Kepler-149 d,Kepler-149,1.0,Transit,2014.0,Kepler,160.019313866,0.5589557142857143,4.296444444444444,,0.0,321.2,,5427.955833333333,0.93295,0.9255,4.420646,571.034
Kepler-1490 b,Kepler-1490,1.0,Transit,2016.0,Kepler,92.4365622583375,0.372675,2.7871666666666663,,0.0,348.75,,5543.333333333333,0.7710323333333333,0.8252,4.607201249999999,862.92
Kepler-1491 b,Kepler-1491,1.0,Transit,2016.0,Kepler,16.58609545432857,0.1276,1.6898333333333333,,0.0,726.5,,5714.2075,1.1895,0.9955,4.309265714285714,2065.59
Kepler-1491 c,Kepler-1491,1.0,Transit,2023.0,Kepler,61.56941074,0.3057666666666667,2.2014999825,,0.0,476.0,,5712.066000000001,1.389,0.991,4.267986,2065.59
Kepler-1492 b,Kepler-1492,1.0,Transit,2016.0,Kepler,16.7525135157375,0.1262,2.9116666666666666,,0.0,801.0,,4701.555555555556,0.6776974,0.9179999999999999,4.26373875,331.553
Kepler-1493 b,Kepler-1493,1.0,Transit,2016.0,Kepler,15.02185102,0.109875,1.1400000000000001,,0.0,726.25,,5719.617142857142,0.9195,0.79975,4.3744,555.051
Kepler-1494 b,Kepler-1494,1.0,Transit,2016.0,Kepler,91.079956045125,0.3982,3.3435,,0.0,415.0,,5802.0,0.9944,1.00575,4.40223125,1285.48
Kepler-1495 b,Kepler-1495,1.0,Transit,2016.0,Kepler,85.27314245142858,0.3677,3.164,,0.0,443.0,,5903.8,1.0535999999999999,0.9348000000000001,4.363200000000001,1355.5399999999997
Kepler-1496 b,Kepler-1496,1.0,Transit,2016.0,Kepler,64.65879287954999,0.3244,1.9633333333333336,,0.0,499.0,,5990.564444444444,1.3648783333333334,1.084,4.2915325,1307.66
Kepler-1497 b,Kepler-1497,1.0,Transit,2016.0,Kepler,8.741970085914286,0.082825,1.734,,0.0,904.5,,5781.0,0.986,0.9922499999999999,4.4188,
Kepler-1498 b,Kepler-1498,1.0,Transit,2016.0,Kepler,48.051547305650004,0.2456,1.614,,0.0,480.0,,5333.0,0.8692500000000001,0.836,4.404,
Kepler-1499 b,Kepler-1499,1.0,Transit,2016.0,Kepler,44.2015606497,0.22213,1.1878571428571427,,0.0,409.0,,5000.117,0.7803333333333334,0.8140000000000001,4.5467775,309.869
Kepler-15 b,Kepler-15,1.0,Transit,2011.0,Kepler,4.942783011953846,0.05742333333333333,11.684821909090909,210.71869,0.018285714285714287,1063.3333333333333,,5577.199285714286,1.1094285714285714,1.018375,4.364023636363637,739.412
Kepler-150 b,Kepler-150,1.0,Transit,2014.0,Kepler,3.4280567412700003,0.04383714285714285,1.2746666666666668,,0.0,1178.0,,5671.0,0.92083475,0.9618749999999999,4.486715555555556,891.0920000000001
Kepler-150 c,Kepler-150,1.0,Transit,2014.0,Kepler,7.381980616209091,0.07296142857142858,3.5791111111111116,,0.0,913.4,,5659.083333333333,0.919113,0.9627777777777777,4.489166,891.092
Kepler-150 d,Kepler-150,1.0,Transit,2014.0,Kepler,12.56094292190909,0.10411714285714287,2.7953333333333337,,0.0,764.4,,5659.083333333333,0.919113,0.9627777777777777,4.489166,891.092
Kepler-150 e,Kepler-150,1.0,Transit,2014.0,Kepler,30.826373267136365,0.18943285714285715,2.9363333333333332,,0.0,566.4,,5659.083333333333,0.919113,0.9627777777777777,4.489166,891.092
Kepler-150 f,Kepler-150,1.0,Transit,2017.0,Kepler,637.2093,1.24,3.64,,,,,5528.0,0.905339,0.97,4.51122,891.092
Kepler-1500 b,Kepler-1500,1.0,Transit,2016.0,Kepler,15.0329888073,0.1152,1.4183333333333332,,0.0,802.0,,5935.875,1.247605,1.0533333333333335,4.329657142857143,1217.82
Kepler-1501 b,Kepler-1501,1.0,Transit,2016.0,Kepler,14.5565039514,0.122144,1.3165714285714285,,0.0,853.75,,6225.222222222223,1.1598625,1.1929999999999998,4.388811428571429,749.06
Kepler-1502 b,Kepler-1502,1.0,Transit,2016.0,Kepler,41.7085521798375,0.2482,2.5113333333333334,,0.0,611.75,,6567.333333333333,1.728238,1.3242857142857143,4.25468375,1514.02
Kepler-1503 b,Kepler-1503,1.0,Transit,2016.0,Kepler,96.1692833380875,0.37575000000000003,2.3091666666666666,,0.0,323.25,,5123.950000000001,0.7703333333333333,0.76825,4.438445,1225.57
Kepler-1504 b,Kepler-1504,1.0,Transit,2016.0,Kepler,82.30485353965,0.35975,3.2671666666666663,,0.0,414.5,,5597.314444444444,1.1175000000000002,0.9177142857142856,4.2369087500000004,2435.94
Kepler-1505 b,Kepler-1505,1.0,Transit,2016.0,Kepler,30.860927776100002,0.18831599999999998,1.1829999999999998,,0.0,600.0,,5717.487,1.1417577777777776,0.9732857142857142,4.36255375,495.148
Kepler-1506 b,Kepler-1506,1.0,Transit,2016.0,Kepler,14.032785373214285,0.1168,1.5845,,0.0,783.0,,5906.5,0.9867999999999999,1.038,4.329502857142857,2366.02
Kepler-1507 b,Kepler-1507,1.0,Transit,2016.0,Kepler,16.05057296141111,0.117872,0.8288571428571428,,0.0,663.0,,5374.449,0.8204345714285715,0.9056000000000001,4.51408125,320.478
Kepler-1508 b,Kepler-1508,1.0,Transit,2016.0,Kepler,20.705672033333332,0.144225,1.6491666666666667,,0.0,733.0,,5823.285714285715,1.2509866666666667,0.9422,4.233231666666667,1260.28
Kepler-1509 b,Kepler-1509,1.0,Transit,2016.0,Kepler,25.433572158475002,0.17265,2.0406666666666666,,0.0,656.5,,5902.333333333333,1.0457999999999998,1.0505714285714285,4.29254125,2002.96
Kepler-151 b,Kepler-151,1.0,Transit,2014.0,Kepler,15.22896037952,0.11498333333333333,2.981,,0.0,641.2,,5405.388181818183,0.8184285714285714,0.874,4.562811999999999,649.919
Kepler-151 c,Kepler-151,1.0,Transit,2014.0,Kepler,24.67462204505,0.15878333333333333,2.1675,,0.0,545.4,,5405.388181818183,0.8184285714285714,0.874,4.562811999999999,649.919
Kepler-1510 b,Kepler-1510,1.0,Transit,2016.0,Kepler,84.70430754064999,0.393825,3.328333333333333,,0.0,489.0,,6156.555555555556,1.372298,1.120142857142857,4.26324625,1696.25
Kepler-1511 b,Kepler-1511,1.0,Transit,2016.0,Kepler,23.2383485036,0.1753,2.2183333333333333,,0.0,903.0,,6571.614444444444,1.73759875,1.3415,4.09054875,1475.6
Kepler-1512 b,Kepler-1512,1.0,Transit,2016.0,Kepler,20.359741594090004,0.12288833333333332,1.2347142857142859,,0.0,404.0,,4334.082,0.7123891428571428,0.7044999999999999,4.6979999999999995,
Kepler-1513 b,Kepler-1513,1.0,Transit,2016.0,Kepler,160.8845588097,0.547222,8.67025,48.30991786,0.0612,346.0,G V,5543.154545454545,0.9388014,0.9490000000000001,4.402606666666666,349.247
Kepler-1513 c,Kepler-1513,1.0,Transit Timing Variations,2023.0,Multiple Observatories,841.4,,,84.54235626,0.125,,G V,5491.0,0.95,0.943,4.46,349.247
Kepler-1514 b,Kepler-1514,1.0,Transit,2016.0,Kepler,217.8320055655,0.7418616666666668,15.7386965,1678.1424,0.08020000000000001,444.38,,6248.521818181819,1.2898637499999999,1.1931428571428573,4.115287777777778,397.292
Kepler-1514 c,Kepler-1514,1.0,Transit,2020.0,Kepler,10.514189701111112,0.09832999999999999,1.5110440028571428,,0.064,1220.2,,6254.304444444444,1.3043183333333332,1.1864,4.08594875,397.292
Kepler-1515 b,Kepler-1515,1.0,Transit,2016.0,Kepler,214.31161004333333,0.75087,9.676428571428572,,0.0,387.5,,6455.4580000000005,1.5054750000000001,1.2946666666666669,4.2269325,539.321
Kepler-1516 b,Kepler-1516,1.0,Transit,2016.0,Kepler,7.259310818725,0.0718,1.8090000000000002,,0.0,967.0,,5859.0,1.0036,0.98525,4.26030125,1358.95
Kepler-1517 b,Kepler-1517,1.0,Transit,2016.0,Kepler,5.5460837046750004,0.078,17.18883333333333,,0.0,2335.25,,7187.064444444444,1.900222,1.9591999999999998,3.80279875,847.299
Kepler-1518 b,Kepler-1518,1.0,Transit,2016.0,Kepler,5.111769304,0.0593,2.7298,,0.0,1351.0,,6570.996666666666,1.5098016666666665,1.1800000000000002,4.184112000000001,903.5099999999999
Kepler-1518 c,Kepler-1518,1.0,Transit,2023.0,Kepler,9.630977509400001,0.09049999999999998,2.9862499975,,0.0,1094.0,,6516.996,1.345,1.06,4.209512,903.51
Kepler-1519 b,Kepler-1519,1.0,Transit,2016.0,Kepler,240.79875797825,0.75455,8.218666666666666,,0.0,297.75,,5753.111111111111,1.4031133333333334,0.9794285714285714,4.3081025,1441.63
Kepler-152 b,Kepler-152,1.0,Transit,2014.0,Kepler,18.207965803754544,0.12646714285714286,3.043222222222222,,0.0,561.6,,5151.25,0.7564826,0.8384444444444443,4.602627,441.09
Kepler-152 c,Kepler-152,1.0,Transit,2014.0,Kepler,88.25530237316364,0.36254000000000003,2.6703333333333337,,0.0,331.8,,5151.25,0.7564826,0.8384444444444443,4.602627,441.09
Kepler-1520 b,Kepler-1520,1.0,Transit,2016.0,Kepler,0.6535535854285713,0.0129,11.505166666666668,,0.0,1436.25,,4571.125,0.6749999999999999,0.6948571428571428,4.6034942857142855,607.917
Kepler-1521 b,Kepler-1521,1.0,Transit,2016.0,Kepler,47.148427685677774,0.24803199999999997,4.1731428571428575,,0.0,559.75,,5025.339,0.7107184285714286,0.8116,4.3482875,206.983
Kepler-1522 b,Kepler-1522,1.0,Transit,2016.0,Kepler,1.8478898473125,0.028874999999999998,1.6556666666666666,,0.0,1380.75,,5730.1577777777775,0.9228,0.9472499999999999,4.45846375,814.125
Kepler-1523 b,Kepler-1523,1.0,Transit,2016.0,Kepler,0.9387500774749999,0.018774,1.5408571428571427,,0.0,1766.0,,5640.211111111112,0.9313333333333333,0.9726666666666667,4.484102857142857,865.596
Kepler-1524 b,Kepler-1524,1.0,Transit,2016.0,Kepler,70.96733655452857,0.3257,2.9586666666666663,,0.0,454.5,,5889.5775,1.02246975,1.071,4.407182857142857,381.773
Kepler-1525 b,Kepler-1525,1.0,Transit,2016.0,Kepler,2.4166009027,0.035553999999999995,0.8857142857142858,,0.0,1317.5,,5695.735555555556,1.026,1.0272,4.455954285714285,382.989
Kepler-1526 b,Kepler-1526,1.0,Transit,2016.0,Kepler,3.9086350557,0.0418,2.193166666666667,,0.0,787.75,,4537.222222222223,0.6855,0.68075,4.604676250000001,555.574
Kepler-1527 b,Kepler-1527,1.0,Transit,2016.0,Kepler,160.130593657125,0.5886,4.5343333333333335,,0.0,366.0,,6043.0,1.574074,1.0604285714285715,4.24436,1842.13
Kepler-1528 b,Kepler-1528,1.0,Transit,2016.0,Kepler,1.7911109579285716,0.0296,1.3476666666666668,,0.0,1548.25,,5947.875,1.0051999999999999,1.062,4.476025714285714,817.534
Kepler-1529 b,Kepler-1529,1.0,Transit,2016.0,Kepler,5.3390529413875,0.0525,1.9678333333333333,,0.0,817.0,,5003.666666666667,0.7586758,0.7392500000000001,4.5755550000000005,661.014
Kepler-153 b,Kepler-153,1.0,Transit,2014.0,Kepler,18.870216309463636,0.12786857142857144,2.775888888888889,,0.0,623.2,,5325.833333333333,0.8412857142857143,0.791,4.5328800000000005,459.368
Kepler-153 c,Kepler-153,1.0,Transit,2014.0,Kepler,46.90248386603636,0.23454285714285714,2.4459999999999997,,0.0,459.8,,5325.833333333333,0.8412857142857143,0.791,4.5328800000000005,459.368
Kepler-1530 b,Kepler-1530,1.0,Transit,2016.0,Kepler,2.590416869177778,0.036786,2.068,,0.0,1484.0,,5494.671,0.822644,0.92,4.38891625,489.87600000000003
Kepler-1530 c,Kepler-1530,1.0,Transit,2016.0,Kepler,5.3232223874999995,0.059488,2.096142857142857,,0.0,1167.0,,5494.671,0.822644,0.92,4.38891625,489.87600000000003
Kepler-1530 d,Kepler-1530,1.0,Transit,2021.0,Kepler,9.20775289375,0.085752,4.413450191666667,,0.0,972.0,,5554.7675,1.303,1.015,4.31846,489.876
Kepler-1531 b,Kepler-1531,1.0,Transit,2016.0,Kepler,1.1385449000125,0.021828,1.2403333333333333,,0.0,2444.75,,6370.25,1.4278,1.1183333333333334,4.178811428571429,666.334
Kepler-1532 b,Kepler-1532,1.0,Transit,2016.0,Kepler,1.0936646016571427,0.020525,1.3206666666666667,,0.0,1677.25,,5776.375,0.8691737142857142,0.9533999999999999,4.547871428571429,798.246
Kepler-1533 b,Kepler-1533,1.0,Transit,2016.0,Kepler,308.547330909375,0.930792,3.146,,0.0,306.0,,6381.251111111112,1.598652,1.2343333333333335,4.285251428571429,966.801
Kepler-1534 b,Kepler-1534,1.0,Transit,2016.0,Kepler,5.716689442716667,0.0599,1.9275,,0.0,955.0,,5589.0,0.87725,0.88125,4.496,
Kepler-1535 b,Kepler-1535,1.0,Transit,2016.0,Kepler,138.944437059125,0.5176,2.276333333333333,,0.0,353.25,,5981.111111111111,1.14381,1.0608,4.4235975,897.733
Kepler-1536 b,Kepler-1536,1.0,Transit,2016.0,Kepler,364.75587466666667,0.8507,2.9924999999999997,,0.0,166.0,,4369.852857142857,0.6401666666666667,0.639,4.616283333333333,387.248
Kepler-1537 b,Kepler-1537,1.0,Transit,2016.0,Kepler,1.4444534999428573,0.0245,1.8175000000000001,,0.0,1800.0,,5197.5,1.172112,0.9132,4.284617142857143,517.292
Kepler-1538 b,Kepler-1538,1.0,Transit,2016.0,Kepler,175.13891013675,0.6281749999999999,2.8398333333333334,,0.0,357.25,,5872.111111111111,1.0556,1.0375,4.437988750000001,1125.3
Kepler-1539 b,Kepler-1539,1.0,Transit,2016.0,Kepler,133.3035577945,0.4774,2.6519999999999997,,0.0,301.0,,5131.888888888889,0.8032545714285714,0.8297142857142857,4.540015,748.326
Kepler-154 b,Kepler-154,1.0,Transit,2014.0,Kepler,33.04053884942,0.19606833333333332,2.247875,,0.0,545.25,,5773.636363636364,1.0219714285714285,0.9322000000000001,4.464565555555556,915.212
Kepler-154 c,Kepler-154,1.0,Transit,2014.0,Kepler,62.30280059444445,0.2993866666666667,3.026125,,0.0,441.25,,5777.0,1.0172,0.9322000000000001,4.4716325,915.2119999999999
Kepler-154 d,Kepler-154,1.0,Transit,2016.0,Kepler,20.54980802908,0.14347333333333334,3.743375,,0.0,643.8,,5800.636363636364,1.0118285714285713,0.9322000000000001,4.475121111111111,915.212
Kepler-154 e,Kepler-154,1.0,Transit,2016.0,Kepler,3.9327624558875,0.047372,1.4505714285714286,,0.0,1107.75,,5786.666666666667,1.02044,0.9322000000000001,4.479722857142858,915.212
Kepler-154 f,Kepler-154,1.0,Transit,2016.0,Kepler,9.919347002675,0.087764,1.3777142857142857,,0.0,814.0,,5786.666666666667,1.02044,0.9322000000000001,4.479722857142858,915.212
Kepler-1540 b,Kepler-1540,2.0,Transit,2016.0,Kepler,125.41317320571429,0.4255,2.533333333333333,,0.0,245.0,,4443.75,0.6619951428571429,0.6626666666666666,4.603697142857143,244.96
Kepler-1541 b,Kepler-1541,1.0,Transit,2016.0,Kepler,8.406922004444445,0.07759,1.6838571428571427,,0.0,1048.0,,5306.722,0.8147248333333333,0.89825,4.29965625,416.692
Kepler-1542 b,Kepler-1542,1.0,Transit,2016.0,Kepler,3.9511703989,0.04707,0.9001428571428571,,0.0,1247.75,,5627.064444444444,1.15156,0.932,4.294968571428572,399.114
Kepler-1542 c,Kepler-1542,1.0,Transit,2016.0,Kepler,2.89223246515,0.03826,0.7761428571428571,,0.0,1384.5,,5627.064444444444,1.15156,0.932,4.294968571428572,399.114
Kepler-1542 d,Kepler-1542,1.0,Transit,2016.0,Kepler,5.9926565353,0.062325000000000005,0.9776666666666666,,0.0,1077.3333333333333,,5614.0725,1.1460685714285714,0.932,4.306796666666667,399.114
Kepler-1542 e,Kepler-1542,1.0,Transit,2016.0,Kepler,5.101142320785714,0.0559475,0.8938333333333333,,0.0,1137.0,,5614.0725,1.1460685714285714,0.932,4.306796666666667,399.114
Kepler-1543 b,Kepler-1543,1.0,Transit,2016.0,Kepler,6.967130894042858,0.08197499999999999,2.9926666666666666,,0.0,1354.0,,6527.785,1.416014285714286,1.4075,4.186534285714286,921.784
Kepler-1544 b,Kepler-1544,1.0,Transit,2016.0,Kepler,168.81114019199998,0.5421083333333333,1.764625,,0.0,255.6,,4840.727272727273,0.74786075,0.7707142857142858,4.576558888888889,335.09
Kepler-1545 b,Kepler-1545,1.0,Transit,2016.0,Kepler,163.692311761875,0.5586,2.734166666666667,,0.0,278.5,,5169.6,0.8366666666666666,0.855,4.51639125,729.964
Kepler-1546 b,Kepler-1546,1.0,Transit,2016.0,Kepler,19.5973953717625,0.1366,3.3993333333333333,,0.0,671.0,,5626.777777777777,0.9075,0.8964000000000001,4.4546712500000005,931.9559999999999
Kepler-1547 b,Kepler-1547,1.0,Transit,2016.0,Kepler,0.6929793277142858,0.015532,1.108142857142857,,0.0,2454.0,,5998.1075,1.1371057142857144,1.0263333333333333,4.270681666666667,674.695
Kepler-1548 b,Kepler-1548,1.0,Transit,2016.0,Kepler,124.828414217625,0.47592500000000004,2.3401666666666667,,0.0,344.0,,5633.0,0.8140563749999999,0.9664285714285715,4.56754,872.279
Kepler-1549 b,Kepler-1549,1.0,Transit,2016.0,Kepler,214.88475884125,0.68925,2.6146666666666665,,0.0,271.0,,5282.111111111111,0.88476075,0.8704000000000001,4.48731625,803.052
Kepler-155 b,Kepler-155,1.0,Transit,2014.0,Kepler,5.931196540758333,0.0534975,1.9744444444444444,,0.0,583.5714285714286,M0 V,4215.211666666667,0.5704444444444445,0.5720000000000001,4.644714545454545,293.499
Kepler-155 c,Kepler-155,1.0,Transit,2014.0,Kepler,52.6616076485,0.2301,1.9622222222222223,,0.0,281.5,,4251.992307692308,0.6353333333333334,0.6708333333333334,4.621623076923077,293.499
Kepler-1550 b,Kepler-1550,1.0,Transit,2016.0,Kepler,225.58398164425,0.742,2.9475,,0.0,321.0,,6015.222222222223,1.099698,1.0532857142857144,4.40665625,1179.01
Kepler-1551 b,Kepler-1551,1.0,Transit,2016.0,Kepler,24.4973191120125,0.17675000000000002,2.622333333333333,,0.0,716.0,,6308.704444444444,1.1466966666666665,1.211875,4.400566250000001,1463.72
Kepler-1552 b,Kepler-1552,1.0,Transit,2016.0,Kepler,184.771870945,0.58192,2.4974285714285713,,0.0,255.25,,5157.782222222222,0.886,0.81,4.503417142857143,769.096
Kepler-1553 b,Kepler-1553,1.0,Transit,2016.0,Kepler,4.2426219534,0.0487,1.1091666666666666,,0.0,935.75,,5238.615,0.813628,0.86875,4.568974285714286,692.594
Kepler-1554 b,Kepler-1554,1.0,Transit,2016.0,Kepler,198.0884316548889,0.6208739999999999,2.8434285714285714,,0.0,271.5,,5281.2,0.7833488888888889,0.85425,4.56502,946.847
Kepler-1555 b,Kepler-1555,1.0,Transit,2016.0,Kepler,8.105003753557144,0.080875,1.6601666666666668,,0.0,964.25,,6073.875,1.0151999999999999,1.0495,4.348788571428572,2013.27
Kepler-1556 b,Kepler-1556,1.0,Transit,2016.0,Kepler,8.827151458300001,0.082225,1.9088333333333332,,0.0,874.25,,5649.371111111111,0.8966666666666666,0.9763999999999999,4.50151125,944.5400000000001
Kepler-1557 b,Kepler-1557,1.0,Transit,2016.0,Kepler,3.7403227295000003,0.0487,1.3893333333333333,,0.0,1270.5,,6138.76,1.0721025,1.09575,4.414002857142857,1380.16
Kepler-1558 b,Kepler-1558,1.0,Transit,2016.0,Kepler,3.5047080887,0.042076,0.747,,0.0,1019.0,,5083.097777777777,0.7742373333333333,0.8114285714285714,4.5219314285714285,325.737
Kepler-1559 b,Kepler-1559,1.0,Transit,2016.0,Kepler,0.9719157440749999,0.01849,0.7352857142857143,,0.0,1588.0,,5290.18,0.8674999999999999,0.878,4.530328571428571,614.827
Kepler-156 b,Kepler-156,1.0,Transit,2014.0,Kepler,4.973452573018182,0.05327571428571428,2.4736666666666665,,0.0,852.2,,5069.028333333333,0.78795,0.824,4.564262,443.483
Kepler-156 c,Kepler-156,1.0,Transit,2014.0,Kepler,15.906865520790909,0.11547571428571428,2.469,,0.0,578.8,,5069.028333333333,0.78795,0.824,4.564262,443.483
Kepler-1560 b,Kepler-1560,1.0,Transit,2016.0,Kepler,3.0319612529874997,0.04011,0.8978571428571429,,0.0,1269.75,,5742.835555555556,0.9988885714285713,0.9522857142857143,4.416894285714286,502.497
Kepler-1561 b,Kepler-1561,1.0,Transit,2016.0,Kepler,1.005206800357143,0.0194,0.9256666666666667,,0.0,1682.75,,5741.875,0.9417225,0.9891428571428571,4.4920228571428575,839.076
Kepler-1562 b,Kepler-1562,1.0,Transit,2016.0,Kepler,64.27271508345,0.332975,4.916166666666666,,0.0,566.0,,6094.142222222222,1.3381666666666667,1.0550000000000002,4.1602875,2060.72
Kepler-1563 b,Kepler-1563,1.0,Transit,2016.0,Kepler,3.4327559778857144,0.0442,0.732,,0.0,1134.0,,5713.0028571428575,0.9028,0.9792,4.5188,616.697
Kepler-1564 b,Kepler-1564,1.0,Transit,2016.0,Kepler,18.0539870143875,0.132625,1.452,,0.0,626.0,,5507.777777777777,0.9169999999999999,0.9492499999999999,4.501115,908.805
Kepler-1565 b,Kepler-1565,1.0,Transit,2016.0,Kepler,1.5381865902857144,0.024025,1.2096666666666667,,0.0,1238.5,,5030.0,0.7280937142857143,0.7815,4.607625714285715,629.93
Kepler-1566 b,Kepler-1566,1.0,Transit,2016.0,Kepler,0.5399152420125,0.011896,0.7324285714285714,,0.0,1763.0,,5134.222222222223,0.7736072,0.8116666666666666,4.595508571428572,466.586
Kepler-1567 b,Kepler-1567,1.0,Transit,2016.0,Kepler,153.981248413875,0.552,2.6255,,0.0,330.0,,5736.888888888889,0.9084,0.9452,4.49478125,1206.11
Kepler-1568 b,Kepler-1568,1.0,Transit,2016.0,Kepler,20.925414316688887,0.150234,1.3402857142857143,,0.0,729.75,,5879.8,1.2138571428571427,1.0750000000000002,4.28336875,916.3129999999999
Kepler-1569 b,Kepler-1569,1.0,Transit,2016.0,Kepler,5.791800925714285,0.064818,1.455,,0.0,1148.5,,6185.4925,1.312524,1.1128571428571428,4.314183333333333,945.454
Kepler-157 b,Kepler-157,1.0,Transit,2014.0,Kepler,1.7323423238300002,0.028108571428571427,1.3251111111111111,,0.0,1518.8,,5852.41090909091,1.0484,1.0215714285714286,4.4358844444444445,773.7129999999999
Kepler-157 c,Kepler-157,1.0,Transit,2014.0,Kepler,13.540546846245455,0.11082142857142858,2.323888888888889,,0.0,764.2,,5841.981666666667,1.0484,1.021375,4.426494,773.7130000000001
Kepler-157 d,Kepler-157,1.0,Transit,2016.0,Kepler,7.0257396241666665,0.0716,1.46,,0.0,951.8,,5860.252,1.0495,1.0215714285714286,4.441745,773.713
Kepler-1570 b,Kepler-1570,1.0,Transit,2016.0,Kepler,26.54880121067778,0.176118,2.224142857142857,,0.0,836.0,,5486.6,1.82436,1.02325,3.94945625,918.9950000000001
Kepler-1571 b,Kepler-1571,1.0,Transit,2016.0,Kepler,3.3855609152125,0.043134,1.5281428571428572,,0.0,1476.0,,5737.431111111111,1.3501066666666668,0.98375,4.126825714285714,675.303
Kepler-1572 b,Kepler-1572,1.0,Transit,2016.0,Kepler,5.4954768280375,0.060796,1.28,,0.0,1293.0,,5968.7155555555555,1.3702933333333334,1.01,4.198571428571428,946.602
Kepler-1573 b,Kepler-1573,1.0,Transit,2016.0,Kepler,2.615757984385714,0.0364,1.1733333333333333,,0.0,1378.25,,5965.125,0.9663999999999999,0.9492,4.3941228571428566,1455.36
Kepler-1574 b,Kepler-1574,1.0,Transit,2016.0,Kepler,6.942447231757143,0.0743,1.3175000000000001,,0.0,1003.0,,5982.625,1.0546666666666666,1.1176,4.401105714285714,1384.16
Kepler-1575 b,Kepler-1575,1.0,Transit,2016.0,Kepler,2.5531460181714283,0.0366,1.313,,0.0,1312.0,,5867.125,0.9196666666666666,0.9868,4.499805714285714,1246.92
Kepler-1576 b,Kepler-1576,1.0,Transit,2016.0,Kepler,6.98471895415,0.07256199999999999,1.0611428571428572,,0.0,1061.25,,5781.446666666667,0.9946333333333334,1.0426666666666666,4.35088,460.9100000000001
Kepler-1577 b,Kepler-1577,1.0,Transit,2016.0,Kepler,6.3055971465428575,0.0657,2.097,,0.0,1125.0,,4865.75,1.323494,0.9176,4.204782857142857,510.029
Kepler-1578 b,Kepler-1578,1.0,Transit,2016.0,Kepler,1.4508886311857143,0.0252,1.1691666666666667,,0.0,1699.25,,5864.625,0.9517864999999999,0.9862857142857143,4.46952,1064.05
Kepler-1579 b,Kepler-1579,1.0,Transit,2016.0,Kepler,0.8499077698857143,0.014,0.6399999999999999,,0.0,1136.75,,4352.4,0.5434,0.553,4.7142,
Kepler-158 b,Kepler-158,1.0,Transit,2014.0,Kepler,16.709215583454547,0.11110714285714285,2.350111111111111,,0.0,497.2,,4623.454545454545,0.6530775,0.6551666666666667,4.638299000000001,315.177
Kepler-158 c,Kepler-158,1.0,Transit,2014.0,Kepler,28.551529011436365,0.1587414285714286,1.9031111111111112,,0.0,415.6,,4623.454545454545,0.6530775,0.6551666666666667,4.638299000000001,315.177
Kepler-158 d,Kepler-158,1.0,Transit,2024.0,Kepler,0.645088,,0.43,,,,K,4895.97,0.668,0.656,,315.177
Kepler-1580 b,Kepler-1580,1.0,Transit,2016.0,Kepler,56.64552608682222,0.304242,1.8782857142857143,,0.0,595.75,,6176.1,2.437954285714286,1.2698,3.9579174999999998,1002.0200000000001
Kepler-1581 b,Kepler-1581,1.0,Transit,2016.0,Kepler,6.2838410447625,0.06813,0.7792857142857142,,0.0,1114.75,,5970.155555555556,1.2680000000000002,1.0887142857142857,4.254148571428571,493.17499999999995
Kepler-1582 b,Kepler-1582,1.0,Transit,2016.0,Kepler,4.8381495947857145,0.029275000000000002,0.9075000000000001,,0.0,329.25,,3143.125,0.20260325,0.17484428571428573,5.081642857142858,78.8906
Kepler-1583 b,Kepler-1583,1.0,Transit,2016.0,Kepler,9.3280965281125,0.085574,0.6148571428571429,,0.0,815.75,,5620.895555555555,0.9308,0.9724285714285713,4.47482,403.933
Kepler-1584 b,Kepler-1584,1.0,Transit,2016.0,Kepler,13.399682763942858,0.118225,1.584666666666667,,0.0,888.25,,6275.125,1.1666666666666667,1.1307500000000001,4.366568571428571,1416.31
Kepler-1585 b,Kepler-1585,1.0,Transit,2016.0,Kepler,3.582744026571429,0.0445,1.6433333333333333,,0.0,1064.0,,5393.0,0.8433922857142857,0.9176,4.546602857142857,944.465
Kepler-1586 b,Kepler-1586,1.0,Transit,2016.0,Kepler,15.604887764925,0.12773600000000002,1.5794285714285714,,0.0,1085.0,,6256.737777777777,1.43825,1.2192857142857143,4.093311428571428,552.55
Kepler-1587 b,Kepler-1587,1.0,Transit,2016.0,Kepler,9.406076559675,0.087734,1.3024285714285715,,0.0,981.0,,5863.666666666667,1.2766666666666666,1.032,4.235517142857143,1026.48
Kepler-1588 b,Kepler-1588,1.0,Transit,2016.0,Kepler,7.8493171182,0.072918,0.885,,0.0,925.0,,5693.624444444445,1.0595,0.8591666666666665,4.298462857142857,924.1410000000001
Kepler-1589 b,Kepler-1589,1.0,Transit,2016.0,Kepler,0.991663398,0.02035,1.0516666666666667,,0.0,1964.75,,6093.714285714285,1.2723333333333333,1.144,4.370538333333333,1513.14
Kepler-159 b,Kepler-159,1.0,Transit,2014.0,Kepler,10.139613303375,0.07640375,2.0810000000000004,,0.0,463.3333333333333,M0 V,4304.692307692308,0.64475,0.6843999999999999,4.676772,373.744
Kepler-159 c,Kepler-159,1.0,Transit,2014.0,Kepler,43.59198197,0.2019875,2.8806000000000003,,0.0,285.0,M0 V,4290.333333333333,0.64475,0.5914444444444444,4.68572,373.74399999999997
Kepler-1590 b,Kepler-1590,1.0,Transit,2016.0,Kepler,7.617606067600001,0.075992,1.0578571428571428,,0.0,1019.25,,6032.777777777777,1.0717142857142858,1.0757142857142858,4.419205714285714,771.152
Kepler-1591 b,Kepler-1591,1.0,Transit,2016.0,Kepler,8.18504919,0.0794,1.1078333333333334,,0.0,892.0,,6003.428571428572,0.9568,1.0144,4.426096666666667,1419.58
Kepler-1592 b,Kepler-1592,1.0,Transit,2016.0,Kepler,3.057094836214286,0.04,1.2545,,0.0,1207.25,,6064.875,0.9172,0.9688000000000001,4.388502857142858,1639.47
Kepler-1593 b,Kepler-1593,1.0,Transit,2016.0,Kepler,174.5100556623,0.50604,2.3635,,0.0,201.4,,4582.727272727273,0.7077174285714286,0.7403333333333334,4.692183333333333,638.249
Kepler-1594 b,Kepler-1594,1.0,Transit,2016.0,Kepler,2.7160367613571426,0.039225,1.0315,,0.0,1381.0,,6031.75,1.013234857142857,1.067,4.458025714285714,976.868
Kepler-1595 b,Kepler-1595,1.0,Transit,2016.0,Kepler,4.5638057455857135,0.051,1.2361666666666666,,0.0,980.0,,5317.0,0.8426982857142856,0.8464,4.518317142857144,845.022
Kepler-1596 b,Kepler-1596,1.0,Transit,2016.0,Kepler,66.371946349425,0.322425,2.2213333333333334,,0.0,471.0,,5938.444444444444,0.9648,0.9997142857142858,4.28746,2146.23
Kepler-1597 b,Kepler-1597,1.0,Transit,2016.0,Kepler,2.9465263837375,0.042432000000000004,0.971857142857143,,0.0,1498.5,,6385.333333333333,1.36425,1.2058,4.329834285714286,1221.05
Kepler-1598 b,Kepler-1598,1.0,Transit,2016.0,Kepler,4.3419553161125,0.052573999999999996,0.9108571428571428,,0.0,1236.75,,5965.024444444444,1.0507365714285715,1.0397142857142858,4.4138,619.862
Kepler-1599 b,Kepler-1599,1.0,Transit,2016.0,Kepler,122.359789579625,0.482525,1.9456666666666667,,0.0,407.75,,5887.222222222223,1.1401666666666666,0.9975999999999999,4.29021625,1328.2
Kepler-16 b,Kepler-16,2.0,Transit,2011.0,Kepler,227.388,0.6963999999999999,8.4493,102.65664569500001,0.10844999999999999,,,4450.0,0.6489,0.67235,4.6527,75.0852
Kepler-160 b,Kepler-160,1.0,Transit,2014.0,Kepler,4.309315585683334,0.05112625,1.8137,,0.0,1091.8,,5699.923076923077,1.0481788888888888,0.977,4.444805000000001,937.013
Kepler-160 c,Kepler-160,1.0,Transit,2014.0,Kepler,13.699366286363636,0.11061,3.5077,,0.0,742.6,,5707.5,1.0375342857142857,0.9743999999999999,4.453633333333333,937.013
Kepler-160 d,Kepler-160,1.0,Transit Timing Variations,2020.0,Kepler,30.0,0.17,,100.0,,,,5471.0,1.118,,,937.013
Kepler-1600 b,Kepler-1600,1.0,Transit,2016.0,Kepler,386.37053599999996,0.9953525,3.0893333333333337,,0.0,210.33333333333334,,5174.428571428572,0.8304999999999999,0.8546666666666667,4.539534,1030.81
Kepler-1600 c,Kepler-1600,1.0,Transit,2021.0,Kepler,7.298131018142857,0.070842,1.7553441866666668,,0.0,792.0,,5191.285714285715,0.8296666666666667,0.8406666666666666,4.537778333333333,1030.81
Kepler-1601 b,Kepler-1601,1.0,Transit,2016.0,Kepler,2.2092222403125,0.033442,0.8541428571428572,,0.0,1507.0,,5908.555555555556,1.0710000000000002,1.0336,4.394417142857143,644.456
Kepler-1602 b,Kepler-1602,1.0,Transit,2016.0,Kepler,11.1793246023,0.10144800000000001,1.1620000000000001,,0.0,952.0,,6196.98,1.1047799999999999,1.1368333333333334,4.3496428571428565,629.804
Kepler-1603 b,Kepler-1603,1.0,Transit,2016.0,Kepler,2.271643383942857,0.0348,1.2156666666666667,,0.0,1552.75,,6196.875,1.1380000000000001,1.1084285714285715,4.219488571428571,2712.58
Kepler-1604 b,Kepler-1604,1.0,Transit,2016.0,Kepler,0.5860150448571428,0.013112000000000002,1.4805714285714284,,0.0,1714.75,,4955.375,0.7516666666666666,0.8072000000000001,4.586406666666666,541.189
Kepler-1605 b,Kepler-1605,1.0,Transit,2016.0,Kepler,85.75658966673333,0.421734,3.5761428571428566,,0.0,669.0,,5218.357,1.9326714285714286,1.3834,3.7384,546.23
Kepler-1606 b,Kepler-1606,1.0,Transit,2016.0,Kepler,196.4363437138889,0.63984,2.084,,0.0,288.8,,5461.4,0.826222375,0.915,4.543631111111111,831.287
Kepler-1607 b,Kepler-1607,1.0,Transit,2016.0,Kepler,13.647297171428573,0.10995599999999998,1.2852857142857144,,0.0,913.0,,5883.84875,1.3476,0.9616666666666666,4.0915333333333335,1286.1
Kepler-1608 b,Kepler-1608,1.0,Transit,2016.0,Kepler,16.473568526542856,0.1126,1.752,,0.0,612.0,,5289.6,0.7472,0.7116,4.5451999999999995,
Kepler-1609 b,Kepler-1609,1.0,Transit,2016.0,Kepler,114.339663606125,0.486875,2.1854999999999998,,0.0,428.25,,5998.333333333333,1.4189999999999998,1.0825,4.201725,1826.04
Kepler-161 b,Kepler-161,1.0,Transit,2014.0,Kepler,4.921330856992857,0.053047142857142855,2.0657,6.976870000000001,0.0,839.0,,5065.666666666667,0.7698384615384615,0.822375,4.579045,434.632
Kepler-161 c,Kepler-161,1.0,Transit,2014.0,Kepler,7.064236001307692,0.06738142857142856,2.0505,7.0200000000000005,0.0,744.0,,5072.363636363636,0.7567777777777778,0.8217142857142857,4.582255555555555,434.632
Kepler-1610 b,Kepler-1610,1.0,Transit,2016.0,Kepler,8.701810636828572,0.0777,1.4191666666666667,,0.0,749.25,,5258.855,0.7907494285714286,0.8471428571428571,4.571088571428571,864.331
Kepler-1610 c,Kepler-1610,1.0,Transit,2023.0,Kepler,44.98521906857143,0.2323,2.047200018,,0.0,433.0,,5241.262857142857,0.8,0.825,4.575088571428572,864.331
Kepler-1611 b,Kepler-1611,1.0,Transit,2016.0,Kepler,5.176231440385714,0.055225,0.8200000000000001,,0.0,976.0,,5543.2,0.7725,0.8245,4.487,908.4440000000001
Kepler-1612 b,Kepler-1612,1.0,Transit,2016.0,Kepler,3.917949439985714,0.04715,0.9249999999999999,,0.0,1021.75,,5527.125,0.8948931999999999,0.96,4.537705714285714,764.726
Kepler-1613 b,Kepler-1613,1.0,Transit,2016.0,Kepler,1.5184529653111112,0.026629999999999997,2.484428571428571,,0.0,1926.75,,6132.9,1.5424255555555557,1.08275,4.14461,1508.33
Kepler-1614 b,Kepler-1614,1.0,Transit,2016.0,Kepler,3.9466175182285714,0.0471,1.524,,0.0,981.0,,5277.5,0.8145000000000001,0.8711428571428571,4.535108571428571,1191.19
Kepler-1615 b,Kepler-1615,1.0,Transit,2016.0,Kepler,47.31265763142857,0.26432500000000003,2.4501666666666666,,0.0,556.75,,5851.125,1.46634,1.0275,4.260768571428572,1393.83
Kepler-1616 b,Kepler-1616,1.0,Transit,2016.0,Kepler,6.762825881625,0.074256,1.0781428571428573,,0.0,1187.75,,6345.375555555555,1.5773333333333335,1.1868333333333334,4.219385714285714,1137.81
Kepler-1617 b,Kepler-1617,1.0,Transit,2016.0,Kepler,27.478767414625,0.18159399999999998,1.2175714285714285,,0.0,700.75,,6031.253333333333,1.3465960000000001,1.0917142857142859,4.261585714285714,898.31
Kepler-1618 b,Kepler-1618,1.0,Transit,2016.0,Kepler,6.1082696091125,0.070878,1.176,,0.0,1300.0,,6573.213333333333,1.532,1.2938749999999999,4.1872799999999994,1229.25
Kepler-1619 b,Kepler-1619,1.0,Transit,2016.0,Kepler,23.622470746275,0.158866,0.9002857142857142,,0.0,708.5,,5906.168888888889,1.31925,0.9935714285714285,4.294997142857143,734.85
Kepler-162 b,Kepler-162,1.0,Transit,2014.0,Kepler,6.9198433156700005,0.06904857142857143,1.4,,0.0,961.2,,5839.0,1.005,1.0165,4.384833333333334,855.641
Kepler-162 c,Kepler-162,1.0,Transit,2014.0,Kepler,19.446379505245456,0.1374342857142857,3.4894444444444446,,0.0,681.2,,5831.0,1.056,1.0192,4.375025,855.641
Kepler-1620 b,Kepler-1620,1.0,Transit,2016.0,Kepler,101.951646589,0.4322,1.4,,0.0,428.0,,6199.4,1.0892,1.0524,4.3876,895.069
Kepler-1621 b,Kepler-1621,1.0,Transit,2016.0,Kepler,92.2639417997125,0.42505,2.1193333333333335,,0.0,460.0,,6269.222222222223,1.3143333333333331,1.19725,4.3140175,1631.66
Kepler-1622 b,Kepler-1622,1.0,Transit,2016.0,Kepler,10.81186131055,0.100512,1.2579999999999998,,0.0,965.5,,6315.442222222222,1.275628888888889,1.2068571428571429,4.315748571428571,796.477
Kepler-1623 b,Kepler-1623,1.0,Transit,2016.0,Kepler,4.3612789117,0.052925,1.2715,,0.0,1067.5,,5677.125,0.9326788571428571,0.9866666666666667,4.50784,837.481
Kepler-1624 b,Kepler-1624,1.0,Transit,2016.0,Kepler,3.2903062971285713,0.02676666666666667,4.3356,,0.0,446.0,,3467.875,0.5278211666666667,0.5223366,4.833592857142857,258.979
Kepler-1625 b,Kepler-1625,1.0,Transit,2016.0,Kepler,287.37825385714285,0.843605,8.573500000000001,,0.0,285.3333333333333,,5564.125,1.67181,0.9466666666666667,4.20356,2310.11
Kepler-1626 b,Kepler-1626,1.0,Transit,2016.0,Kepler,4.139604341083333,0.0535,1.4638,,0.0,1343.3333333333333,,6620.285714285715,1.510672,1.388,4.282093333333333,1368.83
Kepler-1627 b,Kepler-1627,1.0,Transit,2016.0,Kepler,7.202823228333333,0.0643,3.3619999999999997,,0.0,794.0,,5452.202857142857,0.7500063333333333,0.7282500000000001,4.59612,317.437
Kepler-1628 b,Kepler-1628,1.0,Transit,2016.0,Kepler,76.37788483333334,0.29546666666666666,6.7975,,0.0,240.66666666666666,,3836.75,0.569,0.57875,4.69,
Kepler-1629 b,Kepler-1629,1.0,Transit,2016.0,Kepler,3.87594892902,0.0492,0.71975,,0.0,1119.0,,5745.833333333333,0.9085052000000001,1.01,4.51506,336.09
Kepler-163 b,Kepler-163,1.0,Transit,2014.0,Kepler,7.811022294311111,0.07653333333333333,1.11325,,0.0,872.6,,5613.9800000000005,0.9293175,0.9738571428571429,4.481768888888889,689.814
Kepler-163 c,Kepler-163,1.0,Transit,2014.0,Kepler,21.347354362780003,0.14955,2.446875,,0.0,624.4,,5595.518181818182,0.9339233333333333,0.952,4.477288,689.814
Kepler-1630 b,Kepler-1630,1.0,Transit,2016.0,Kepler,509.997402,1.1218,2.4766666666666666,,0.0,182.0,,4874.75,0.71548375,0.7026666666666667,4.584345,331.213
Kepler-1631 b,Kepler-1631,1.0,Transit,2016.0,Kepler,4.0951390960000005,0.0511,1.5554000000000001,,0.0,1122.0,,5779.166666666667,0.9772000000000001,1.0345,4.461912,1305.99
Kepler-1632 b,Kepler-1632,1.0,Transit,2016.0,Kepler,358.64250400000003,0.9484666666666667,2.2058,,0.0,277.6666666666667,,6066.611666666667,1.238,0.9065,4.33791,716.7599999999999
Kepler-1633 b,Kepler-1633,1.0,Transit,2016.0,Kepler,150.8992314447143,0.5563,2.6062000000000003,,0.0,532.3333333333334,,6153.52,1.515432857142857,1.1260000000000001,4.084582857142857,1114.91
Kepler-1634 b,Kepler-1634,1.0,Transit,2016.0,Kepler,374.8769966,1.0525,3.9736,,0.0,282.0,,5548.0233333333335,1.1672748,1.05725,4.332608,617.339
Kepler-1635 b,Kepler-1635,1.0,Transit,2016.0,Kepler,469.6251033333333,1.11706,3.443,,0.0,201.33333333333334,,5354.0,0.8516666666666666,0.8666666666666667,4.554996,1069.45
Kepler-1636 b,Kepler-1636,1.0,Transit,2016.0,Kepler,425.47974633333337,1.1464275000000002,3.471333333333334,,0.0,248.0,,5828.501428571429,1.065,1.0896000000000001,4.39989,1947.5399999999997
Kepler-1637 b,Kepler-1637,1.0,Transit,2016.0,Kepler,6.109649192233333,0.05960000000000001,0.84,,0.0,1093.0,,5965.25,1.01175,0.8220000000000001,4.33925,567.187
Kepler-1638 b,Kepler-1638,1.0,Transit,2016.0,Kepler,259.338307813625,0.78415,2.6893333333333334,,0.0,328.75,,5737.888888888889,1.2583825,0.9175714285714286,4.2060975,1525.52
Kepler-1639 b,Kepler-1639,1.0,Transit,2016.0,Kepler,9.878718666385714,0.09333333333333334,2.5106,,0.0,1003.0,,6327.75,1.1022742857142858,1.1133333333333335,4.411307142857143,1031.31
Kepler-164 b,Kepler-164,1.0,Transit,2014.0,Kepler,5.03505339701,0.058571428571428566,1.4663333333333333,,0.0,1206.6,,6116.363636363636,1.116625,1.0708,4.388144444444444,890.7579999999999
Kepler-164 c,Kepler-164,1.0,Transit,2014.0,Kepler,10.945763410336363,0.09833714285714286,2.663111111111111,,0.0,931.0,,6114.583333333333,1.1032,1.0967500000000001,4.3969949999999995,890.7580000000002
Kepler-164 d,Kepler-164,1.0,Transit,2014.0,Kepler,28.986827966736367,0.18852142857142856,2.474111111111111,,0.0,673.0,,6114.583333333333,1.1032,1.0967500000000001,4.3969949999999995,890.7580000000002
Kepler-164 e,Kepler-164,1.0,Transit,2023.0,Kepler,94.88687450888888,0.41604,3.72999998,,0.0,453.0,,6145.444444444444,1.098,1.046,4.3917874999999995,890.758
Kepler-1640 b,Kepler-1640,1.0,Transit,2016.0,Kepler,7.584442834733333,0.08346666666666668,5.407500000000001,,0.0,1224.0,,6280.0,1.5852499999999998,1.328,4.1617500000000005,1859.78
Kepler-1641 b,Kepler-1641,1.0,Transit,2016.0,Kepler,19.672186400566666,0.1473,3.5864,,0.0,908.0,,6315.428571428572,1.127,1.1035000000000001,4.27268,860.37
Kepler-1641 c,Kepler-1641,1.0,Transit,2016.0,Kepler,32.65666569165,0.2065,3.3826,,0.0,767.0,,6315.428571428572,1.127,1.1035000000000001,4.27268,860.37
Kepler-1642 b,Kepler-1642,1.0,Transit,2016.0,Kepler,12.206015888016665,0.10159999999999998,4.608,,0.0,895.0,,5223.142857142857,0.8067885,0.9227500000000001,4.30094,413.873
Kepler-1642 c,Kepler-1642,1.0,Transit,2016.0,Kepler,6.6513034906,0.0678,3.9348,,0.0,1095.0,,5223.142857142857,0.8067885,0.9227500000000001,4.30094,413.873
Kepler-1643 b,Kepler-1643,1.0,Transit,2016.0,Kepler,5.342640016385714,0.0531,1.9729999999999999,,0.0,797.0,,5062.625,0.8260915,0.7526666666666667,4.56042,341.774
Kepler-1644 b,Kepler-1644,1.0,Transit,2016.0,Kepler,21.09078184,0.142,1.8399999999999999,,0.0,606.6666666666666,,5674.428,0.83,0.86475,4.54,629.27
Kepler-1645 b,Kepler-1645,1.0,Transit,2016.0,Kepler,16.178026676683334,0.1285,2.1672000000000002,,0.0,754.0,,5840.714285714285,1.1328,1.06425,4.30437,1202.47
Kepler-1646 b,Kepler-1646,1.0,Transit,2016.0,Kepler,4.486319153883334,0.029699999999999997,1.3612,,0.0,366.5,,3295.1666666666665,0.345157,0.24,4.978408,127.591
Kepler-1647 b,Kepler-1647,2.0,Transit,2016.0,Kepler,1107.5923,2.7205,11.8739,483.0,0.0581,,,6210.0,1.7903,1.2207,4.018,1212.45
Kepler-1649 b,Kepler-1649,1.0,Transit,2017.0,Kepler,8.6890896925,0.04493333333333333,1.2710000000000001,,0.0,278.0,,3056.125,0.16954714285714287,0.14306171428571426,5.08487125,92.1913
Kepler-1649 c,Kepler-1649,1.0,Transit,2020.0,Kepler,19.535260066666666,0.0649,0.795,,0.0,197.5,,3070.6666666666665,0.23141499999999998,0.199216,5.09699,92.1913
Kepler-165 b,Kepler-165,1.0,Transit,2014.0,Kepler,8.180874108554546,0.07247142857142856,2.332888888888889,,0.0,742.6,,5160.416666666667,0.756375,0.7786666666666667,4.58565,560.885
Kepler-165 c,Kepler-165,1.0,Transit,2014.0,Kepler,15.31297070789091,0.11034285714285715,2.277,,0.0,601.8,,5160.416666666667,0.756375,0.7786666666666667,4.58565,560.885
Kepler-1650 b,Kepler-1650,1.0,Transit,2017.0,Kepler,1.538380989111111,0.01732,1.02,,0.0016666666666666668,624.4,,3394.777777777778,0.31068325,0.2881031428571429,4.919208571428571,134.397
Kepler-1651 b,Kepler-1651,2.0,Transit,2017.0,Kepler,9.88229961,0.06177999999999999,1.6450000000000002,,0.021666666666666667,354.4,,3565.1814285714286,0.3889365,0.3886,4.908543333333333,66.4074
Kepler-1652 b,Kepler-1652,1.0,Transit,2017.0,Kepler,38.097247065,0.16381666666666664,1.3216666666666668,,0.0,247.5,,3587.1666666666665,0.366,0.3814,4.868333333333333,
Kepler-1653 b,Kepler-1653,1.0,Transit,2017.0,Kepler,140.2520450142857,0.4699,1.9463333333333335,,0.0,265.2,,4791.333333333333,0.7138,0.6905,4.581,
Kepler-1654 b,Kepler-1654,1.0,Transit,2018.0,Kepler,1047.8356,2.026,9.180171,158.915,0.26,206.0,G5 V,5597.0,1.179,1.011,4.3001,568.117
Kepler-1655 b,Kepler-1655,1.0,Transit,2018.0,Kepler,11.8728994956,0.10219625,2.1415555555555557,5.2,0.03166666666666667,880.5,G0 V,6082.805454545454,1.048726,1.0283333333333333,4.3937800000000005,213.25999999999996
Kepler-1656 b,Kepler-1656,1.0,Transit,2018.0,Kepler,31.576993104400003,0.19722875,4.643428571428571,48.2,0.23914285714285713,581.8333333333334,,5711.777777777777,1.038912,1.0318571428571428,4.4250625,185.875
Kepler-1656 c,Kepler-1656,1.0,Radial Velocity,2022.0,W. M. Keck Observatory,1919.0,3.053,,126.4,0.527,,,,1.1,1.03,,185.875
Kepler-166 b,Kepler-166,1.0,Transit,2014.0,Kepler,7.6502447448454545,0.07149857142857143,2.4245555555555556,,0.0,778.8,,5323.583333333333,0.7697478,0.8646666666666666,4.595172,603.53
Kepler-166 c,Kepler-166,1.0,Transit,2014.0,Kepler,34.25969001292727,0.19409,2.5272222222222225,,0.0,472.4,,5323.583333333333,0.7697478,0.8646666666666666,4.595172,603.53
Kepler-166 d,Kepler-166,1.0,Transit,2016.0,Kepler,1.5540028399099999,0.02464833333333333,1.628625,,0.0,1325.4,,5315.454545454545,0.7785478,0.8646666666666666,4.592524444444444,603.53
Kepler-1660 AB b,Kepler-1660 A,2.0,Eclipse Timing Variations,2023.0,Kepler,238.597085,0.8,,2015.83279887,0.057855000000000004,,F7 V,,1.491,1.1733,,1188.54
Kepler-1661 b,Kepler-1661,2.0,Transit,2020.0,Kepler,175.06,0.633,3.87,17.0,0.057,243.0,K,5100.0,0.762,0.841,4.66,410.607
Kepler-1663 b,Kepler-1663,1.0,Transit,2020.0,Kepler,17.60458541,0.10758000000000001,2.8323264933333334,,0.0,368.2,,3801.25,0.6004425,0.590362,4.690465,337.926
Kepler-1664 b,Kepler-1664,1.0,Transit,2020.0,Kepler,14.3868107875,0.11668,2.7205344216666667,,0.0,797.4,,5810.80375,1.1275,1.081,4.357,626.691
Kepler-1665 b,Kepler-1665,1.0,Transit,2020.0,Kepler,11.954759060444445,0.09466666666666666,2.7937296957142856,,0.0,702.4,,5072.057777777778,0.781419375,0.7923749999999999,4.4781225,335.515
Kepler-1666 b,Kepler-1666,1.0,Transit,2020.0,Kepler,25.84750229375,0.17668,2.590456303333333,,0.0,673.6,,6298.0,1.0566433333333334,1.1176666666666668,4.43264125,1379.37
Kepler-1666 c,Kepler-1666,1.0,Transit,2020.0,Kepler,40.715724445,0.23904,2.9742745816666667,,0.0,579.4,,6298.0,1.0566433333333334,1.1176666666666668,4.43264125,1379.37
Kepler-1667 b,Kepler-1667,1.0,Transit,2020.0,Kepler,83.57821184555556,0.38844166666666663,4.003407515714286,,0.0,546.0,,6055.846666666667,1.23881625,1.096,4.21886125,626.819
Kepler-1668 b,Kepler-1668,1.0,Transit,2020.0,Kepler,15.4340017375,0.1236,4.259607341666666,,0.0,703.6,,5733.875,0.9794485714285714,1.0433333333333332,4.49112375,1335.64
Kepler-1669 b,Kepler-1669,1.0,Transit,2020.0,Kepler,9.51218494125,0.07344,2.30007303,,0.0,506.8,,4195.75,0.5921908333333333,0.5956666666666667,4.64158875,543.444
Kepler-1669 c,Kepler-1669,1.0,Transit,2021.0,Kepler,1.6093192667142857,0.02234,1.7235349533333333,,0.0,919.0,,4169.142857142857,0.5736666666666667,0.5855,4.668795714285714,543.444
Kepler-1669 d,Kepler-1669,1.0,Transit,2023.0,Kepler,4.729413769428571,0.04598,1.3500000033333333,,0.0,640.2,,4169.142857142857,0.5736666666666667,0.5855,4.668795714285714,543.444
Kepler-167 b,Kepler-167,2.0,Transit,2014.0,Kepler,4.39315628313077,0.048024444444444446,1.5954545454545455,,0.0,881.7142857142857,K4,4879.714999999999,0.7458661249999999,0.777,4.575891666666666,341.908
Kepler-167 c,Kepler-167,2.0,Transit,2014.0,Kepler,7.406107490930769,0.06797,1.5874545454545455,,0.0,741.0,K4,4879.714999999999,0.7458661249999999,0.777,4.575891666666666,341.908
Kepler-167 d,Kepler-167,2.0,Transit,2016.0,Kepler,21.803863108008333,0.13974625,1.2776999999999998,,0.017142857142857144,516.7142857142857,K4,4886.154615384616,0.7458661249999999,0.777,4.571063636363636,341.908
Kepler-167 e,Kepler-167,2.0,Transit,2016.0,Kepler,990.0953846444445,1.7337957142857143,10.16175,321.00669107,0.058666666666666666,146.38333333333333,K4,4882.7339999999995,0.744881,0.776875,4.573475,341.908
Kepler-1670 b,Kepler-1670,1.0,Transit,2020.0,Kepler,20.4998047625,0.15156,2.7427466833333334,,0.0,730.0,,6088.125,1.1421483333333333,1.077,4.301575,2065.98
Kepler-1671 b,Kepler-1671,1.0,Transit,2020.0,Kepler,4.167881958444444,0.04746,1.1257962585714287,,0.0,981.4,,5239.738888888889,0.8479672857142857,0.8485,4.47706125,357.059
Kepler-1672 b,Kepler-1672,1.0,Transit,2020.0,Kepler,150.87840328555555,0.55594,3.2883182314285717,,0.0,416.2,,6087.538888888888,1.17465375,1.09825,4.2732275,391.181
Kepler-1673 b,Kepler-1673,1.0,Transit,2020.0,Kepler,33.78880719666667,0.21192166666666667,2.6832170571428575,,0.0,604.0,,6108.427777777778,1.06761,1.1065,4.422235000000001,727.187
Kepler-1674 b,Kepler-1674,1.0,Transit,2020.0,Kepler,62.56158215875,0.30122,3.389295816666667,,0.0,417.8,,5598.0912499999995,0.8480546,0.9456666666666665,4.54965125,1012.48
Kepler-1675 b,Kepler-1675,1.0,Transit,2020.0,Kepler,63.03812460555556,0.31882499999999997,2.7704047842857142,,0.0,481.8,,5941.3966666666665,1.1042785714285714,1.0745,4.4024725,651.117
Kepler-1676 b,Kepler-1676,1.0,Transit,2020.0,Kepler,29.922075305714287,0.19354,2.3678266,,0.0,645.8,,6052.085714285714,1.0148866666666667,1.07,4.3915999999999995,
Kepler-1677 b,Kepler-1677,1.0,Transit,2020.0,Kepler,22.064042903333334,0.16191666666666665,2.369308832857143,,0.0,714.2,,6119.573333333334,1.152765,1.1246,4.3715725,735.369
Kepler-1678 b,Kepler-1678,1.0,Transit,2020.0,Kepler,147.9732779925,0.54166,3.404037081666667,,0.0,337.4,,5862.25,0.8549880000000001,0.9954999999999999,4.54796,847.339
Kepler-1679 b,Kepler-1679,1.0,Transit,2020.0,Kepler,9.7537314075,0.08896,2.1132006000000003,,0.0,809.8,,5687.125,0.8879411428571429,0.9855,4.534545,909.28
Kepler-168 b,Kepler-168,1.0,Transit,2014.0,Kepler,4.4253603671888895,0.054766666666666665,1.6555,,0.0,1239.4,,6160.4,1.1374,1.1057142857142856,4.32562888888889,1343.6
Kepler-168 c,Kepler-168,1.0,Transit,2014.0,Kepler,13.193208273249999,0.1133,2.981625,,0.0,862.0,,6148.636363636364,1.2488299999999999,1.1075,4.3133490000000005,1343.6
Kepler-1680 b,Kepler-1680,1.0,Transit,2020.0,Kepler,8.77422923,0.07850333333333333,1.6117924799999999,,0.0,831.4,,5080.0,0.812097125,0.8328571428571429,4.44399375,310.315
Kepler-1681 b,Kepler-1681,1.0,Transit,2020.0,Kepler,69.89551895,0.3073,2.2022029533333334,,0.0,400.2,,5596.275,0.77925,0.7239999999999999,4.493399999999999,758.3
Kepler-1682 b,Kepler-1682,1.0,Transit,2020.0,Kepler,14.833236265,0.11499999999999999,3.1232347266666665,,0.0,721.2,,5689.92,0.9187168333333333,0.9396000000000001,4.50591375,1159.85
Kepler-1683 b,Kepler-1683,1.0,Transit,2020.0,Kepler,15.03362408,0.11534,1.8891296033333334,,0.0,706.0,,5478.25,0.9077452500000001,0.9295,4.4512462500000005,733.143
Kepler-1684 b,Kepler-1684,1.0,Transit,2020.0,Kepler,47.705711300000004,0.2254,3.263474653333333,,0.0,341.4,,4560.7025,0.6671807142857143,0.687,4.6272,621.996
Kepler-1685 b,Kepler-1685,1.0,Transit,2020.0,Kepler,20.49040066,0.1482,2.721123308333333,,0.0,615.8,,5580.75,0.8962418333333334,1.0203333333333333,4.5519375,1141.89
Kepler-1686 b,Kepler-1686,1.0,Transit,2020.0,Kepler,9.309856215,0.08727833333333333,1.18350431,,0.0,910.0,,5829.615,1.1189183333333335,1.004,4.35276,729.823
Kepler-1687 b,Kepler-1687,1.0,Transit,2020.0,Kepler,5.77961654,0.05256000000000001,1.38089126,,0.0,587.8,,4099.142857142857,0.5866865,0.588,4.654277142857143,417.014
Kepler-1688 b,Kepler-1688,1.0,Transit,2020.0,Kepler,5.62006628875,0.05902,2.100290948333333,,0.0,1012.8,,4781.54125,1.8259999999999998,0.9152499999999999,4.1792,
Kepler-1689 b,Kepler-1689,1.0,Transit,2020.0,Kepler,8.482958309999999,0.07958333333333334,0.8531123457142857,,0.0,904.0,,5802.4825,0.991488,0.9422,4.433782857142857,294.122
Kepler-169 b,Kepler-169,1.0,Transit,2014.0,Kepler,3.2505913109,0.04062714285714286,1.4257777777777778,,0.0,1147.4,,5054.272727272727,0.8127585999999999,0.8335714285714285,4.445275555555556,406.52899999999994
Kepler-169 c,Kepler-169,1.0,Transit,2014.0,Kepler,6.195470065027272,0.06244714285714286,1.5485555555555555,,0.0,926.4,,5043.916666666667,0.8092617272727272,0.8278888888888889,4.457622,406.529
Kepler-169 d,Kepler-169,1.0,Transit,2014.0,Kepler,8.3481768213,0.07606714285714286,1.853777777777778,,0.0,838.6,,5043.916666666667,0.8092617272727272,0.8278888888888889,4.457622,406.529
Kepler-169 e,Kepler-169,1.0,Transit,2014.0,Kepler,13.767093225818183,0.1062242857142857,2.8122222222222226,,0.0,710.4,,5043.916666666667,0.8092617272727272,0.8278888888888889,4.457622,406.529
Kepler-169 f,Kepler-169,1.0,Transit,2014.0,Kepler,87.09069110525455,0.3635542857142857,3.334888888888889,,0.0,383.4,,5043.916666666667,0.8092617272727272,0.8278888888888889,4.457622,406.529
Kepler-1690 b,Kepler-1690,1.0,Transit,2020.0,Kepler,234.6354482775,0.71472,2.7001820383333333,,0.0,276.0,,5569.5,0.8521482857142857,0.8987999999999999,4.51781125,703.789
Kepler-1691 b,Kepler-1691,1.0,Transit,2020.0,Kepler,3.8482165257142857,0.05074000000000001,1.7357849749999998,,0.0,1310.4,,6191.142857142857,1.139008,1.12,4.389877142857143,1267.67
Kepler-1692 b,Kepler-1692,1.0,Transit,2020.0,Kepler,5.959606155714286,0.06368,1.0169619733333333,,0.0,886.4,,5342.714285714285,0.8887130000000001,0.9646666666666667,4.530688571428572,591.019
Kepler-1693 b,Kepler-1693,1.0,Transit,2020.0,Kepler,12.099951132857143,0.10132000000000001,1.189897355,,0.0,743.4,,5596.24,0.8607650000000001,0.9477142857142856,4.514288571428572,760.0649999999999
Kepler-1693 c,Kepler-1693,1.0,Transit,2021.0,Kepler,5.363736238142857,0.05896,0.9778304816666666,,0.0,975.4,,5613.477142857142,0.8973825,0.9464285714285714,4.485930000000001,760.0649999999999
Kepler-1694 b,Kepler-1694,1.0,Transit,2020.0,Kepler,3.895239912857143,0.04354,0.9749767183333332,,0.0,869.0,,4982.857142857143,0.678928,0.7986666666666666,4.623288571428572,513.329
Kepler-1695 b,Kepler-1695,1.0,Transit,2020.0,Kepler,4.732916824285715,0.05294,1.0432481683333334,,0.0,956.2,,5556.339999999999,0.8288591666666667,0.8946666666666667,4.5377342857142855,791.175
Kepler-1696 b,Kepler-1696,1.0,Transit,2020.0,Kepler,65.94110095714287,0.324475,2.437964034,,0.0,454.0,,5866.285714285715,1.007622,1.0416,4.405862857142857,1506.36
Kepler-1697 b,Kepler-1697,1.0,Transit,2020.0,Kepler,33.497378180000005,0.2008,2.123909522,,0.0,630.0,,4822.37,1.5048688000000001,0.9189999999999999,4.210187142857143,247.771
Kepler-1698 b,Kepler-1698,1.0,Transit,2020.0,Kepler,1.21069440625,0.020130000000000002,119.49919281,,0.0,1354.75,,5005.76125,0.744349,0.793,4.576352857142857,222.345
Kepler-1699 b,Kepler-1699,1.0,Transit,2020.0,Kepler,3.490793549428571,0.041725,1.423342248,,0.0,1012.25,,5537.37,0.72425,0.7957500000000001,4.6165,818.759
Kepler-17 b,Kepler-17,1.0,Transit,2011.0,Kepler,1.4857109571076923,0.025965555555555558,14.671069090909093,769.1374333333333,0.004428571428571428,1592.5714285714287,,5720.928571428572,1.013136,1.037909090909091,4.4439672727272725,720.753
Kepler-170 b,Kepler-170,1.0,Transit,2014.0,Kepler,7.93061729315,0.07993285714285714,3.043,82.6,0.0,886.8,,5599.333333333333,1.0211999999999999,1.07425,4.4390920000000005,738.657
Kepler-170 c,Kepler-170,1.0,Transit,2014.0,Kepler,16.665909738316667,0.13105428571428573,2.8226666666666667,,0.0,692.2,,5599.333333333333,1.0211999999999999,1.07425,4.4390920000000005,738.657
Kepler-1700 b,Kepler-1700,1.0,Transit,2020.0,Kepler,234.24247781875,0.784728,3.1025499016666664,,0.0,333.5,,6093.25,1.13035,1.12,4.385781428571429,717.597
Kepler-1701 b,Kepler-1701,1.0,Transit,2020.0,Kepler,169.13399138124998,0.56826,2.068310345,,0.0,276.75,,5250.25,0.7942028333333333,0.867,4.5564857142857145,584.142
Kepler-1702 b,Kepler-1702,1.0,Transit,2020.0,Kepler,18.501073116666667,0.12795,1.5803815860000001,,0.0,556.5,,5192.833333333333,0.7362473333333334,0.8342499999999999,4.621473333333333,857.14
Kepler-1704 b,Kepler-1704,1.0,Transit,2013.0,Kepler,924.0675984666667,1.916794,11.081954686,1322.16617312,0.23,239.45,,5757.003333333334,1.6085,1.12725,4.069164,835.455
Kepler-1705 b,Kepler-1705,1.0,Transit,2021.0,Kepler,9.023358550000001,0.08,1.39,4.47,0.011000000000000001,789.0,,6056.0,0.9316666666666666,0.9383333333333334,4.449155,1633.49
Kepler-1705 c,Kepler-1705,1.0,Transit,2021.0,Kepler,11.28,,2.05,5.42,0.028,,,6312.0,1.259,1.139,4.298,1633.49
Kepler-1708 b,Kepler-1708,1.0,Transit,2021.0,Kepler,737.1131,1.64,9.96,1462.0106722,0.4,,,6157.0,1.117,1.088,4.37,1666.69
Kepler-1709 b,Kepler-1709,1.0,Transit,2021.0,Kepler,65.70458013888889,0.32475666666666664,2.822178392857143,,0.0,460.6,,5905.202222222222,1.0485,1.042,4.4240224999999995,273.946
Kepler-171 b,Kepler-171,1.0,Transit,2014.0,Kepler,4.166961805645455,0.04955,2.5893333333333333,,0.0,1027.4,,5601.916666666667,0.9477581428571428,0.9396666666666668,4.493434,863.855
Kepler-171 c,Kepler-171,1.0,Transit,2014.0,Kepler,11.463474579390908,0.09704571428571429,2.847,,0.0,734.4,,5601.916666666667,0.9477581428571428,0.9396666666666668,4.493434,863.855
Kepler-171 d,Kepler-171,1.0,Transit,2014.0,Kepler,39.60131903110909,0.22174714285714286,2.019888888888889,,0.0,485.2,,5601.916666666667,0.9477581428571428,0.9396666666666668,4.493434,863.855
Kepler-1710 b,Kepler-1710,1.0,Transit,2021.0,Kepler,14.910942422,0.11608560379999999,2.69518012875,3.49494179,0.0,685.0,,5611.0,0.8984392,0.9402857142857143,4.5146175,305.193
Kepler-1711 b,Kepler-1711,1.0,Transit,2021.0,Kepler,21.060717902500002,0.14708000000000002,1.8938333333333333,,0.0,680.4,,5741.4400000000005,1.0596,0.9453999999999999,4.369666666666666,590.268
Kepler-1712 b,Kepler-1712,1.0,Transit,2021.0,Kepler,13.815595866666667,0.09032,2.0019607942857145,,0.0,391.8,,3788.375,0.49983333333333335,0.5153333333333333,4.730942499999999,156.264
Kepler-1713 b,Kepler-1713,1.0,Transit,2021.0,Kepler,18.011618858888887,0.14599166666666666,1.7135336214285712,,0.0,881.0,,6408.733333333334,1.4495500000000001,1.28725,4.2384075,295.293
Kepler-1714 b,Kepler-1714,1.0,Transit,2021.0,Kepler,10.275325091111112,0.105115,3.142910431428571,,0.0,1206.2,,6145.271111111111,2.093,1.4652857142857143,3.9323875,409.46
Kepler-1715 b,Kepler-1715,1.0,Transit,2021.0,Kepler,35.597157125555555,0.22116499999999997,3.39263181,,0.0,625.6,,6186.740000000001,1.2570000000000001,1.1031428571428572,4.310325000000001,522.605
Kepler-1716 b,Kepler-1716,1.0,Transit,2021.0,Kepler,35.583583285555555,0.18741,2.253109785714286,,0.0,401.8,,4804.768888888889,0.6853333333333333,0.7275,4.62244,195.439
Kepler-1717 b,Kepler-1717,1.0,Transit,2021.0,Kepler,30.6528837225,0.20854,2.5482162633333334,,0.0,768.8,,6613.8475,1.4676599999999997,1.3121428571428573,4.21701,1008.79
Kepler-1718 b,Kepler-1718,1.0,Transit,2021.0,Kepler,135.1881265988889,0.48096333333333335,2.469074385714286,,0.0,355.6,,5747.608888888888,0.928119,0.815857142857143,4.4273774999999995,375.522
Kepler-1719 b,Kepler-1719,1.0,Transit,2021.0,Kepler,6.149535367222223,0.06771333333333333,3.4502866042857145,,0.0,1272.4,,5714.251111111112,1.7951899999999998,1.082,3.973,905.406
Kepler-172 b,Kepler-172,1.0,Transit,2014.0,Kepler,2.940304158327273,0.039377142857142854,2.337333333333333,,0.0,1250.2,,5537.833333333333,1.037125,0.940375,4.373872,828.592
Kepler-172 c,Kepler-172,1.0,Transit,2014.0,Kepler,6.3890011118727275,0.06619571428571429,2.5565555555555557,,0.0,965.2,,5537.833333333333,1.037125,0.940375,4.373872,828.592
Kepler-172 d,Kepler-172,1.0,Transit,2014.0,Kepler,14.627027150554545,0.11492285714285713,2.3502222222222224,,0.0,732.8,,5537.833333333333,1.037125,0.940375,4.373872,828.592
Kepler-172 e,Kepler-172,1.0,Transit,2014.0,Kepler,35.11854531,0.20598571428571427,2.723111111111111,,0.0,547.4,,5547.727272727273,1.037125,0.9390000000000001,4.377497777777778,828.5920000000001
Kepler-1720 b,Kepler-1720,1.0,Transit,2021.0,Kepler,12.706418880000001,0.10404,3.1126421583333332,,0.0,697.8,,5514.625,0.8455999999999999,0.9327142857142857,4.5716,629.445
Kepler-1721 b,Kepler-1721,1.0,Transit,2021.0,Kepler,4.592389667,0.05178000000000001,2.603094593333333,,0.0,920.8,,5305.25,0.7929897142857143,0.8838571428571429,4.58858,641.374
Kepler-1722 b,Kepler-1722,1.0,Transit,2021.0,Kepler,9.1785659155,0.08188,2.3928654433333336,,0.0,756.4,,5478.75,0.7935,0.8706666666666667,4.5490075,772.283
Kepler-1723 b,Kepler-1723,1.0,Transit,2021.0,Kepler,39.75265676625,0.22612000000000002,2.7750776150000003,,0.0,569.6,,5972.4525,1.0183333333333333,0.9742857142857143,4.4008875,811.278
Kepler-1724 b,Kepler-1724,1.0,Transit,2021.0,Kepler,6.45443943375,0.06844,2.56112873,,0.0,1001.2,,6001.375,0.9474999999999999,1.0171428571428571,4.4656,1060.77
Kepler-1725 b,Kepler-1725,1.0,Transit,2021.0,Kepler,16.719865027777775,0.133005,2.527645385714286,,0.0,759.2,,6100.333333333333,1.094432,1.1281428571428571,4.42726,558.652
Kepler-1726 b,Kepler-1726,1.0,Transit,2021.0,Kepler,18.396289767777777,0.12917333333333333,2.4543742199999996,,0.0,620.2,,5380.888888888889,0.804,0.8628,4.5390775,390.552
Kepler-1727 b,Kepler-1727,1.0,Transit,2021.0,Kepler,9.029304854500001,0.07948000000000001,2.750536041666667,,0.0,756.8,,5334.0675,0.82,0.8223333333333332,4.5184975,894.187
Kepler-1728 b,Kepler-1728,1.0,Transit,2021.0,Kepler,4.7830028485,0.0528,2.722503125,,0.0,881.6,,5120.625,0.8102831428571429,0.8735714285714286,4.56278,651.783
Kepler-1729 b,Kepler-1729,1.0,Transit,2021.0,Kepler,4.220966188,0.0423,2.92734031,,0.0,617.2,,4059.25,0.5256666666666666,0.5611666666666667,4.67756,576.181
Kepler-173 b,Kepler-173,1.0,Transit,2014.0,Kepler,4.2637468885,0.049,1.3867777777777777,,0.0,1189.6,,5940.190909090909,1.0552,1.0133333333333334,4.3795222222222225,833.1649999999998
Kepler-173 c,Kepler-173,1.0,Transit,2014.0,Kepler,8.005788377381817,0.07486571428571429,2.573888888888889,,0.0,963.4,,5914.2625,1.0552,1.01,4.373655,833.165
Kepler-1730 b,Kepler-1730,1.0,Transit,2021.0,Kepler,13.810167997499999,0.11288000000000001,4.649207531666666,,0.0,830.4,,5851.75,1.142,1.0035714285714286,4.32212,1427.08
Kepler-1731 b,Kepler-1731,1.0,Transit,2021.0,Kepler,21.76129351625,0.13778333333333334,2.6312795099999997,,0.0,494.6,,4905.07125,0.7145714285714285,0.7501666666666668,4.605558571428571,169.948
Kepler-1732 b,Kepler-1732,1.0,Transit,2021.0,Kepler,32.312278775,0.2012,3.4298387883333334,,0.0,604.2,,5911.5575,1.1933966666666667,1.0445714285714287,4.31287,1289.41
Kepler-1733 b,Kepler-1733,1.0,Transit,2021.0,Kepler,9.229605410857143,0.09002,2.6193039233333333,,0.0,976.0,,6344.958571428571,1.1181666666666665,1.2243333333333333,4.3842485714285715,2080.51
Kepler-1734 b,Kepler-1734,1.0,Transit,2021.0,Kepler,6.79685301925,0.07132000000000001,2.29475182,,0.0,983.2,,6022.0425,0.9666666666666667,1.05,4.4584174999999995,1482.83
Kepler-1735 b,Kepler-1735,1.0,Transit,2021.0,Kepler,7.7181852775,0.0624,0.9834701914285714,,0.0,505.4,,3961.0,0.5173333333333333,0.54178,4.735282857142857,245.303
Kepler-1736 b,Kepler-1736,1.0,Transit,2021.0,Kepler,37.81021805625,0.22004,2.6110976,,0.0,566.6,,6016.515,0.9791666666666666,0.976,4.35504,1430.0
Kepler-1737 b,Kepler-1737,1.0,Transit,2021.0,Kepler,64.6173060675,0.294,5.204166666666667,,0.0,375.4,,5024.833333333333,0.881,0.834,4.489999999999999,
Kepler-1738 b,Kepler-1738,1.0,Transit,2021.0,Kepler,7.674671643571429,0.07788,2.519121471666667,,0.0,952.4,,6008.285714285715,1.001,1.0741666666666667,4.468741428571429,1302.8700000000001
Kepler-1739 b,Kepler-1739,1.0,Transit,2021.0,Kepler,7.3437235332499995,0.07042,2.0117613866666666,,0.0,847.8,,5741.5,0.7644,0.8715,4.5822225,783.666
Kepler-174 b,Kepler-174,1.0,Transit,2014.0,Kepler,13.98177725219091,0.09646666666666666,2.0543333333333336,,0.0,516.4,,4715.083333333333,0.6699999999999999,0.6493333333333333,4.616263,384.757
Kepler-174 c,Kepler-174,1.0,Transit,2014.0,Kepler,44.00042637285,0.20695,1.5616666666666665,,0.0,352.4,,4715.7692307692305,0.682,0.6493333333333333,4.60944,384.757
Kepler-174 d,Kepler-174,1.0,Transit,2014.0,Kepler,247.35378487699998,0.6545500000000001,2.2774444444444444,,0.0,197.8,,4715.7692307692305,0.682,0.6493333333333333,4.60944,384.757
Kepler-1740 b,Kepler-1740,1.0,Transit,2021.0,Kepler,8.172429888125,0.08066,3.4772023566666665,,0.0,883.4,,5819.645,0.918026,1.00575,4.515305,1061.77
Kepler-1741 b,Kepler-1741,1.0,Transit,2021.0,Kepler,2.7575852927142854,0.030180000000000002,1.1671666666666667,,0.0,651.0,,3763.73,0.451,0.4811666666666667,4.791992857142858,270.739
Kepler-1742 b,Kepler-1742,1.0,Transit,2021.0,Kepler,49.478095095,0.25892,1.9847068833333334,,0.0,462.4,,5723.625,0.855212,0.9431666666666666,4.55333,669.573
Kepler-1743 b,Kepler-1743,1.0,Transit,2021.0,Kepler,7.6496950742222225,0.08206666666666666,1.6396957242857142,,0.0,1222.8,,5742.971111111111,1.8976666666666668,1.246,3.947795,538.807
Kepler-1744 b,Kepler-1744,1.0,Transit,2021.0,Kepler,37.10105393222222,0.21144166666666667,3.516648577142857,,0.0,528.4,,5850.3422222222225,0.8616666666666667,0.8866666666666667,4.5182675,1091.63
Kepler-1745 b,Kepler-1745,1.0,Transit,2021.0,Kepler,3.0161788068571425,0.04138,1.7814548683333333,,0.0,1331.8,,5848.102857142857,1.0763116666666666,1.0066666666666666,4.35925,996.1050000000001
Kepler-1746 b,Kepler-1746,1.0,Transit,2021.0,Kepler,321.21260097500004,0.91237,6.6644349642857135,,0.0,282.8,,6077.99875,1.2466666666666668,1.0975000000000001,4.349781428571428,979.541
Kepler-1747 b,Kepler-1747,1.0,Transit,2021.0,Kepler,6.23031734575,0.0654,3.915846666666667,,0.0,864.2,,5387.0,0.865,0.983,4.523835,1321.38
Kepler-1748 b,Kepler-1748,1.0,Transit,2021.0,Kepler,5.8234935105000005,0.062,2.8571250283333334,,0.0,948.6,,5645.5,0.8640000000000001,0.92,4.553155,1083.28
Kepler-1749 b,Kepler-1749,1.0,Transit,2021.0,Kepler,14.533622324444444,0.0972,1.41185969,,0.0,427.6,,4078.33,0.5631999999999999,0.5776,4.6936675,268.2
Kepler-175 b,Kepler-175,1.0,Transit,2014.0,Kepler,11.903525492854545,0.10411285714285715,2.8044444444444445,,0.0,822.0,,5916.333333333333,1.0711249999999999,1.052625,4.391369,1312.34
Kepler-175 c,Kepler-175,1.0,Transit,2014.0,Kepler,34.0351373855,0.2098642857142857,3.2127777777777777,,0.0,579.6,,5916.333333333333,1.0711249999999999,1.052625,4.391369,1312.34
Kepler-1750 b,Kepler-1750,1.0,Transit,2021.0,Kepler,205.91272466125,0.65944,4.995724395,,0.0,295.8,,5648.75,0.9165,0.9724,4.42302,1497.33
Kepler-1751 b,Kepler-1751,1.0,Transit,2021.0,Kepler,7.017394483285714,0.07156,1.6506956300000002,,0.0,985.0,,6008.285714285715,0.9725,0.974,4.448358571428572,1291.47
Kepler-1752 b,Kepler-1752,1.0,Transit,2021.0,Kepler,56.35955552625,0.27043999999999996,4.943434105,,0.0,419.2,,5388.5,0.8224999999999999,0.8283333333333333,4.5466325,962.888
Kepler-1753 b,Kepler-1753,1.0,Transit,2021.0,Kepler,16.0045724125,0.11732000000000001,2.217796795,,0.0,582.0,,5129.25,0.7665000000000001,0.8484285714285714,4.6135175,707.688
Kepler-1754 b,Kepler-1754,1.0,Transit,2021.0,Kepler,8.19593174925,0.07204,2.2299941816666666,,0.0,669.4,,4660.0,0.7525,0.734,4.5394275,718.945
Kepler-1755 b,Kepler-1755,1.0,Transit,2021.0,Kepler,24.8111917925,0.16744,4.856147195,,0.0,633.8,,6124.25,0.9308333333333333,1.0141666666666664,4.474645,982.383
Kepler-1756 b,Kepler-1756,1.0,Transit,2021.0,Kepler,2.355752498,0.03136,1.33533324,,0.0,1076.2,,4941.166666666667,0.77825,0.74875,4.537,
Kepler-1757 b,Kepler-1757,1.0,Transit,2021.0,Kepler,19.6564533725,0.13355999999999998,2.744433751666667,,0.0,549.0,,5251.125,0.7404999999999999,0.8246666666666665,4.5956425,807.308
Kepler-1758 b,Kepler-1758,1.0,Transit,2021.0,Kepler,9.977249042142857,0.08978,1.821766385,,0.0,841.4,,5763.571428571428,1.0096,0.9801666666666665,4.33341,1588.41
Kepler-1759 b,Kepler-1759,1.0,Transit,2021.0,Kepler,3.720210796142857,0.04272,0.9872965166666666,,0.0,944.8,,4990.285714285715,0.797,0.76,4.538564285714286,385.348
Kepler-176 b,Kepler-176,1.0,Transit,2014.0,Kepler,5.433115323341667,0.056690000000000004,1.4277777777777778,290.537,0.0,884.0,,5141.333333333333,0.8295151428571429,0.83975,4.506535,527.321
Kepler-176 c,Kepler-176,1.0,Transit,2014.0,Kepler,12.759455497692308,0.10023714285714284,2.5212727272727276,12.165,0.0,664.8,,5149.016666666666,0.8264862857142857,0.8335714285714285,4.503544444444445,527.321
Kepler-176 d,Kepler-176,1.0,Transit,2014.0,Kepler,25.752232736923077,0.16004714285714286,2.592363636363636,8.459999999999999,0.0,525.8,,5149.016666666666,0.8264862857142857,0.8335714285714285,4.503544444444445,527.321
Kepler-176 e,Kepler-176,1.0,Transit,2016.0,Kepler,51.1657774345,0.253185,1.4781666666666666,0.52075,0.0,418.6666666666667,,5127.75,0.8188808,0.846,4.50965,527.321
Kepler-1760 b,Kepler-1760,1.0,Transit,2021.0,Kepler,38.326080565,0.21642,1.9366592433333334,,0.0,468.6,,5355.5,0.8754,0.9212,4.531333333333333,
Kepler-1761 b,Kepler-1761,1.0,Transit,2021.0,Kepler,4.043104773875,0.03972,1.1687280042857144,,0.0,597.2,,3830.5714285714284,0.5023333333333334,0.5599999999999999,4.741125714285714,221.186
Kepler-1762 b,Kepler-1762,1.0,Transit,2021.0,Kepler,29.5390339225,0.20368,2.6983715216666666,,0.0,722.6,,6489.75,1.2728371428571428,1.2910000000000001,4.3398875,1663.74
Kepler-1763 b,Kepler-1763,1.0,Transit,2021.0,Kepler,1.4802856762857142,0.025759999999999998,1.0260855533333333,,0.0,1818.8,,5908.567142857143,1.2609671428571427,1.026,4.256262857142857,756.486
Kepler-1764 b,Kepler-1764,1.0,Transit,2021.0,Kepler,70.467819705,0.35164,3.7208797849999997,,0.0,511.8,,6364.505,1.1346666666666667,1.1596,4.3396425,1542.48
Kepler-1765 b,Kepler-1765,1.0,Transit,2021.0,Kepler,10.418884103749999,0.09115999999999999,2.820848095,,0.0,853.4,,5678.625,1.0583333333333333,0.946,4.40479,764.456
Kepler-1766 b,Kepler-1766,1.0,Transit,2021.0,Kepler,105.01424133222223,0.42335000000000006,2.023863582857143,,0.0,408.0,,5835.635555555556,1.0714285714285714,0.9235000000000001,4.3380925,501.229
Kepler-1767 b,Kepler-1767,1.0,Transit,2021.0,Kepler,59.659368785,0.27726,2.983831795,,0.0,384.0,,5287.195,0.7259928571428571,0.882,4.6202175,820.506
Kepler-1768 b,Kepler-1768,1.0,Transit,2021.0,Kepler,15.13589683375,0.12536,2.4939105633333334,,0.0,887.4,,6059.25,1.4547342857142858,1.218,4.23797,632.766
Kepler-1769 b,Kepler-1769,1.0,Transit,2021.0,Kepler,89.19343442777777,0.39982999999999996,3.644142857142857,,0.0,471.4,,6193.333333333333,1.1564714285714286,1.0905,4.337225,438.412
Kepler-177 b,Kepler-177,1.0,Transit,2013.0,Kepler,36.856618625833335,0.219835,3.397727272727273,4.413333333333333,0.0,590.0,,5927.181818181818,1.1103333333333334,1.0302,4.350302,1435.44
Kepler-177 c,Kepler-177,1.0,Transit,2013.0,Kepler,49.411268245,0.267225,7.702636363636364,11.9,0.0,534.8,,5927.181818181818,1.1103333333333334,1.0302,4.350302,1435.44
Kepler-1770 b,Kepler-1770,1.0,Transit,2021.0,Kepler,16.84189546875,0.12528,2.8952362566666667,,0.0,695.4,,5572.0,0.9991666666666665,0.9492857142857142,4.4428475,582.942
Kepler-1771 b,Kepler-1771,1.0,Transit,2021.0,Kepler,88.6443008875,0.38466,2.7942287599999998,,0.0,390.2,,5788.28,0.89,0.95975,4.515833333333334,565.752
Kepler-1772 b,Kepler-1772,1.0,Transit,2021.0,Kepler,3.215108147111111,0.043785,2.467157125714286,,0.0,1653.0,,5667.0,1.8740275,1.0438571428571428,4.0065100000000005,871.564
Kepler-1773 b,Kepler-1773,1.0,Transit,2021.0,Kepler,40.80958055888888,0.24316833333333335,2.9540992842857143,,0.0,607.4,,6143.444444444444,1.2673333333333334,1.151,4.28816,681.255
Kepler-1774 b,Kepler-1774,1.0,Transit,2021.0,Kepler,59.77100076111112,0.30672666666666665,2.9495422128571427,,0.0,520.8,,6113.855555555555,1.127,1.095625,4.3713825,816.592
Kepler-1775 b,Kepler-1775,1.0,Transit,2021.0,Kepler,85.6538119411111,0.3918916666666667,2.6372316471428574,,0.0,447.0,,5978.82,1.1609125,1.0937142857142859,4.322005,657.023
Kepler-1776 b,Kepler-1776,1.0,Transit,2021.0,Kepler,35.01195039888889,0.21405,2.4623671757142858,,0.0,610.4,,6110.593333333333,1.118304,1.066142857142857,4.3984000000000005,690.336
Kepler-1777 b,Kepler-1777,1.0,Transit,2021.0,Kepler,12.18416611888889,0.10846833333333333,3.65269954,,0.0,1076.4,,5960.346666666667,1.04525,1.062375,4.187095,619.146
Kepler-1778 b,Kepler-1778,1.0,Transit,2021.0,Kepler,10.08745627375,0.09662000000000001,3.0877766149999997,,0.0,946.2,,6212.75,1.08764,1.1386666666666667,4.4136999999999995,1276.29
Kepler-1779 b,Kepler-1779,1.0,Transit,2021.0,Kepler,16.34356759625,0.12296,2.687159475,,0.0,663.0,,5679.875,0.8965228571428572,0.9836666666666667,4.50103,908.501
Kepler-178 b,Kepler-178,1.0,Transit,2014.0,Kepler,9.576670275081817,0.08439714285714285,2.718888888888889,,0.0,873.8,,5526.833333333333,1.0084285714285715,0.8718,4.402709,716.025
Kepler-178 c,Kepler-178,1.0,Transit,2014.0,Kepler,20.552761303836363,0.14043714285714284,2.8526666666666665,,0.0,677.6,,5526.833333333333,1.0084285714285715,0.8718,4.402709,716.025
Kepler-178 d,Kepler-178,1.0,Transit,2014.0,Kepler,96.677653658,0.39414285714285713,3.3073333333333337,,0.0,404.6,,5536.727272727273,1.027,0.8718,4.390895555555556,716.025
Kepler-1780 b,Kepler-1780,1.0,Transit,2021.0,Kepler,109.44492547625,0.42591999999999997,3.1960011116666664,,0.0,330.8,,5452.18,0.8453333333333334,0.879,4.54529,790.516
Kepler-1781 b,Kepler-1781,1.0,Transit,2021.0,Kepler,4.8875330662500005,0.056600000000000004,2.4718183816666666,,0.0,977.0,,5446.125,0.9485999999999999,1.047,4.530825,962.63
Kepler-1782 b,Kepler-1782,1.0,Transit,2021.0,Kepler,5.756240885888889,0.057791666666666665,2.34918205,,0.0,809.4,,4943.333333333333,0.7373348,0.7907500000000001,4.560665,305.792
Kepler-1783 b,Kepler-1783,1.0,Transit,2021.0,Kepler,8.277435829,0.07699166666666667,2.0490667585714286,,0.0,1087.6,,5128.448888888889,1.7841666666666667,0.8870000000000001,4.0667025,264.078
Kepler-1784 b,Kepler-1784,1.0,Transit,2021.0,Kepler,13.590533763749999,0.10656000000000002,2.833227481666667,,0.0,717.2,,5441.0,0.9719651428571429,0.8870000000000001,4.4242725,883.045
Kepler-1785 b,Kepler-1785,1.0,Transit,2021.0,Kepler,19.58559567,0.1392783333333333,3.3208892100000003,,0.0,669.0,,5808.777777777777,0.9824999999999999,0.9176666666666667,4.4602775,745.74
Kepler-1786 b,Kepler-1786,1.0,Transit,2021.0,Kepler,78.54607815888889,0.36382,2.9015797542857142,,0.0,445.8,,5885.548888888889,1.1305542857142856,1.04475,4.35659,863.909
Kepler-1787 b,Kepler-1787,1.0,Transit,2021.0,Kepler,39.3136724875,0.2278,2.228163635,,0.0,541.0,,5998.125,0.925,1.0171428571428571,4.5217025,778.602
Kepler-1788 b,Kepler-1788,1.0,Transit,2021.0,Kepler,2.800118350125,0.03424,2.0680841016666665,,0.0,951.4,,4756.375,0.704,0.686,4.57808,560.445
Kepler-1789 b,Kepler-1789,1.0,Transit,2021.0,Kepler,80.231961845,0.3553,3.331895841666667,,0.0,392.8,,5571.625,0.8891666666666667,0.9314,4.52205,611.461
Kepler-179 b,Kepler-179,1.0,Transit,2014.0,Kepler,2.735903699790909,0.03619714285714286,1.6491111111111112,,0.0,1069.4,,5284.690833333333,0.7798571428571428,0.87075,4.562688,605.68
Kepler-179 c,Kepler-179,1.0,Transit,2014.0,Kepler,6.400143649109091,0.06398571428571428,2.391,,0.0,804.6,,5284.690833333333,0.7798571428571428,0.87075,4.562688,605.68
Kepler-1790 b,Kepler-1790,1.0,Transit,2021.0,Kepler,31.588840875555555,0.20293166666666665,2.348659214285714,,0.0,617.6,,6038.111111111111,1.374772,1.110142857142857,4.33443,1070.17
Kepler-1791 b,Kepler-1791,1.0,Transit,2021.0,Kepler,7.7208520705,0.0765,2.288505535,,0.0,1069.8,,6113.75,1.1739057142857143,0.9772000000000001,4.290500000000001,602.218
Kepler-1792 b,Kepler-1792,1.0,Transit,2021.0,Kepler,4.195778638375,0.04924,3.02165162,,0.0,1045.4,,5143.0,1.005,0.8779999999999999,4.429535,601.029
Kepler-1793 b,Kepler-1793,1.0,Transit,2021.0,Kepler,8.779958971625,0.07830000000000001,2.86506253,,0.0,710.6,,5213.6900000000005,0.7646,0.8469999999999999,4.5706375,1189.88
Kepler-1794 b,Kepler-1794,1.0,Transit,2021.0,Kepler,9.762933077625,0.08188000000000001,1.88571046,,0.0,694.6,,5017.375,0.8016666666666666,0.773,4.55883,561.229
Kepler-1795 b,Kepler-1795,1.0,Transit,2021.0,Kepler,13.3601986975,0.09908,1.8338360183333335,,0.0,515.2,,4482.333333333333,0.6988,0.7632,4.642166666666666,
Kepler-1796 b,Kepler-1796,1.0,Transit,2021.0,Kepler,29.4556919575,0.18812,2.3117464466666666,,0.0,597.6,,6052.5,0.9491666666666666,1.0216666666666667,4.4887974999999996,825.883
Kepler-1797 b,Kepler-1797,1.0,Transit,2021.0,Kepler,23.35942804375,0.16416000000000003,2.8979574033333333,,0.0,685.2,,6110.8925,1.0141666666666664,1.069,4.4352350000000005,1338.49
Kepler-1798 b,Kepler-1798,1.0,Transit,2021.0,Kepler,16.856260647777777,0.10686,1.97415893,,0.0,405.6,,4037.9849999999997,0.5738,0.5753333333333334,4.677415,395.196
Kepler-1799 b,Kepler-1799,1.0,Transit,2021.0,Kepler,11.92972058125,0.10244,2.861335315,,0.0,766.2,,5753.875,0.9125000000000001,1.016,4.4017,2254.69
Kepler-18 b,Kepler-18,1.0,Transit,2011.0,Kepler,3.5047011512357145,0.0440147099125,1.9666000000000001,47.61615076,0.0,1156.0,,5383.333333333333,1.0084445,0.9395000000000001,4.3786119999999995,433.04699999999997
Kepler-18 c,Kepler-18,1.0,Transit,2011.0,Kepler,7.641601597571428,0.07410300813750001,4.829909090909092,12.900302254,0.0,890.8,,5385.545454545455,1.032463,0.942,4.3708977777777775,433.04699999999997
Kepler-18 d,Kepler-18,1.0,Transit,2011.0,Kepler,14.8589231996875,0.11536016226250001,5.9085,14.079196108333333,0.0,714.0,,5382.166666666667,1.032463,0.9402857142857143,4.364808,433.047
Kepler-180 b,Kepler-180,1.0,Transit,2014.0,Kepler,13.817339433333334,0.1082,1.5945,,0.0,780.6,,5661.6,1.018897,0.882,4.390546666666666,695.65
Kepler-180 c,Kepler-180,1.0,Transit,2014.0,Kepler,41.88549888864,0.22693333333333332,2.794125,,0.0,539.6,,5641.181818181818,1.0132515555555555,0.91,4.395888,695.65
Kepler-1800 b,Kepler-1800,1.0,Transit,2021.0,Kepler,4.562056059875,0.05298,1.4641139057142856,,0.0,1331.2,,5370.835,1.6872,0.9521428571428572,4.01838,350.455
Kepler-1801 b,Kepler-1801,1.0,Transit,2021.0,Kepler,10.440896175,0.0914,3.00654359,,0.0,826.8,,5663.125,0.9775,0.9360000000000002,4.45509,839.332
Kepler-1801 c,Kepler-1801,1.0,Transit,2023.0,Kepler,116.58341988857144,0.4572,3.451800002,,0.0,371.0,,5657.142857142857,0.9810000000000001,0.9400000000000001,4.458674285714286,839.332
Kepler-1802 b,Kepler-1802,1.0,Transit,2021.0,Kepler,8.828718282857142,0.06542,1.3418333333333334,,0.0,564.4,,4211.5,0.61525,0.6265000000000001,4.661833333333333,636.6940000000001
Kepler-1802 c,Kepler-1802,1.0,Transit,2021.0,Kepler,33.1364632175,0.17254,1.915333333333333,,0.0,347.4,,4211.5,0.61525,0.6265000000000001,4.661833333333333,636.694
Kepler-1804 b,Kepler-1804,1.0,Transit,2021.0,Kepler,12.28848939875,0.10156000000000001,3.0010262100000005,,0.0,922.4,,5039.875,1.671,0.9268333333333333,4.0941675,434.456
Kepler-1805 b,Kepler-1805,1.0,Transit,2021.0,Kepler,8.848105846111112,0.06670000000000001,1.1835755928571428,,0.0,454.4,,3811.625,0.54,0.5740516,4.7303175,221.639
Kepler-1806 b,Kepler-1806,1.0,Transit,2021.0,Kepler,9.033280847125,0.08104,2.094266981666667,,0.0,724.2,,5247.875,0.786564,0.884,4.5912475,978.066
Kepler-1807 b,Kepler-1807,1.0,Transit,2021.0,Kepler,10.860650865,0.09984,2.382322025,,0.0,1111.8,,6434.415,1.496,1.087,4.1215525,1299.32
Kepler-1808 b,Kepler-1808,1.0,Transit,2021.0,Kepler,23.34032024,0.14776,2.4525188366666666,,0.0,605.0,,5523.375,0.9049999999999999,0.7875,4.41464,1022.01
Kepler-1809 b,Kepler-1809,1.0,Transit,2021.0,Kepler,3.7572953357500003,0.043673333333333335,1.2164285714285714,,0.0,895.4,,4962.27625,0.7323333333333334,0.7976666666666667,4.5999171428571435,409.602
Kepler-181 b,Kepler-181,1.0,Transit,2014.0,Kepler,3.13785261339,0.03953142857142857,1.3806666666666667,,0.0,1030.0,,5236.061818181818,0.7792415,0.8432499999999999,4.57424,609.283
Kepler-181 c,Kepler-181,1.0,Transit,2014.0,Kepler,4.302145466336364,0.04869714285714286,2.1907777777777775,,0.0,927.2,,5229.21,0.7827664444444444,0.8547142857142856,4.572774000000001,609.283
Kepler-1810 b,Kepler-1810,1.0,Transit,2021.0,Kepler,101.13281011125,0.41983999999999994,3.776358875,,0.0,378.8,,5622.05,0.9499886666666667,0.9385,4.4603975,1009.87
Kepler-1811 b,Kepler-1811,1.0,Transit,2021.0,Kepler,76.422186895,0.35609999999999997,3.0280497883333335,,0.0,444.0,,5867.875,1.1166666666666665,1.0201666666666667,4.3798224999999995,1390.56
Kepler-1812 b,Kepler-1812,1.0,Transit,2021.0,Kepler,7.1652080719999995,0.076,2.4841570666666666,,0.0,1023.4,,6182.857142857143,1.103,1.162,4.424764285714286,1409.19
Kepler-1813 b,Kepler-1813,1.0,Transit,2021.0,Kepler,2.8181470964285715,0.03658,1.4038333333333333,,0.0,1055.2,,5249.666666666667,0.755,0.8205,4.588666666666667,
Kepler-1814 b,Kepler-1814,1.0,Transit,2021.0,Kepler,2.9353584623333333,0.03734166666666667,2.66823051,,0.0,1018.8,,4871.0,0.8224511428571428,0.79,4.5008225,726.346
Kepler-1814 c,Kepler-1814,1.0,Transit,2023.0,Kepler,0.6262815744285714,0.013328000000000001,1.6841666616666666,,0.0,1708.75,,4904.142857142857,0.8226798333333333,0.79,4.503464999999999,726.3460000000001
Kepler-1815 b,Kepler-1815,1.0,Transit,2021.0,Kepler,12.191407869999999,0.09832,2.6848210333333333,,0.0,760.6,,5565.0,0.967,0.852,4.416635,1006.63
Kepler-1816 b,Kepler-1816,1.0,Transit,2021.0,Kepler,91.50103802999999,0.36526166666666665,1.8479913857142858,,0.0,313.4,,5040.666666666667,0.7101666666666667,0.797,4.62021,437.823
Kepler-1817 b,Kepler-1817,1.0,Transit,2021.0,Kepler,44.29843251625,0.23098000000000002,2.34891521,,0.0,442.0,,5399.25,0.7776337142857143,0.8873333333333333,4.5764949999999995,748.569
Kepler-1818 b,Kepler-1818,1.0,Transit,2021.0,Kepler,4.644928937,0.05500000000000001,1.5122678066666666,,0.0,1207.2,,6024.571428571428,1.1275000000000002,1.0208333333333333,4.330272857142857,1034.59
Kepler-1819 b,Kepler-1819,1.0,Transit,2021.0,Kepler,16.486874915,0.13238,46.213918760000006,,0.0,746.8,,5962.625,1.065,1.167,4.42623,1363.19
Kepler-182 b,Kepler-182,1.0,Transit,2014.0,Kepler,9.82583078240909,0.09470285714285713,2.789555555555556,,0.0,937.0,,6084.895833333333,1.218,1.1385,4.328588,1549.09
Kepler-182 c,Kepler-182,1.0,Transit,2014.0,Kepler,20.684227345445457,0.1553357142857143,3.6805555555555554,,0.0,731.8,,6084.895833333333,1.218,1.1385,4.328588,1549.09
Kepler-1820 b,Kepler-1820,1.0,Transit,2021.0,Kepler,31.032748429999998,0.19532,2.709805111666667,,0.0,556.2,,5761.875,0.931,1.047,4.4918125,1425.39
Kepler-1821 b,Kepler-1821,1.0,Transit,2021.0,Kepler,16.45825404875,0.12538,2.058746858333333,,0.0,670.4,,5656.1325,0.8781666666666667,0.9674999999999999,4.519575,799.699
Kepler-1822 b,Kepler-1822,1.0,Transit,2021.0,Kepler,22.13352254,0.14148,2.1112599050000003,,0.0,508.2,,5215.5,0.6999999999999998,0.7768333333333333,4.61393,897.597
Kepler-1823 b,Kepler-1823,1.0,Transit,2021.0,Kepler,21.103314093333335,0.15515333333333334,1.747589542857143,,0.0,786.0,,6270.0,1.21036,1.11075,4.336095,724.971
Kepler-1824 b,Kepler-1824,1.0,Transit,2021.0,Kepler,95.61053138125,0.42279999999999995,2.3952126616666667,,0.0,440.8,,6225.125,1.0863333333333334,1.104,4.43769,1040.1
Kepler-1825 b,Kepler-1825,1.0,Transit,2021.0,Kepler,1.0258596632857142,0.0182,1.39700122,,0.0,1466.0,,5054.121428571429,0.805,0.7725,4.541212857142858,430.254
Kepler-1826 b,Kepler-1826,1.0,Transit,2021.0,Kepler,1.615937978,0.02156,1.2978844514285715,,0.0,823.4,,3865.4285714285716,0.4988333333333333,0.5078333333333334,4.734014285714286,336.952
Kepler-1827 b,Kepler-1827,1.0,Transit,2021.0,Kepler,3.7006168644999997,0.045094999999999996,1.5152061314285714,,0.0,1423.0,,5347.5912499999995,1.5974,0.9173333333333334,3.994666666666667,686.461
Kepler-1828 b,Kepler-1828,1.0,Transit,2021.0,Kepler,10.273822152857141,0.09122,1.8193310433333334,,0.0,777.6,,5714.142857142857,0.8693333333333334,0.9575,4.532012857142857,871.8100000000001
Kepler-1829 b,Kepler-1829,1.0,Transit,2021.0,Kepler,5.186742515428572,0.05552,2.256478335,,0.0,857.8,,5198.428571428572,0.7794000000000001,0.8654999999999999,4.5848385714285715,679.921
Kepler-183 b,Kepler-183,1.0,Transit,2014.0,Kepler,5.687994116925,0.06272571428571429,2.2814444444444444,,0.0,1014.2,,5761.598333333334,1.0043918181818183,1.0016666666666667,4.439732,1050.64
Kepler-183 c,Kepler-183,1.0,Transit,2014.0,Kepler,11.63703102185,0.10104857142857142,2.4562,35.7,0.0,798.8,,5761.598333333334,1.0043918181818183,1.0016666666666667,4.439732,1050.64
Kepler-1830 b,Kepler-1830,1.0,Transit,2021.0,Kepler,56.493374691111114,0.30629833333333334,2.804561344285714,,0.0,562.6,,6312.626666666667,1.6533159999999998,1.2804,4.2209900000000005,1056.88
Kepler-1831 b,Kepler-1831,1.0,Transit,2021.0,Kepler,5.783884912857142,0.06520000000000001,2.15003303,,0.0,1041.6,,6010.285714285715,1.012,1.117,4.485285714285714,1053.49
Kepler-1832 b,Kepler-1832,1.0,Transit,2021.0,Kepler,3.138768116,0.0374,1.15619926,,0.0,1037.2,,5257.45,0.722,0.7033333333333335,4.546901428571429,486.174
Kepler-1833 b,Kepler-1833,1.0,Transit,2021.0,Kepler,6.89209732725,0.07485833333333333,1.3018962314285716,,0.0,1143.8,,6115.86,1.4063333333333334,1.1793333333333333,4.232947142857143,591.602
Kepler-1834 b,Kepler-1834,1.0,Transit,2021.0,Kepler,4.60301216225,0.04870166666666667,1.3253404857142856,,0.0,826.2,,4857.0,0.7258515,0.7318,4.579561428571429,500.395
Kepler-1834 c,Kepler-1834,1.0,Transit,2023.0,Kepler,0.7666906031666666,0.01482,1.2059999940000001,,0.0,1507.6666666666667,,4843.833333333333,0.750703,0.7586666666666666,4.568986000000001,500.395
Kepler-1835 b,Kepler-1835,1.0,Transit,2021.0,Kepler,11.96586012,0.10016,2.938979621666667,,0.0,809.6,,5871.428571428572,0.9674999999999999,0.922,4.421248571428571,1404.3799999999999
Kepler-1836 b,Kepler-1836,1.0,Transit,2021.0,Kepler,5.254176257285715,0.06015999999999999,2.1571720483333334,,0.0,1075.0,,6035.857142857143,0.9869999999999999,1.0507142857142857,4.4788185714285715,1472.6200000000001
Kepler-1837 b,Kepler-1837,1.0,Transit,2021.0,Kepler,5.906047227571428,0.0648,1.6127897366666666,,0.0,1007.6,,5912.428571428572,0.961,1.0441666666666667,4.4914700000000005,1229.18
Kepler-1838 b,Kepler-1838,1.0,Transit,2021.0,Kepler,12.146861246666667,0.10755333333333333,1.4010706071428571,,0.0,962.2,,5984.464444444445,1.6997440000000001,1.1118333333333335,4.1111450000000005,451.242
Kepler-1839 b,Kepler-1839,1.0,Transit,2021.0,Kepler,5.056654317714286,0.05824,1.32156265,,0.0,1043.2,,5878.428571428572,0.9325,1.03,4.466282857142857,1136.6
Kepler-184 b,Kepler-184,1.0,Transit,2014.0,Kepler,10.687610797491667,0.09139714285714286,2.530222222222222,,0.0,785.2,,5651.052500000001,0.8660004000000001,0.8973333333333334,4.515924,610.326
Kepler-184 c,Kepler-184,1.0,Transit,2014.0,Kepler,20.30301924953333,0.1401442857142857,2.0956,8.8,0.0,634.2,,5651.052500000001,0.8660004000000001,0.8973333333333334,4.515924,610.326
Kepler-184 d,Kepler-184,1.0,Transit,2014.0,Kepler,29.022453150475002,0.17788285714285715,2.5714444444444444,,0.0,563.0,,5651.052500000001,0.8660004000000001,0.8973333333333334,4.515924,610.326
Kepler-1840 b,Kepler-1840,1.0,Transit,2021.0,Kepler,131.18816969888888,0.4526266666666667,2.528530184285714,,0.0,258.8,,4768.515555555556,0.753744,0.75925,4.58845,513.107
Kepler-1841 b,Kepler-1841,1.0,Transit,2021.0,Kepler,25.8864660425,0.16076,1.6115209283333334,,0.0,569.8,,5377.875,0.9032,0.8253333333333334,4.465,631.7
Kepler-1842 b,Kepler-1842,1.0,Transit,2021.0,Kepler,14.02634430875,0.11540000000000002,2.3723144683333333,,0.0,819.4,,5864.25,1.1241666666666668,1.057,4.364610000000001,923.551
Kepler-1843 b,Kepler-1843,1.0,Transit,2021.0,Kepler,25.54309033222222,0.16928500000000002,2.153442584285714,,0.0,770.4,,5415.822222222222,1.7158333333333333,0.9685,3.956166666666667,784.625
Kepler-1844 b,Kepler-1844,1.0,Transit,2021.0,Kepler,3.924530711714286,0.04784000000000001,1.9910803183333332,,0.0,1038.4,,5729.142857142857,0.8501999999999998,0.9451666666666666,4.538094285714286,1804.36
Kepler-1845 b,Kepler-1845,1.0,Transit,2021.0,Kepler,11.606546681428572,0.09115999999999999,2.1647278366666667,,0.0,598.0,,4865.71,0.7045999999999999,0.765,4.617407142857142,710.724
Kepler-1846 b,Kepler-1846,1.0,Transit,2021.0,Kepler,14.820097736666668,0.11009000000000001,1.3903983228571428,,0.0,633.4,,4852.591111111111,0.745347,0.7907500000000001,4.4808475,374.615
Kepler-1847 b,Kepler-1847,1.0,Transit,2021.0,Kepler,11.129673057142856,0.09912000000000001,2.210861523333333,,0.0,843.4,,6088.142857142857,0.9666666666666667,1.041,4.4755400000000005,1693.86
Kepler-1848 b,Kepler-1848,1.0,Transit,2021.0,Kepler,5.604019792375,0.058675,1.7258362714285715,,0.0,990.4,,4907.5,0.7494921999999999,0.781,4.321218571428572,309.696
Kepler-1849 b,Kepler-1849,1.0,Transit,2021.0,Kepler,57.29328326625,0.25915999999999995,2.0961422483333334,,0.0,351.8,,4773.5,0.7228491428571429,0.709,4.5846775,631.884
Kepler-185 b,Kepler-185,1.0,Transit,2014.0,Kepler,1.6329157533900003,0.02533142857142857,1.1396666666666666,,0.0,1270.8,,5120.363636363636,0.7920000000000001,0.8151999999999999,4.5725622222222215,466.735
Kepler-185 c,Kepler-185,1.0,Transit,2014.0,Kepler,20.729062014072728,0.13744714285714285,1.9283333333333335,,0.0,545.0,,5116.25,0.7920000000000001,0.8151999999999999,4.5800089999999996,466.73499999999996
Kepler-1850 b,Kepler-1850,1.0,Transit,2021.0,Kepler,1.3857904791428572,0.02062,0.5781827716666667,,0.0,999.2,,4254.714285714285,0.5903333333333333,0.602,4.663542857142858,250.199
Kepler-1851 b,Kepler-1851,1.0,Transit,2021.0,Kepler,12.02296298875,0.10207999999999999,11.341686719999998,,0.0,779.4,,5896.25,0.8875000000000001,0.9764285714285714,4.48173,1589.81
Kepler-1852 b,Kepler-1852,1.0,Transit,2021.0,Kepler,7.970986094714286,0.07536000000000001,1.9043509866666666,,0.0,753.2,,5177.857142857143,0.8266999999999999,0.9269999999999999,4.565455714285714,772.481
Kepler-1853 b,Kepler-1853,1.0,Transit,2021.0,Kepler,48.8885325275,0.23462,1.7031037866666665,,0.0,383.8,,4862.0,0.7533796666666667,0.75,4.55367,562.348
Kepler-1854 b,Kepler-1854,1.0,Transit,2021.0,Kepler,39.83120792555556,0.20748999999999998,1.8810658628571428,,0.0,408.2,,5074.285714285715,0.6953333333333332,0.7886666666666667,4.6335,423.348
Kepler-1855 b,Kepler-1855,1.0,Transit,2021.0,Kepler,0.727662594125,0.01108,0.8066007142857143,,0.0,837.4,,3447.4285714285716,0.34349999999999997,0.34833333333333333,4.873501428571428,
Kepler-1856 b,Kepler-1856,1.0,Transit,2021.0,Kepler,1.3020107402857144,0.02062,1.35407978,,0.0,1301.8,,4983.857142857143,0.7321666666666666,0.7736666666666667,4.535715714285714,848.76
Kepler-1857 b,Kepler-1857,1.0,Transit,2021.0,Kepler,8.94339614,0.08198,1.6065220171428574,,0.0,951.4,,6072.0,1.0225,0.8866666666666667,4.379342857142857,853.275
Kepler-1858 b,Kepler-1858,1.0,Transit,2021.0,Kepler,88.07124873875,0.36168,2.2702804116666666,,0.0,323.0,,5055.475,0.769676,0.8303333333333334,4.58274,833.055
Kepler-1859 b,Kepler-1859,1.0,Transit,2021.0,Kepler,2.7296137475714284,0.03884,1.3688559583333333,,0.0,1440.8,,6052.7471428571425,1.1156083333333333,1.0733333333333335,4.355694285714286,1331.25
Kepler-1859 c,Kepler-1859,1.0,Transit,2023.0,Kepler,3.5964246971666665,0.046625,1.4674000020000002,,0.0,1314.25,,6031.538333333333,1.12073,1.043,4.34831,1331.25
Kepler-186 b,Kepler-186,1.0,Transit,2014.0,Kepler,3.8870168211666667,0.03788375,1.1498571428571427,,0.0,587.8333333333334,M1,3835.375,0.5087142857142857,0.48771428571428566,4.7482584615384615,177.594
Kepler-186 c,Kepler-186,1.0,Transit,2014.0,Kepler,7.267457756353333,0.05657875,1.312357142857143,,0.0,477.6666666666667,M1,3835.375,0.5087142857142857,0.48771428571428566,4.7482584615384615,177.594
Kepler-186 d,Kepler-186,1.0,Transit,2014.0,Kepler,13.342830454573335,0.0860775,1.5347142857142857,,0.0,390.1666666666667,M1,3835.375,0.5087142857142857,0.48771428571428566,4.7482584615384615,177.594
Kepler-186 e,Kepler-186,1.0,Transit,2014.0,Kepler,22.40786326615,0.12154285714285715,1.3313076923076923,,0.0,329.2,M1,3840.3333333333335,0.5087142857142857,0.5107104,4.7482584615384615,177.594
Kepler-186 f,Kepler-186,1.0,Transit,2014.0,Kepler,129.9459656404167,0.3921333333333334,1.1428,,0.008,178.5,M1,3808.3333333333335,0.506,0.49533333333333335,4.748032727272727,177.594
Kepler-1860 b,Kepler-1860,1.0,Transit,2021.0,Kepler,12.7371799325,0.10490833333333333,0.9232339528571429,,0.0,707.0,,5545.92625,0.872,0.9453333333333332,4.533811428571428,438.703
Kepler-1861 b,Kepler-1861,1.0,Transit,2021.0,Kepler,40.03104927777778,0.23940333333333333,2.1409677342857143,,0.0,607.8,,5869.291111111112,1.3710725,1.1595,4.2345825,829.985
Kepler-1862 b,Kepler-1862,1.0,Transit,2021.0,Kepler,16.05733014625,0.12043999999999999,33.082166666666666,,0.0,649.4,,5587.625,0.8144999999999999,0.897,4.554555000000001,1232.19
Kepler-1863 b,Kepler-1863,1.0,Transit,2021.0,Kepler,44.99794024777778,0.24611333333333332,1.6912989371428573,,0.0,573.2,,5957.855555555555,1.1374,1.0165714285714285,4.2844025,865.546
Kepler-1864 b,Kepler-1864,1.0,Transit,2021.0,Kepler,3.881504014875,0.049850000000000005,0.8167262357142857,,0.0,1376.0,,5951.81625,0.9990080000000001,1.033,4.298888571428572,298.894
Kepler-1865 b,Kepler-1865,1.0,Transit,2021.0,Kepler,2.5240247602857147,0.03432,1.5428101200000002,,0.0,1202.2,,5377.0,0.8679932857142857,0.849,4.4889471428571435,922.255
Kepler-1866 b,Kepler-1866,1.0,Transit,2021.0,Kepler,11.66008474,0.10354000000000001,1.7236918466666664,,0.0,831.8,,5950.857142857143,1.0475999999999999,1.0350000000000001,4.42735,976.737
Kepler-1867 b,Kepler-1867,1.0,Transit,2021.0,Kepler,9.887373688428571,0.08738,0.758309995,,0.0,770.4,,5677.004285714285,0.8214999999999999,0.9089999999999999,4.5070057142857145,680.583
Kepler-1868 b,Kepler-1868,1.0,Transit,2021.0,Kepler,211.03363305666664,0.61508,3.5830715842857144,,0.0,213.4,,4636.806666666667,0.6736666666666666,0.7064285714285715,4.6101525,274.18
Kepler-1869 b,Kepler-1869,1.0,Transit,2021.0,Kepler,8.167346800666667,0.08284333333333334,1.7086505057142856,,0.0,1180.0,,5825.777777777777,0.9256352,1.0382,4.216275,113.025
Kepler-1869 c,Kepler-1869,1.0,Transit,2023.0,Kepler,1.716831733888889,0.029300000000000003,1.2728428614285714,,0.0,1984.4,,5825.777777777777,0.9256352,1.0382,4.216275,113.025
Kepler-187 b,Kepler-187,1.0,Transit,2014.0,Kepler,4.93885930507,0.05661142857142857,1.4584444444444444,,0.0,1190.4,,6017.545454545455,1.2175,1.062,4.251128888888889,1143.0
Kepler-187 c,Kepler-187,1.0,Transit,2014.0,Kepler,10.640255414718181,0.09453428571428571,2.924,,0.0,921.8,,6018.583333333333,1.2175,1.086857142857143,4.233074,1143.0
Kepler-1870 b,Kepler-1870,1.0,Transit,2021.0,Kepler,3.606941690333333,0.043816666666666663,2.11106252,,0.0,1158.2,,5516.666666666667,0.9250763333333333,0.9258,4.4472325,407.216
Kepler-1871 b,Kepler-1871,1.0,Transit,2021.0,Kepler,1.9527088047142858,0.03064,2.2019548016666666,,0.0,1395.0,,5668.871428571429,0.9383333333333334,1.02,4.4602328571428576,854.6230000000002
Kepler-1872 b,Kepler-1872,1.0,Transit,2021.0,Kepler,3.8259063858571425,0.046599999999999996,2.9090352349999997,,0.0,997.8,,5148.714285714285,0.8875000000000001,0.9175,4.513742857142857,840.182
Kepler-1873 b,Kepler-1873,1.0,Transit,2021.0,Kepler,0.5588412845714286,0.012640000000000002,1.3859563516666666,,0.0,1771.2,,5116.198571428571,0.7956000000000001,0.8903333333333334,4.5899157142857145,820.957
Kepler-1874 b,Kepler-1874,1.0,Transit,2021.0,Kepler,56.5734734575,0.25384,2.2518512066666667,,0.0,325.2,,4588.666666666667,0.6622,0.6897500000000001,4.617666666666667,408.007
Kepler-1875 b,Kepler-1875,1.0,Transit,2021.0,Kepler,34.45844791375,0.20592000000000002,2.2561444866666664,,0.0,563.4,,6147.25,0.8828333333333332,0.9753333333333334,4.450545,1660.45
Kepler-1876 b,Kepler-1876,1.0,Transit,2021.0,Kepler,6.992048021111112,0.07625142857142857,1.13254511375,2.4,0.016333333333333335,1360.0,,6065.814444444444,1.5895933333333334,1.1836666666666666,3.9789085714285717,259.935
Kepler-1877 b,Kepler-1877,1.0,Transit,2021.0,Kepler,2.37753159175,0.034153333333333334,0.5188694285714286,,0.0,1236.6,,5600.94875,0.8608333333333333,0.9742500000000001,4.524311428571429,285.312
Kepler-1878 b,Kepler-1878,1.0,Transit,2021.0,Kepler,4.445889975142856,0.05228000000000001,2.073366301666667,,0.0,1039.6,,5858.142857142857,0.8464999999999999,0.9541999999999999,4.5230814285714285,1494.3
Kepler-1879 b,Kepler-1879,1.0,Transit,2021.0,Kepler,10.61343735888889,0.09566666666666666,1.6550171685714286,,0.0,920.6,,5923.424444444445,1.3744999999999998,1.0305,4.2454275,627.171
Kepler-188 b,Kepler-188,1.0,Transit,2014.0,Kepler,2.0619027777700003,0.031720000000000005,1.6372222222222221,,0.0,1544.0,,5841.636363636364,1.079431111111111,0.9914,4.371468888888889,968.544
Kepler-188 c,Kepler-188,1.0,Transit,2014.0,Kepler,5.996538482145454,0.0647242857142857,3.0072222222222225,,0.0,1081.8,,5830.166666666667,1.0838133333333333,1.002125,4.373483,968.544
Kepler-1880 b,Kepler-1880,1.0,Transit,2021.0,Kepler,6.309227548142857,0.0548,1.5811436966666665,,0.0,614.2,,4418.285714285715,0.5431666666666667,0.524,4.689402857142857,611.041
Kepler-1881 b,Kepler-1881,1.0,Transit,2021.0,Kepler,159.38933465,0.5480083333333333,2.678006272857143,,0.0,287.0,,5275.75,0.8253999999999999,0.8473333333333333,4.536318571428572,1057.21
Kepler-1882 b,Kepler-1882,1.0,Transit,2021.0,Kepler,13.78722977888889,0.11979333333333335,1.6279634342857143,,0.0,996.8,,5742.093333333333,1.49542,1.0750000000000002,4.056900000000001,443.371
Kepler-1883 b,Kepler-1883,1.0,Transit,2021.0,Kepler,103.427220495,0.44272,3.1168456583333337,,0.0,402.6,,6036.875,1.0208428571428572,1.08,4.4738975,1377.61
Kepler-1884 b,Kepler-1884,1.0,Transit,2021.0,Kepler,8.988242303,0.08480000000000001,1.3506779683333334,,0.0,865.4,,5992.428571428572,0.91,0.9991666666666666,4.485917142857143,1443.09
Kepler-1885 b,Kepler-1885,1.0,Transit,2021.0,Kepler,2.5225845872857144,0.0358,16.578517591666667,,0.0,1196.6,,5535.428571428572,0.86,0.977,4.541965714285714,818.482
Kepler-1886 b,Kepler-1886,1.0,Transit,2021.0,Kepler,24.27622208625,0.1603,2.1852640466666666,,0.0,562.0,,5671.375,0.8500385714285714,0.9285,4.5784400000000005,1059.51
Kepler-1887 b,Kepler-1887,1.0,Transit,2021.0,Kepler,19.9475323025,0.14171999999999998,2.7640905950000003,,0.0,622.8,,5671.625,0.8566666666666666,0.9522499999999999,4.5395924999999995,1366.18
Kepler-1888 b,Kepler-1888,1.0,Transit,2021.0,Kepler,11.391676778571428,0.09962000000000001,1.17429786,,0.0,981.8,,5592.442857142857,1.56,0.9356666666666666,4.062885714285715,402.947
Kepler-1889 b,Kepler-1889,1.0,Transit,2021.0,Kepler,37.30361967,0.20982000000000003,2.53726781,,0.0,491.0,,5714.25,0.8275,0.8811666666666667,4.4965525,1395.13
Kepler-189 b,Kepler-189,1.0,Transit,2014.0,Kepler,10.399907289754545,0.0872442857142857,1.329888888888889,,0.0,674.6,,5137.0,0.7589171111111112,0.8336666666666667,4.589108888888889,591.534
Kepler-189 c,Kepler-189,1.0,Transit,2014.0,Kepler,20.134901785275,0.13569571428571428,2.7211,22.7,0.0,540.8,,5131.666666666667,0.7603381,0.8336666666666667,4.589297,591.534
Kepler-1890 b,Kepler-1890,1.0,Transit,2021.0,Kepler,4.820535007375,0.05813666666666667,0.8806676785714285,,0.0,1345.8,,6265.95125,1.3185983333333333,1.1141666666666665,4.238267142857143,529.596
Kepler-1891 b,Kepler-1891,1.0,Transit,2021.0,Kepler,4.022304859571428,0.047299999999999995,1.4118985933333335,,0.0,1012.8,,5510.052857142858,0.8213333333333334,0.8768333333333334,4.552697142857142,596.24
Kepler-1892 b,Kepler-1892,1.0,Transit,2021.0,Kepler,6.331262846285715,0.06344,1.49951323,,0.0,820.8,,5375.142857142857,0.7586666666666666,0.8525,4.600678571428571,851.595
Kepler-1893 b,Kepler-1893,1.0,Transit,2021.0,Kepler,4.179384216571429,0.0495,1.5925957416666667,,0.0,1188.0,,5636.0,1.1578,0.9496,4.29073,1050.72
Kepler-1894 b,Kepler-1894,1.0,Transit,2021.0,Kepler,2.762638946714286,0.038400000000000004,1.240196265,,0.0,1225.8,,5723.857142857143,0.8941666666666667,0.999,4.540827142857142,935.191
Kepler-1894 c,Kepler-1894,1.0,Transit,2023.0,Kepler,5.053677529714285,0.057479999999999996,1.2764999983333334,,0.0,1002.0,,5723.857142857143,0.8941666666666667,0.999,4.540827142857142,935.191
Kepler-1895 b,Kepler-1895,1.0,Transit,2021.0,Kepler,6.070319135571428,0.06132,1.5398912133333333,,0.0,784.0,,5041.0,0.7732,0.8516,4.555612857142857,984.187
Kepler-1896 b,Kepler-1896,1.0,Transit,2021.0,Kepler,44.86969674875,0.25251999999999997,2.6498933283333335,,0.0,522.6,,6044.0,0.9960000000000001,1.07,4.4594175,1732.91
Kepler-1897 b,Kepler-1897,1.0,Transit,2021.0,Kepler,24.22043439125,0.15448,2.369013256666667,,0.0,505.6,,5109.5,0.7724,0.8470000000000001,4.5667675,983.174
Kepler-1898 b,Kepler-1898,1.0,Transit,2021.0,Kepler,4.765594594,0.05173833333333333,0.8702193185714285,,0.0,1119.8,,5573.625,1.125,0.8276666666666667,4.339731428571429,360.921
Kepler-1899 b,Kepler-1899,1.0,Transit,2021.0,Kepler,4.095786898,0.04536,1.6851638199999999,,0.0,842.8,,4775.2585714285715,0.742,0.7591666666666667,4.595921428571429,711.509
Kepler-19 b,Kepler-19,1.0,Transit,2011.0,Kepler,9.28698990476923,0.08364708444999999,2.230545454545455,10.549570275,0.05888888888888889,781.0,,5533.666666666667,0.8612857142857143,0.918375,4.546633999999999,218.56200000000004
Kepler-19 c,Kepler-19,1.0,Transit Timing Variations,2011.0,Kepler,72.41669033333334,0.1765736996,,645.5267604266667,0.105,,,5542.5,0.8545,0.936,4.55,218.562
Kepler-19 d,Kepler-19,1.0,Radial Velocity,2017.0,Roque de los Muchachos Observatory,62.95,,,22.5,0.05,,,5544.0,0.859,0.936,4.51,218.562
Kepler-190 b,Kepler-190,1.0,Transit,2014.0,Kepler,2.019999453781818,0.029592857142857143,1.4513333333333334,,0.0,1176.2,,5152.75,0.7827365000000001,0.856,4.582476,433.387
Kepler-190 c,Kepler-190,1.0,Transit,2014.0,Kepler,3.7630364329636365,0.04475571428571429,1.5124444444444445,,0.0,955.8,,5152.75,0.7827365000000001,0.856,4.582476,433.387
Kepler-1900 b,Kepler-1900,1.0,Transit,2021.0,Kepler,2.9861811867142856,0.042,1.2488577933333334,,0.0,1348.0,,6123.428571428572,1.0325,1.1,4.426091428571429,1540.43
Kepler-1901 b,Kepler-1901,1.0,Transit,2021.0,Kepler,3.4841303437142854,0.0456,1.3306981783333331,,0.0,1201.8,,5871.571428571428,0.9571999999999999,1.0253333333333334,4.486445714285714,1028.37
Kepler-1902 b,Kepler-1902,1.0,Transit,2021.0,Kepler,3.822226993857143,0.03904,1.1476060216666666,,0.0,644.2,,3838.1428571428573,0.538493,0.5336666666666666,4.678614285714285,344.337
Kepler-1903 b,Kepler-1903,1.0,Transit,2021.0,Kepler,17.067658685714285,0.13344,1.907737325,,0.0,777.0,,6317.428571428572,1.0196666666666667,1.0602,4.4303171428571435,1775.44
Kepler-1904 b,Kepler-1904,1.0,Transit,2021.0,Kepler,4.577378861,0.043879999999999995,1.3886427714285716,,0.0,574.8,,3846.5714285714284,0.501009,0.526,4.762068571428571,270.854
Kepler-1905 b,Kepler-1905,1.0,Transit,2021.0,Kepler,3.423912277142857,0.044719999999999996,1.2076788999999999,,0.0,1192.8,,5858.562857142858,0.933,1.011,4.48193,1051.53
Kepler-1906 b,Kepler-1906,1.0,Transit,2021.0,Kepler,7.362716741714286,0.07384,2.0410262566666666,,0.0,899.8,,5845.428571428572,0.8933333333333334,0.9878333333333332,4.482815714285715,1360.6299999999999
Kepler-1907 b,Kepler-1907,1.0,Transit,2021.0,Kepler,5.652453898125,0.056240000000000005,0.8745328985714286,,0.0,852.2,,5101.25,0.7966666666666667,0.7531666666666667,4.545065714285714,292.111
Kepler-1907 c,Kepler-1907,1.0,Transit,2021.0,Kepler,14.8638822175,0.10701833333333333,5.747924348571429,,0.0,618.2,,5101.25,0.7966666666666667,0.7531666666666667,4.545065714285714,292.111
Kepler-1909 b,Kepler-1909,1.0,Transit,2021.0,Kepler,2.3916193924285714,0.03088,0.9953623516666666,,0.0,1033.4,,4946.5028571428575,0.6869736666666667,0.6738333333333334,4.5985828571428575,763.662
Kepler-191 b,Kepler-191,1.0,Transit,2014.0,Kepler,9.939639390763636,0.08607,1.419625,,0.0,700.2,,5207.768181818182,0.7831864444444444,0.8694999999999999,4.579909,594.464
Kepler-191 c,Kepler-191,1.0,Transit,2014.0,Kepler,17.738513746745454,0.12663142857142856,2.11225,,0.0,577.6,,5207.768181818182,0.7831864444444444,0.8694999999999999,4.579909,594.464
Kepler-191 d,Kepler-191,1.0,Transit,2016.0,Kepler,5.94504306871,0.060956666666666666,2.302285714285714,,0.0,831.6,,5200.344999999999,0.78245975,0.8694999999999999,4.578343333333333,594.464
Kepler-1910 b,Kepler-1910,1.0,Transit,2021.0,Kepler,5.688806592428571,0.05328000000000001,1.0056666666666667,,0.0,635.8,,4228.5,0.639,0.636,4.645,
Kepler-1911 b,Kepler-1911,1.0,Transit,2021.0,Kepler,5.990781539,0.06615,1.2782,,0.0,1281.0,,5973.333333333333,1.3986,1.0622,4.246403333333333,269.912
Kepler-1912 b,Kepler-1912,1.0,Transit,2021.0,Kepler,6.059218109625,0.066098,1.5544508466666667,,0.0,1159.75,,5774.38,0.9673832000000001,0.992,4.319488571428571,297.017
Kepler-1913 b,Kepler-1913,1.0,Transit,2021.0,Kepler,14.195956698333333,0.11954999999999999,1.709704118,,0.0,830.75,,6173.166666666667,1.0964,1.1236000000000002,4.445991666666667,876.2999999999998
Kepler-1914 b,Kepler-1914,1.0,Transit,2021.0,Kepler,30.82770563,0.1954,2.72859606,,0.0,585.0,,5891.142857142857,0.96,1.047,4.447082857142858,1621.56
Kepler-1915 b,Kepler-1915,1.0,Transit,2021.0,Kepler,13.835405671666669,0.114225,3.2895968259999995,,0.0,809.0,,5979.333333333333,1.0564,1.0325,4.401303333333334,1514.66
Kepler-1916 b,Kepler-1916,1.0,Transit,2021.0,Kepler,31.2545343,0.2059,2.43951447,,0.0,643.25,,6120.142857142857,1.13175,1.189,4.37192,2055.82
Kepler-1917 b,Kepler-1917,1.0,Transit,2021.0,Kepler,12.902372004999998,0.102625,1.5579425759999999,,0.0,678.75,,5481.87,0.7928000000000001,0.8699999999999999,4.566068333333333,909.0369999999999
Kepler-1918 b,Kepler-1918,1.0,Transit,2021.0,Kepler,47.056530988571424,0.2524,2.665526046,,0.0,497.0,,5742.428571428572,0.924,0.967,4.520337142857143,1030.11
Kepler-1919 b,Kepler-1919,1.0,Transit,2021.0,Kepler,37.886791544285714,0.2107,2.340781316,,0.0,479.0,,5439.857142857143,0.818,0.868,4.537451428571429,1177.53
Kepler-192 b,Kepler-192,1.0,Transit,2014.0,Kepler,9.926725392045455,0.08833571428571428,2.4892222222222227,,0.0,756.6,,5512.510833333334,0.98355225,0.9453333333333332,4.4905,651.674
Kepler-192 c,Kepler-192,1.0,Transit,2014.0,Kepler,21.223473555336366,0.14676285714285714,2.4866666666666664,,0.0,587.0,,5512.510833333334,0.98355225,0.9453333333333332,4.4905,651.674
Kepler-192 d,Kepler-192,1.0,Transit,2016.0,Kepler,6.470305498277778,0.06626666666666667,0.997625,,0.0,872.0,,5517.0419999999995,0.9789353333333333,0.9423999999999999,4.50575,651.674
Kepler-1920 b,Kepler-1920,1.0,Transit,2021.0,Kepler,30.254163125714285,0.204675,2.836831696,,0.0,662.25,,6171.188571428572,1.1646,1.245,4.399102857142857,885.9129999999999
Kepler-1921 b,Kepler-1921,1.0,Transit,2021.0,Kepler,20.03489875,0.15628999999999998,2.4007657633333332,,0.0,967.75,,6132.7474999999995,2.0100000000000002,1.251,3.899154285714286,928.989
Kepler-1921 c,Kepler-1921,1.0,Transit,2023.0,Kepler,3.157219223857143,0.045576000000000005,1.4835000066666666,,0.0,1791.75,,6129.355714285714,2.0100000000000002,1.251,3.9136733333333336,928.9890000000001
Kepler-1922 b,Kepler-1922,1.0,Transit,2021.0,Kepler,13.222615363333333,0.1077,1.690129808,,0.0,740.0,,5881.236666666667,0.8618,0.9512,4.495413333333333,1344.29
Kepler-1923 b,Kepler-1923,1.0,Transit,2021.0,Kepler,52.60888522571429,0.26487499999999997,1.435916358,,0.0,466.0,,5803.0,0.89875,0.8997499999999999,4.4558,990.838
Kepler-1924 b,Kepler-1924,1.0,Transit,2021.0,Kepler,15.331724921666668,0.11762500000000001,1.6328931439999999,,0.0,742.25,,5869.883333333334,1.0204,0.9396000000000001,4.337366666666667,1910.7699999999998
Kepler-1925 b,Kepler-1925,1.0,Transit,2021.0,Kepler,46.71653669571429,0.256325,1.984355844,,0.0,512.25,,5883.285714285715,0.9960000000000001,1.0256666666666667,4.347382857142857,1771.31
Kepler-1926 b,Kepler-1926,1.0,Transit,2021.0,Kepler,42.87746812142857,0.2197,2.658991922,,0.0,451.0,,5180.285714285715,0.8320000000000001,0.768,4.55982,667.405
Kepler-1927 b,Kepler-1927,1.0,Transit,2021.0,Kepler,73.7504494775,0.36056600000000005,2.4487117916666663,,0.0,506.0,,6056.5025000000005,2.26211,1.2093333333333334,4.078542857142857,1091.0
Kepler-1928 b,Kepler-1928,1.0,Transit,2021.0,Kepler,19.577799314444444,0.14777666666666667,2.1651618285714287,,0.086,721.5,,5708.653333333333,0.911847,0.987,4.395442857142857,326.362
Kepler-1929 b,Kepler-1929,1.0,Transit,2021.0,Kepler,59.36264541,0.333906,4.3965846016666665,,0.0,798.5,,5794.65,1.8673350000000002,1.029,3.746342857142857,508.201
Kepler-193 b,Kepler-193,1.0,Transit,2014.0,Kepler,11.38842304930909,0.1043357142857143,2.464111111111111,,0.0,923.6,,6144.25,1.0874272727272727,1.122,4.394462,1009.1
Kepler-193 c,Kepler-193,1.0,Transit,2014.0,Kepler,50.69832225654545,0.28197285714285714,2.8825555555555558,,0.0,562.0,,6144.25,1.0874272727272727,1.122,4.394462,1009.1
Kepler-1930 b,Kepler-1930,1.0,Transit,2021.0,Kepler,13.026790085714286,0.10246599999999999,1.669259235,,0.0,643.0,,5064.802857142858,0.844,0.8397142857142857,4.525253333333333,275.694
Kepler-1931 b,Kepler-1931,1.0,Transit,2021.0,Kepler,38.5757612825,0.23309799999999997,2.105372523333333,,0.0,681.25,,6294.155,1.3788,1.1616666666666666,4.2254885714285715,620.091
Kepler-1932 b,Kepler-1932,1.0,Transit,2021.0,Kepler,0.5241761424285715,0.01248,1.3774703633333332,,0.0,2006.5,,5296.285714285715,0.825846,0.908,4.523541666666667,713.733
Kepler-1933 b,Kepler-1933,1.0,Transit,2021.0,Kepler,4.9432915955,0.05585,1.7264734816666667,,0.0,1382.0,,5727.7925,0.9366576,0.9508333333333333,4.2114771428571425,328.007
Kepler-1934 b,Kepler-1934,1.0,Transit,2021.0,Kepler,1.4197533132857143,0.025012,0.8456795566666666,,0.0,1745.0,,6033.825714285714,1.0452,1.0333333333333332,4.405781666666667,428.514
Kepler-1935 b,Kepler-1935,1.0,Transit,2021.0,Kepler,3.9513854863333333,0.0463,44.136543392,,0.0,1083.0,,5574.666666666667,0.899,0.845,4.417751666666667,904.7019999999999
Kepler-1936 b,Kepler-1936,1.0,Transit,2021.0,Kepler,126.55720259375,0.549164,4.090192656666667,,0.0,524.0,,6452.3225,1.8539999999999999,1.3792857142857144,4.1150914285714295,871.096
Kepler-1937 b,Kepler-1937,1.0,Transit,2021.0,Kepler,9.688631778249999,0.09362000000000001,3.083152216666667,,0.0,1022.25,,6321.5,1.2116,1.1832857142857143,4.365225714285715,905.069
Kepler-1938 b,Kepler-1938,1.0,Transit,2021.0,Kepler,13.062450465714287,0.0938,1.4956578539999998,,0.0,527.0,,4539.142857142857,0.655,0.646,4.59536,421.152
Kepler-1939 b,Kepler-1939,1.0,Transit,2021.0,Kepler,2.7906491471666666,0.033475000000000005,0.982961546,,0.0,824.25,,4384.265,0.61575,0.645,4.670638333333334,189.833
Kepler-194 b,Kepler-194,1.0,Transit,2014.0,Kepler,2.09227456191,0.03186714285714286,1.5501111111111112,,0.0,1540.0,,5896.636363636364,1.031194,0.9858333333333333,4.375131111111111,1097.97
Kepler-194 c,Kepler-194,1.0,Transit,2014.0,Kepler,17.3078770301,0.13013714285714287,2.7285555555555554,,0.0,762.2,,5882.833333333333,1.0343099999999998,0.9907142857142858,4.376777,1097.97
Kepler-194 d,Kepler-194,1.0,Transit,2014.0,Kepler,52.814800408909086,0.27372857142857143,2.527888888888889,,0.0,525.6,,5882.833333333333,1.0343099999999998,0.9907142857142858,4.376777,1097.97
Kepler-1940 b,Kepler-1940,1.0,Transit,2021.0,Kepler,4.950615560166667,0.052425,1.405464938,,0.0,890.25,,5405.166666666667,0.7218,0.79,4.61427,798.5949999999999
Kepler-1941 b,Kepler-1941,1.0,Transit,2021.0,Kepler,31.33503798857143,0.20825,2.121953898,,0.0,669.0,,6375.428571428572,1.1594,1.2263333333333335,4.34992,1494.39
Kepler-1942 b,Kepler-1942,1.0,Transit,2021.0,Kepler,4.626031512166667,0.0516,1.71340574,,0.0,1011.25,,5800.0,0.797,0.852,4.549995,842.4919999999998
Kepler-1943 b,Kepler-1943,1.0,Transit,2021.0,Kepler,4.850230935571429,0.05763,1.059615315,,0.0,1098.0,,5957.041428571429,0.9730000000000001,1.0491666666666666,4.402386666666668,1004.55
Kepler-1944 b,Kepler-1944,1.0,Transit,2021.0,Kepler,9.842609535333333,0.091875,2.521942326,,0.0,802.5,,5551.833333333333,0.9732,1.0652000000000001,4.468711666666667,1076.48
Kepler-1945 b,Kepler-1945,1.0,Transit,2021.0,Kepler,6.080043148000001,0.0597,1.1018000000000001,,0.0,808.0,,4991.0,0.804,0.767,4.513,
Kepler-1946 b,Kepler-1946,1.0,Transit,2021.0,Kepler,3.0352047531666666,0.0394,1899.339625396,,0.0,1143.0,,5462.333333333333,0.8736925000000001,0.8891666666666667,4.503526666666667,1002.12
Kepler-1947 b,Kepler-1947,1.0,Transit,2021.0,Kepler,6.963555471285714,0.07163,1.2708611,,0.0,1297.25,,6023.268571428571,1.686,0.984,4.054283333333333,468.771
Kepler-1948 b,Kepler-1948,1.0,Transit,2021.0,Kepler,15.571345346666666,0.09972500000000001,0.770566452,,0.0,393.0,,3867.0,0.5384,0.5526,4.668326666666666,193.903
Kepler-1949 b,Kepler-1949,1.0,Transit,2021.0,Kepler,2.208292531166667,0.03385,1.285929082,,0.0,1531.25,,6063.213333333333,1.175,1.0602,4.257563333333333,2617.35
Kepler-195 b,Kepler-195,1.0,Transit,2014.0,Kepler,8.307844709,0.07672714285714285,2.2151111111111113,,0.0,748.0,,5279.181818181818,0.790734,0.883,4.589128888888889,652.051
Kepler-195 c,Kepler-195,1.0,Transit,2014.0,Kepler,34.096419309563636,0.19664857142857142,1.7363333333333335,,0.0,467.0,,5274.916666666667,0.7915409,0.883875,4.588474,652.051
Kepler-1950 b,Kepler-1950,1.0,Transit,2021.0,Kepler,10.777004615000001,0.0871,1.171392698,,0.0,752.75,,5466.843333333333,0.8505863333333333,0.759,4.476275,697.253
Kepler-1951 b,Kepler-1951,1.0,Transit,2021.0,Kepler,20.657828311666666,0.13779999999999998,1.246214376,,0.0,650.0,,5469.666666666667,1.0624,0.8384,4.23374,1277.32
Kepler-1952 b,Kepler-1952,1.0,Transit,2021.0,Kepler,27.210851494285716,0.1724,1.367846692,,0.0,725.0,,5954.639999999999,1.305,0.922,4.171,852.062
Kepler-1953 b,Kepler-1953,1.0,Transit,2021.0,Kepler,6.2456429296666665,0.060625,1.135149334,,0.0,737.0,,4819.0,0.7148,0.76725,4.600608333333334,605.631
Kepler-1954 b,Kepler-1954,1.0,Transit,2021.0,Kepler,5.883473750666667,0.0625,1.418471868,,0.0,948.25,,5846.0,0.8478,0.9378,4.537645,1373.83
Kepler-1955 b,Kepler-1955,1.0,Transit,2021.0,Kepler,14.265218837142857,0.117878,1.0305914633333335,,0.0,838.0,,5835.322857142857,1.2555859999999999,1.0576666666666668,4.2604283333333335,449.351
Kepler-1956 b,Kepler-1956,1.0,Transit,2021.0,Kepler,5.943743245666667,0.0563,1.1358804759999999,,0.0,674.0,,4357.666666666667,0.682,0.6685,4.622343333333333,360.468
Kepler-1957 b,Kepler-1957,1.0,Transit,2021.0,Kepler,2.1866035695000003,0.0299,0.876749734,,0.0,1099.0,,4871.585,0.7687071666666667,0.7458333333333332,4.539235000000001,460.89900000000006
Kepler-1958 b,Kepler-1958,1.0,Transit,2021.0,Kepler,9.328666492833333,0.085375,1.724248622,,0.0,802.25,,5695.166666666667,0.8586,0.9538333333333333,4.512695,1320.38
Kepler-1959 b,Kepler-1959,1.0,Transit,2021.0,Kepler,6.3867168266666665,0.0617,1.186631454,,0.0,811.0,,5057.333333333333,0.8110000000000002,0.768,4.5167399999999995,479.263
Kepler-196 b,Kepler-196,1.0,Transit,2014.0,Kepler,20.739922732354547,0.14046,2.5682222222222224,,0.0,674.6,,5199.083333333333,0.791274,0.8597999999999999,4.409742,451.31200000000007
Kepler-196 c,Kepler-196,1.0,Transit,2014.0,Kepler,47.427628852481824,0.2438557142857143,2.9512222222222224,,0.0,512.2,,5199.083333333333,0.791274,0.8597999999999999,4.409742,451.31200000000007
Kepler-196 d,Kepler-196,1.0,Transit,2021.0,Kepler,122.080138015,0.46246,4.401942788333334,,0.0,388.5,,5210.625,0.7813288,0.846,4.350611428571428,451.312
Kepler-1960 b,Kepler-1960,1.0,Transit,2021.0,Kepler,2.2979368576666666,0.035175,1.039499408,,0.0,1529.75,,6294.923333333333,1.0497999999999998,1.0892,4.405701666666666,1527.5600000000002
Kepler-1961 b,Kepler-1961,1.0,Transit,2021.0,Kepler,5.604728412,0.058575,1.20575616,,0.0,862.25,,5360.166666666667,0.7704000000000001,0.8664999999999999,4.575018333333333,1042.45
Kepler-1962 b,Kepler-1962,1.0,Transit,2021.0,Kepler,7.9914625426666674,0.076875,1.274927858,,0.0,910.0,,5826.5,0.9490000000000001,0.9597999999999999,4.474846666666667,866.826
Kepler-1963 b,Kepler-1963,1.0,Transit,2021.0,Kepler,1.9622774597142858,0.029670000000000002,0.7883950383333334,,0.0,1448.0,,5649.0,0.9789999999999999,0.915,4.44603,492.84700000000004
Kepler-1964 b,Kepler-1964,1.0,Transit,2021.0,Kepler,2.4408363459999998,0.03205,13.42221174,,0.0,994.25,,4800.0,0.7051999999999999,0.7405999999999999,4.6098,
Kepler-1965 b,Kepler-1965,1.0,Transit,2021.0,Kepler,41.86752489,0.23026200000000002,1.15552523,,0.0,493.5,,5747.6224999999995,0.8513333333333333,0.9275000000000001,4.5217285714285715,521.791
Kepler-1966 b,Kepler-1966,1.0,Transit,2021.0,Kepler,8.617391167166668,0.07314999999999999,0.9029586540000001,,0.0,684.25,,4970.263333333333,0.715083,0.7154,4.57165,484.60099999999994
Kepler-1967 b,Kepler-1967,1.0,Transit,2021.0,Kepler,7.281703694428572,0.07217199999999999,1.6020376283333333,,0.0,1086.75,,4926.857142857143,1.8060000000000003,0.9960000000000001,4.033433333333333,249.102
Kepler-1968 b,Kepler-1968,1.0,Transit,2021.0,Kepler,7.281184054333333,0.0696,1.432008068,,0.0,743.25,,4965.166666666667,0.7874000000000001,0.8446,4.582056666666667,750.93
Kepler-1969 b,Kepler-1969,1.0,Transit,2021.0,Kepler,6.647528775833333,0.0717,1.7123220019999998,,0.0,999.0,,5970.166666666667,1.007,1.111,4.491543333333333,1204.54
Kepler-197 b,Kepler-197,2.0,Transit,2014.0,Kepler,5.599320726666666,0.059518375812499996,1.1233636363636363,,0.002857142857142857,1145.6,,5988.046666666666,1.1603999999999999,0.9356,4.298356,330.57499999999993
Kepler-197 c,Kepler-197,2.0,Transit,2014.0,Kepler,10.349738956307144,0.08961184361249999,1.3081666666666667,5.3,0.011428571428571429,933.6,,5986.16,1.1603999999999999,0.9330000000000002,4.306508,330.575
Kepler-197 d,Kepler-197,2.0,Transit,2014.0,Kepler,15.6775449525,0.118200567375,1.2478181818181817,,0.004285714285714286,813.0,,5986.16,1.1603999999999999,0.9329999999999999,4.306508,330.575
Kepler-197 e,Kepler-197,2.0,Transit,2014.0,Kepler,25.21001817315385,0.16221079966250002,0.9447272727272726,,0.054285714285714284,694.6,,5986.16,1.1603999999999999,0.9356,4.306508,330.575
Kepler-1972 b,Kepler-1972,1.0,Transit,2022.0,Kepler,7.545677382,0.07891200000000001,0.8421666666666666,2.02,0.0134,1315.0,,5919.714285714285,1.4078024999999998,1.15975,3.999473333333333,287.339
Kepler-1972 c,Kepler-1972,1.0,Transit,2022.0,Kepler,11.323508319999998,0.10437666666666667,0.8185,2.11,0.014333333333333332,1215.0,,5929.4,1.4184033333333332,1.1553333333333333,3.99846,287.339
Kepler-1976 b,Kepler-1976,1.0,Transit Timing Variations,2023.0,Kepler,4.959396721333333,0.057958333333333334,11.748714285714286,,0.0,1116.6,,5921.0,1.04286,1.018,4.4311428571428575,1314.51
Kepler-1977 b,Kepler-1977,1.0,Transit,2023.0,Kepler,4.5370055612857145,0.0486,1.6053333383333335,,0.0,799.0,,4774.821428571428,0.7034969999999999,0.7555000000000001,4.625828571428571,592.711
Kepler-1978 b,Kepler-1978,1.0,Transit,2023.0,Kepler,10.84968544875,0.09118,3.0063333166666664,,0.0,671.0,,5222.75,0.7786000000000001,0.8718571428571428,4.5701575,865.512
Kepler-1979 b,Kepler-1979,1.0,Transit,2023.0,Kepler,18.508279894999998,0.13804,8.715333338333332,,0.0,680.6,,5876.1375,0.93091475,1.021375,4.5103425,1076.27
Kepler-198 b,Kepler-198,1.0,Transit,2014.0,Kepler,17.7899947316,0.13127142857142857,2.6607777777777777,,0.0,647.2,,5647.739166666666,0.9172,0.964375,4.507491,495.358
Kepler-198 c,Kepler-198,1.0,Transit,2014.0,Kepler,49.56746481335454,0.2599757142857143,2.5933333333333333,,0.0,459.8,,5647.739166666666,0.9172,0.964375,4.507491,495.358
Kepler-198 d,Kepler-198,1.0,Transit,2016.0,Kepler,1.3118448817700001,0.023103333333333333,1.41,,0.0,1542.8,,5654.442727272727,0.9115,0.964375,4.51199,495.358
Kepler-1980 b,Kepler-1980,1.0,Transit,2023.0,Kepler,33.02581864857143,0.197325,2.187000006,,0.0,540.75,,5791.285714285715,0.8939999999999999,1.023,4.4252142857142855,1709.4
Kepler-1981 b,Kepler-1981,1.0,Transit,2023.0,Kepler,453.54304745999997,1.2238666666666667,6.515499925,,0.0,310.0,,5969.89,1.6595,1.16625,4.041824,659.395
Kepler-1982 b,Kepler-1982,1.0,Transit,2023.0,Kepler,3.823161273285714,0.05162,0.9359333300000001,,0.0,1486.0,,6413.142857142857,1.1942233333333334,1.2756666666666667,4.30703,558.855
Kepler-1983 b,Kepler-1983,1.0,Transit,2023.0,Kepler,7.328505088714286,0.06828000000000001,45.53883333499999,,0.0,788.4,,5101.428571428572,0.8614,0.8030000000000002,4.502958571428572,424.428
Kepler-1984 b,Kepler-1984,1.0,Transit,2023.0,Kepler,1.9928202473333334,0.02335,1.9371199979999996,,0.0,664.5,,3620.0,0.40800000000000003,0.42525,4.85,
Kepler-1985 b,Kepler-1985,1.0,Transit,2023.0,Kepler,3.4206425164285714,0.0433,2.0034999933333335,,0.0,1106.6,,5394.28,0.9268000000000001,0.9115,4.462,
Kepler-1986 b,Kepler-1986,1.0,Transit,2023.0,Kepler,19.54900699,0.13055,1.9820000100000001,,0.0,578.25,,5505.918333333334,0.7318886666666667,0.776,4.61071,912.085
Kepler-1987 b,Kepler-1987,1.0,Transit,2023.0,Kepler,2.3458616774285717,0.03164,1.2733333316666666,,0.0,990.2,,4728.571428571428,0.7255615,0.78325,4.612797142857143,595.683
Kepler-1987 c,Kepler-1987,1.0,Transit,2023.0,Kepler,3.648317401714286,0.04256,1.4276666633333335,,0.0,854.0,,4728.571428571428,0.7255615,0.78325,4.612797142857143,595.683
Kepler-1987 d,Kepler-1987,1.0,Transit,2023.0,Kepler,5.644915172625,0.05688,2.8125000166666667,,0.0,738.8,,4726.375,0.7273911428571429,0.78325,4.60827,595.683
Kepler-1987 e,Kepler-1987,1.0,Transit,2023.0,Kepler,8.742928402124999,0.07614,1.9871666783333335,,0.0,638.4,,4726.375,0.7273911428571429,0.78325,4.60827,595.683
Kepler-1988 b,Kepler-1988,1.0,Transit,2023.0,Kepler,11.494914324285714,0.1116,2.16999999,,0.0,1321.75,,5968.0028571428575,2.7960000000000003,1.40825,3.7678,513.426
Kepler-1989 b,Kepler-1989,1.0,Transit,2023.0,Kepler,10.161016237375,0.09224000000000002,4.390166693333334,,0.0,896.8,,5979.125,1.0650000000000002,0.999,4.35307,1252.13
Kepler-199 b,Kepler-199,1.0,Transit,2014.0,Kepler,23.641193961000003,0.15993714285714286,3.3906666666666663,,0.0,682.0,,5808.054545454545,0.9259096,0.9778,4.425093333333333,521.054
Kepler-199 c,Kepler-199,1.0,Transit,2014.0,Kepler,67.0932975281909,0.3206585714285714,3.6565555555555553,,0.0,481.6,,5798.908333333333,0.9184745714285715,0.9819999999999999,4.434276,521.054
Kepler-1990 b,Kepler-1990,1.0,Transit,2023.0,Kepler,1.7351354495555555,0.02864,3.646571432857143,,0.0,1623.4,,5796.888888888889,1.0811366666666666,1.0435,4.3507025,392.739
Kepler-1990 c,Kepler-1990,1.0,Transit,2023.0,Kepler,4.068455265875,0.05071,1.0775714342857143,,0.0,1219.8,,5779.0,1.081282,1.0306666666666666,4.343044285714286,392.739
Kepler-1991 b,Kepler-1991,1.0,Transit,2023.0,Kepler,13.260854735,0.10749666666666667,1.3907142799999999,,0.0,708.6,,5552.25,0.9275345,0.9394999999999999,4.482671428571429,855.82
Kepler-1991 c,Kepler-1991,1.0,Transit,2023.0,Kepler,22.790153932222225,0.15412333333333333,2.3548571414285715,,0.0,591.4,,5543.888888888889,0.9350591428571429,0.9427999999999999,4.47705,855.82
Kepler-1992 b,Kepler-1992,1.0,Transit,2023.0,Kepler,15.611229991250001,0.11542166666666666,0.9468571357142856,,0.0,679.8,,5419.80875,0.9219999999999999,0.8441428571428571,4.424262857142857,532.955
Kepler-1993 b,Kepler-1993,1.0,Transit,2023.0,Kepler,26.65658664125,0.193188,4.120000008333333,,0.0,903.0,,5079.9925,3.062,1.373,3.604,1031.91
Kepler-1994 b,Kepler-1994,1.0,Transit,2023.0,Kepler,4.61226732075,0.051893333333333326,0.5581571428571429,,0.0,1025.6,,5463.04875,0.949,0.8694285714285714,4.412998571428572,241.991
Kepler-1995 b,Kepler-1995,1.0,Transit,2023.0,Kepler,73.75781569444445,0.3273216666666667,4.3334285857142865,,0.0,378.2,,4916.666666666667,0.8922611428571429,0.8424999999999999,4.43293,595.331
Kepler-1996 b,Kepler-1996,1.0,Transit,2023.0,Kepler,32.37632842111111,0.17506166666666667,1.9077142728571428,,0.0,382.8,,4553.555555555556,0.6548333333333334,0.7226666666666667,4.622975,440.561
Kepler-1996 c,Kepler-1996,1.0,Transit,2023.0,Kepler,92.72918706,0.35296666666666665,2.387857137142857,,0.0,269.2,,4553.555555555556,0.6548333333333334,0.7226666666666667,4.622975,440.561
Kepler-1997 b,Kepler-1997,1.0,Transit,2023.0,Kepler,26.757779648571425,0.180975,2.450600016,,0.0,655.5,,6154.714285714285,1.052,1.111,4.441548571428571,1502.34
Kepler-1998 b,Kepler-1998,1.0,Transit,2023.0,Kepler,3.032678855,0.03979333333333333,0.6477428542857143,,0.0,1197.4,,5672.805,0.8991666666666668,0.958,4.482854285714286,340.965
Kepler-1999 b,Kepler-1999,1.0,Transit,2023.0,Kepler,8.73953231375,0.07125000000000001,1429.94099999,,0.0,576.5,,4397.75,0.6276666666666667,0.632,4.6229525,701.255
Kepler-20 b,Kepler-20,2.0,Transit,2011.0,Kepler,3.6961172130285713,0.04532621244,1.9569166666666666,9.4032438425,0.04811111111111111,1097.875,,5485.714285714285,0.9230346,0.932,4.460411818181818,282.563
Kepler-20 c,Kepler-20,2.0,Transit,2011.0,Kepler,10.85409330117857,0.09302286658,2.9940833333333337,13.3750076975,0.07066666666666667,767.0,,5485.714285714285,0.9230346,0.932,4.460411818181818,282.563
Kepler-20 d,Kepler-20,2.0,Transit,2011.0,Kepler,77.61154281745713,0.34499762851,2.6243333333333334,14.1291912075,0.08524999999999999,398.125,,5485.714285714285,0.9230346,0.932,4.460411818181818,282.563
Kepler-20 e,Kepler-20,2.0,Transit,2011.0,Kepler,6.0985246632923085,0.06323315731111111,0.8289166666666666,1.92,0.0465,954.1428571428571,,5486.307692307692,0.9239293333333334,0.932,4.461002,282.563
Kepler-20 f,Kepler-20,2.0,Transit,2011.0,Kepler,19.577654638807143,0.1376519395,0.971,7.8500000000000005,0.051750000000000004,646.7142857142857,,5486.5,0.9230346,0.932,4.464320909090909,282.563
Kepler-20 g,Kepler-20,2.0,Radial Velocity,2016.0,Multiple Observatories,34.9455045,0.20529157115,,20.465073055,0.075,524.0,,5495.0,0.9639,0.945,4.446,282.563
Kepler-200 b,Kepler-200,1.0,Transit,2014.0,Kepler,8.594804779863637,0.08181142857142856,2.3875555555555557,,0.0,1007.4,,5867.054166666666,0.9737669999999999,1.0286666666666668,4.376317,665.912
Kepler-200 c,Kepler-200,1.0,Transit,2014.0,Kepler,10.22214559249,0.09183571428571428,1.890666666666667,,0.0,950.8,,5869.645454545454,0.9717076666666666,1.026,4.365753333333334,665.912
Kepler-2000 b,Kepler-2000,1.0,Transit,2023.0,Kepler,6.382810309666667,0.05614,2.7657142757142856,,0.0,529.8,,3830.0,0.5664,0.5864,4.68081,320.588
Kepler-2000 c,Kepler-2000,1.0,Transit,2023.0,Kepler,20.618375353333334,0.1226,1.5715714257142857,,0.0,358.6,,3830.0,0.5664,0.5864,4.68081,320.588
Kepler-2001 b,Kepler-2001,1.0,Transit,2023.0,Kepler,1.0900169925,0.0197,1.064199996,,0.0,1413.25,,5046.5,0.7751508333333333,0.8592000000000001,4.585553333333333,776.5499999999998
Kepler-2001 c,Kepler-2001,1.0,Transit,2023.0,Kepler,14.0934202235,0.10758000000000001,2.19833332,,0.0,595.8,,5016.25,0.77283,0.8592000000000001,4.59108,776.55
Kepler-201 b,Kepler-201,1.0,Transit,2014.0,Kepler,25.67212703798182,0.17673428571428573,2.707333333333333,,0.0,709.4,,6150.044166666667,1.2445714285714284,1.1736666666666666,4.312272999999999,636.445
Kepler-201 c,Kepler-201,1.0,Transit,2014.0,Kepler,151.88559400145456,0.5781585714285714,2.4467777777777777,,0.0,392.4,,6150.044166666667,1.2445714285714284,1.1736666666666666,4.312272999999999,636.445
Kepler-202 b,Kepler-202,1.0,Transit,2014.0,Kepler,4.069424980963636,0.04495428571428572,1.7518888888888888,,0.0,828.8,,4720.4608333333335,0.701,0.7444285714285714,4.597303,285.111
Kepler-202 c,Kepler-202,1.0,Transit,2014.0,Kepler,16.282483263927272,0.11327285714285715,1.9777777777777779,,0.0,522.0,,4720.4608333333335,0.701,0.7444285714285714,4.597303,285.111
Kepler-203 b,Kepler-203,1.0,Transit,2014.0,Kepler,3.1626924137545456,0.04243142857142857,2.406111111111111,,0.0,1245.4,,5882.893333333333,1.06608875,1.0097999999999998,4.4330869999999996,703.302
Kepler-203 c,Kepler-203,1.0,Transit,2014.0,Kepler,5.370672881283333,0.06037571428571429,2.2777000000000003,749.9,0.0,1043.2,,5882.893333333333,1.0633871428571429,1.0098333333333331,4.4330869999999996,703.3019999999999
Kepler-203 d,Kepler-203,1.0,Transit,2014.0,Kepler,11.329759782558334,0.09931714285714285,1.3073000000000001,33.9,0.0,813.2,,5882.893333333333,1.0633871428571429,1.0098333333333331,4.4330869999999996,703.3019999999999
Kepler-204 b,Kepler-204,1.0,Transit,2014.0,Kepler,14.400947478781818,0.11629142857142857,2.3217777777777777,,0.0,811.2,,5918.833333333333,1.05989,1.0376,4.37952,686.723
Kepler-204 c,Kepler-204,1.0,Transit,2014.0,Kepler,25.6613015186,0.17101000000000002,1.4804444444444445,,0.0,669.4,,5918.833333333333,1.05989,1.0376,4.37952,686.723
Kepler-205 b,Kepler-205,1.0,Transit,2014.0,Kepler,2.7559974863333334,0.03124,1.3905454545454545,,0.0,705.1666666666666,M1 V,4109.446153846154,0.579186,0.5873333333333334,4.72954,159.72
Kepler-205 c,Kepler-205,1.0,Transit,2014.0,Kepler,20.306878524758332,0.11861,1.5735454545454546,,0.0,361.6666666666667,M1 V,4109.446153846154,0.579186,0.5873333333333334,4.72954,159.72
Kepler-206 b,Kepler-206,1.0,Transit,2014.0,Kepler,7.7820220759000005,0.07666428571428571,1.194,,0.0,978.4,,5746.347272727273,1.1381514285714285,0.9841666666666667,4.328106666666667,594.447
Kepler-206 c,Kepler-206,1.0,Transit,2014.0,Kepler,13.137452544063636,0.10886,1.709111111111111,,0.0,821.2,,5733.185833333333,1.14269875,0.985,4.324694,594.447
Kepler-206 d,Kepler-206,1.0,Transit,2014.0,Kepler,23.443003171618184,0.15999142857142856,1.0903333333333332,,0.0,677.2,,5733.185833333333,1.14269875,0.985,4.324694,594.447
Kepler-207 b,Kepler-207,1.0,Transit,2014.0,Kepler,1.6118846778799998,0.028068571428571425,1.4122222222222223,,0.0,1755.0,,6009.727272727273,1.6032,1.0995,4.2138044444444445,875.5190000000001
Kepler-207 c,Kepler-207,1.0,Transit,2014.0,Kepler,3.0715518511111113,0.04313,1.3687777777777779,,0.0,1413.4,,6014.1,1.57675,1.1008571428571428,4.240702499999999,875.519
Kepler-207 d,Kepler-207,1.0,Transit,2014.0,Kepler,5.868067067345454,0.06649285714285715,2.9872222222222224,,0.0,1138.4,,6006.083333333333,1.651335,1.0984444444444443,4.192286,875.5189999999999
Kepler-208 b,Kepler-208,1.0,Transit,2014.0,Kepler,4.2286501607090905,0.05310857142857143,1.649888888888889,,0.0,1323.6,,6052.058333333333,1.315086,1.117625,4.254149,775.328
Kepler-208 c,Kepler-208,1.0,Transit,2014.0,Kepler,7.466604569518182,0.07755428571428571,1.4478888888888888,,0.0,1095.4,,6052.058333333333,1.315086,1.117625,4.254149,775.328
Kepler-208 d,Kepler-208,1.0,Transit,2014.0,Kepler,11.1317353308,0.10109857142857144,1.2798888888888889,,0.0,959.0,,6056.709090909091,1.3144711111111111,1.1187142857142858,4.255517777777778,775.328
Kepler-208 e,Kepler-208,1.0,Transit,2014.0,Kepler,16.259479198036363,0.13010142857142856,1.5265555555555557,,0.0,845.4,,6052.058333333333,1.315086,1.117625,4.254149,775.328
Kepler-209 b,Kepler-209,1.0,Transit,2014.0,Kepler,16.087858601554544,0.12092428571428572,2.5565555555555557,,0.0,704.4,,5513.744166666667,0.9508788571428572,0.9441666666666667,4.424792,576.946
Kepler-209 c,Kepler-209,1.0,Transit,2014.0,Kepler,41.74953953115455,0.22840714285714286,3.233888888888889,,0.0,512.4,,5513.744166666667,0.9508788571428572,0.9441666666666667,4.424792,576.946
Kepler-21 b,Kepler-21,2.0,Transit,2012.0,Kepler,2.7858117647499996,0.04247046666666667,1.6555818181818183,7.66,0.0025,1874.75,F6 IV,6194.6030769230765,1.8943919999999999,1.326625,4.005032,108.522
Kepler-210 b,Kepler-210,1.0,Transit,2014.0,Kepler,2.453231043875,0.02972857142857143,2.5107777777777778,,0.0,753.0,M0 V,4229.986923076924,0.626297,0.5711428571428572,4.684577272727273,232.75
Kepler-210 c,Kepler-210,1.0,Transit,2014.0,Kepler,7.972515224966667,0.06518,3.530333333333333,,0.0,508.1666666666667,M0 V,4229.986923076924,0.626297,0.5711428571428572,4.684577272727273,232.75
Kepler-211 b,Kepler-211,1.0,Transit,2014.0,Kepler,4.138580821166666,0.04891857142857143,1.921888888888889,,0.0,1244.2,,5233.1449999999995,0.775768875,0.917888888888889,4.364839999999999,309.353
Kepler-211 c,Kepler-211,1.0,Transit,2014.0,Kepler,6.040418049641667,0.06296,2.022,18.3,0.0,1097.0,,5233.1449999999995,0.775768875,0.917888888888889,4.364839999999999,309.353
Kepler-212 b,Kepler-212,1.0,Transit,2014.0,Kepler,16.25806861923,0.13188285714285714,0.9612222222222222,,0.0,782.2,,5887.48,1.402,1.1308,4.268895555555556,687.194
Kepler-212 c,Kepler-212,1.0,Transit,2014.0,Kepler,31.80485005960909,0.20619285714285715,2.527111111111111,,0.0,625.4,,5886.951666666667,1.402,1.1308,4.253659000000001,687.194
Kepler-213 b,Kepler-213,1.0,Transit,2014.0,Kepler,2.46234497714,0.03572714285714285,1.329,,0.0,1294.4,,5744.363636363636,1.0916314285714286,1.0015,4.4528155555555555,634.939
Kepler-213 c,Kepler-213,1.0,Transit,2014.0,Kepler,4.822969042888889,0.05609000000000001,2.002222222222222,,0.0,1033.6,,5747.6,1.0794000000000001,0.9982,4.46620875,634.939
Kepler-214 b,Kepler-214,1.0,Transit,2014.0,Kepler,15.66057201248182,0.12654714285714286,2.3296666666666663,,0.0,785.0,,6146.892499999999,1.2236,1.1215000000000002,4.314802,1208.44
Kepler-214 c,Kepler-214,1.0,Transit,2014.0,Kepler,28.779711062327273,0.18986857142857144,2.1743333333333332,,0.0,640.6,,6146.892499999999,1.2236,1.1215000000000002,4.314802,1208.44
Kepler-215 b,Kepler-215,1.0,Transit,2014.0,Kepler,9.360622211127271,0.08261857142857143,1.6263333333333334,,0.0,876.0,,5719.159166666667,0.9490978888888889,0.9456666666666665,4.447793,485.997
Kepler-215 c,Kepler-215,1.0,Transit,2014.0,Kepler,14.667184817091666,0.11139714285714286,1.4593333333333334,,0.0,754.2,,5719.159166666667,0.9549880999999999,0.8793333333333333,4.447793,485.997
Kepler-215 d,Kepler-215,1.0,Transit,2014.0,Kepler,30.864370508999997,0.18290857142857142,2.379,23.6,0.0,588.8,,5719.159166666667,0.9549880999999999,0.8793333333333333,4.447793,485.997
Kepler-215 e,Kepler-215,1.0,Transit,2014.0,Kepler,68.16124080847273,0.31023000000000006,1.6526666666666667,,0.0,451.8,,5719.159166666667,0.9490978888888889,0.9456666666666665,4.447793,485.997
Kepler-216 b,Kepler-216,1.0,Transit,2014.0,Kepler,7.693618116763637,0.07851428571428572,2.2246666666666663,,0.0,1017.2,,6162.195833333334,1.30525,1.1155555555555554,4.289327999999999,1187.47
Kepler-216 c,Kepler-216,1.0,Transit,2014.0,Kepler,17.406644131236366,0.13544571428571428,2.9651111111111113,,0.0,774.4,,6162.195833333334,1.30525,1.1155555555555554,4.289327999999999,1187.47
Kepler-217 b,Kepler-217,1.0,Transit,2014.0,Kepler,5.3749003889,0.06624,2.072111111111111,,0.0,1372.8,,6559.330833333333,1.77088625,1.397,4.152588,1104.64
Kepler-217 c,Kepler-217,1.0,Transit,2014.0,Kepler,8.586009077154545,0.09048142857142857,1.7175555555555555,,0.0,1175.0,,6559.330833333333,1.77088625,1.397,4.152588,1104.64
Kepler-217 d,Kepler-217,1.0,Transit,2016.0,Kepler,3.8868855408888887,0.05356666666666667,1.255375,,0.0,1528.8,,6588.197999999999,1.7631766666666666,1.396625,4.177115,1104.64
Kepler-218 b,Kepler-218,1.0,Transit,2014.0,Kepler,3.6193158770181815,0.046124285714285715,1.6065555555555555,,0.0,1160.6,,5519.0,1.05175,0.9862222222222221,4.375581,656.38
Kepler-218 c,Kepler-218,1.0,Transit,2014.0,Kepler,44.699513157,0.24699857142857143,3.021333333333333,,0.0,501.4,,5520.545454545455,1.05175,0.98825,4.380393333333334,656.38
Kepler-218 d,Kepler-218,1.0,Transit,2016.0,Kepler,124.5244107153,0.4887066666666667,2.745625,,0.0,356.6,,5520.545454545455,1.046375,0.9862222222222221,4.373867777777778,656.38
Kepler-219 b,Kepler-219,1.0,Transit,2014.0,Kepler,4.585473831,0.05686571428571429,2.7174444444444443,,0.0,1247.4,,5804.319166666667,1.33023625,1.1622857142857141,4.2236139999999995,787.07
Kepler-219 c,Kepler-219,1.0,Transit,2014.0,Kepler,22.714422010891667,0.16517,3.2921111111111108,,0.0,731.8,,5804.319166666667,1.3304322222222222,1.16075,4.2236139999999995,787.0699999999999
Kepler-219 d,Kepler-219,1.0,Transit,2014.0,Kepler,47.9036592214,0.2715971428571428,2.7068000000000003,19.1,0.0,570.8,,5804.319166666667,1.3304322222222222,1.16075,4.2236139999999995,787.0699999999999
Kepler-22 b,Kepler-22,1.0,Transit,2011.0,Kepler,289.863821044,0.8298285714285714,2.191111111111111,22.55,0.10285714285714286,264.14285714285717,G5 V,5589.090909090909,0.8810971999999999,0.951875,4.478131111111111,194.642
Kepler-220 b,Kepler-220,1.0,Transit,2014.0,Kepler,4.159817524466667,0.0453297570125,0.8365454545454546,,0.0,792.6,,4595.529230769231,0.6817500000000001,0.7181,4.6006160000000005,171.109
Kepler-220 c,Kepler-220,1.0,Transit,2014.0,Kepler,9.034197388516667,0.0759553369625,1.6717272727272727,,0.0,611.8,,4595.529230769231,0.6817500000000001,0.7181,4.6006160000000005,171.109
Kepler-220 d,Kepler-220,1.0,Transit,2014.0,Kepler,28.12249485799167,0.1620520404625,0.9806363636363635,,0.0,419.0,,4595.529230769231,0.6817500000000001,0.7181,4.6006160000000005,171.109
Kepler-220 e,Kepler-220,1.0,Transit,2014.0,Kepler,45.90293587156666,0.2246961438625,1.2806363636363636,,0.0,356.0,,4595.529230769231,0.6817500000000001,0.7181,4.6006160000000005,171.109
Kepler-221 b,Kepler-221,1.0,Transit,2014.0,Kepler,2.795903955807692,0.03582285714285714,1.569,5.95575,0.0,1089.4,,5276.780833333333,0.7628954545454545,0.844,4.574331,385.23100000000005
Kepler-221 c,Kepler-221,1.0,Transit,2014.0,Kepler,5.690619225884616,0.057499999999999996,2.8651,12.2,0.0,859.4,,5276.780833333333,0.7628954545454545,0.844,4.574331,385.23100000000005
Kepler-221 d,Kepler-221,1.0,Transit,2014.0,Kepler,10.041567867425,0.08414999999999999,2.695222222222222,3.61,0.0,710.6,,5276.780833333333,0.764085,0.844,4.574331,385.231
Kepler-221 e,Kepler-221,1.0,Transit,2014.0,Kepler,18.369781747325003,0.12583000000000003,2.793,7.86706,0.0,580.8,,5276.780833333333,0.764085,0.844,4.574331,385.231
Kepler-222 b,Kepler-222,1.0,Transit,2014.0,Kepler,3.9369928417454547,0.04767142857142857,3.1737777777777776,,0.0,994.2,,5323.833333333333,0.8447144,0.8846,4.55191,758.8539999999999
Kepler-222 c,Kepler-222,1.0,Transit,2014.0,Kepler,10.08880286320909,0.08950142857142858,4.673444444444445,,0.0,726.0,,5323.833333333333,0.8447144,0.8846,4.55191,758.8539999999999
Kepler-222 d,Kepler-222,1.0,Transit,2014.0,Kepler,28.081939850409093,0.17707571428571428,3.6317777777777778,,0.0,516.4,,5323.833333333333,0.8447144,0.8846,4.55191,758.8539999999999
Kepler-223 b,Kepler-223,1.0,Transit,2014.0,Kepler,7.384415338725,0.07313571428571429,2.1857272727272727,5.7,0.013,977.8,,5790.545454545455,1.2286688888888888,1.033,4.319137777777778,1859.71
Kepler-223 c,Kepler-223,1.0,Transit,2014.0,Kepler,9.847917772161539,0.08849571428571427,2.8702727272727273,8.75,0.024999999999999998,888.8,,5791.583333333333,1.3665757142857142,1.033875,4.296536,1859.7100000000003
Kepler-223 d,Kepler-223,1.0,Transit,2014.0,Kepler,14.787845390833334,0.11619428571428571,3.9882727272727276,6.95,0.006166666666666667,775.6,,5790.545454545455,1.2286688888888888,1.033,4.319137777777778,1859.71
Kepler-223 e,Kepler-223,1.0,Transit,2014.0,Kepler,19.723968393358334,0.14065857142857144,19.172800000000002,4.8,0.008499999999999999,704.6,,5791.583333333333,1.3665757142857142,1.033875,4.296536,1859.71
Kepler-224 b,Kepler-224,1.0,Transit,2014.0,Kepler,3.13294722968,0.038335714285714285,1.4753333333333334,,0.0,972.8,,5101.090909090909,0.6972857142857143,0.7722,4.636071111111111,782.0879999999999
Kepler-224 c,Kepler-224,1.0,Transit,2014.0,Kepler,5.924995281945455,0.05866285714285714,3.231111111111111,,0.0,785.8,,5096.75,0.6972857142857143,0.781,4.636896,782.0880000000001
Kepler-224 d,Kepler-224,1.0,Transit,2014.0,Kepler,11.349345156218181,0.09048999999999999,2.491,,0.0,632.4,,5096.75,0.6972857142857143,0.781,4.636896,782.0880000000001
Kepler-224 e,Kepler-224,1.0,Transit,2014.0,Kepler,18.64356426250909,0.1259414285714286,2.0983333333333336,,0.0,536.2,,5096.75,0.6972857142857143,0.781,4.636896,782.0880000000001
Kepler-225 b,Kepler-225,1.0,Transit,2014.0,Kepler,6.738943325681817,0.05573857142857143,1.4278181818181819,,0.0,503.6666666666667,M1 V,3988.3846153846152,0.5795999999999999,0.6398571428571429,4.66814,561.101
Kepler-225 c,Kepler-225,1.0,Transit,2014.0,Kepler,18.794260167641667,0.11036285714285714,2.126181818181818,,0.0,358.3333333333333,M1 V,4001.0714285714284,0.6038333333333333,0.6411250000000001,4.650381818181819,561.101
Kepler-226 b,Kepler-226,1.0,Transit,2014.0,Kepler,3.9410365057999996,0.046849999999999996,1.6260000000000001,24.0,0.0,1016.8,,5437.0,0.8252222222222223,0.8907142857142858,4.540282222222222,980.138
Kepler-226 c,Kepler-226,1.0,Transit,2014.0,Kepler,5.349593864791667,0.057531428571428574,2.5823,45.2,0.0,917.4,,5428.75,0.8406,0.8907142857142858,4.536781,980.138
Kepler-226 d,Kepler-226,1.0,Transit,2014.0,Kepler,8.10908216899,0.07591714285714286,1.2604444444444445,,0.0,798.0,,5437.0,0.8406,0.8925000000000001,4.540282222222222,980.138
Kepler-227 b,Kepler-227,1.0,Transit,2014.0,Kepler,9.488038191072727,0.08779857142857142,2.7794444444444446,,0.0,860.6,,5658.1575,0.9740568571428572,0.9648,4.444564,1083.06
Kepler-227 c,Kepler-227,1.0,Transit,2014.0,Kepler,54.418375656509085,0.28173571428571426,2.9659999999999997,,0.0,480.4,,5658.1575,0.9740568571428572,0.9648,4.444564,1083.06
Kepler-228 b,Kepler-228,1.0,Transit,2014.0,Kepler,2.56658376534,0.03734,1.6114444444444445,,0.0,1355.2,,5867.363636363636,1.0010000000000001,1.03475,4.447175555555556,1644.61
Kepler-228 c,Kepler-228,1.0,Transit,2014.0,Kepler,4.134434097063636,0.05130428571428571,2.9845555555555556,,0.0,1155.6,,5851.333333333333,1.0010000000000001,1.032,4.432637,1644.61
Kepler-228 d,Kepler-228,1.0,Transit,2014.0,Kepler,11.094322115781818,0.0992,4.117999999999999,,0.0,831.4,,5851.333333333333,1.0010000000000001,1.032,4.432637,1644.61
Kepler-229 b,Kepler-229,1.0,Transit,2014.0,Kepler,6.252969554745454,0.06198571428571429,2.355888888888889,,0.0,784.8,,5024.083333333333,0.7434775555555555,0.8015,4.594852,826.265
Kepler-229 c,Kepler-229,1.0,Transit,2014.0,Kepler,16.068634586281817,0.11620857142857144,5.176888888888889,,0.0,573.6,,5024.083333333333,0.7434775555555555,0.8015,4.594852,826.265
Kepler-229 d,Kepler-229,1.0,Transit,2014.0,Kepler,41.196487859,0.2179242857142857,3.592222222222222,,0.0,419.0,,5037.090909090909,0.7423165,0.8018000000000001,4.5956311111111114,826.2649999999999
Kepler-23 b,Kepler-23,1.0,Transit,2011.0,Kepler,7.106493135442856,0.07428857142857144,1.8381666666666667,90.68666666666667,0.011,1203.0,,5831.301538461538,1.5352228571428572,1.0731666666666666,4.071876363636364,835.756
Kepler-23 c,Kepler-23,1.0,Transit,2011.0,Kepler,10.742184394615386,0.09780142857142857,3.126909090909091,308.7033333333333,0.005857142857142858,1048.6,,5828.745,1.5354107692307695,1.0743636363636364,4.069823,835.756
Kepler-23 d,Kepler-23,1.0,Transit,2014.0,Kepler,15.274064229914286,0.12351714285714285,2.2385454545454544,11.020000000000001,0.012857142857142857,932.4,,5836.532307692308,1.5372228571428572,1.0698181818181818,4.091164,835.756
Kepler-230 b,Kepler-230,1.0,Transit,2014.0,Kepler,32.62810991400001,0.1893142857142857,1884.89525,,0.0,507.4,,5458.727272727273,0.7997142857142857,0.8443999999999999,4.57606,740.754
Kepler-230 c,Kepler-230,1.0,Transit,2014.0,Kepler,91.77450342903636,0.37725714285714285,2.1661111111111113,,0.0,359.2,,5448.25,0.796375,0.8443999999999999,4.581681,740.754
Kepler-231 b,Kepler-231,1.0,Transit,2014.0,Kepler,10.065568103514286,0.07411666666666666,1.852833333333333,63.218149999999994,0.0,453.8,,4000.076923076923,0.571234,0.61025,4.732029090909091,316.618
Kepler-231 c,Kepler-231,1.0,Transit,2014.0,Kepler,19.271193323571428,0.11395714285714287,1.9133846153846152,17.234650000000002,0.0,362.1666666666667,M1 V,3976.076923076923,0.5690005555555556,0.5805,4.735174,316.618
Kepler-232 b,Kepler-232,1.0,Transit,2014.0,Kepler,4.43123176006,0.05328333333333333,3.118125,,0.0,1074.6,,5721.818181818182,0.9742857142857143,0.9833999999999999,4.443974,1349.13
Kepler-232 c,Kepler-232,1.0,Transit,2014.0,Kepler,11.3793724524,0.10001666666666666,3.806,,0.0,784.0,,5721.818181818182,0.9742857142857143,0.9833999999999999,4.443974,1349.13
Kepler-233 b,Kepler-233,1.0,Transit,2014.0,Kepler,8.47238246507,0.07753333333333333,2.63275,,0.0,748.2,,5295.727272727273,0.792,0.8822857142857143,4.570328999999999,856.4169999999999
Kepler-233 c,Kepler-233,1.0,Transit,2014.0,Kepler,60.41883955969,0.28776666666666667,2.615875,,0.0,388.2,,5295.727272727273,0.792,0.8822857142857143,4.570328999999999,856.4169999999999
Kepler-234 b,Kepler-234,1.0,Transit,2014.0,Kepler,2.7115042430727274,0.03977714285714286,3.5843333333333334,,0.0,1401.4,,6059.0,1.11475,1.1293333333333333,4.387068,1733.0999999999997
Kepler-234 c,Kepler-234,1.0,Transit,2014.0,Kepler,7.212033833927273,0.07637000000000001,3.569222222222222,,0.0,1012.0,,6059.0,1.11475,1.1293333333333333,4.387068,1733.0999999999997
Kepler-235 b,Kepler-235,1.0,Transit,2014.0,Kepler,3.340205812728571,0.03543625,2.232923076923077,,0.0,664.7142857142857,M0 V,4020.266666666667,0.546,0.524,4.715556666666667,428.018
Kepler-235 c,Kepler-235,1.0,Transit,2014.0,Kepler,7.825435841091667,0.06241571428571429,1.2739166666666668,,0.0,505.5,,4026.3846153846152,0.546,0.5263333333333333,4.7226372727272725,428.018
Kepler-235 d,Kepler-235,1.0,Transit,2014.0,Kepler,20.06038576562143,0.11683875,2.1003846153846153,,0.0,366.14285714285717,M0 V,4020.266666666667,0.546,0.524,4.715556666666667,428.018
Kepler-235 e,Kepler-235,1.0,Transit,2014.0,Kepler,46.183848545428575,0.20372125,2.029230769230769,,0.0,277.57142857142856,M0 V,4020.266666666667,0.546,0.524,4.715556666666667,428.018
Kepler-236 b,Kepler-236,1.0,Transit,2014.0,Kepler,8.296042088363636,0.06535,1.703818181818182,,0.0,471.8,,3815.3333333333335,0.524875,0.5475,4.725592000000001,288.763
Kepler-236 c,Kepler-236,1.0,Transit,2014.0,Kepler,23.968441244515382,0.13240714285714286,1.9015000000000002,,0.0,330.6666666666667,M1 V,3812.4285714285716,0.5232222222222223,0.5464285714285715,4.71808,288.763
Kepler-237 b,Kepler-237,1.0,Transit,2014.0,Kepler,4.71508576895,0.04987428571428571,1.5127777777777778,,0.0,817.8,,4864.363636363636,0.743,0.7486666666666667,4.563573333333333,657.822
Kepler-237 c,Kepler-237,1.0,Transit,2014.0,Kepler,8.103622698381818,0.07143142857142858,2.2432222222222222,,0.0,683.0,,4860.0,0.743,0.7531428571428572,4.556374,657.822
Kepler-238 b,Kepler-238,1.0,Transit,2014.0,Kepler,2.090830074918182,0.032998571428571426,1.3967777777777777,3305.02,0.0,1436.2,,5766.818181818182,1.4708333333333332,1.0444285714285715,4.289846666666667,1798.75
Kepler-238 c,Kepler-238,1.0,Transit,2014.0,Kepler,6.155587231333333,0.06757428571428571,2.2573333333333334,152.522,0.0,1003.4,,5755.416666666667,1.4708333333333332,1.038875,4.257293,1798.75
Kepler-238 d,Kepler-238,1.0,Transit,2014.0,Kepler,13.233768878266666,0.11253857142857145,2.756333333333333,23.1,0.0,777.4,,5755.416666666667,1.4708333333333332,1.038875,4.257293,1798.75
Kepler-238 e,Kepler-238,1.0,Transit,2013.0,Kepler,23.65370694305,0.16530999999999998,6.912777777777778,119.35,0.0,639.8,,5755.818181818182,1.3925,1.0412222222222223,4.286893,1798.75
Kepler-238 f,Kepler-238,1.0,Transit,2013.0,Kepler,50.44697533050834,0.273875,2.5067777777777778,12.85,0.0,497.4,,5755.818181818182,1.3925,1.0412222222222223,4.286893,1798.75
Kepler-239 b,Kepler-239,1.0,Transit,2014.0,Kepler,11.763064018881817,0.0941842857142857,2.3657777777777778,,0.0,608.8,,4924.666666666667,0.752375,0.7905000000000001,4.573471,648.109
Kepler-239 c,Kepler-239,1.0,Transit,2014.0,Kepler,56.22799229414545,0.2671942857142857,2.298111111111111,,0.0,361.6,,4924.666666666667,0.752375,0.7905000000000001,4.573471,648.109
Kepler-24 b,Kepler-24,1.0,Transit,2011.0,Kepler,8.144739172307691,0.07876428571428572,2.8822727272727273,140.36,0.003833333333333333,1005.2,,5989.48,1.0914907692307692,1.0047000000000001,4.34222,1156.81
Kepler-24 c,Kepler-24,1.0,Transit,2011.0,Kepler,12.333144887692308,0.10390285714285714,3.809,139.7475,0.0023333333333333335,875.4,,5989.48,1.0914907692307692,1.0047000000000001,4.34222,1156.81
Kepler-24 d,Kepler-24,1.0,Transit,2014.0,Kepler,4.2443803478,0.050915714285714286,1.7155555555555555,293.959,0.0,1248.8,,5994.438,1.113069,0.9981428571428571,4.31649875,1156.81
Kepler-24 e,Kepler-24,1.0,Transit,2014.0,Kepler,18.997747693333334,0.13808857142857142,10.195400000000001,26.2118,0.0,758.0,,5997.563333333333,1.1100316666666667,1.005875,4.326664444444444,1156.81
Kepler-240 b,Kepler-240,1.0,Transit,2014.0,Kepler,4.144558828090909,0.04721285714285715,1.4621111111111111,,0.0,867.8,,4899.545454545455,0.758888888888889,0.7984285714285714,4.577453333333334,746.927
Kepler-240 c,Kepler-240,1.0,Transit,2014.0,Kepler,7.953591400450001,0.07289,2.2252,102.3,0.0,698.8,,4887.0,0.758888888888889,0.7897777777777777,4.570062,746.9269999999999
Kepler-241 b,Kepler-241,1.0,Transit,2014.0,Kepler,12.71809751522,0.09343333333333333,2.317142857142857,,0.0,559.2,,4654.853,0.6824000000000001,0.6702,4.607857142857142,
Kepler-241 c,Kepler-241,1.0,Transit,2014.0,Kepler,36.06584976872,0.1874,2.6700000000000004,,0.0,395.0,,4654.853,0.6824000000000001,0.6702,4.607857142857142,
Kepler-242 b,Kepler-242,1.0,Transit,2014.0,Kepler,8.203961538336365,0.07318285714285713,2.7462222222222223,,0.0,732.0,,4925.5,0.7458711666666668,0.7785714285714286,4.550345999999999,600.241
Kepler-242 c,Kepler-242,1.0,Transit,2014.0,Kepler,14.496480446263638,0.10689285714285714,2.4917777777777776,,0.0,604.8,,4925.5,0.7458711666666668,0.7785714285714286,4.550345999999999,600.241
Kepler-243 b,Kepler-243,1.0,Transit,2014.0,Kepler,5.7154272587,0.06061571428571429,2.4223333333333334,,0.0,833.4,,5145.75,0.8165,0.8448,4.555609,693.86
Kepler-243 c,Kepler-243,1.0,Transit,2014.0,Kepler,20.02616757280909,0.13961142857142858,1.9683333333333333,,0.0,548.6,,5145.75,0.8165,0.8448,4.555609,693.86
Kepler-244 b,Kepler-244,1.0,Transit,2014.0,Kepler,4.311783300772728,0.05012571428571429,2.891111111111111,,0.0,995.8,,5498.416666666667,0.8190417777777778,0.91625,4.566827999999999,1036.49
Kepler-244 c,Kepler-244,1.0,Transit,2014.0,Kepler,9.767310130266667,0.08665857142857143,2.2175555555555553,,0.0,757.8,,5498.416666666667,0.8173376000000001,0.8933333333333334,4.566827999999999,1036.49
Kepler-244 d,Kepler-244,1.0,Transit,2014.0,Kepler,20.050454742375,0.13986,2.6311,15.2,0.0,596.4,,5498.416666666667,0.8173376000000001,0.8933333333333334,4.566827999999999,1036.49
Kepler-245 b,Kepler-245,1.0,Transit,2014.0,Kepler,7.490178184941667,0.07008285714285714,2.746777777777778,146.78,0.0,800.2,,5138.833333333333,0.8109555,0.8221428571428572,4.515032,861.527
Kepler-245 c,Kepler-245,1.0,Transit,2014.0,Kepler,17.46085237692308,0.12303142857142857,2.4028,126.14999999999999,0.0,603.6,,5138.833333333333,0.8109555,0.819375,4.515032,861.527
Kepler-245 d,Kepler-245,1.0,Transit,2014.0,Kepler,36.2763911825,0.20035,3.2393,13.530415000000001,0.0,473.0,,5148.636363636364,0.8075851428571428,0.8164285714285714,4.514542222222222,861.527
Kepler-245 e,Kepler-245,1.0,Transit,2016.0,Kepler,3.21981628307,0.03977166666666667,1.7925,1806.36,0.0,1061.2,,5153.5,0.8064422857142858,0.8250000000000001,4.50886,861.527
Kepler-246 b,Kepler-246,1.0,Transit,2014.0,Kepler,4.6018176788,0.05121,2.326,,0.0,900.8,,5148.5,0.81244375,0.8654285714285714,4.550514000000001,626.078
Kepler-246 c,Kepler-246,1.0,Transit,2014.0,Kepler,11.187162685181818,0.09279571428571429,1.5303333333333333,,0.0,670.0,,5148.5,0.81244375,0.8654285714285714,4.550514000000001,626.078
Kepler-247 b,Kepler-247,1.0,Transit,2014.0,Kepler,3.3361374779,0.04168714285714286,1.6516666666666666,,0.0,961.0,,5043.833333333333,0.788625,0.851125,4.568379,663.711
Kepler-247 c,Kepler-247,1.0,Transit,2014.0,Kepler,9.439459393590909,0.08339142857142857,4.225222222222222,,0.0,679.8,,5043.833333333333,0.788625,0.851125,4.568379,663.711
Kepler-247 d,Kepler-247,1.0,Transit,2014.0,Kepler,20.478000721999997,0.13963,4.312333333333333,,0.0,525.2,,5054.272727272727,0.788625,0.8612500000000001,4.5766511111111114,663.711
Kepler-248 b,Kepler-248,1.0,Transit,2014.0,Kepler,6.3082043073181815,0.06508857142857143,3.057444444444444,,0.0,817.6,,5134.5,0.8264285714285714,0.907875,4.574266,738.792
Kepler-248 c,Kepler-248,1.0,Transit,2014.0,Kepler,16.23947716360909,0.12213857142857143,4.145,,0.0,596.8,,5134.5,0.8264285714285714,0.907875,4.574266,738.792
Kepler-249 b,Kepler-249,1.0,Transit,2014.0,Kepler,3.306832514157143,0.033632857142857145,1.0537692307692308,,0.0,571.3333333333334,M2 V,3596.785714285714,0.4442857142857143,0.4442857142857143,4.794003333333333,190.401
Kepler-249 c,Kepler-249,1.0,Transit,2014.0,Kepler,7.113493641185714,0.055920000000000004,1.3323846153846155,,0.0,443.0,M2 V,3596.785714285714,0.4442857142857143,0.4442857142857143,4.794003333333333,190.401
Kepler-249 d,Kepler-249,1.0,Transit,2014.0,Kepler,15.368483409664284,0.09335428571428572,1.2966153846153847,,0.0,342.6666666666667,M2 V,3596.785714285714,0.4442857142857143,0.4442857142857143,4.794003333333333,190.401
Kepler-25 b,Kepler-25,2.0,Transit,2011.0,Kepler,6.238545063538889,0.0695431496,2.654461538461539,583.5382068971429,0.006200000000000001,1215.4,F8,6241.6,1.3719000000000001,1.1879230769230769,4.21485,243.249
Kepler-25 c,Kepler-25,2.0,Transit,2011.0,Kepler,12.720372698247369,0.111933232275,4.753076923076923,202.55067888,0.00222,958.0,F8,6248.625,1.3700235294117649,1.1879230769230769,4.220246153846154,243.24899999999997
Kepler-25 d,Kepler-25,2.0,Radial Velocity,2014.0,W. M. Keck Observatory,114.85129675,0.4164221832,,75.5847791725,0.08666666666666667,,F8,6312.0,1.314,1.165,4.278,243.249
Kepler-250 b,Kepler-250,1.0,Transit,2014.0,Kepler,4.14807484919,0.047377142857142854,1.0957777777777777,,0.0,926.8,,5083.181818181818,0.7921857142857143,0.830125,4.558557777777778,760.5850000000002
Kepler-250 c,Kepler-250,1.0,Transit,2014.0,Kepler,7.156816788036363,0.06812428571428572,2.3552222222222223,,0.0,772.4,,5077.5,0.79099375,0.8301111111111111,4.559703,760.585
Kepler-250 d,Kepler-250,1.0,Transit,2014.0,Kepler,17.648282625163635,0.12454285714285715,2.2603333333333335,,0.0,572.0,,5077.5,0.79099375,0.8301111111111111,4.559703,760.585
Kepler-251 b,Kepler-251,1.0,Transit,2014.0,Kepler,4.79091954439,0.053977142857142855,1.5437777777777777,,0.0,1119.2,,5659.090909090909,0.8899284,0.9532857142857143,4.4347288888888885,924.625
Kepler-251 c,Kepler-251,1.0,Transit,2014.0,Kepler,16.514097479954543,0.12322857142857144,3.137777777777778,,0.0,741.2,,5648.833333333333,0.8902438333333333,0.955375,4.443683999999999,924.625
Kepler-251 d,Kepler-251,1.0,Transit,2014.0,Kepler,30.132881358945454,0.18402142857142856,3.582444444444444,,0.0,606.6,,5648.833333333333,0.8902438333333333,0.955375,4.443683999999999,924.625
Kepler-251 e,Kepler-251,1.0,Transit,2014.0,Kepler,99.640625646,0.40830142857142854,3.3217777777777777,,0.0,407.4,,5659.090909090909,0.8899284,0.9532857142857143,4.4347288888888885,924.625
Kepler-252 b,Kepler-252,1.0,Transit,2014.0,Kepler,6.668353730360001,0.05871666666666667,1.25325,,0.0,591.8,,4323.090909090909,0.5928571428571429,0.6098,4.664624,379.424
Kepler-252 c,Kepler-252,1.0,Transit,2014.0,Kepler,10.848457845481818,0.08112142857142857,2.417444444444444,,0.0,503.1666666666667,M0 V,4313.5,0.5925,0.6098333333333333,4.664624,379.424
Kepler-253 b,Kepler-253,1.0,Transit,2014.0,Kepler,3.78403005172,0.045272857142857136,1.7078888888888888,,0.0,947.4,,5146.545454545455,0.794375,0.857625,4.57134,838.595
Kepler-253 c,Kepler-253,1.0,Transit,2014.0,Kepler,10.281943621354545,0.08807857142857142,2.657777777777778,,0.0,678.6,,5135.75,0.794375,0.8448333333333333,4.564309,838.5949999999999
Kepler-253 d,Kepler-253,1.0,Transit,2014.0,Kepler,18.119889642418183,0.12859142857142855,3.124111111111111,,0.0,561.6,,5135.75,0.794375,0.8448333333333333,4.564309,838.5949999999999
Kepler-254 b,Kepler-254,1.0,Transit,2014.0,Kepler,5.826659209090909,0.06270571428571428,3.785444444444445,,0.0,991.2,,5730.166666666667,0.9056825454545454,0.971,4.504806,1389.4800000000002
Kepler-254 c,Kepler-254,1.0,Transit,2014.0,Kepler,12.412154432991665,0.10366857142857143,2.3134,3.2,0.0,770.2,,5730.166666666667,0.903959,0.9708888888888888,4.504806,1389.48
Kepler-254 d,Kepler-254,1.0,Transit,2014.0,Kepler,18.746445311825,0.13647714285714288,2.6910000000000003,,0.0,671.6,,5730.166666666667,0.903959,0.9708888888888888,4.504806,1389.48
Kepler-255 b,Kepler-255,1.0,Transit,2014.0,Kepler,5.7146012634,0.061849999999999995,1.5902500000000002,,0.0,923.6,,5411.188,0.8966666666666666,0.873,4.4812577777777785,1052.53
Kepler-255 c,Kepler-255,1.0,Transit,2014.0,Kepler,9.94603349364,0.08963333333333334,2.976625,,0.0,768.0,,5385.710909090909,0.8966666666666666,0.8708333333333332,4.468248,1052.53
Kepler-255 d,Kepler-255,1.0,Transit,2016.0,Kepler,1.045621619725,0.01976,1.3547142857142858,,0.0,1631.0,,5393.208888888888,0.8894,0.873,4.476915,1052.53
Kepler-256 b,Kepler-256,1.0,Transit,2014.0,Kepler,1.62046825875,0.02727857142857143,1.3976666666666668,,0.0,1560.6,,5704.272727272727,1.0321888888888888,0.9934,4.405626666666667,1026.43
Kepler-256 c,Kepler-256,1.0,Transit,2014.0,Kepler,3.3880098271800003,0.04471428571428571,1.857222222222222,,0.0,1221.4,,5704.272727272727,1.0321888888888888,0.9934,4.405626666666667,1026.43
Kepler-256 d,Kepler-256,1.0,Transit,2014.0,Kepler,5.83910203408,0.06413857142857142,1.8111111111111111,,0.0,1018.8,,5704.272727272727,1.0321888888888888,0.9934,4.405626666666667,1026.43
Kepler-256 e,Kepler-256,1.0,Transit,2014.0,Kepler,10.6816804467,0.09604857142857141,1.9356666666666666,,0.0,833.0,,5693.166666666667,1.029255,0.9911666666666666,4.407746,1026.43
Kepler-257 b,Kepler-257,1.0,Transit,2014.0,Kepler,2.3826541309363636,0.03330142857142857,2.472625,,0.0,1205.4,,5112.090909090909,0.9433462499999999,0.84775,4.449078,780.2559999999999
Kepler-257 c,Kepler-257,1.0,Transit,2014.0,Kepler,6.581481492972728,0.06531,4.45025,,0.0,859.8,,5112.090909090909,0.9433462499999999,0.84775,4.449078,780.2559999999999
Kepler-257 d,Kepler-257,1.0,Transit,2014.0,Kepler,24.664567627127273,0.15769857142857144,5.10675,,0.0,553.8,,5112.090909090909,0.9433462499999999,0.84775,4.449078,780.2559999999999
Kepler-258 b,Kepler-258,1.0,Transit,2014.0,Kepler,13.19722396248,0.1018,3.848,,0.0,625.4,,4907.882727272728,0.8165984999999999,0.810375,4.530365,575.988
Kepler-258 c,Kepler-258,1.0,Transit,2014.0,Kepler,33.65295644493,0.1900666666666667,3.242375,,0.0,458.4,,4907.882727272728,0.8165984999999999,0.810375,4.530365,575.988
Kepler-259 b,Kepler-259,1.0,Transit,2014.0,Kepler,8.115295450045453,0.07820142857142856,2.834777777777778,,0.0,880.8,,5751.0,0.8903898,0.9765,4.530367,1002.14
Kepler-259 c,Kepler-259,1.0,Transit,2014.0,Kepler,36.92506606348182,0.2148557142857143,2.8401111111111113,,0.0,531.0,,5751.0,0.8903898,0.9765,4.530367,1002.14
Kepler-26 b,Kepler-26,1.0,Transit,2011.0,Kepler,12.282351728,0.08591571428571429,3.0442666666666667,33.94,0.0035,440.0,M0 V,4112.0,0.5357500000000001,0.5800833333333334,4.770329090909091,335.307
Kepler-26 c,Kepler-26,1.0,Transit,2011.0,Kepler,17.25174203875,0.10769285714285715,2.8999375,29.016199999999998,0.0021666666666666666,393.0,M0 V,4112.0,0.5357500000000001,0.5800833333333334,4.770329090909091,335.307
Kepler-26 d,Kepler-26,1.0,Transit,2014.0,Kepler,3.5439150228250003,0.03774857142857142,1.1799166666666667,,0.0,666.1666666666666,M0 V,4124.285714285715,0.5435714285714286,0.57925,4.791510909090909,335.3070000000001
Kepler-26 e,Kepler-26,1.0,Transit,2014.0,Kepler,46.82775455181818,0.21171666666666666,2.2896363636363635,,0.0,283.4,,4142.538461538462,0.5458333333333333,0.5834285714285715,4.791510909090909,335.307
Kepler-260 b,Kepler-260,1.0,Transit,2014.0,Kepler,8.187407043999999,0.07702571428571428,2.095666666666667,,0.0,793.4,,5385.0,0.8705555555555555,0.914875,4.464485999999999,627.365
Kepler-260 c,Kepler-260,1.0,Transit,2014.0,Kepler,76.05068873811818,0.34043428571428574,1.715111111111111,,0.0,377.0,,5385.0,0.8705555555555555,0.914875,4.464485999999999,627.365
Kepler-261 b,Kepler-261,1.0,Transit,2014.0,Kepler,10.381228148136364,0.08823142857142856,2.197222222222222,,0.0,679.2,,5147.791666666667,0.7707142857142858,0.8615714285714285,4.59736,317.499
Kepler-261 c,Kepler-261,1.0,Transit,2014.0,Kepler,24.570794238999998,0.15666714285714287,2.2455555555555557,,0.0,510.0,,5147.791666666667,0.7707142857142858,0.8615714285714285,4.59736,317.499
Kepler-262 b,Kepler-262,1.0,Transit,2014.0,Kepler,13.06078860018182,0.1067757142857143,1.4612222222222222,,0.0,733.6,,5689.541666666667,0.904973,0.9644999999999999,4.500496,613.129
Kepler-262 c,Kepler-262,1.0,Transit,2014.0,Kepler,21.853660448945455,0.1504242857142857,1.736888888888889,,0.0,617.8,,5689.541666666667,0.904973,0.9644999999999999,4.500496,613.129
Kepler-263 b,Kepler-263,1.0,Transit,2014.0,Kepler,16.5680826442,0.11854285714285714,2.724555555555556,,0.0,584.4,,5205.973333333333,0.7578762222222222,0.840125,4.595171,754.747
Kepler-263 c,Kepler-263,1.0,Transit,2014.0,Kepler,47.333201215372725,0.23883142857142856,2.418777777777778,,0.0,411.4,,5205.973333333333,0.7578762222222222,0.840125,4.595171,754.747
Kepler-264 b,Kepler-264,1.0,Transit,2014.0,Kepler,40.806927013945455,0.25641714285714284,4.234555555555556,,0.0,829.4,,6239.57,1.9088125,1.3488,3.9201,942.1730000000001
Kepler-264 c,Kepler-264,1.0,Transit,2014.0,Kepler,140.103010995,0.5832914285714285,3.6345555555555555,,0.0,549.6,,6238.596363636363,1.9121428571428571,1.3488,3.914555555555556,942.173
Kepler-265 b,Kepler-265,1.0,Transit,2014.0,Kepler,6.846191252660001,0.07077,1.6573333333333333,,0.0,1034.0,,6039.727272727273,1.0091666666666665,1.0378571428571428,4.441348888888889,1280.25
Kepler-265 c,Kepler-265,1.0,Transit,2014.0,Kepler,17.028992342745454,0.13000857142857145,2.4440000000000004,,0.0,763.2,,6033.333333333333,1.0,1.044375,4.449871,1280.25
Kepler-265 d,Kepler-265,1.0,Transit,2014.0,Kepler,43.130735103,0.24149857142857142,2.285555555555556,,0.0,559.6,,6039.727272727273,1.0091666666666665,1.0378571428571428,4.441348888888889,1280.25
Kepler-265 e,Kepler-265,1.0,Transit,2014.0,Kepler,67.83171893431819,0.3265957142857143,2.3826666666666667,,0.0,481.2,,6033.333333333333,1.0,1.044375,4.449871,1280.25
Kepler-266 b,Kepler-266,1.0,Transit,2014.0,Kepler,6.618356915609999,0.0699,2.5292499999999998,,0.0,997.2,,5663.0,1.0624944444444444,0.9642499999999999,4.392253,1370.79
Kepler-266 c,Kepler-266,1.0,Transit,2014.0,Kepler,107.7211798671,0.44953333333333334,3.948375,,0.0,393.0,,5663.0,1.0624944444444444,0.9642499999999999,4.392253,1370.79
Kepler-267 b,Kepler-267,1.0,Transit,2014.0,Kepler,3.353513168946667,0.035057142857142856,2.010214285714286,37.9,0.0,629.6666666666666,M1 V,3893.4666666666667,0.5426985454545454,0.5470405714285714,4.73782,264.993
Kepler-267 c,Kepler-267,1.0,Transit,2014.0,Kepler,6.877571134664286,0.056716666666666665,2.2295000000000003,,0.0,497.6,,3899.6428571428573,0.5426985454545454,0.5470405714285714,4.73782,264.993
Kepler-267 d,Kepler-267,1.0,Transit,2014.0,Kepler,28.46403892576154,0.1462,2.1416666666666666,,0.0,309.4,,3899.6428571428573,0.5417684,0.5470405714285714,4.73782,264.993
Kepler-268 b,Kepler-268,1.0,Transit,2014.0,Kepler,25.934089768581817,0.17707142857142857,2.516111111111111,,0.0,703.0,,6131.910833333334,1.2452,1.0944285714285715,4.3078449999999995,851.87
Kepler-268 c,Kepler-268,1.0,Transit,2014.0,Kepler,83.44596581317272,0.3855571428571429,2.7796666666666665,,0.0,476.4,,6131.910833333334,1.2452,1.0944285714285715,4.3078449999999995,851.87
Kepler-269 b,Kepler-269,1.0,Transit,2014.0,Kepler,5.326686570945454,0.06062142857142857,2.848,,0.0,995.8,,5661.083333333333,0.9175714285714286,0.998,4.351482,2257.32
Kepler-269 c,Kepler-269,1.0,Transit,2014.0,Kepler,8.12807220437,0.08040714285714287,1.8524444444444446,,0.0,864.8,,5678.363636363636,0.9175714285714286,1.0034285714285713,4.395097777777778,2257.32
Kepler-27 b,Kepler-27,1.0,Transit,2011.0,Kepler,15.33519888818182,0.11903428571428572,4.9162,1468.555,0.0,631.2,,5331.363636363636,0.7980369090909091,0.9281818181818181,4.66268,1044.36
Kepler-27 c,Kepler-27,1.0,Transit,2011.0,Kepler,31.33048847,0.19168571428571426,6.7102,2203.535,0.0,497.4,,5331.363636363636,0.7980369090909091,0.9281818181818181,4.66268,1044.36
Kepler-27 d,Kepler-27,1.0,Transit,2021.0,Kepler,6.546268639,0.06748,2.6605992285714284,,0.0,838.8,,5326.444444444444,0.8267722857142857,0.9535714285714285,4.57439,1044.36
Kepler-270 b,Kepler-270,1.0,Transit,2014.0,Kepler,11.476100323754544,0.10499714285714286,1.8803333333333336,,0.0,995.4,,6217.0,1.303797,1.1610999999999998,4.263904999999999,948.781
Kepler-270 c,Kepler-270,1.0,Transit,2014.0,Kepler,25.26295227143636,0.1775557142857143,1.5686666666666667,,0.0,764.6,,6217.0,1.303797,1.1610999999999998,4.263904999999999,948.781
Kepler-271 b,Kepler-271,1.0,Transit,2014.0,Kepler,9.4867917783,0.0836342857142857,1.2484444444444445,,0.0,784.6,,5565.912499999999,0.874125,0.8502857142857143,4.524443,404.542
Kepler-271 c,Kepler-271,1.0,Transit,2014.0,Kepler,7.410885091918183,0.07031857142857142,1.0014444444444444,,0.0,879.8,,5565.912499999999,0.874125,0.8502857142857143,4.524443,404.542
Kepler-271 d,Kepler-271,1.0,Transit,2016.0,Kepler,5.2496896761444445,0.05592333333333333,0.687375,,0.0,985.4,,5562.13,0.8732857142857142,0.8502857142857143,4.5123275,404.542
Kepler-272 b,Kepler-272,1.0,Transit,2014.0,Kepler,2.9713290876,0.03777285714285714,1.4776,78.0,0.0,1133.0,,5396.334545454545,0.889875,0.8104285714285714,4.413906666666667,889.6079999999998
Kepler-272 c,Kepler-272,1.0,Transit,2014.0,Kepler,6.057297250858333,0.060778571428571425,1.8697,97.8,0.0,893.0,,5407.335,0.961,0.855,4.400874,889.608
Kepler-272 d,Kepler-272,1.0,Transit,2014.0,Kepler,10.937276454736365,0.09022571428571428,2.156222222222222,,0.0,732.8,,5407.335,0.961,0.8875,4.400874,889.6079999999998
Kepler-273 b,Kepler-273,1.0,Transit,2014.0,Kepler,2.9365250774400002,0.03736714285714286,1.6179999999999999,,0.0,1182.2,,5495.272727272727,0.8191428571428572,0.8228,4.523931111111112,713.964
Kepler-273 c,Kepler-273,1.0,Transit,2014.0,Kepler,8.014962552145455,0.07307571428571429,1.7358888888888888,,0.0,846.0,,5490.75,0.7904374444444444,0.9076666666666666,4.536957,713.964
Kepler-274 b,Kepler-274,1.0,Transit,2014.0,Kepler,11.634876372133334,0.09985333333333334,1.9762499999999998,,0.0,871.75,,5831.146,1.1386422222222223,1.0,4.322895,1333.62
Kepler-274 c,Kepler-274,1.0,Transit,2014.0,Kepler,33.19798549434,0.20098000000000002,2.26225,,0.0,615.0,,5816.335454545455,1.2187385714285714,1.0014285714285713,4.310304444444444,1333.62
Kepler-275 b,Kepler-275,1.0,Transit,2014.0,Kepler,10.30072114064,0.09941285714285715,2.256888888888889,,0.0,1010.8,,6310.636363636364,1.320285714285714,1.1894,4.287073333333334,2034.25
Kepler-275 c,Kepler-275,1.0,Transit,2014.0,Kepler,16.088267074054546,0.13397285714285714,3.372888888888889,,0.0,871.2,,6303.25,1.320285714285714,1.1911666666666667,4.278199,2034.25
Kepler-275 d,Kepler-275,1.0,Transit,2014.0,Kepler,35.67557890611818,0.22757428571428573,3.131222222222222,,0.0,668.0,,6303.25,1.320285714285714,1.1911666666666667,4.278199,2034.25
Kepler-276 b,Kepler-276,1.0,Transit,2014.0,Kepler,14.128452365783334,0.11619428571428571,2.606444444444444,731.209,0.0,777.0,,5892.0,0.9449848571428572,1.0548888888888888,4.4818620000000005,1144.86
Kepler-276 c,Kepler-276,1.0,Transit,2013.0,Kepler,31.8839735825,0.19919833333333334,3.1131,15.166666666666666,0.0,592.4,,5885.3,0.9792596,1.0664,4.477008888888889,1144.86
Kepler-276 d,Kepler-276,1.0,Transit,2013.0,Kepler,48.64802084690769,0.26401,2.892,14.710149999999999,0.0,514.2,,5872.636363636364,0.942699142857143,1.063090909090909,4.482562,1144.86
Kepler-277 b,Kepler-277,1.0,Transit,2013.0,Kepler,17.324148401515384,0.13801333333333335,2.9531,66.33333333333333,0.0,927.2,,5970.0,1.709,1.150375,4.01454,976.643
Kepler-277 c,Kepler-277,1.0,Transit,2013.0,Kepler,33.006283403192306,0.21220166666666665,3.0057,48.06666666666666,0.0,748.2,,5970.0,1.709,1.150375,4.01454,976.643
Kepler-278 b,Kepler-278,1.0,Transit,2014.0,Kepler,30.159450914507694,0.20629125,4.081545454545455,56.0,0.10514285714285714,767.0,K2 III-IV,4977.082857142857,2.916953846153846,1.28025,3.652625,443.03000000000003
Kepler-278 c,Kepler-278,1.0,Transit,2014.0,Kepler,51.07992539612307,0.2929575,3.244909090909091,34.9,0.16085714285714284,644.1666666666666,K2 III-IV,4977.082857142857,2.916953846153846,1.28025,3.652625,443.03000000000003
Kepler-279 b,Kepler-279,1.0,Transit,2014.0,Kepler,12.309686541545455,0.10983333333333334,3.043625,4180.93,0.0,984.6,,6615.486363636364,1.4192514285714284,1.2395,4.281543,1037.4
Kepler-279 c,Kepler-279,1.0,Transit,2013.0,Kepler,35.735893478181815,0.22258,4.500111111111111,24.96666666666667,0.0,690.6,,6635.322222222222,1.31764,1.172111111111111,4.317402222222222,1037.4
Kepler-279 d,Kepler-279,1.0,Transit,2013.0,Kepler,54.416679853999995,0.294325,3.643125,17.166666666666668,0.0,582.25,,6668.9875,1.31764,1.173125,4.3514525,1037.4
Kepler-279 e,Kepler-279,1.0,Transit,2025.0,Kepler,98.35313266666667,0.439,4.13,56.0,0.0,552.0,,6527.725,1.39146,1.164,4.186405000000001,1037.4
Kepler-28 b,Kepler-28,1.0,Transit,2011.0,Kepler,5.911918001642857,0.0554275,2.2071538461538465,163.44333333333333,0.0,602.8333333333334,M0 V,4420.944615384616,0.648824,0.624625,4.634557777777777,438.359
Kepler-28 c,Kepler-28,1.0,Transit,2011.0,Kepler,8.986442354285714,0.07314375,2.136307692307692,148.39666666666668,0.0028333333333333335,524.5,M0 V,4420.944615384616,0.648824,0.624625,4.634557777777777,438.359
Kepler-280 b,Kepler-280,1.0,Transit,2014.0,Kepler,2.139553726581818,0.03188571428571429,1.5121111111111112,,0.0,1335.6,,5611.156666666667,0.94375,0.9441428571428572,4.468718,780.361
Kepler-280 c,Kepler-280,1.0,Transit,2014.0,Kepler,4.807097895663636,0.05484857142857143,2.1927777777777777,,0.0,1020.0,,5611.156666666667,0.94375,0.9441428571428572,4.468718,780.361
Kepler-281 b,Kepler-281,1.0,Transit,2014.0,Kepler,14.646185138841666,0.1164,2.485625,472.016,0.0,690.4,,5635.909090909091,0.8941666666666667,0.984,4.4262570000000006,1745.4500000000003
Kepler-281 c,Kepler-281,1.0,Transit,2014.0,Kepler,36.33742362650833,0.21346666666666667,5.637125,115.37115,0.0,510.2,,5635.909090909091,0.8941666666666667,0.984,4.4262570000000006,1745.4500000000003
Kepler-281 d,Kepler-281,1.0,Transit,2021.0,Kepler,148.271733693,0.5440799999999999,6.966246343333334,605.5,0.0,319.4,,5647.75,0.8766666666666666,0.984,4.4507975,1745.45
Kepler-282 b,Kepler-282,1.0,Transit,2014.0,Kepler,9.22072030608,0.08386714285714285,1.1333333333333333,,0.0,866.2,,5850.818181818182,0.9024285714285715,0.951,4.469828888888888,1337.61
Kepler-282 c,Kepler-282,1.0,Transit,2014.0,Kepler,13.63928473991,0.10892571428571429,1.286111111111111,,0.0,759.8,,5850.818181818182,0.9024285714285715,0.951,4.469828888888888,1337.61
Kepler-282 d,Kepler-282,1.0,Transit,2013.0,Kepler,24.80560064390909,0.16296166666666667,2.457333333333333,61.0,0.0,622.6,,5873.181818181818,0.9702644444444446,0.9548,4.467969,1337.61
Kepler-282 e,Kepler-282,1.0,Transit,2013.0,Kepler,44.34716177915454,0.24005333333333334,2.845666666666667,56.2,0.0,513.4,,5873.181818181818,0.9702644444444444,0.9548,4.467969,1337.61
Kepler-283 b,Kepler-283,1.0,Transit,2014.0,Kepler,11.008165565663637,0.08561714285714286,2.8364000000000003,,0.0,599.8333333333334,,4527.538461538462,0.6180268571428572,0.6568,4.658589,468.094
Kepler-283 c,Kepler-283,1.0,Transit,2014.0,Kepler,92.74752356141,0.35235,17.606222222222225,,0.0,290.0,,4472.416666666667,0.6135235,0.6568,4.658589,468.094
Kepler-284 b,Kepler-284,1.0,Transit,2014.0,Kepler,12.699051901272727,0.10242857142857142,2.4243333333333332,,0.0,696.2,,5447.833333333333,0.807395875,0.9135555555555555,4.571446,1031.95
Kepler-284 c,Kepler-284,1.0,Transit,2014.0,Kepler,37.514147479845455,0.21073714285714287,2.6545555555555556,,0.0,485.6,,5447.833333333333,0.807395875,0.9135555555555555,4.571446,1031.95
Kepler-285 b,Kepler-285,1.0,Transit,2014.0,Kepler,2.63386165816,0.035834285714285714,1.3813333333333333,,0.0,1119.6,,5323.818181818182,0.818,0.895,4.555384444444445,824.31
Kepler-285 c,Kepler-285,1.0,Transit,2014.0,Kepler,6.18668710715,0.06327857142857143,1.1444444444444446,,0.0,843.4,,5323.818181818182,0.818,0.895,4.555384444444445,824.31
Kepler-286 b,Kepler-286,1.0,Transit,2014.0,Kepler,1.7963174791299998,0.028099999999999997,1.3154444444444444,,0.0,1456.8,,5735.909090909091,0.8963333333333333,0.994,4.507306666666667,1226.85
Kepler-286 c,Kepler-286,1.0,Transit,2014.0,Kepler,3.46807393951,0.04359285714285714,1.4232222222222222,,0.0,1170.4,,5735.909090909091,0.8963333333333333,0.994,4.507306666666667,1226.85
Kepler-286 d,Kepler-286,1.0,Transit,2014.0,Kepler,5.91428518927,0.06251142857142857,1.4237777777777778,,0.0,978.0,,5735.909090909091,0.8963333333333333,0.994,4.507306666666667,1226.85
Kepler-286 e,Kepler-286,1.0,Transit,2014.0,Kepler,29.221433487136366,0.18099142857142855,1.7921111111111112,,0.0,574.4,,5724.583333333333,0.9095939,0.9935,4.506314,1226.85
Kepler-287 b,Kepler-287,1.0,Transit,2014.0,Kepler,20.342313487258334,0.1433057142857143,2.4347777777777777,83.0,0.0,676.8,,5641.658333333333,0.9847366666666666,0.9558749999999999,4.422859,835.86
Kepler-287 c,Kepler-287,1.0,Transit,2014.0,Kepler,44.85206353636364,0.24291142857142858,3.28,66.0,0.0,519.8,,5655.781818181818,0.9893025,0.9552857142857142,4.418006666666667,835.86
Kepler-288 b,Kepler-288,1.0,Transit,2014.0,Kepler,6.09746365033,0.06447428571428572,1.6862222222222223,,0.0,1087.2,,5778.818181818182,1.078476,0.9832857142857143,4.331191111111111,1194.15
Kepler-288 c,Kepler-288,1.0,Transit,2014.0,Kepler,19.305761992454546,0.13905142857142858,3.0766666666666667,,0.0,740.4,,5769.75,1.0809218181818183,0.9866250000000001,4.333608,1194.15
Kepler-288 d,Kepler-288,1.0,Transit,2014.0,Kepler,56.637687267000004,0.2848185714285714,3.3014444444444444,,0.0,517.2,,5778.818181818182,1.078476,0.9832857142857143,4.331191111111111,1194.15
Kepler-289 b,Kepler-289,1.0,Transit,2014.0,Kepler,34.54355679542857,0.21436625,2.7967272727272725,11.899999999999999,0.0,722.4,,6058.9742857142855,1.053590909090909,1.08275,4.302209166666667,704.438
Kepler-289 c,Kepler-289,1.0,Transit,2014.0,Kepler,125.86497419,0.50908125,14.014189166666668,172.66715,0.0,469.2,,6084.482857142857,1.0895454545454546,1.1096363636363635,4.2910309090909085,704.438
Kepler-289 d,Kepler-289,1.0,Transit,2014.0,Kepler,66.0458,0.33,2.855,4.665,,,,5990.0,1.0,1.08,4.47,704.438
Kepler-289 e,Kepler-289,1.0,Transit,2025.0,Kepler,330.071572,0.9342,2.94,17.4,0.0,286.0,,5950.9400000000005,1.02475,1.061,4.383585,704.438
Kepler-29 b,Kepler-29,1.0,Transit,2011.0,Kepler,10.339000341666667,0.09096,1069.6932,45.53666666666666,0.0,786.0,,5577.1884615384615,0.836435625,0.9408,4.601951,832.532
Kepler-29 c,Kepler-29,1.0,Transit,2011.0,Kepler,13.287538815,0.10805285714285714,471.9518,34.6,0.0,723.2,,5577.1884615384615,0.836435625,0.9408,4.601951,832.532
Kepler-290 b,Kepler-290,1.0,Transit,2014.0,Kepler,14.5893326937,0.10932714285714286,2.1806666666666668,,0.0,591.4,,5032.333333333333,0.723163,0.8046666666666668,4.61874,694.627
Kepler-290 c,Kepler-290,1.0,Transit,2014.0,Kepler,36.7704303198,0.20281714285714286,3.058888888888889,,0.0,434.6,,5032.333333333333,0.723163,0.8046666666666668,4.61874,694.627
Kepler-290 d,Kepler-290,1.0,Transit,2023.0,Kepler,0.7640181724999999,0.015251666666666669,0.8596142828571428,,0.0,1584.2,,5087.625,0.7498876666666666,0.8317142857142857,4.613685714285714,694.627
Kepler-291 b,Kepler-291,1.0,Transit,2014.0,Kepler,3.5465321045300002,0.04664,2.238777777777778,,0.0,1202.4,,5789.272727272727,0.992,1.040625,4.4440977777777775,1786.4799999999998
Kepler-291 c,Kepler-291,1.0,Transit,2014.0,Kepler,5.70072612986,0.06408142857142858,2.0039999999999996,,0.0,1026.2,,5789.272727272727,0.992,1.040625,4.4440977777777775,1786.4799999999998
Kepler-292 b,Kepler-292,1.0,Transit,2014.0,Kepler,2.58082055505,0.03528571428571429,1.4814444444444446,,0.0,1204.4,,5340.454545454545,0.8375753333333332,0.86875,4.511406666666667,1056.48
Kepler-292 c,Kepler-292,1.0,Transit,2014.0,Kepler,3.7154260829599997,0.04497714285714286,1.6512222222222224,,0.0,1068.0,,5340.454545454545,0.8375753333333332,0.86875,4.511406666666667,1056.48
Kepler-292 d,Kepler-292,1.0,Transit,2014.0,Kepler,7.055664726318182,0.06892,2.393222222222222,,0.0,861.8,,5328.166666666667,0.8376682857142858,0.8710000000000001,4.513849,1056.48
Kepler-292 e,Kepler-292,1.0,Transit,2014.0,Kepler,11.97881087919091,0.09796428571428571,2.5696666666666665,,0.0,723.2,,5328.166666666667,0.8376682857142858,0.8710000000000001,4.513849,1056.48
Kepler-292 f,Kepler-292,1.0,Transit,2014.0,Kepler,20.834256052954547,0.14196142857142857,2.6594444444444445,,0.0,600.8,,5328.166666666667,0.8376682857142858,0.8710000000000001,4.513849,1056.48
Kepler-293 b,Kepler-293,1.0,Transit,2014.0,Kepler,19.25407378350909,0.14129571428571427,2.889222222222222,,0.0,650.4,,5621.583333333333,0.9168387777777779,0.9411666666666667,4.518791,974.6330000000002
Kepler-293 c,Kepler-293,1.0,Transit,2014.0,Kepler,54.15622402243636,0.2815814285714286,3.6554444444444445,,0.0,461.2,,5621.583333333333,0.9168387777777779,0.9411666666666667,4.518791,974.6330000000002
Kepler-294 b,Kepler-294,1.0,Transit,2014.0,Kepler,3.7012185642200004,0.04711428571428571,1.736888888888889,,0.0,1140.4,,5693.818181818182,0.94345175,1.0,4.497553333333333,1357.01
Kepler-294 c,Kepler-294,1.0,Transit,2014.0,Kepler,6.626425780836363,0.06949285714285715,2.713333333333333,,0.0,939.6,,5674.25,0.9434356666666667,0.9666666666666667,4.494447,1357.01
Kepler-295 b,Kepler-295,1.0,Transit,2014.0,Kepler,12.645035065,0.10091857142857143,1.9885555555555554,,0.0,743.2,,5475.727272727273,0.8917142857142857,0.8291666666666667,4.457428571428571,1699.19
Kepler-295 c,Kepler-295,1.0,Transit,2014.0,Kepler,21.526343696936365,0.1439885714285714,1.7062222222222223,,0.0,622.4,,5463.333333333333,0.8917142857142857,0.8291666666666667,4.457428571428571,1699.1899999999998
Kepler-295 d,Kepler-295,1.0,Transit,2014.0,Kepler,33.88470873744546,0.19316666666666668,2.1698,,0.0,537.0,,5393.333333333333,2.2022377777777775,0.8875,4.46525,1699.1899999999998
Kepler-296 b,Kepler-296,2.0,Transit,2014.0,Kepler,9.0537047994,0.06551222222222222,12.60225,,0.055,411.57142857142856,M2 V,3655.8333333333335,0.4072222222222222,0.4204444444444444,4.858888888888889,
Kepler-296 c,Kepler-296,2.0,Transit,2014.0,Kepler,5.8416647943538464,0.04906111111111111,1.7454999999999998,,0.055,477.7142857142857,M2 V,3655.8333333333335,0.4072222222222222,0.4204444444444444,4.858888888888889,
Kepler-296 d,Kepler-296,2.0,Transit,2014.0,Kepler,19.850265006423076,0.11100666666666666,1.7844999999999998,,0.055,318.0,M2 V,3655.8333333333335,0.4072222222222222,0.4204444444444444,4.858888888888889,
Kepler-296 e,Kepler-296,2.0,Transit,2014.0,Kepler,34.142031024316665,0.15906666666666666,1.341,,0.06142857142857144,269.0,,3687.9,0.408625,0.42275,4.831666666666667,
Kepler-296 f,Kepler-296,2.0,Transit,2014.0,Kepler,63.33652084636364,0.24664444444444447,1.511,,0.0642857142857143,219.0,,3687.9,0.408625,0.42275,4.831666666666667,
Kepler-297 b,Kepler-297,1.0,Transit,2014.0,Kepler,38.868990950000004,0.2232214285714286,3.0633,48.5,0.0,564.2,,5870.727272727273,0.9091528,1.0362500000000001,4.467331111111111,692.14
Kepler-297 c,Kepler-297,1.0,Transit,2014.0,Kepler,74.92606303090909,0.3455757142857143,7.0175,42.1,0.0,454.0,,5870.727272727273,0.9091528,1.0362500000000001,4.467331111111111,692.14
Kepler-297 d,Kepler-297,1.0,Transit,2023.0,Kepler,150.0196276722222,0.5516633333333334,15.261571422857143,,0.0,359.8,,5898.111111111111,0.894441,1.005375,4.4659975,692.14
Kepler-298 b,Kepler-298,1.0,Transit,2014.0,Kepler,10.4754726976,0.08146666666666667,2.18325,,0.0,561.8,,4541.272727272727,0.6425714285714286,0.6712,4.64318,518.204
Kepler-298 c,Kepler-298,1.0,Transit,2014.0,Kepler,22.928881427777778,0.13749999999999998,2.2421249999999997,,0.0,432.8,,4540.5,0.6425714285714286,0.6693333333333333,4.646355555555555,518.204
Kepler-298 d,Kepler-298,1.0,Transit,2014.0,Kepler,77.47469382291,0.30929999999999996,2.7705,,0.0,288.8,,4541.272727272727,0.6425714285714286,0.6712,4.64318,518.204
Kepler-299 b,Kepler-299,1.0,Transit,2014.0,Kepler,2.9271937033,0.03991714285714286,1.2545555555555556,,0.0,1242.0,,5734.0,0.9945305714285715,1.0041428571428572,4.466584444444445,1052.24
Kepler-299 c,Kepler-299,1.0,Transit,2014.0,Kepler,6.885935272999999,0.07053714285714285,2.2276666666666665,,0.0,933.4,,5734.0,0.9945305714285715,1.0041428571428572,4.466584444444445,1052.24
Kepler-299 d,Kepler-299,1.0,Transit,2014.0,Kepler,15.054882838480001,0.11871571428571429,1.7158888888888888,,0.0,719.6,,5734.0,0.9945305714285715,1.0041428571428572,4.466584444444445,1052.24
Kepler-299 e,Kepler-299,1.0,Transit,2014.0,Kepler,38.28558174270909,0.22141714285714284,1.753,,0.0,527.0,,5725.416666666667,0.9951338750000001,1.003625,4.463789,1052.24
Kepler-30 b,Kepler-30,1.0,Transit,2012.0,Kepler,29.242260256999998,0.18257,2.4215555555555555,40.5665,0.0105,530.6666666666666,,5374.2444444444445,0.9068333333333333,0.982,4.546454285714286,914.221
Kepler-30 c,Kepler-30,1.0,Transit,2012.0,Kepler,60.325265911538466,0.29909,12.703000000000001,1415.93825,0.00185,414.4,,5399.183333333333,0.8927777777777778,0.9798181818181818,4.548718,914.2210000000001
Kepler-30 d,Kepler-30,1.0,Transit,2012.0,Kepler,143.22038403727274,0.5237925,9.246599999999999,2713.105,0.0036666666666666666,310.6,,5399.183333333333,0.896,0.9764444444444444,4.548718,914.221
Kepler-300 b,Kepler-300,1.0,Transit,2014.0,Kepler,10.44636836672,0.09323333333333333,2.193,,0.0,815.2,,5950.909090909091,0.922,1.035,4.404247,1098.45
Kepler-300 c,Kepler-300,1.0,Transit,2014.0,Kepler,40.71506359361,0.23053333333333334,2.4139999999999997,,0.0,518.2,,5950.909090909091,0.922,1.035,4.404247,1098.45
Kepler-301 b,Kepler-301,1.0,Transit,2014.0,Kepler,2.5085559169,0.03577285714285714,1.3672222222222221,,0.0,1279.0,,5742.44,0.9133333333333334,0.96575,4.504951111111111,719.166
Kepler-301 c,Kepler-301,1.0,Transit,2014.0,Kepler,5.41908016809,0.059719999999999995,1.428111111111111,,0.0,990.0,,5742.44,0.9133333333333334,0.96575,4.504951111111111,719.166
Kepler-301 d,Kepler-301,1.0,Transit,2014.0,Kepler,13.751315880245455,0.11105714285714285,1.9096666666666668,,0.0,726.2,,5732.8966666666665,0.92375,0.99,4.501834,719.166
Kepler-302 b,Kepler-302,1.0,Transit,2014.0,Kepler,30.183636311245458,0.18953142857142855,3.2796666666666665,,0.0,583.0,,5807.833333333333,1.09308,1.018,4.422276999999999,1402.58
Kepler-302 c,Kepler-302,1.0,Transit,2014.0,Kepler,127.282324263,0.4946942857142857,10.661777777777779,,0.0,361.0,,5807.833333333333,1.09308,1.018,4.422276999999999,1402.58
Kepler-303 b,Kepler-303,1.0,Transit,2014.0,Kepler,1.937262546,0.024460000000000003,0.97675,,0.0,807.1666666666666,M0 V,4028.585714285714,0.5311111111111111,0.5291666666666667,4.711963636363636,209.738
Kepler-303 c,Kepler-303,1.0,Transit,2014.0,Kepler,7.061076278283333,0.05806666666666666,1.282181818181818,,0.0,526.0,,4035.0923076923073,0.53375,0.531,4.711963636363636,209.738
Kepler-304 b,Kepler-304,1.0,Transit,2014.0,Kepler,3.2957061782636363,0.039638571428571426,3.1596666666666664,,0.0,960.2,,4791.416666666667,0.696154625,0.7578333333333332,4.568587,434.684
Kepler-304 c,Kepler-304,1.0,Transit,2014.0,Kepler,5.315953471481818,0.054682857142857144,2.4542222222222225,,0.0,817.2,,4791.416666666667,0.696154625,0.7578333333333332,4.568587,434.684
Kepler-304 d,Kepler-304,1.0,Transit,2014.0,Kepler,9.653486417454546,0.08120000000000001,2.7354444444444446,,0.0,671.0,,4791.416666666667,0.696154625,0.7578333333333332,4.568587,434.684
Kepler-304 e,Kepler-304,1.0,Transit,2016.0,Kepler,1.4991458747333333,0.023611666666666666,1.2153749999999999,,0.0,1245.4,,4808.9,0.6951930000000001,0.7594000000000001,4.5551975,434.684
Kepler-305 b,Kepler-305,1.0,Transit,2013.0,Kepler,5.487317297284616,0.05677666666666666,3.396818181818182,8.85,0.0008333333333333334,846.8,,5052.333333333333,0.8039864166666667,0.82,4.523474,868.477
Kepler-305 c,Kepler-305,1.0,Transit,2013.0,Kepler,8.290816787361539,0.07463,3.197545454545455,5.25,0.0,738.4,,5052.333333333333,0.8039864166666667,0.82,4.523474,868.477
Kepler-305 d,Kepler-305,1.0,Transit,2014.0,Kepler,16.73883390416923,0.11961571428571428,2.6568,7.65,0.0,584.2,,5056.0,0.8035306363636363,0.825,4.528574000000001,868.477
Kepler-305 e,Kepler-305,1.0,Transit,2020.0,Kepler,3.20539397,0.03962833333333333,1.8352593285714285,,0.0,1013.6,,5045.875,0.8084263333333334,0.82575,4.519737142857143,868.477
Kepler-306 b,Kepler-306,1.0,Transit,2014.0,Kepler,4.64620816558,0.051264285714285714,1.7825555555555554,,0.0,904.4,,5028.727272727273,0.7709052,0.8405,4.554948888888889,775.679
Kepler-306 c,Kepler-306,1.0,Transit,2014.0,Kepler,7.240198838427273,0.06897,2.412777777777778,,0.0,779.8,,5022.0,0.7745481666666666,0.8361428571428571,4.554281,775.679
Kepler-306 d,Kepler-306,1.0,Transit,2014.0,Kepler,17.326676293854547,0.12333714285714285,2.413555555555556,,0.0,583.0,,5022.0,0.7745481666666666,0.8361428571428571,4.554281,775.679
Kepler-306 e,Kepler-306,1.0,Transit,2014.0,Kepler,44.84119182011818,0.23270714285714283,2.6500000000000004,,0.0,424.6,,5022.0,0.7745481666666666,0.8361428571428571,4.554281,775.679
Kepler-307 b,Kepler-307,1.0,Transit,2013.0,Kepler,10.416531957857144,0.092115,3.084,6.05,0.0,839.6,,5558.727272727273,0.9466915555555556,0.963,4.400611111111111,575.581
Kepler-307 c,Kepler-307,1.0,Transit,2013.0,Kepler,13.082572402857142,0.10717666666666666,2.8025384615384614,2.968,0.0,778.6,,5558.727272727273,0.9466915555555556,0.963,4.400611111111111,575.581
Kepler-308 b,Kepler-308,1.0,Transit,2014.0,Kepler,9.6949889569,0.08916666666666666,2.156625,,0.0,830.6,,5819.2,0.91012375,1.0052857142857143,4.521791111111111,1335.92
Kepler-308 c,Kepler-308,1.0,Transit,2014.0,Kepler,15.38245163115,0.1214,2.136625,,0.0,712.8,,5808.818181818182,0.9085538888888889,1.007125,4.523818,1335.92
Kepler-309 b,Kepler-309,1.0,Transit,2014.0,Kepler,5.923648880883333,0.053915,1.2452727272727273,,0.0,557.6666666666666,M0 V,4403.538461538462,0.716,0.729,4.653517,544.568
Kepler-309 c,Kepler-309,1.0,Transit,2014.0,Kepler,105.35742563930769,0.36722125,2.402090909090909,,0.0,213.83333333333334,M0 V,4425.714285714285,0.7418808888888889,0.7332,4.642778181818182,544.568
Kepler-31 b,Kepler-31,1.0,Transit,2011.0,Kepler,20.860448766666668,0.15509857142857145,5.450555555555556,36.7418,0.0,779.8,,6247.581818181818,1.1987999999999999,1.156875,4.363797777777778,1664.6399999999999
Kepler-31 c,Kepler-31,1.0,Transit,2011.0,Kepler,42.633631466666664,0.25006,5.0997,513.4333333333333,0.0,614.2,,6247.581818181818,1.1987999999999999,1.156875,4.363797777777778,1664.6399999999999
Kepler-31 d,Kepler-31,1.0,Transit,2014.0,Kepler,87.64741748778462,0.39998374999999997,4.129,1084.2008600000001,0.0,483.2,,6212.969230769231,1.2226666666666668,1.146875,4.340524545454546,1664.64
Kepler-310 b,Kepler-310,1.0,Transit,2014.0,Kepler,13.93071142755,0.11001000000000001,1.2828888888888887,,0.0,706.6,,5630.0,0.8490335555555555,0.9088,4.538924444444444,602.268
Kepler-310 c,Kepler-310,1.0,Transit,2014.0,Kepler,56.47583287372727,0.27952857142857146,3.3201111111111112,,0.0,443.2,,5618.333333333333,0.8480453000000001,0.9279999999999999,4.542298,602.268
Kepler-310 d,Kepler-310,1.0,Transit,2014.0,Kepler,92.87506677814167,0.38945428571428575,2.4364,7.0,0.0,375.8,,5618.333333333333,0.8480453000000001,0.9326666666666666,4.542298,602.268
Kepler-311 b,Kepler-311,1.0,Transit,2014.0,Kepler,9.176131552572729,0.08595142857142857,1.6486666666666667,,0.0,945.8,,5893.236363636363,1.1483333333333332,1.0236,4.327904,778.654
Kepler-311 c,Kepler-311,1.0,Transit,2014.0,Kepler,19.738567708872726,0.14317142857142856,1.518888888888889,,0.0,733.0,,5893.236363636363,1.1483333333333332,1.0236,4.327904,778.654
Kepler-311 d,Kepler-311,1.0,Transit,2023.0,Kepler,232.05028934999999,0.7335575,2.05179999,,0.0,319.6666666666667,,5889.7,1.1503333333333332,0.9763999999999999,4.320136,778.654
Kepler-312 b,Kepler-312,1.0,Transit,2014.0,Kepler,1.7724422181777777,0.03076833333333333,1.15825,,0.0,1652.0,,6186.487999999999,1.3667500000000001,1.196,4.2870800000000004,797.72
Kepler-312 c,Kepler-312,1.0,Transit,2014.0,Kepler,19.74735623670909,0.15315285714285715,2.8922222222222222,,0.0,744.4,,6185.026666666666,1.3317999999999999,1.196888888888889,4.269796,797.7199999999999
Kepler-313 b,Kepler-313,1.0,Transit,2014.0,Kepler,14.970269449954545,0.11990142857142858,2.234,,0.0,805.0,,5818.25,1.2026666666666668,0.9836,4.268428571428571,
Kepler-313 c,Kepler-313,1.0,Transit,2014.0,Kepler,32.2752431066,0.20006142857142858,2.0753749999999997,,0.0,623.0,,5818.25,1.2026666666666668,0.9836,4.268428571428571,
Kepler-314 b,Kepler-314,1.0,Transit,2014.0,Kepler,2.461067824390909,0.035691873,0.8095000000000001,,0.0,1219.2,,5411.643636363637,0.9126,1.002,4.50042,268.881
Kepler-314 c,Kepler-314,1.0,Transit,2014.0,Kepler,5.960400200483334,0.0645214048625,2.8128,,0.0,907.8,,5395.635,0.9294560000000001,0.9864,4.494167,268.881
Kepler-315 b,Kepler-315,1.0,Transit,2014.0,Kepler,96.105854644,0.39138142857142855,4.007555555555555,,0.0,385.0,,5755.181818181818,0.9967428571428572,0.8725714285714286,4.448906666666667,1160.63
Kepler-315 c,Kepler-315,1.0,Transit,2014.0,Kepler,265.4708680666667,0.7666666666666666,4.02775,,0.0,274.5,,5753.4,1.0111999999999999,0.8596666666666666,4.44252,1160.63
Kepler-316 b,Kepler-316,1.0,Transit,2014.0,Kepler,2.2404924310000003,0.0277,1.2706666666666666,,0.0,824.4,,4204.545454545455,0.5690000000000001,0.598,4.674040000000001,384.93800000000005
Kepler-316 c,Kepler-316,1.0,Transit,2014.0,Kepler,6.82778150269,0.05843333333333334,1.3907777777777777,,0.0,568.4,,4208.833333333333,0.5690000000000001,0.598,4.663704,384.93799999999993
Kepler-317 b,Kepler-317,1.0,Transit,2014.0,Kepler,5.52417659489,0.059783333333333334,2.1164444444444444,109.8,0.0,949.4,,5445.6,0.9343494285714286,0.959,4.461893333333333,940.584
Kepler-317 c,Kepler-317,1.0,Transit,2014.0,Kepler,8.775098123560001,0.08141666666666666,1.816125,,0.0,814.0,,5445.6,0.9343494285714286,0.959,4.461893333333333,940.584
Kepler-318 b,Kepler-318,1.0,Transit,2014.0,Kepler,4.662718794581818,0.05590571428571428,4.863111111111111,,0.0,1263.8,,5855.863333333334,0.9834345,1.08975,4.3487290000000005,489.141
Kepler-318 c,Kepler-318,1.0,Transit,2014.0,Kepler,11.815006437427273,0.10416857142857143,3.9536666666666664,,0.0,926.2,,5855.863333333334,0.9834345,1.08975,4.3487290000000005,489.141
Kepler-319 b,Kepler-319,1.0,Transit,2014.0,Kepler,4.3627395211909095,0.053927142857142854,2.3297777777777777,,0.0,1342.0,,5670.746666666666,0.9420014444444446,0.9705,4.343,503.436
Kepler-319 c,Kepler-319,1.0,Transit,2014.0,Kepler,6.941357444254546,0.07327571428571429,3.8717777777777775,,0.0,1151.2,,5670.746666666666,0.9420014444444446,0.9705,4.343,503.436
Kepler-319 d,Kepler-319,1.0,Transit,2014.0,Kepler,31.782102266818182,0.20231285714285716,3.198666666666666,,0.0,692.6,,5670.746666666666,0.9420014444444446,0.9705,4.343,503.436
Kepler-32 b,Kepler-32,1.0,Transit,2011.0,Kepler,5.901164396823529,0.051326250000000004,2.1514666666666664,329.05968,0.0,523.4285714285714,M1 V,3799.2,0.5268571428571429,0.5423333333333333,4.716168181818182,323.847
Kepler-32 c,Kepler-32,1.0,Transit,2011.0,Kepler,8.752000182941176,0.06988625,2.0702000000000003,42.237092499999996,0.0,459.14285714285717,M1 V,3799.2,0.5268571428571429,0.5423333333333333,4.716168181818182,323.847
Kepler-32 d,Kepler-32,1.0,Transit,2012.0,Kepler,22.780592009429412,0.1273575,2.4426428571428573,53.6952,0.0,333.7142857142857,M1 V,3781.2,0.5265000000000001,0.539375,4.712566666666667,323.847
Kepler-32 e,Kepler-32,1.0,Transit,2012.0,Kepler,2.8962592732125,0.03226875,1.3299285714285713,2.6003249999999998,0.0,663.7142857142857,M1 V,3799.2,0.5265000000000001,0.532875,4.716168181818182,323.847
Kepler-32 f,Kepler-32,1.0,Transit,2012.0,Kepler,0.7427472685571429,0.012928571428571428,1.4269166666666668,1415.6689999999999,0.0,1055.8333333333333,M1 V,3805.6923076923076,0.5306,0.5495127,4.713685,323.847
Kepler-320 b,Kepler-320,1.0,Transit,2014.0,Kepler,8.3715962725,0.08367166666666666,1.392875,,0.0,1073.75,,6317.17,1.1640871428571429,1.1043333333333334,4.304705714285714,826.613
Kepler-320 c,Kepler-320,1.0,Transit,2014.0,Kepler,17.934679895555558,0.13915333333333332,1.7574999999999998,,0.0,833.25,,6289.106,1.287044,1.1065714285714285,4.290485,826.613
Kepler-321 b,Kepler-321,1.0,Transit,2014.0,Kepler,4.915385137427273,0.05702142857142857,1.637888888888889,,0.0,1082.2,,5782.936666666667,1.0258926363636363,1.039111111111111,4.433296,384.542
Kepler-321 c,Kepler-321,1.0,Transit,2014.0,Kepler,13.093907453554545,0.10956,2.217,,0.0,781.2,,5782.936666666667,1.0258926363636363,1.039111111111111,4.433296,384.542
Kepler-322 b,Kepler-322,1.0,Transit,2014.0,Kepler,1.6538923981099998,0.025702857142857142,1.0791111111111111,,0.0,1476.6,,5429.636363636364,0.8427836,0.9081666666666667,4.458297777777777,400.4800000000001
Kepler-322 c,Kepler-322,1.0,Transit,2014.0,Kepler,4.337227576199999,0.048960000000000004,1.7862222222222224,,0.0,1068.6,,5421.333333333333,0.8427049090909091,0.9097142857142858,4.4675519999999995,400.48
Kepler-323 b,Kepler-323,1.0,Transit,2014.0,Kepler,1.6783000675000002,0.0282425,1.5676363636363637,344.15,0.015833333333333335,1860.0,,6059.908333333333,1.1405066666666668,1.0875,4.284793333333334,454.8829999999999
Kepler-323 c,Kepler-323,1.0,Transit,2014.0,Kepler,3.5538394669692304,0.0465475,1.7556363636363637,43.25,0.015833333333333335,1448.8333333333333,,6043.026923076924,1.14358,1.0836666666666668,4.289321,454.883
Kepler-324 b,Kepler-324,1.0,Transit,2014.0,Kepler,4.385357354636364,0.05029285714285714,1.1284444444444446,2414.4,0.0,933.4,,5265.272727272727,0.8243333333333333,0.894375,4.555686666666667,501.574
Kepler-324 c,Kepler-324,1.0,Transit,2014.0,Kepler,51.808883508181815,0.2607271428571429,3.0408888888888885,6.2,0.0,409.8,,5265.272727272727,0.8243333333333333,0.894375,4.555686666666667,501.574
Kepler-324 e,Kepler-324,1.0,Transit,2021.0,Kepler,13.979432513,0.10898666666666668,1.706517777142857,235.014,0.0,634.0,,5269.666666666667,0.8188571428571428,0.8911250000000001,4.5576475,501.57399999999996
Kepler-325 b,Kepler-325,1.0,Transit,2014.0,Kepler,4.5444421482727275,0.05206142857142858,2.8218888888888887,,0.0,1088.2,,5630.204166666666,0.9412857142857142,0.9052857142857142,4.488466,823.2419999999998
Kepler-325 c,Kepler-325,1.0,Transit,2014.0,Kepler,12.762207962172727,0.10364,2.9795555555555557,,0.0,770.8,,5630.204166666666,0.9412857142857144,0.9052857142857142,4.488466,823.2419999999998
Kepler-325 d,Kepler-325,1.0,Transit,2014.0,Kepler,38.714922631681816,0.21721142857142858,2.7464444444444442,,0.0,532.6,,5630.204166666666,0.9412857142857142,0.9052857142857142,4.488466,823.2419999999998
Kepler-326 b,Kepler-326,1.0,Transit,2014.0,Kepler,2.248270740558333,0.032537142857142855,2.1152,44.6,0.0,1514.6,,5162.4525,1.015955,0.898,4.262624,487.67500000000007
Kepler-326 c,Kepler-326,1.0,Transit,2014.0,Kepler,4.5803130658999995,0.052047142857142854,2.2538,17.4,0.0,1197.6,,5162.4525,1.015955,0.898,4.262624,487.67500000000007
Kepler-326 d,Kepler-326,1.0,Transit,2014.0,Kepler,6.766910381125,0.06756857142857144,2.0264,6.9,0.0,1050.4,,5162.4525,1.015955,0.898,4.262624,487.67500000000007
Kepler-327 b,Kepler-327,1.0,Transit,2014.0,Kepler,2.5496556688571426,0.02921666666666667,1.2565833333333334,,0.0,699.2,,3834.5,0.5255,0.558,4.713243333333334,241.987
Kepler-327 c,Kepler-327,1.0,Transit,2014.0,Kepler,5.212102784721429,0.04703333333333334,1.1787692307692308,20.3,0.0,551.6,,3834.5,0.5255,0.558,4.713243333333334,241.987
Kepler-327 d,Kepler-327,1.0,Transit,2014.0,Kepler,13.969475556892307,0.0907,2.0236666666666667,,0.0,397.2,,3834.5,0.5224,0.5525,4.713243333333334,241.987
Kepler-328 b,Kepler-328,1.0,Transit,2013.0,Kepler,34.91790326777778,0.219225,3.1654285714285715,167.5585,0.0,600.5,,6166.5,1.1948750000000001,1.147375,4.3438099999999995,2213.19
Kepler-328 c,Kepler-328,1.0,Transit,2013.0,Kepler,71.311553641,0.35116,5.573125,63.44,0.0,469.8,,6162.888888888889,1.1135,1.147375,4.360053333333333,2213.19
Kepler-329 b,Kepler-329,1.0,Transit,2014.0,Kepler,7.416355632988888,0.06093333333333334,1.4777777777777779,,0.0,538.2,,4216.818181818182,0.5467500000000001,0.599,4.690775555555556,439.719
Kepler-329 c,Kepler-329,1.0,Transit,2014.0,Kepler,18.68479649462,0.11278333333333333,2.2405555555555554,,0.0,396.0,,4238.333333333333,0.5658000000000001,0.599,4.679047,439.719
Kepler-33 b,Kepler-33,1.0,Transit,2011.0,Kepler,5.66811179351,0.06559714285714285,1.6215555555555556,,0.0,1338.2,,5920.727272727273,1.7099125,1.1354444444444445,4.031522222222223,1209.16
Kepler-33 c,Kepler-33,1.0,Transit,2011.0,Kepler,13.175591050433333,0.11506000000000001,2.7571000000000003,0.39,0.0,1010.8,,5919.333333333333,1.708345,1.1262727272727273,4.0283050000000005,1209.16
Kepler-33 d,Kepler-33,1.0,Transit,2011.0,Kepler,21.77577783265,0.16080285714285716,4.798333333333333,6.57,0.0,854.8,,5919.333333333333,1.7070409090909093,1.1222307692307694,4.0283050000000005,1209.16
Kepler-33 e,Kepler-33,1.0,Transit,2011.0,Kepler,31.78465295769231,0.20694428571428572,3.6311666666666667,7.956666666666667,0.0,753.4,,5920.727272727273,1.70633,1.1265833333333333,4.031522222222223,1209.16
Kepler-33 f,Kepler-33,1.0,Transit,2011.0,Kepler,41.02823944230769,0.24536142857142856,4.0825000000000005,14.816666666666668,0.0,692.2,,5920.727272727273,1.70633,1.1265833333333333,4.031522222222223,1209.16
Kepler-330 b,Kepler-330,1.0,Transit,2014.0,Kepler,8.259810667210001,0.07466142857142857,1.3227777777777778,,0.0,706.4,,5040.727272727273,0.7545714285714286,0.8230000000000001,4.5868577777777775,717.527
Kepler-330 c,Kepler-330,1.0,Transit,2014.0,Kepler,15.955437624063636,0.11577571428571429,2.1432222222222226,,0.0,567.0,,5034.583333333333,0.760875,0.8224999999999999,4.581458,717.527
Kepler-331 b,Kepler-331,1.0,Transit,2014.0,Kepler,8.45748386913,0.06651666666666667,2.11675,,0.0,544.8,,4456.154545454545,0.5633595555555555,0.653,4.712465,580.119
Kepler-331 c,Kepler-331,1.0,Transit,2014.0,Kepler,17.28115869663,0.10738333333333333,2.2276249999999997,,0.0,428.8,,4456.154545454545,0.5633595555555555,0.653,4.712465,580.119
Kepler-331 d,Kepler-331,1.0,Transit,2014.0,Kepler,32.13414113052,0.16235,2.060375,,0.0,349.0,,4456.154545454545,0.5633595555555555,0.653,4.712465,580.119
Kepler-332 b,Kepler-332,1.0,Transit,2014.0,Kepler,7.626348004654545,0.06982714285714285,1.296,,0.0,763.2,,5008.0,0.7129251111111111,0.8001250000000001,4.57575,344.19
Kepler-332 c,Kepler-332,1.0,Transit,2014.0,Kepler,15.995601394569999,0.11453,1.149375,,0.0,601.75,,5002.363636363636,0.70829075,0.8001250000000001,4.577500000000001,344.19
Kepler-332 d,Kepler-332,1.0,Transit,2014.0,Kepler,34.21130671516,0.190065,1.2506249999999999,,0.0,467.5,,5002.363636363636,0.70829075,0.8001250000000001,4.577500000000001,344.19
Kepler-333 b,Kepler-333,2.0,Transit,2014.0,Kepler,12.551090467745455,0.08871666666666667,1.4822000000000002,28.2,0.0,475.2,,4289.723333333333,0.6054731818181819,0.6436,4.689071,324.41300000000007
Kepler-333 c,Kepler-333,2.0,Transit,2014.0,Kepler,24.088250594263638,0.13721666666666668,1.219111111111111,,0.0,382.0,,4289.723333333333,0.6054731818181819,0.6436,4.689071,324.41300000000007
Kepler-334 b,Kepler-334,1.0,Transit,2014.0,Kepler,5.470336228308334,0.0606665103125,1.0671,,0.0,1063.6,,5883.288333333333,1.012483,1.0346666666666666,4.418487,426.59000000000003
Kepler-334 c,Kepler-334,1.0,Transit,2014.0,Kepler,12.758021945866666,0.1066516376,1.4209,,0.0,802.0,,5883.288333333333,1.012483,1.0346666666666666,4.418487,426.59000000000003
Kepler-334 d,Kepler-334,1.0,Transit,2014.0,Kepler,25.098517818583332,0.1674022393875,1.4597,,0.0,640.0,,5883.288333333333,1.012483,1.0346666666666666,4.418487,426.59000000000003
Kepler-335 b,Kepler-335,1.0,Transit,2014.0,Kepler,6.562270878572727,0.07152285714285714,2.501888888888889,,0.0,1035.4,,5956.015833333334,1.80818125,1.068,4.195411,1278.97
Kepler-335 c,Kepler-335,1.0,Transit,2014.0,Kepler,67.84644636493334,0.3413083333333333,2.29175,,0.0,483.25,,5955.346,1.8031857142857144,1.094142857142857,4.1879675,1278.97
Kepler-336 b,Kepler-336,1.0,Transit,2014.0,Kepler,2.024824557011111,0.03155,0.8857142857142858,,0.0,1465.0,,5967.542222222222,1.0115,0.9677499999999999,4.419714285714286,768.86
Kepler-336 c,Kepler-336,1.0,Transit,2014.0,Kepler,9.599939264789999,0.08879999999999999,1.76,,0.0,872.6,,5966.482,1.0115,0.9677499999999999,4.419714285714286,768.86
Kepler-336 d,Kepler-336,1.0,Transit,2014.0,Kepler,20.67876536337,0.14816666666666667,2.044285714285714,,0.0,675.6,,5966.482,1.0115,0.9677499999999999,4.419714285714286,768.86
Kepler-337 b,Kepler-337,1.0,Transit,2014.0,Kepler,3.292771578063636,0.04370999999999999,1.421111111111111,,0.0,1453.8,,5702.7716666666665,1.6754916666666666,1.013,4.060193,677.975
Kepler-337 c,Kepler-337,1.0,Transit,2014.0,Kepler,9.693141418263638,0.08976428571428571,1.9385555555555554,,0.0,1015.0,,5702.7716666666665,1.6754916666666666,1.013,4.060193,677.975
Kepler-338 b,Kepler-338,1.0,Transit,2014.0,Kepler,13.727048729628573,0.1165095976,2.4541666666666666,30.6,0.005714285714285714,991.6,,5906.04,1.7415555555555557,1.120375,3.9850800000000004,552.798
Kepler-338 c,Kepler-338,1.0,Transit,2014.0,Kepler,24.31111452099231,0.170640914675,2.372181818181818,,0.004285714285714286,819.8,,5906.04,1.742375,1.1175714285714284,3.9850800000000004,552.798
Kepler-338 d,Kepler-338,1.0,Transit,2014.0,Kepler,44.43030550912307,0.255069016125,2.767181818181818,,0.004285714285714286,670.8,,5906.04,1.742375,1.1175714285714284,3.9850800000000004,552.798
Kepler-338 e,Kepler-338,1.0,Transit Timing Variations,2014.0,Kepler,9.341408345,0.09009050971428571,1.6604545454545454,8.5,0.0071428571428571435,1127.4,,5908.603636363637,1.742375,1.120375,3.9905177777777774,552.798
Kepler-339 b,Kepler-339,1.0,Transit,2014.0,Kepler,4.977621803590909,0.054869999999999995,1.5021111111111112,,0.0,968.2,,5537.806666666667,0.7904483,0.9008,4.56599,616.637
Kepler-339 c,Kepler-339,1.0,Transit,2014.0,Kepler,6.988025546399999,0.06877285714285715,1.1930999999999998,7.3,0.0,865.0,,5537.806666666667,0.7920439090909092,0.8973333333333334,4.56599,616.637
Kepler-339 d,Kepler-339,1.0,Transit,2014.0,Kepler,10.558323662425,0.09055,1.206,14.7,0.0,753.6,,5537.806666666667,0.7920439090909092,0.8973333333333334,4.56599,616.637
Kepler-34 b,Kepler-34,2.0,Transit,2011.0,Kepler,288.822,1.0896,8.564,69.92,0.182,,,5913.0,1.1618,1.0479,4.3284,1800.82
Kepler-340 b,Kepler-340,1.0,Transit,2014.0,Kepler,14.844431342857144,0.14350000000000002,3.4355714285714285,,0.0,1527.0,,7446.61625,1.863,1.9316,3.9646057142857143,808.762
Kepler-340 c,Kepler-340,1.0,Transit,2014.0,Kepler,22.824589445555556,0.19271666666666665,4.460625,,0.0,1330.2,,7565.486,2.0564,1.9946666666666666,3.998831111111111,808.762
Kepler-341 b,Kepler-341,1.0,Transit,2014.0,Kepler,5.19556708715,0.05875285714285715,1.1941111111111111,,0.0,1093.0,,5835.363636363636,1.0256666666666667,1.0045714285714287,4.3896444444444445,1047.03
Kepler-341 c,Kepler-341,1.0,Transit,2014.0,Kepler,8.010393792672728,0.07845,1.8287777777777778,,0.0,946.0,,5821.5,1.0484285714285713,1.00525,4.3790700000000005,1047.03
Kepler-341 d,Kepler-341,1.0,Transit,2014.0,Kepler,27.666462136181817,0.1790685714285714,2.0348888888888887,,0.0,626.0,,5821.5,1.0484285714285713,1.00525,4.3790700000000005,1047.03
Kepler-341 e,Kepler-341,1.0,Transit,2014.0,Kepler,42.47225160690909,0.23816714285714286,2.307111111111111,,0.0,543.0,,5821.5,1.0484285714285713,1.00525,4.3790700000000005,1047.03
Kepler-342 b,Kepler-342,1.0,Transit,2014.0,Kepler,15.17026943029091,0.12779714285714286,2.099222222222222,,0.0,871.6,,6307.355833333334,1.386,1.2006000000000001,4.273057,781.611
Kepler-342 c,Kepler-342,1.0,Transit,2014.0,Kepler,26.234751351111115,0.18439000000000003,1.985375,,0.0,730.75,,6308.518,1.386,1.20325,4.2705475,781.611
Kepler-342 d,Kepler-342,1.0,Transit,2014.0,Kepler,39.457743062000006,0.24181999999999998,2.499111111111111,,0.0,633.4,,6322.652727272726,1.386,1.2006000000000001,4.286042222222222,781.611
Kepler-342 e,Kepler-342,1.0,Transit,2016.0,Kepler,1.644223589857143,0.029078000000000003,0.9577142857142856,,0.0,1839.25,,6346.38625,1.3645,1.2146000000000001,4.303531666666667,781.611
Kepler-343 b,Kepler-343,1.0,Transit,2014.0,Kepler,8.968496015336363,0.08599142857142858,1.9862222222222223,,0.0,961.8,,5897.2025,1.2931857142857144,1.035,4.293393,927.1929999999999
Kepler-343 c,Kepler-343,1.0,Transit,2014.0,Kepler,23.221798277829997,0.16235833333333333,1.854375,,0.0,703.25,,5877.766363636364,1.2931857142857144,1.033125,4.280436666666667,927.193
Kepler-344 b,Kepler-344,1.0,Transit,2014.0,Kepler,21.963992380663637,0.15059,2.5873333333333335,,0.0,642.6,,5593.537499999999,0.9546208888888889,0.9299000000000002,4.45425,1002.94
Kepler-344 c,Kepler-344,1.0,Transit,2014.0,Kepler,125.60133455299999,0.4812757142857143,2.9975555555555555,,0.0,359.8,,5615.754545454546,0.9500435555555556,0.9310000000000002,4.4542222222222225,1002.94
Kepler-345 b,Kepler-345,1.0,Transit,2014.0,Kepler,7.415930018976923,0.06416666666666666,0.8088888888888889,0.7366666666666667,0.0,608.2,,4487.862,0.641375,0.71,4.652285714285713,
Kepler-345 c,Kepler-345,1.0,Transit,2014.0,Kepler,9.387580010742857,0.0751,1.3833333333333333,4.690003333333333,0.0,562.0,,4492.539090909091,0.641375,0.71,4.652285714285713,
Kepler-346 b,Kepler-346,1.0,Transit,2014.0,Kepler,6.511124255163637,0.06945142857142858,2.7335555555555557,,0.0,1003.8,,5787.333333333333,0.9383319999999999,0.99,4.4828589999999995,984.105
Kepler-346 c,Kepler-346,1.0,Transit,2014.0,Kepler,23.85159937276364,0.16476142857142856,3.1959999999999997,,0.0,651.6,,5787.333333333333,0.9383319999999999,0.99,4.4828589999999995,984.105
Kepler-347 b,Kepler-347,1.0,Transit,2014.0,Kepler,12.798321305954545,0.10851285714285715,2.2648888888888887,,0.0,827.0,,5901.583333333333,1.329942857142857,1.0535555555555556,4.3315600000000005,1298.88
Kepler-347 c,Kepler-347,1.0,Transit,2014.0,Kepler,27.321510760400002,0.17992833333333333,2.2552499999999998,,0.0,648.0,,5886.818181818182,1.329942857142857,1.05275,4.312844444444445,1298.88
Kepler-347 d,Kepler-347,1.0,Transit,2023.0,Kepler,85.51926308,0.383608,2.2175000183333333,,0.0,443.0,,5856.714285714285,1.4478,1.0453333333333334,4.296366666666667,1298.8799999999999
Kepler-348 b,Kepler-348,1.0,Transit,2014.0,Kepler,7.056753329318181,0.07655714285714287,1.471111111111111,,0.0,1117.2,,6406.314166666667,1.2691755555555555,1.2186666666666666,4.328339,570.783
Kepler-348 c,Kepler-348,1.0,Transit,2014.0,Kepler,17.265427599429998,0.13912666666666668,1.14775,,0.0,840.0,,6410.433636363637,1.3107633333333333,1.2246,4.317043333333333,570.783
Kepler-349 b,Kepler-349,1.0,Transit,2014.0,Kepler,5.929762006316667,0.06462428571428572,1.9690999999999999,94.5,0.0,984.4,,5860.714166666666,0.9564283333333333,1.0094444444444444,4.467872,940.724
Kepler-349 c,Kepler-349,1.0,Transit,2014.0,Kepler,12.247666897966667,0.1049042857142857,2.0572222222222223,,0.0,772.0,,5860.714166666666,0.9564283333333333,1.0094444444444444,4.467872,940.724
Kepler-35 b,Kepler-35,2.0,Transit,2011.0,Kepler,131.458,0.60347,8.16,40.363,0.042,,,5606.0,1.0284,0.8877,4.3623,1819.17
Kepler-350 b,Kepler-350,1.0,Transit,2014.0,Kepler,11.189637733327272,0.1002,1.649625,21.566899999999997,0.0,993.4,,6265.16,1.3844750000000001,1.1305999999999998,4.243617777777778,956.859
Kepler-350 c,Kepler-350,1.0,Transit,2013.0,Kepler,17.848505870492307,0.13566,2.8034444444444446,5.747365,0.0,850.4,,6295.79,1.3038666666666667,1.0932857142857142,4.262034,956.859
Kepler-350 d,Kepler-350,1.0,Transit,2013.0,Kepler,26.136264843138463,0.1751,2.6063333333333336,13.093075,0.0,748.6,,6295.79,1.3038666666666667,1.0932857142857142,4.262034,956.859
Kepler-351 b,Kepler-351,1.0,Transit,2014.0,Kepler,37.05461799283636,0.21158333333333335,2.8587777777777776,4.8,0.0,497.4,,5514.454545454545,0.83675,0.912,4.57838,1083.91
Kepler-351 c,Kepler-351,1.0,Transit,2014.0,Kepler,57.2485000790909,0.2829,3.1744444444444446,11.1,0.0,430.4,,5514.454545454545,0.83675,0.912,4.57838,1083.91
Kepler-351 d,Kepler-351,1.0,Transit,2016.0,Kepler,142.5434243345,0.5182249999999999,2.7281666666666666,,0.0,317.25,,5487.444444444444,0.7725,0.899,4.585975,1083.91
Kepler-352 b,Kepler-352,1.0,Transit,2014.0,Kepler,10.055443074354544,0.08527571428571427,0.8867777777777778,,0.0,683.6,,5239.5,0.7462310999999999,0.8390000000000001,4.613132,252.73300000000003
Kepler-352 c,Kepler-352,1.0,Transit,2014.0,Kepler,16.332737013554546,0.11780428571428571,1.331,,0.0,582.4,,5239.5,0.7462310999999999,0.8390000000000001,4.613132,252.73300000000003
Kepler-352 d,Kepler-352,1.0,Transit,2021.0,Kepler,6.887299386714287,0.066188,0.69104672,,0.0,779.75,,5230.857142857143,0.757,0.8163333333333332,4.599906666666667,252.733
Kepler-353 b,Kepler-353,2.0,Transit,2014.0,Kepler,5.7956637680666665,0.05156666666666667,1.08275,,0.0,551.2,,3904.5384615384614,0.532,0.5498571428571429,4.702621818181819,384.694
Kepler-353 c,Kepler-353,2.0,Transit,2014.0,Kepler,8.4109179374,0.06591666666666667,1.7155833333333332,,0.0,487.4,,3905.285714285714,0.532,0.5725,4.69601,384.694
Kepler-354 b,Kepler-354,1.0,Transit,2014.0,Kepler,5.47665247974,0.05396666666666666,1.912,,0.0,732.0,,4617.454545454545,0.6994176,0.7108571428571429,4.605124,554.064
Kepler-354 c,Kepler-354,1.0,Transit,2014.0,Kepler,16.9347474239,0.11500000000000002,1.3077142857142856,,0.0,508.0,,4625.555555555556,0.7015979999999999,0.7093333333333334,4.599395,554.064
Kepler-354 d,Kepler-354,1.0,Transit,2014.0,Kepler,24.21028475759,0.14526666666666666,1.437,,0.0,446.2,,4617.454545454545,0.6994176,0.7108571428571429,4.605124,554.064
Kepler-355 b,Kepler-355,1.0,Transit,2014.0,Kepler,11.03172655989,0.09926,1.527111111111111,,0.0,863.0,,5939.909090909091,1.0645714285714285,1.05775,4.400544444444445,1432.17
Kepler-355 c,Kepler-355,1.0,Transit,2014.0,Kepler,25.76259060480909,0.17461285714285713,2.839444444444444,,0.0,650.6,,5927.166666666667,1.0645714285714285,1.0424,4.386935,1432.17
Kepler-356 b,Kepler-356,1.0,Transit,2014.0,Kepler,4.6126765093909095,0.056107142857142855,1.503111111111111,,0.0,1239.0,,6123.993333333333,1.3228333333333333,1.1108,4.2575400000000005,707.5589999999999
Kepler-356 c,Kepler-356,1.0,Transit,2014.0,Kepler,13.121592146881818,0.11280857142857144,1.8574444444444442,,0.0,874.0,,6123.993333333333,1.3228333333333333,1.1108,4.2575400000000005,707.5589999999999
Kepler-357 b,Kepler-357,1.0,Transit,2014.0,Kepler,6.475390652349999,0.06252714285714286,1.8044444444444443,,0.0,792.0,,4973.272727272727,0.7925205714285715,0.7860000000000001,4.539966666666667,688.573
Kepler-357 c,Kepler-357,1.0,Transit,2014.0,Kepler,16.85825246646364,0.11853999999999999,2.4202222222222223,,0.0,575.0,,4964.666666666667,0.7649931999999999,0.7865,4.545655,688.573
Kepler-357 d,Kepler-357,1.0,Transit,2014.0,Kepler,49.500456666000005,0.24289142857142856,2.949666666666667,,0.0,401.8,,4973.272727272727,0.7925205714285715,0.7860000000000001,4.539966666666667,688.573
Kepler-358 b,Kepler-358,1.0,Transit,2014.0,Kepler,34.06070968883,0.20793333333333333,2.8635,,0.0,551.0,,5762.537272727273,0.940390888888889,0.9695,4.497486,1101.1
Kepler-358 c,Kepler-358,1.0,Transit,2014.0,Kepler,83.48861955347999,0.37776666666666664,3.107625,,0.0,408.8,,5762.537272727273,0.940390888888889,0.9695,4.497486,1101.1
Kepler-359 b,Kepler-359,1.0,Transit,2014.0,Kepler,25.563703739054542,0.17317000000000002,3.65925,,0.0,647.6,,5984.454545454545,1.000385125,1.0594999999999999,4.475588,1443.21
Kepler-359 c,Kepler-359,1.0,Transit,2014.0,Kepler,57.689682253025005,0.29805571428571426,4.819222222222223,2.9,0.0,493.6,,5984.454545454545,1.000385125,1.064,4.475588,1443.21
Kepler-359 d,Kepler-359,1.0,Transit,2014.0,Kepler,77.086836773,0.36155,23.582124999999998,2.7,0.0,461.0,,6016.333333333333,1.0114362857142856,1.08075,4.44924,1443.21
Kepler-36 b,Kepler-36,1.0,Transit,2012.0,Kepler,13.850154778666667,0.1149278320875,1.4926666666666666,4.205914688333333,0.004875,978.3333333333334,,5952.083333333333,1.631333333333333,1.0545,4.050676,527.956
Kepler-36 c,Kepler-36,1.0,Transit,2012.0,Kepler,16.231461338,0.1277737872375,3.792538461538461,10.030475631666667,0.004125,928.0,,5952.083333333333,1.631333333333333,1.0545,4.050676,527.956
Kepler-360 b,Kepler-360,1.0,Transit,2014.0,Kepler,3.28971201987,0.043489999999999994,1.5352222222222223,,0.0,1258.2,,5791.636363636364,0.9697255555555555,1.0092857142857141,4.457953333333333,876.044
Kepler-360 c,Kepler-360,1.0,Transit,2014.0,Kepler,7.186454702545455,0.07324142857142857,2.1195555555555554,,0.0,970.6,,5774.0,0.9374707142857144,1.0042857142857142,4.462887,876.044
Kepler-361 b,Kepler-361,1.0,Transit,2014.0,Kepler,8.4865171015,0.08434333333333333,1.404875,,0.0,1051.0,,6221.662727272728,1.3937785714285715,1.1693333333333333,4.260471111111111,930.32
Kepler-361 c,Kepler-361,1.0,Transit,2014.0,Kepler,55.18693872,0.2942342857142857,2.482666666666667,,0.0,563.8,,6232.350909090909,1.2774999999999999,1.1316666666666666,4.274906666666666,930.32
Kepler-362 b,Kepler-362,1.0,Transit,2014.0,Kepler,10.327348834355554,0.08823166666666667,1.124625,,0.0,763.75,,5714.344,1.0272000000000001,0.882,4.4930275,1090.51
Kepler-362 c,Kepler-362,1.0,Transit,2014.0,Kepler,37.865905512090904,0.21125714285714284,2.018,,0.0,500.2,,5730.138333333333,1.0442142857142858,0.944,4.471833,1090.51
Kepler-363 b,Kepler-363,1.0,Transit,2014.0,Kepler,3.61460211423,0.04905142857142857,1.4164444444444444,,0.0,1577.8,,5656.49090909091,1.6508200000000002,1.14225,4.019708888888889,762.596
Kepler-363 c,Kepler-363,1.0,Transit,2014.0,Kepler,7.542325711681818,0.08024285714285714,2.011,66.4,0.0,1234.2,,5656.49090909091,1.6508200000000002,1.212625,4.019708888888889,762.596
Kepler-363 d,Kepler-363,1.0,Transit,2014.0,Kepler,11.932074006866666,0.10894285714285713,2.4013333333333335,,0.0,1059.2,,5645.925,1.65184,1.14225,4.016306999999999,762.596
Kepler-364 b,Kepler-364,1.0,Transit,2014.0,Kepler,25.745873765499997,0.1793342857142857,1.5352222222222223,,0.0,732.6,,6260.4075,1.2987583333333335,1.193125,4.308549999999999,891.462
Kepler-364 c,Kepler-364,1.0,Transit,2014.0,Kepler,59.980970369190906,0.3149571428571428,2.2665555555555557,,0.0,552.6,,6260.4075,1.2987583333333335,1.193125,4.308549999999999,891.462
Kepler-365 b,Kepler-365,1.0,Transit,2014.0,Kepler,10.66488049985,0.09623333333333334,1.8614285714285714,,0.0,866.2,,5908.405000000001,1.0315,1.0324,4.429571428571429,1038.99
Kepler-365 c,Kepler-365,1.0,Transit,2014.0,Kepler,17.783704702777776,0.13548,1.6133333333333333,,0.0,731.25,,5900.450000000001,1.0315,1.0324,4.4295,1038.99
Kepler-366 b,Kepler-366,1.0,Transit,2014.0,Kepler,3.2819213636100004,0.04463857142857143,1.7157777777777778,,0.0,1314.4,,6060.272727272727,1.0612857142857144,1.0911666666666668,4.321802222222222,1856.2799999999997
Kepler-366 c,Kepler-366,1.0,Transit,2014.0,Kepler,12.516160285645453,0.10886571428571427,2.066777777777778,,0.0,842.0,,6050.833333333333,1.0612857142857144,1.091,4.285083,1856.28
Kepler-367 b,Kepler-367,1.0,Transit,2014.0,Kepler,37.815640464163636,0.20040714285714284,1.1765555555555556,,0.0,392.8,,4791.220833333334,0.7083128999999999,0.770375,4.619842,188.02699999999996
Kepler-367 c,Kepler-367,1.0,Transit,2014.0,Kepler,53.57809684659091,0.2526428571428571,1.2626666666666668,,0.0,349.8,,4791.220833333334,0.7083128999999999,0.770375,4.619842,188.02699999999996
Kepler-368 b,Kepler-368,1.0,Transit,2014.0,Kepler,26.847579996754543,0.17291714285714285,2.277111111111111,,0.0,576.4,,5456.006666666667,2.01400875,0.952,4.1475859999999996,770.978
Kepler-368 c,Kepler-368,1.0,Transit,2014.0,Kepler,72.38143142444444,0.3345533333333333,2.933875,,0.0,425.75,,5478.372,1.98934,0.9499999999999998,4.14553,770.978
Kepler-369 b,Kepler-369,1.0,Transit,2014.0,Kepler,2.7327886559727275,0.029716666666666666,1.1934,,0.0,643.0,,3657.0,0.48975,0.49499999999999994,4.753173636363636,
Kepler-369 c,Kepler-369,1.0,Transit,2014.0,Kepler,14.871498688483333,0.09198333333333332,1.4207,,0.0,365.8,,3656.846153846154,0.48975,0.49499999999999994,4.746989999999999,
Kepler-37 b,Kepler-37,1.0,Transit,2013.0,Kepler,13.367191900925,0.10154712461428571,0.2965554981818182,4.6560999999999995,0.02542857142857143,664.75,,5383.25,0.7827372727272728,0.8053750000000001,4.585668888888889,63.9207
Kepler-37 c,Kepler-37,1.0,Transit,2013.0,Kepler,21.301943135946665,0.13902996481111113,0.7225384615384616,6.65,0.023625,567.1666666666666,,5386.733333333334,0.7817485714285715,0.8035,4.586121666666666,63.9207
Kepler-37 d,Kepler-37,1.0,Transit,2013.0,Kepler,39.792215596764706,0.21093917466666667,1.9256428571428572,25.566666666666666,0.03125,460.1666666666667,,5387.0,0.7817406250000001,0.8031818181818182,4.5883,63.9207
Kepler-37 e,Kepler-37,1.0,Transit Timing Variations,2014.0,Kepler,51.06864458857143,0.248,0.37,8.1,0.0,401.0,,5361.8,0.7864220000000001,0.7913333333333333,4.6083300000000005,63.9207
Kepler-370 b,Kepler-370,1.0,Transit,2014.0,Kepler,4.57950615668,0.05358285714285715,1.4004444444444446,,0.0,1041.8,,5735.820000000001,0.9446,0.9756666666666667,4.489262222222222,1167.94
Kepler-370 c,Kepler-370,1.0,Transit,2014.0,Kepler,19.02330934512727,0.13849,2.0186666666666664,,0.0,648.4,,5728.7525,0.96075,0.9756666666666667,4.4798540000000004,1167.94
Kepler-371 b,Kepler-371,1.0,Transit,2014.0,Kepler,34.76306120076364,0.20441,1.8865555555555555,,0.0,559.4,,5837.3358333333335,0.98325,1.012375,4.392436999999999,813.192
Kepler-371 c,Kepler-371,1.0,Transit,2014.0,Kepler,67.96856160333333,0.31769833333333336,1.7577500000000001,,0.0,446.75,,5821.702,0.9430000000000001,1.0016666666666667,4.3995725,813.192
Kepler-372 b,Kepler-372,1.0,Transit,2014.0,Kepler,6.8497596075,0.07408,1.548125,,0.0,1119.25,,6289.666666666667,1.178857142857143,1.16,4.356842857142857,1493.95
Kepler-372 c,Kepler-372,1.0,Transit,2014.0,Kepler,20.05439974,0.1519842857142857,2.5045555555555556,,0.0,793.0,,6292.0,1.178857142857143,1.1585714285714286,4.34031111111111,1493.95
Kepler-372 d,Kepler-372,1.0,Transit,2014.0,Kepler,30.090717726666664,0.19859166666666664,2.337875,,0.0,684.0,,6271.0,1.178857142857143,1.1585714285714286,4.3466,1493.95
Kepler-373 b,Kepler-373,1.0,Transit,2014.0,Kepler,5.53532857712,0.059941428571428576,1.615,,0.0,981.6,,5675.636363636364,0.8915714285714286,0.9513333333333334,4.431257777777778,1090.45
Kepler-373 c,Kepler-373,1.0,Transit,2014.0,Kepler,16.72608367998,0.1253342857142857,1.411888888888889,,0.0,679.0,,5675.636363636364,0.8915714285714286,0.9513333333333334,4.431257777777778,1090.45
Kepler-374 b,Kepler-374,1.0,Transit,2014.0,Kepler,1.8978274669400002,0.029462857142857145,1.2704444444444445,,0.0,1536.4,,5842.056363636364,1.1300000000000001,1.0245,4.353368888888889,1265.61
Kepler-374 c,Kepler-374,1.0,Transit,2014.0,Kepler,3.28280322231,0.04258857142857143,1.3182222222222224,,0.0,1278.0,,5842.056363636364,1.1300000000000001,1.0245,4.353368888888889,1265.61
Kepler-374 d,Kepler-374,1.0,Transit,2014.0,Kepler,5.02819395588,0.05655714285714286,1.5376666666666667,,0.0,1109.2,,5842.056363636364,1.1300000000000001,1.0245,4.353368888888889,1265.61
Kepler-375 b,Kepler-375,1.0,Transit,2014.0,Kepler,12.12591032511,0.10110714285714285,1.7253333333333334,,0.0,766.0,,5647.454545454545,0.8716951999999999,0.9421666666666667,4.5016533333333335,1238.81
Kepler-375 c,Kepler-375,1.0,Transit,2014.0,Kepler,19.986713232,0.14096285714285714,3.013888888888889,,0.0,648.8,,5647.454545454545,0.8716951999999999,0.9421666666666667,4.5016533333333335,1238.81
Kepler-376 b,Kepler-376,1.0,Transit,2014.0,Kepler,4.92030963691,0.05653285714285715,1.0931111111111111,,0.0,1181.6,,5894.472,1.22225,1.0372,4.282671111111111,923.0670000000001
Kepler-376 c,Kepler-376,1.0,Transit,2014.0,Kepler,14.172272917463637,0.1144442857142857,2.034777777777778,,0.0,830.6,,5898.552727272728,1.2616,1.0443333333333333,4.270856,923.067
Kepler-377 b,Kepler-377,1.0,Transit,2014.0,Kepler,12.50945371194,0.1058342857142857,1.3465555555555555,,0.0,828.0,,6034.545454545455,1.1653075,1.0466666666666666,4.392257777777777,823.804
Kepler-377 c,Kepler-377,1.0,Transit,2014.0,Kepler,27.014461564654543,0.1767957142857143,1.837888888888889,,0.0,640.4,,6029.5,1.1690766666666665,1.0777142857142858,4.385198,823.804
Kepler-378 b,Kepler-378,1.0,Transit,2014.0,Kepler,16.09230560428,0.11725000000000001,1.4461249999999999,,0.0,688.0,,4723.762727272727,0.687016875,0.7574,4.411391,152.094
Kepler-378 c,Kepler-378,1.0,Transit,2014.0,Kepler,28.9060306608,0.17576,1.2057142857142857,,0.0,604.5,,4730.473333333333,0.6981816666666667,0.7585,4.3559925,152.094
Kepler-379 b,Kepler-379,1.0,Transit,2014.0,Kepler,20.09846103173,0.14994166666666667,1.552375,,0.0,767.5,,6116.272727272727,1.26987375,1.1166,4.311436666666667,731.274
Kepler-379 c,Kepler-379,1.0,Transit,2014.0,Kepler,62.784526604681815,0.32045714285714283,2.241222222222222,,0.0,523.2,,6127.833333333333,1.2668557142857142,1.1155000000000002,4.318293,731.274
Kepler-38 b,Kepler-38,2.0,Transit,2012.0,Kepler,105.599,0.4632,4.3,122.0,0.032,475.0,G4 V,5623.0,1.752,0.941,3.926,1174.59
Kepler-380 b,Kepler-380,1.0,Transit,2014.0,Kepler,3.9308527162399995,0.049158571428571426,1.176111111111111,,0.0,1302.8,,6071.090909090909,1.2163657142857143,1.0194285714285714,4.3189777777777785,813.7129999999999
Kepler-380 c,Kepler-380,1.0,Transit,2014.0,Kepler,7.63007197082,0.07646,1.3543333333333334,,0.0,1045.0,,6071.090909090909,1.2163657142857143,1.0194285714285714,4.3189777777777785,813.7129999999999
Kepler-381 b,Kepler-381,1.0,Transit,2014.0,Kepler,5.629044256554545,0.06674142857142858,1.1426666666666667,,0.0,1533.8,,6407.412499999999,1.5563885714285715,1.281,4.064671,267.323
Kepler-381 c,Kepler-381,1.0,Transit,2014.0,Kepler,13.391514703327273,0.11884142857142857,1.272,,0.0,1149.0,,6407.412499999999,1.5563885714285715,1.281,4.064671,267.323
Kepler-381 d,Kepler-381,1.0,Transit,2021.0,Kepler,8.256287046625,0.08628999999999999,1.2142552142857144,,0.0,1350.4,,6429.45625,2.1100000000000003,1.2510000000000001,3.993224285714286,267.323
Kepler-382 b,Kepler-382,1.0,Transit,2014.0,Kepler,5.26213828353,0.056310000000000006,1.537,,0.0,1052.2,,5613.74,1.0088571428571427,0.9056666666666667,4.354133333333333,935.446
Kepler-382 c,Kepler-382,1.0,Transit,2014.0,Kepler,12.16278090432,0.09847285714285714,2.0389999999999997,,0.0,796.4,,5613.74,1.0088571428571427,0.9056666666666667,4.354133333333333,935.446
Kepler-383 b,Kepler-383,1.0,Transit,2014.0,Kepler,12.90471137355,0.09493333333333333,1.3842857142857141,,0.0,556.0,,4660.625,0.6958,0.69025,4.601,
Kepler-383 c,Kepler-383,1.0,Transit,2014.0,Kepler,31.20092248297778,0.17135,1.3614285714285714,,0.0,414.0,,4666.388888888889,0.6958,0.69025,4.601,
Kepler-384 b,Kepler-384,1.0,Transit,2014.0,Kepler,22.596903381245454,0.14795571428571427,1.3446666666666667,,0.0,631.8,,5591.954999999999,1.032875,0.9368333333333333,4.274561,895.678
Kepler-384 c,Kepler-384,1.0,Transit,2014.0,Kepler,45.348377883936365,0.23548428571428573,1.5058888888888888,,0.0,500.6,,5591.954999999999,1.032875,0.9368333333333333,4.274561,895.678
Kepler-385 b,Kepler-385,1.0,Transit,2014.0,Kepler,10.043734627272729,0.09418571428571429,2.9593,12.8,0.0,954.2,,6098.363636363636,1.1432222222222221,1.085,4.369464444444444,1432.61
Kepler-385 c,Kepler-385,1.0,Transit,2014.0,Kepler,15.162419944545455,0.12390000000000001,3.0878,13.2,0.0,831.6,,6098.363636363636,1.1432222222222221,1.085,4.369464444444444,1432.61
Kepler-385 d,Kepler-385,1.0,Transit,2020.0,Kepler,56.414901808749995,0.29594,2.5372741333333333,,0.0,545.5,,6071.625,1.155,1.07,4.352252857142857,1432.61
Kepler-386 b,Kepler-386,1.0,Transit,2014.0,Kepler,12.310257113677777,0.096255,1.364375,,0.0,641.25,,5091.8,0.798,0.8140000000000001,4.5471925,882.4619999999999
Kepler-386 c,Kepler-386,1.0,Transit,2014.0,Kepler,25.193550080290905,0.15516714285714286,1.8327777777777778,,0.0,505.4,,5091.25,0.7924,0.80575,4.544481,882.462
Kepler-387 b,Kepler-387,1.0,Transit,2014.0,Kepler,6.791645223660001,0.06955857142857143,1.0843333333333334,,0.0,1057.8,,5991.429090909091,1.0733333333333335,1.0273333333333332,4.382631111111111,801.052
Kepler-387 c,Kepler-387,1.0,Transit,2014.0,Kepler,11.83765522951,0.10074714285714285,1.0373333333333334,,0.0,878.4,,5991.429090909091,1.0733333333333335,1.0273333333333332,4.382631111111111,801.052
Kepler-388 b,Kepler-388,1.0,Transit,2014.0,Kepler,3.1732595283444445,0.03613333333333333,0.9071428571428571,,0.0,828.0,,4516.0,0.6206666666666667,0.6278,4.646857142857143,
Kepler-388 c,Kepler-388,1.0,Transit,2014.0,Kepler,13.297103509277779,0.09383333333333332,0.9657142857142856,,0.0,513.4,,4516.0,0.6206666666666667,0.6278,4.646857142857143,
Kepler-389 b,Kepler-389,1.0,Transit,2014.0,Kepler,3.2441625845800006,0.040421428571428566,1.5926666666666667,,0.0,1043.2,,5212.818181818182,0.7656125714285714,0.8345714285714285,4.580062222222222,816.559
Kepler-389 c,Kepler-389,1.0,Transit,2014.0,Kepler,14.512134061344446,0.10881,1.524625,,0.0,636.0,,5216.7,0.7656125714285714,0.8244,4.58132,816.559
Kepler-39 b,Kepler-39,1.0,Transit,2011.0,Kepler,21.08720884846154,0.15580000000000002,13.435671636363635,6046.585,0.045375,857.125,F7 IV,6309.168571428571,1.29992,1.158,4.250648333333333,1057.41
Kepler-390 b,Kepler-390,2.0,Transit,2014.0,Kepler,6.73808977959,0.0649,0.7907777777777778,,0.0,786.8,,5183.8836363636365,0.7807142857142857,0.809,4.566633333333333,435.277
Kepler-390 c,Kepler-390,2.0,Transit,2014.0,Kepler,13.060052011122222,0.10060999999999999,0.825125,,0.0,630.0,,5171.372,0.7963333333333334,0.8031666666666667,4.5612125,435.27699999999993
Kepler-391 b,Kepler-391,1.0,Transit,2014.0,Kepler,7.416878381572727,0.08093375,2.5834,1100.0,0.07666666666666667,1255.6666666666667,K2 III-IV,5107.196666666667,2.68241,1.2652857142857141,3.612625,869.236
Kepler-391 c,Kepler-391,1.0,Transit,2014.0,Kepler,20.487162156536364,0.16016428571428573,2.975111111111111,450.0,0.054000000000000006,891.6,K2 III-IV,5092.045,2.689157777777778,1.3097999999999999,3.5944285714285718,869.236
Kepler-392 b,Kepler-392,1.0,Transit,2014.0,Kepler,5.34184336774,0.06055857142857143,1.0717777777777777,,0.0,1313.8,,6142.274545454546,1.14288,1.1036666666666668,4.273271111111111,681.428
Kepler-392 c,Kepler-392,1.0,Transit,2014.0,Kepler,10.423126744222223,0.09382166666666665,1.17375,,0.0,1041.25,,6108.302000000001,1.14288,1.1036666666666668,4.28243,681.428
Kepler-393 b,Kepler-393,1.0,Transit,2014.0,Kepler,9.182461544079999,0.09270428571428571,1.4495555555555555,,0.0,1199.0,,6466.581818181818,1.5230625,1.2844285714285715,4.188108888888888,881.404
Kepler-393 c,Kepler-393,1.0,Transit,2014.0,Kepler,14.61347216378,0.12644000000000002,1.389888888888889,,0.0,1026.6,,6466.581818181818,1.5230625,1.2844285714285715,4.188108888888888,881.404
Kepler-394 b,Kepler-394,1.0,Transit,2014.0,Kepler,8.00508720493,0.08122714285714286,1.6254444444444445,,0.0,1050.0,,6208.0,1.1159999999999999,1.1345,4.406804444444444,1058.72
Kepler-394 c,Kepler-394,1.0,Transit,2014.0,Kepler,12.13076843555,0.10718428571428572,1.6965555555555556,,0.0,914.8,,6208.0,1.1159999999999999,1.1345,4.406804444444444,1058.72
Kepler-394 d,Kepler-394,1.0,Transit,2021.0,Kepler,5.613567305875,0.06379,1.4390954485714287,,0.0,1183.0,,6289.25,1.1273333333333333,1.141,4.406802857142857,1058.72
Kepler-395 b,Kepler-395,1.0,Transit,2014.0,Kepler,7.053920674258333,0.057018571428571425,1.0215833333333333,,0.0,492.5,,3876.769230769231,0.546,0.5696,4.750687272727273,421.382
Kepler-395 c,Kepler-395,1.0,Transit,2014.0,Kepler,34.98924684128571,0.16567142857142855,1.3252307692307694,,0.0,289.5,,3879.4666666666667,0.546,0.5932564444444445,4.729701538461539,421.382
Kepler-396 b,Kepler-396,1.0,Transit,2013.0,Kepler,42.992500377,0.230895,3.335888888888889,75.5,0.0,522.8,,5587.722,0.9791503333333335,0.88825,4.386173333333334,223.75700000000003
Kepler-396 c,Kepler-396,1.0,Transit,2013.0,Kepler,88.51142203818182,0.37365999999999994,5.391888888888889,17.9,0.0,410.8,,5593.4745454545455,0.974986,0.9279999999999999,4.394556,223.75699999999998
Kepler-397 b,Kepler-397,1.0,Transit,2014.0,Kepler,22.2508537,0.142,2.051428571428571,,0.0,512.0,,5212.285714285715,0.756,0.756,4.607857142857142,
Kepler-397 c,Kepler-397,1.0,Transit,2014.0,Kepler,135.4978535521,0.47374999999999995,5.992857142857143,,0.0,280.4,,5212.285714285715,0.756,0.756,4.607857142857142,
Kepler-398 b,Kepler-398,1.0,Transit,2014.0,Kepler,4.08141509559,0.044000000000000004,0.953625,,0.0,753.8,,4520.909090909091,0.6392718888888889,0.710125,4.676772,177.355
Kepler-398 c,Kepler-398,1.0,Transit,2014.0,Kepler,11.41944045931,0.08739999999999999,0.9881249999999999,,0.0,534.6,,4520.909090909091,0.6392718888888889,0.710125,4.676772,177.355
Kepler-398 d,Kepler-398,1.0,Transit,2016.0,Kepler,6.834389630233334,0.062119999999999995,0.8884285714285715,,0.0,634.2,,4523.7,0.6456052222222222,0.710125,4.675413333333333,177.355
Kepler-399 b,Kepler-399,1.0,Transit,2014.0,Kepler,14.425245576244444,0.1064,1.2114285714285715,,0.0,662.0,,5537.714285714285,0.7476666666666666,0.7557499999999999,4.543,740.537
Kepler-399 c,Kepler-399,1.0,Transit,2014.0,Kepler,26.67571754229,0.16023333333333334,1.9157142857142857,,0.0,539.6,,5537.714285714285,0.7476666666666666,0.7557499999999999,4.543,740.537
Kepler-399 d,Kepler-399,1.0,Transit,2014.0,Kepler,58.034053745719994,0.26921666666666666,2.3485714285714283,,0.0,416.4,,5537.714285714285,0.7476666666666666,0.7557499999999999,4.543,740.537
Kepler-4 b,Kepler-4,1.0,Transit,2009.0,Kepler,3.21364945505,0.04435625,4.0780912,24.154625000000003,0.0,1527.4285714285713,,5811.615384615385,1.5401358333333333,1.12225,4.116346363636364,487.91600000000005
Kepler-40 b,Kepler-40,1.0,Transit,2010.0,Kepler,6.873217451984615,0.07992222222222221,13.518122727272727,679.355125,0.02142857142857143,1503.25,F5 IV,6375.714285714285,2.269003076923077,1.486,3.9172125,2305.01
Kepler-400 b,Kepler-400,1.0,Transit,2014.0,Kepler,9.02437752221,0.08645000000000001,1.67,,0.0,967.0,,5985.533,1.1371666666666667,1.064,4.352571428571428,845.97
Kepler-400 c,Kepler-400,1.0,Transit,2014.0,Kepler,17.34085892554,0.13336666666666666,1.5357142857142858,,0.0,778.4,,5985.533,1.1371666666666667,1.064,4.352571428571428,845.97
Kepler-401 b,Kepler-401,1.0,Transit,2014.0,Kepler,14.383331544954546,0.11989857142857142,1.892111111111111,,0.0,944.6,,6192.083333333333,1.3824,1.15,4.165256,965.56
Kepler-401 c,Kepler-401,1.0,Transit,2014.0,Kepler,47.31905001730001,0.26510142857142854,2.4264444444444444,,0.0,635.4,,6192.083333333333,1.3824,1.15,4.165256,965.56
Kepler-401 d,Kepler-401,1.0,Transit,2016.0,Kepler,184.25865344014287,0.65229,2.653166666666667,,0.0,398.6666666666667,,6168.375,1.5209033333333333,1.1480000000000001,4.163673333333333,965.56
Kepler-402 b,Kepler-402,1.0,Transit,2014.0,Kepler,4.028755730119999,0.05142142857142857,1.2183333333333333,,0.0,1375.6,,6284.1618181818185,1.2258571428571428,1.1616666666666666,4.3419,625.339
Kepler-402 c,Kepler-402,1.0,Transit,2014.0,Kepler,6.124807469818182,0.06802571428571429,1.5274444444444444,,0.0,1197.4,,6279.0975,1.2065714285714286,1.167142857142857,4.352165,625.339
Kepler-402 d,Kepler-402,1.0,Transit,2014.0,Kepler,8.921130993136364,0.08737285714285714,1.2493333333333334,,0.0,1056.2,,6279.0975,1.2065714285714286,1.167142857142857,4.352165,625.339
Kepler-402 e,Kepler-402,1.0,Transit,2014.0,Kepler,11.242816791618182,0.10202857142857143,1.4956666666666667,,0.0,977.4,,6279.0975,1.2065714285714286,1.167142857142857,4.352165,625.339
Kepler-403 b,Kepler-403,1.0,Transit,2014.0,Kepler,7.0314424630416665,0.076074262,1.3564,,0.0,1070.6,,6129.2575,1.5202499999999999,1.168,4.213661,840.269
Kepler-403 c,Kepler-403,1.0,Transit,2014.0,Kepler,54.28108975575,0.29710279245,1.8539999999999999,,0.0,541.6,,6129.2575,1.5202499999999999,1.168,4.213661,840.269
Kepler-403 d,Kepler-403,1.0,Transit,2016.0,Kepler,13.61166559225,0.11841916856666666,1.434125,,0.0,864.25,,6115.808999999999,1.74398,1.1749999999999998,4.17882625,840.2690000000001
Kepler-404 b,Kepler-404,1.0,Transit,2014.0,Kepler,11.829168707914286,0.099534,1.1788333333333334,,0.0,724.0,,5488.5,0.8267154285714285,0.9338000000000001,4.5723,812.524
Kepler-404 c,Kepler-404,1.0,Transit,2014.0,Kepler,14.751199933333332,0.11535999999999999,1.5356666666666667,,0.0,672.0,,5509.428571428572,0.8325006666666667,0.93725,4.56588,812.524
Kepler-405 b,Kepler-405,1.0,Transit,2014.0,Kepler,10.61370907517,0.09351,2.1724444444444444,,0.0,772.0,,5633.727272727273,0.87,0.9613333333333333,4.567875555555556,1065.08
Kepler-405 c,Kepler-405,1.0,Transit,2014.0,Kepler,29.727129315000003,0.18574571428571426,3.5186666666666664,,0.0,547.4,,5633.727272727273,0.87,0.9613333333333333,4.567875555555556,1065.08
Kepler-406 b,Kepler-406,1.0,Transit,2014.0,Kepler,2.42630147885,0.03583769501428572,1.4032,5.840991145,0.0,1319.0,,5639.0,1.08075,1.053375,4.417006,364.03
Kepler-406 c,Kepler-406,1.0,Transit,2014.0,Kepler,4.623344848836364,0.05514311827142857,0.7998999999999999,2.71,0.0,1063.2,,5642.818181818182,1.071,1.053375,4.426448888888888,364.03
Kepler-407 b,Kepler-407,1.0,Transit,2014.0,Kepler,0.6693122051230769,0.0151588464,1.1642727272727273,2.2663503666666664,0.0,2037.6,G,5527.076923076923,1.0463257142857143,0.9954999999999999,4.3908072727272724,338.368
Kepler-407 c,Kepler-407,1.0,Radial Velocity,2014.0,W. M. Keck Observatory,2545.8746925,3.27090369,,3762.204917,0.221479,,,5476.0,1.01,1.0335,4.426,338.368
Kepler-408 b,Kepler-408,1.0,Transit,2014.0,Kepler,2.4650274662454548,0.03621574688571429,0.7202,5.0,0.0,1568.2,,6100.727272727273,1.2373711111111112,1.077,4.286384444444445,88.78320000000001
Kepler-409 b,Kepler-409,1.0,Transit,2014.0,Kepler,68.95846793416666,0.3197661568625,1.0570000000000002,9.794873123333334,0.09857142857142856,409.3333333333333,,5432.0,0.8971187272727273,0.921,4.488515555555555,68.173
Kepler-41 b,Kepler-41,1.0,Transit,2011.0,Kepler,1.8555577644866665,0.028829,11.253419833333334,173.469354,0.02625,1554.3333333333333,G6 V,5670.265625,1.0306363636363636,1.0012857142857143,4.379117142857143,1093.08
Kepler-410 A b,Kepler-410 A,2.0,Transit,2013.0,Kepler,17.833740245999998,0.13705714285714285,2.5863333333333336,,0.028333333333333335,857.6,,6307.636363636364,1.38083,1.2313333333333334,4.248592,147.527
Kepler-411 b,Kepler-411,2.0,Transit,2013.0,Kepler,3.0051561083153846,0.03808515698888889,2.0183,25.6,0.01825,1009.0,K2 V,4928.181818181818,0.7564438,0.8305999999999999,4.5922789999999996,153.676
Kepler-411 c,Kepler-411,2.0,Transit,2016.0,Kepler,7.834431819150001,0.07253864037499999,3.500777777777778,26.4,0.015428571428571429,730.8333333333334,K2 V,4923.6,0.7564438,0.8306666666666667,4.598087777777778,153.676
Kepler-411 d,Kepler-411,2.0,Transit,2018.0,Kepler,58.01963612,0.2755576718,3.4372857142857143,15.2,0.021333333333333333,373.0,K2 V,4930.857142857143,0.7606131428571429,0.8344285714285713,4.597976666666667,153.676
Kepler-411 e,Kepler-411,2.0,Transit Timing Variations,2018.0,Kepler,31.509728,0.186,,10.8,0.016,503.0,K2 V,,0.82,0.87,,153.676
Kepler-412 b,Kepler-412,1.0,Transit,2014.0,Kepler,1.7208611450416667,0.02937125,13.4905194,297.3788133333333,0.011399999999999999,1691.3333333333333,G3 V,5907.883846153846,1.2860075,1.1181666666666668,4.3167990909090905,1086.24
Kepler-413 b,Kepler-413,2.0,Transit,2014.0,Kepler,66.262,0.3553,4.347,67.0,0.1181,,,4700.0,0.7761,0.82,4.5721,847.536
Kepler-414 b,Kepler-414,1.0,Transit Timing Variations,2014.0,Kepler,4.6996888091999995,0.05328333333333333,1.947222222222222,3.5,0.0,1025.8,,5516.2,0.940305111111111,0.9193749999999999,4.4557150000000005,413.46
Kepler-414 c,Kepler-414,1.0,Transit Timing Variations,2014.0,Kepler,7.170754586700001,0.07069166666666667,2.890888888888889,29.9,0.0,890.8,,5516.2,0.940305111111111,0.9193749999999999,4.4557150000000005,413.46
Kepler-415 b,Kepler-415,1.0,Transit Timing Variations,2014.0,Kepler,4.176304065,0.044079999999999994,1.444125,119.9,0.0,736.4,,4445.28,0.6338333333333334,0.6686666666666667,4.64962,530.487
Kepler-415 c,Kepler-415,1.0,Transit Timing Variations,2014.0,Kepler,8.707953940000001,0.07192000000000001,2.404857142857143,,0.0,576.0,,4431.386666666666,0.6338333333333334,0.6702857142857143,4.63996,530.487
Kepler-416 b,Kepler-416,1.0,Transit Timing Variations,2014.0,Kepler,6.319387923,0.06715,2.5741111111111112,58.2,0.0,1034.8,,5774.354,1.06504,1.0035,4.3799725,690.819
Kepler-416 c,Kepler-416,1.0,Transit Timing Variations,2014.0,Kepler,12.209420544999999,0.10417333333333334,2.512,,0.0,830.2,,5774.354,1.06504,1.0035,4.3799725,690.819
Kepler-416 d,Kepler-416,1.0,Transit,2023.0,Kepler,3.076452570875,0.04143333333333333,1.6494285742857144,,0.0,1317.0,,5789.6587500000005,1.0596933333333334,0.9944999999999999,4.378984285714286,690.819
Kepler-417 b,Kepler-417,1.0,Transit Timing Variations,2014.0,Kepler,12.330929716666667,0.10107999999999999,2.394,11.0,0.0,666.4,,5282.2555555555555,0.805,0.8897142857142857,4.57942,973.9889999999999
Kepler-417 c,Kepler-417,1.0,Transit Timing Variations,2014.0,Kepler,15.94258847888889,0.11992,2.6711428571428573,,0.0,612.0,,5282.2555555555555,0.805,0.8897142857142857,4.57942,973.9889999999999
Kepler-418 b,Kepler-418,1.0,Transit,2014.0,Kepler,86.67856922624999,0.38839833333333335,10.65868,349.61212385,0.03333333333333333,443.8,,5974.2307692307695,1.0745591666666667,1.0509,4.393981999999999,1002.53
Kepler-418 c,Kepler-418,1.0,Transit,2021.0,Kepler,12.21827819111111,0.10515333333333332,4.967726648571428,,0.0,853.2,,5997.666666666667,1.0747499999999999,1.04575,4.395985,1002.5300000000001
Kepler-419 b,Kepler-419,1.0,Transit,2014.0,Kepler,69.73238944636363,0.36628499999999997,22.053964,807.2507,0.2332857142857143,561.8,,6375.5,1.7260000000000002,1.3274444444444444,4.156922222222223,1011.36
Kepler-419 c,Kepler-419,1.0,Transit Timing Variations,2014.0,Kepler,675.47,1.68,,2320.1,0.184,,,6430.0,1.74,1.39,4.1,1011.36
Kepler-42 b,Kepler-42,1.0,Transit,2011.0,Kepler,1.2137702103636363,0.012475714285714284,0.8964000000000001,0.705944,0.006666666666666667,607.2857142857143,M,3181.4545454545455,0.17638016666666667,0.14340572727272727,5.0238571428571435,40.0595
Kepler-42 c,Kepler-42,1.0,Transit,2011.0,Kepler,0.45328720177777776,0.00658,1.378,60.337,0.0,861.5,M,3294.7,0.17065619999999998,0.13638477777777777,5.0134,40.0595
Kepler-42 d,Kepler-42,1.0,Transit,2011.0,Kepler,1.865118604181818,0.01655,1.097909090909091,0.357785,0.0033333333333333335,527.5714285714286,M,3181.4545454545455,0.17638016666666667,0.14340572727272727,5.0238571428571435,40.0595
Kepler-421 b,Kepler-421,1.0,Transit,2014.0,Kepler,647.6748173333334,1.277936,4.525833333333334,,0.01025,189.25,G9/K0,5277.334285714285,0.803117,0.7756000000000001,4.542496,348.558
Kepler-422 b,Kepler-422,1.0,Transit,2014.0,Kepler,7.891448693392308,0.08062375,12.458435,146.19835,0.09166666666666667,1000.8,,5914.571428571428,1.2271,1.1031666666666666,4.306930909090909,722.795
Kepler-423 b,Kepler-423,1.0,Transit,2014.0,Kepler,2.684328538175,0.03733375,13.052412799999999,203.51199333333332,0.014,1340.6666666666667,G4 V,5745.158461538462,0.9803166666666667,0.9795,4.465109090909091,758.753
Kepler-424 b,Kepler-424,1.0,Transit,2014.0,Kepler,3.3118642640333333,0.04275375,9.312801,334.66754000000003,0.012666666666666666,1146.6,,5447.076923076923,0.9727142857142856,0.9257500000000001,4.40702,698.646
Kepler-424 c,Kepler-424,1.0,Radial Velocity,2014.0,McDonald Observatory,223.3,0.73,,2215.18,,,,5460.0,0.94,1.01,4.5,698.646
Kepler-425 b,Kepler-425,1.0,Transit,2014.0,Kepler,3.797018122990909,0.046017142857142854,10.02326688888889,75.63979,0.07571428571428572,980.3333333333334,K1 V,5205.09,0.8323893,0.9114444444444444,4.565065,646.647
Kepler-426 b,Kepler-426,1.0,Transit,2014.0,Kepler,3.2175188096749996,0.04149875,11.714081,107.584355,0.04285714285714286,1216.6666666666667,G1 V,5688.7692307692305,0.9095985384615385,0.9536999999999999,4.499026,843.6949999999999
Kepler-427 b,Kepler-427,1.0,Transit,2014.0,Kepler,10.290994374127273,0.09262857142857142,11.534785555555555,92.48818,0.12,941.0,G2 V,5958.416666666667,1.2261471428571429,1.0315,4.328468,1017.7999999999998
Kepler-428 b,Kepler-428,1.0,Transit,2014.0,Kepler,3.5256325364636365,0.043044285714285715,11.58408,405.2262,0.047142857142857146,965.1666666666666,K1 V,5078.845833333334,0.7877549090909092,0.8507999999999999,4.5732566666666665,686.284
Kepler-43 b,Kepler-43,1.0,Transit,2011.0,Kepler,3.0240931585714286,0.04417583333333333,12.392374714285713,998.4953,0.00875,1533.7777777777778,F8 V,6026.4,1.36324,1.2415454545454545,4.269884545454546,1005.84
Kepler-430 b,Kepler-430,1.0,Transit,2015.0,Kepler,35.968204739,0.22033142857142857,2.4195555555555557,,0.0,636.6666666666666,,5928.227272727273,1.3127733333333333,1.113,4.243117777777778,917.477
Kepler-430 c,Kepler-430,1.0,Transit,2015.0,Kepler,110.97613611177778,0.4670716666666667,1.5975,,0.0,438.0,,5896.85,1.32562,1.1156000000000001,4.2297575,917.4770000000001
Kepler-431 b,Kepler-431,1.0,Transit,2015.0,Kepler,6.8025942766666665,0.07272999999999999,0.9374444444444444,,0.0,1238.1666666666667,,6124.771,1.5507724999999999,1.101625,4.1437825,486.546
Kepler-431 c,Kepler-431,1.0,Transit,2015.0,Kepler,8.70325503111111,0.08567714285714287,0.8827777777777778,,0.0,1140.6666666666667,,6124.771,1.5507724999999999,1.101625,4.1437825,486.546
Kepler-431 d,Kepler-431,1.0,Transit,2015.0,Kepler,11.921660444444445,0.10573142857142857,1.223111111111111,,0.0,1027.0,,6124.771,1.5507724999999999,1.101625,4.1437825,486.546
Kepler-432 b,Kepler-432,2.0,Transit,2015.0,Kepler,52.50110518116154,0.30416,12.074146363636363,1149.9941833333332,0.1907375,799.0,,4995.689230769231,4.059809230769231,1.3471250000000001,3.314142857142857,848.023
Kepler-432 c,Kepler-432,2.0,Radial Velocity,2015.0,Fred Lawrence Whipple Observatory,406.2,,,772.3269,0.498,,,4995.0,4.06,1.32,3.345,848.023
Kepler-433 b,Kepler-433,1.0,Transit,2015.0,Kepler,5.334083670888889,0.06317142857142857,11.614005555555556,894.67115,0.03842857142857143,1313.6666666666667,,6203.1,1.9283333333333335,1.1675,4.1470125,1878.31
Kepler-434 b,Kepler-434,1.0,Transit,2015.0,Kepler,12.8747088144,0.1110857142857143,9.772018888888889,928.0467000000001,0.03728571428571429,829.8333333333334,,5903.354545454546,1.28625,1.046375,4.358335555555556,1222.54
Kepler-435 b,Kepler-435,1.0,Transit,2015.0,Kepler,8.600153075038461,0.0885975,14.025390999999999,268.56275000000005,0.051,1252.0,,6180.632142857144,2.2582171428571427,1.2364285714285717,3.9647772727272725,1418.77
Kepler-436 b,Kepler-436,1.0,Transit,2015.0,Kepler,64.00150525856,0.2752616666666667,2.28875,,0.038,283.75,,4531.818181818182,0.693019375,0.7217142857142856,4.644742222222222,588.867
Kepler-436 c,Kepler-436,1.0,Transit,2016.0,Kepler,16.7971386419,0.10818666666666667,2.090375,,0.0,444.4,,4515.363636363636,0.678269375,0.7094285714285714,4.655964444444445,588.867
Kepler-437 b,Kepler-437,1.0,Transit,2015.0,Kepler,66.65053564875001,0.27931999999999996,1.5516666666666667,,0.004,297.5,,4492.0,0.645,0.6529999999999999,4.6338333333333335,
Kepler-438 b,Kepler-438,1.0,Transit,2015.0,Kepler,35.23309598605,0.16666,1.0242857142857142,,0.006,276.75,,3738.6,0.528,0.556,4.697656,
Kepler-439 b,Kepler-439,1.0,Transit,2015.0,Kepler,178.13988723681817,0.5885266666666666,2.39725,,0.006,285.75,,5504.166666666667,0.9181462222222222,0.90925,4.514228,757.0480000000001
Kepler-44 b,Kepler-44,1.0,Transit,2011.0,Kepler,3.2467316366153844,0.04413333333333333,12.756361000000002,320.2865325,0.019625,1459.0,G2 IV,5767.384615384615,1.4569053846153845,1.0782,4.146261818181818,1188.0
Kepler-440 b,Kepler-440,1.0,Transit,2015.0,Kepler,101.1110969611,0.31976,1.666125,,0.068,208.0,,3947.2,0.55,0.5676666666666667,4.692174444444444,301.03
Kepler-441 b,Kepler-441,1.0,Transit,2015.0,Kepler,207.24805612937502,0.59252,1.7617142857142856,,0.02,192.75,,4216.444444444444,0.5785047999999999,0.5924211428571429,4.6650325,268.003
Kepler-442 b,Kepler-442,1.0,Transit,2015.0,Kepler,112.30459036066667,0.39508,1.4721428571428572,,0.008,255.25,,4510.2,0.63119575,0.6464000000000001,4.663674444444444,365.965
Kepler-443 b,Kepler-443,1.0,Transit,2015.0,Kepler,177.6701089603,0.55569,2.236125,,0.022,242.75,,4794.090909090909,0.7303333333333333,0.748,4.5752444444444444,802.271
Kepler-444 b,Kepler-444,3.0,Transit,2015.0,Kepler,3.6001108571428575,0.04023321594,0.40804545166666667,,0.032,888.0,K,5032.0,0.767632,0.7076666666666668,4.6009199999999995,36.4396
Kepler-444 c,Kepler-444,3.0,Transit,2015.0,Kepler,4.545876816444444,0.04679569573333334,9.83334189,,0.051666666666666666,816.25,K,5034.888888888889,0.7738584000000001,0.7076666666666668,4.60575375,36.4396
Kepler-444 d,Kepler-444,3.0,Transit,2015.0,Kepler,6.189366078,0.05746923325,8.21202692222222,0.2,0.03,736.5,K,5034.888888888889,0.7738584000000001,0.70575,4.60575375,36.4396
Kepler-444 e,Kepler-444,3.0,Transit,2015.0,Kepler,7.743434996,0.06673797691666666,10.06877802111111,0.1,0.016666666666666666,683.5,K,5034.888888888889,0.7738584000000001,0.70575,4.60575375,36.4396
Kepler-444 f,Kepler-444,3.0,Transit,2015.0,Kepler,9.740484351111112,0.0777704246,11.962909205,,0.04833333333333333,633.25,K,5034.888888888889,0.7738584000000001,0.7076666666666668,4.60575375,36.4396
Kepler-445 b,Kepler-445,1.0,Transit,2015.0,Kepler,2.98415550558,0.02258,1.567,,0.002857142857142857,431.6,M4,3226.9166666666665,0.23780088888888887,0.19595688888888887,5.00351,127.20099999999998
Kepler-445 c,Kepler-445,1.0,Transit,2015.0,Kepler,4.8712250658,0.031279999999999995,2.4044,,0.0014285714285714286,367.2,M4,3226.9166666666665,0.23780088888888887,0.19595688888888887,5.00351,127.20099999999998
Kepler-445 d,Kepler-445,1.0,Transit,2015.0,Kepler,8.152751022,0.0439,2.8674,,0.0033333333333333335,305.0,M4,3228.6666666666665,0.290651,0.2637686666666667,4.956013333333334,127.20099999999998
Kepler-446 b,Kepler-446,1.0,Transit,2015.0,Kepler,1.5654123000399998,0.0204,5.317222222222222,,0.0,768.8,M4,3429.4166666666665,0.31740854545454544,0.3762857142857143,4.83315,96.339
Kepler-446 c,Kepler-446,1.0,Transit,2015.0,Kepler,3.036209429211111,0.031075,1.6395714285714287,,0.0,567.25,M4,3424.1,0.26007057142857143,0.316,4.90604375,96.339
Kepler-446 d,Kepler-446,1.0,Transit,2015.0,Kepler,5.1489263435199994,0.04496,5.3342222222222215,,0.0,518.0,M4,3429.4166666666665,0.31740854545454544,0.3762857142857143,4.83315,96.339
Kepler-447 b,Kepler-447,1.0,Transit,2015.0,Kepler,7.794301668,0.07310714285714286,9.550777777777776,435.41,0.03471428571428571,869.6,G8 V,5539.698461538462,0.9203117777777778,0.9385714285714286,4.444058181818182,268.041
Kepler-448 c,KOI-12,1.0,Transit Timing Variations,2017.0,Kepler,2500.0,4.2,,6992.26,0.65,,,,1.4,1.5,,399.398
Kepler-449 b,Kepler-449,1.0,Transit,2015.0,Kepler,12.58230622232,0.10416,1.6765714285714286,,0.005,921.0,,5615.372,1.4652500000000002,0.96375,4.0885,241.949
Kepler-449 c,Kepler-449,1.0,Transit,2015.0,Kepler,33.67276893212,0.20085999999999998,2.0562857142857145,,0.008333333333333333,663.4,,5615.372,1.4652500000000002,0.96375,4.0885,241.949
Kepler-45 b,Kepler-45,1.0,Transit,2011.0,Kepler,2.4555412438066666,0.029564444444444442,10.928387928571428,157.74724,0.04857142857142858,776.0,M,3817.266666666667,0.5523,0.583,4.6920158333333335,381.949
Kepler-450 b,Kepler-450,1.0,Transit,2015.0,Kepler,28.454900114846154,0.19907,5.95214,40.84895,0.0033333333333333335,761.4,,6243.07,1.603729230769231,1.3150000000000002,4.144528,455.982
Kepler-450 c,Kepler-450,1.0,Transit,2015.0,Kepler,15.413102243800001,0.13225166666666668,2.55578,44.5607,0.0033333333333333335,934.4,,6243.07,1.603729230769231,1.3150000000000002,4.144528,455.982
Kepler-450 d,Kepler-450,1.0,Transit,2015.0,Kepler,7.5144641386333335,0.082425,0.9175428571428571,32.40525,0.035,1197.0,,6227.95375,1.616124,1.3127142857142857,4.124035,455.9820000000001
Kepler-451 c,2MASS J19383260+4603591,2.0,Eclipse Timing Variations,2022.0,Multiple Observatories,1460.0,,,511.70373527,0.29,,,29564.0,0.203,0.48,5.508,396.332
Kepler-451 d,2MASS J19383260+4603591,2.0,Eclipse Timing Variations,2022.0,Multiple Observatories,43.0,,,559.37799632,0.0,,,29564.0,0.203,0.48,5.508,396.332
Kepler-452 b,Kepler-452,1.0,Transit,2015.0,Kepler,384.8448312,1.0097333333333334,1.3721999999999999,,0.0,235.0,G2,5687.166666666667,1.099285,1.0296666666666667,4.44555,551.727
Kepler-453 b,Kepler-453,2.0,Transit,2015.0,Kepler,240.503,0.7903,6.204,16.0,0.0359,,,5527.0,0.833,0.944,4.571,442.846
Kepler-454 b,Kepler-454,2.0,Transit,2015.0,Kepler,10.573489545185714,0.09628783715555556,2.0155741666666667,5.8949327425,0.035555555555555556,858.0,,5703.714285714285,1.0744,1.0426666666666666,4.382079090909091,230.869
Kepler-454 c,Kepler-454,2.0,Radial Velocity,2015.0,Multiple Facilities,524.415779,1.2929386054999998,,1435.8152308566666,0.012971333333333333,,,5694.0,1.066,1.029,4.37,230.869
Kepler-454 d,Kepler-454,2.0,Radial Velocity,2023.0,Roque de los Muchachos Observatory,4439.916926,5.391741374,,733.725254185,0.1720235,,,5687.0,1.066,1.045,,230.869
Kepler-457 d,KOI-7892,1.0,Transit,2021.0,Kepler,10.691610133333333,0.0996,2.847336285,,0.0,1008.0,,6354.82,1.24668,1.1486666666666665,4.3075866666666665,1072.3
Kepler-458 c,KIC 9663113,1.0,Transit,2016.0,Kepler,20.740348608509997,0.15202,4.5355,,0.0,722.2,,6127.894545454546,2.0759257142857144,1.074111111111111,4.129568888888889,1594.74
Kepler-46 b,Kepler-46,1.0,Transit,2012.0,Kepler,33.601287909,0.1953625,8.401329,1094.139775,0.006014285714285714,498.1666666666667,,5157.75,0.9114822222222223,0.8878571428571428,4.477259999999999,777.06
Kepler-46 c,Kepler-46,1.0,Transit Timing Variations,2012.0,Kepler,57.168000000000006,0.28049999999999997,,117.27673,0.025,455.0,,5155.0,0.938,0.902,4.447,777.06
Kepler-46 d,Kepler-46,1.0,Transit,2014.0,Kepler,6.76652411131,0.06700142857142857,1.922111111111111,,0.0,834.6,,5172.0,0.814668,0.873,4.495733333333333,777.06
Kepler-460 c,KIC 5437945,1.0,Transit,2016.0,Kepler,220.1334439575,0.7274559999999999,6.323999999999999,,0.0,389.0,,6189.0475,1.3664,1.0705714285714285,4.106994285714285,1274.01
Kepler-461 b,Kepler-461,1.0,Transit,2016.0,Kepler,8.31377936865,0.081725,3.005875,,0.0,894.0,,5837.183636363637,0.9596666666666667,1.04875,4.408714444444445,692.158
Kepler-462 b,Kepler-462,1.0,Transit,2016.0,Kepler,84.68801753240909,0.4603,4.243449999999999,53.9,0.014,763.2,,7477.666666666667,1.8881999999999999,1.8633333333333333,4.070837,596.625
Kepler-462 c,Kepler-462,1.0,Transit,2020.0,Kepler,207.5900769275,0.83668,5.47,6.0,0.018333333333333333,566.4,,7565.25,1.96,1.8550000000000002,4.0509474999999995,596.625
Kepler-463 b,Kepler-463,1.0,Transit,2016.0,Kepler,8.98101491565,0.07939166666666667,3.94,,0.0,984.2,,5622.278181818182,1.0670199999999999,0.8411666666666666,4.252392222222222,394.80400000000003
Kepler-464 b,Kepler-464,1.0,Transit,2016.0,Kepler,7.2569685523,0.07770166666666667,3.395375,,0.0,1145.2,,5886.998181818181,1.6172499999999999,1.185,4.097858888888889,667.604
Kepler-465 b,Kepler-465,1.0,Transit,2016.0,Kepler,9.940671131950001,0.094625,2.863125,,0.0,1021.8,,6384.090909090909,1.222889,1.1716666666666666,4.3450033333333336,553.077
Kepler-466 b,Kepler-466,1.0,Transit,2016.0,Kepler,51.07927149492,0.26678166666666664,2.8075714285714284,,0.0,508.6,,5832.428571428572,1.047,0.9703333333333334,4.39,530.122
Kepler-466 c,Kepler-466,1.0,Transit,2016.0,Kepler,3.70921126926,0.04634666666666667,1.201,,0.0,1219.8,,5832.428571428572,1.047,0.9703333333333334,4.39,530.122
Kepler-467 b,Kepler-467,1.0,Transit,2016.0,Kepler,24.99322880464,0.16773000000000002,2.23725,,0.0,697.0,,5759.650000000001,1.4010479999999998,1.0214444444444444,4.19227,466.265
Kepler-468 b,Kepler-468,1.0,Transit,2016.0,Kepler,38.4787587599125,0.22144,13.333714285714285,,0.0,487.0,,5494.108888888888,0.8772,0.9704,4.5479424999999996,442.871
Kepler-47 b,Kepler-47,2.0,Transit,2012.0,Kepler,49.498149999999995,0.29195000000000004,3.04,319.035,0.028000000000000004,,,5636.0,0.9495,1.003,4.492,1025.02
Kepler-47 c,Kepler-47,2.0,Transit,2012.0,Kepler,303.182,0.9774,4.635,4451.085,0.22749999999999998,,,5636.0,0.9495,1.003,4.492,1025.02
Kepler-47 d,Kepler-47,2.0,Transit,2019.0,Kepler,187.366,0.6992,7.04,19.02,0.024,,,,0.936,0.957,,1025.02
Kepler-471 b,Kepler-471,1.0,Transit,2016.0,Kepler,5.0142342677625,0.06226,11.404142857142856,,0.0,1277.0,,6543.222222222223,1.4989375,1.3651428571428572,4.2653875,1249.41
Kepler-472 b,Kepler-472,1.0,Transit,2016.0,Kepler,4.17625236707,0.04803833333333333,3.15675,,0.0,880.0,,4909.73,0.7851580000000001,0.8454999999999999,4.563842222222222,306.602
Kepler-473 b,Kepler-473,1.0,Transit,2016.0,Kepler,14.557316841790001,0.11864666666666666,5.075,,0.0,927.4,,5688.090909090909,1.6795714285714287,1.0348000000000002,4.002383333333333,905.937
Kepler-474 b,Kepler-474,1.0,Transit,2016.0,Kepler,5.660673671444445,0.060570000000000006,3.810875,,0.0,1169.8,,5717.562,1.3358333333333334,0.9532499999999999,4.1583925,841.4959999999999
Kepler-475 b,Kepler-475,1.0,Transit,2016.0,Kepler,3.1055081305555556,0.039148333333333334,2.6187500000000004,,0.0,1001.8,,4932.7,0.8175,0.8216000000000001,4.517425,280.069
Kepler-476 b,Kepler-476,1.0,Transit,2016.0,Kepler,14.0064075717,0.11398,2.855,,0.0,772.0,,5860.496666666667,1.0262499999999999,1.0345,4.416666666666667,813.535
Kepler-477 b,Kepler-477,2.0,Transit,2016.0,Kepler,11.1199044406,0.08836000000000001,1.9783333333333335,,0.0,652.4,,5131.1575,0.7196265714285713,0.7655,4.574333333333333,
Kepler-478 b,Kepler-478,1.0,Transit,2016.0,Kepler,13.221759690611112,0.10134000000000001,2.735,,0.0,658.4,,5110.566666666667,0.825,0.7974,4.514833333333333,
Kepler-479 b,Kepler-479,1.0,Transit,2016.0,Kepler,12.49340584786,0.09721,2.122375,,0.0,659.4,,5214.363636363636,0.7705891,0.8366666666666666,4.565189999999999,344.901
Kepler-48 b,Kepler-48,1.0,Transit,2012.0,Kepler,4.7779991424285715,0.05396546832857142,1.9258333333333333,11.487288952500002,0.0,927.0,,5212.615384615385,0.868625,0.8863333333333334,4.502229090909091,306.738
Kepler-48 c,Kepler-48,1.0,Transit,2012.0,Kepler,9.673952433521427,0.08641753651428571,2.731,12.2755695425,0.0,732.6,,5212.615384615385,0.868625,0.8863333333333334,4.502229090909091,306.738
Kepler-48 d,Kepler-48,1.0,Transit,2014.0,Kepler,42.896151852866666,0.23333248241428572,2.0407,8.410425195,0.0,445.4,,5214.5,0.8678333333333333,0.885875,4.503452,306.738
Kepler-48 e,Kepler-48,1.0,Radial Velocity,2014.0,W. M. Keck Observatory,990.0580875,1.898274748,,672.1631143,0.003142,,,5194.0,0.89,0.898,4.487,306.738
Kepler-48 f,Kepler-48,1.0,Radial Velocity,2023.0,W. M. Keck Observatory,5219.681854,5.719187877,,298.5809968,0.015283,,,,,0.916,,306.738
Kepler-480 b,Kepler-480,1.0,Transit,2016.0,Kepler,4.9195775773,0.060123333333333334,2.6635,,0.0,1270.0,,6361.223636363636,1.4133928571428573,1.22,4.3026333333333335,847.5079999999999
Kepler-481 b,Kepler-481,1.0,Transit,2016.0,Kepler,10.06082271534,0.08949333333333333,2.737125,,0.0,928.4,,5690.786363636364,1.2221428571428572,0.96575,4.237718888888889,813.724
Kepler-482 b,Kepler-482,1.0,Transit,2016.0,Kepler,56.35410747833,0.2523283333333333,2.379,,0.0,336.4,,4718.363636363636,0.7160000000000001,0.70925,4.575982222222223,313.068
Kepler-483 b,Kepler-483,1.0,Transit,2016.0,Kepler,30.22911933387,0.199335,2.79225,,0.0,697.6,,6354.708181818182,1.39147,1.164625,4.27982888888889,860.355
Kepler-484 b,Kepler-484,1.0,Transit,2016.0,Kepler,10.04557170118,0.09081,2.29975,,0.0,781.8,,5650.909090909091,0.8926883333333334,0.9818333333333333,4.530614444444445,382.136
Kepler-485 b,Kepler-485,1.0,Transit,2016.0,Kepler,3.24325986072,0.044035,13.498750000000001,,0.0,1279.6,,5921.363636363636,1.0634577777777778,1.055,4.425165555555555,1140.95
Kepler-487 b,Kepler-487,1.0,Transit,2016.0,Kepler,15.35876937272,0.11714833333333334,11.31075,,0.0,681.0,,5541.818181818182,0.9001675714285715,0.9135,4.504082222222222,872.343
Kepler-487 c,Kepler-487,1.0,Transit,2016.0,Kepler,38.65201773888889,0.2166566666666667,2.47675,,0.0,500.6,,5549.8,0.88875,0.9135,4.50552,872.3430000000001
Kepler-487 d,Kepler-487,1.0,Transit,2021.0,Kepler,2.4184032908888886,0.034075,2.6565908114285715,,0.0,1262.6,,5557.777777777777,0.8846666666666666,0.9075000000000001,4.50227,872.343
Kepler-489 b,Kepler-489,1.0,Transit,2016.0,Kepler,17.276296275820002,0.12009833333333332,7.795999999999999,,0.0,571.0,,5010.651818181818,0.74243225,0.7878333333333334,4.569487777777778,369.645
Kepler-49 b,Kepler-49,1.0,Transit,2012.0,Kepler,7.203564665571428,0.059548333333333335,2.3267142857142855,7.9625,0.0,502.3333333333333,M1 V,3932.042857142857,0.5751000000000001,0.5489,4.70315,311.222
Kepler-49 c,Kepler-49,1.0,Transit,2012.0,Kepler,10.912720763333333,0.078485,2.6065714285714283,6.8825,0.0013333333333333333,437.3333333333333,M1 V,3932.042857142857,0.5751000000000001,0.5489,4.70315,311.222
Kepler-49 d,Kepler-49,1.0,Transit,2014.0,Kepler,2.576597743807692,0.030124285714285715,1.697090909090909,235.982,0.0,707.8333333333334,M1 V,3945.8571428571427,0.572375,0.5415000000000001,4.692295454545455,311.222
Kepler-49 e,Kepler-49,1.0,Transit,2014.0,Kepler,18.596110321033333,0.11278333333333333,1.6364,1.03815,0.0,367.0,,3955.846153846154,0.572375,0.5417142857142857,4.692295454545455,311.22200000000004
Kepler-490 b,Kepler-490,1.0,Transit,2016.0,Kepler,3.2686950925,0.045899999999999996,12.847714285714286,,0.0,1450.8,,6175.7155555555555,1.2632485714285715,1.1242,4.3008275,1523.0
Kepler-491 b,Kepler-491,1.0,Transit,2016.0,Kepler,4.225384484133333,0.05211833333333333,9.05875,,0.0,1124.4,,5569.0,1.0444914285714286,1.0527142857142857,4.3991575,630.785
Kepler-493 b,Kepler-493,1.0,Transit,2016.0,Kepler,3.003877126,0.04352,12.07642857142857,,0.0,1416.6,,6256.666666666667,1.265,1.272,4.31645,1745.77
Kepler-495 b,Kepler-495,1.0,Transit,2016.0,Kepler,3.413035625277778,0.041299999999999996,5.083714285714286,,0.0,1033.8,,5372.1,0.8424925,0.871,4.547167777777777,658.924
Kepler-495 c,Kepler-495,1.0,Transit,2021.0,Kepler,5.896648829,0.059519999999999997,0.9398940233333333,,0.0,861.0,,5367.0,0.8091641666666667,0.8803333333333333,4.516595714285715,658.924
Kepler-496 b,Kepler-496,1.0,Transit,2016.0,Kepler,8.308639954511111,0.07386000000000001,2.1755714285714283,,0.0,713.6,,5161.936,0.776846,0.8313333333333333,4.60015,605.274
Kepler-497 b,Kepler-497,1.0,Transit,2016.0,Kepler,3.5732042345875,0.04516,6.221857142857142,,0.0,1201.2,,5656.0,1.0683333333333334,1.0148,4.375,1291.98
Kepler-498 b,Kepler-498,1.0,Transit,2016.0,Kepler,9.613749407455554,0.08936,3.3095714285714286,,0.0,929.4,,5856.1449999999995,1.0964285714285715,0.995,4.32804,938.844
Kepler-499 b,Kepler-499,1.0,Transit,2016.0,Kepler,5.632532097477777,0.05944000000000001,2.0977142857142854,,0.0,831.0,,5179.7,0.8218333333333333,0.877375,4.53579,556.726
Kepler-5 b,Kepler-5,1.0,Transit,2009.0,Kepler,3.5484651883,0.050664,15.471583583333333,666.7207275000001,0.009571428571428573,1700.375,,6302.125,1.7706107142857144,1.3397272727272727,4.055283846153847,899.777
Kepler-50 b,Kepler-50,1.0,Transit,2012.0,Kepler,7.812771961666666,0.0815019380125,1.7079090909090908,6.46286181,0.0,1213.6,,6183.583333333333,1.58894,1.2233333333333334,4.096216,250.11
Kepler-50 c,Kepler-50,1.0,Transit,2012.0,Kepler,9.3765430225,0.0920986909,2.0555454545454546,9.20166353,0.0,1141.2,,6183.583333333333,1.58894,1.2233333333333334,4.096216,250.11
Kepler-500 b,Kepler-500,1.0,Transit,2016.0,Kepler,8.508336134999999,0.08316833333333333,2.6229999999999998,,0.0,895.6,,5793.578181818182,1.050142857142857,1.0252000000000001,4.406398888888889,807.48
Kepler-501 b,Kepler-501,1.0,Transit,2016.0,Kepler,5.6406748951444445,0.06326000000000001,4.208714285714286,,0.0,1094.8,,6070.5,1.10199,1.0615999999999999,4.415118888888888,1125.24
Kepler-501 c,Kepler-501,1.0,Transit,2021.0,Kepler,3.622724622428571,0.047200000000000006,1.510199565,,0.0,1267.6,,6081.285714285715,1.0576633333333334,1.0570000000000002,4.40467,1125.24
Kepler-502 b,Kepler-502,1.0,Transit,2016.0,Kepler,4.286864198711111,0.05322,4.376857142857142,,0.0,1209.2,,6142.2,1.118,1.1044444444444443,4.351945555555556,1591.04
Kepler-504 b,Kepler-504,2.0,Transit,2016.0,Kepler,9.549274740522222,0.06538000000000001,1.761,,0.0,387.0,,3577.4,0.38670522222222226,0.389678625,4.854387777777777,99.0688
Kepler-505 b,Kepler-505,1.0,Transit,2016.0,Kepler,27.52194276568889,0.14474,2.6062857142857143,,0.0,318.4,,3844.1,0.5156666666666667,0.5363333333333333,4.699632222222222,283.41
Kepler-506 b,Kepler-506,1.0,Transit,2016.0,Kepler,6.88340745002,0.074845,2.6635,,0.0,1081.2,,6163.573636363636,1.191142857142857,1.1816,4.348971111111111,228.43899999999996
Kepler-507 b,Kepler-507,1.0,Transit,2016.0,Kepler,3.5680923439,0.04762913617142857,1.2767777777777778,5.69692195,0.0,1352.4,,6032.0,1.30475,1.1381666666666665,4.277173333333334,391.644
Kepler-508 b,Kepler-508,1.0,Transit,2016.0,Kepler,25.308911394600003,0.17785666666666666,1.9141249999999999,,0.0,791.4,,6151.023999999999,1.2269366666666668,1.1709999999999998,4.2254975,324.618
Kepler-509 b,Kepler-509,1.0,Transit,2016.0,Kepler,41.74599974966,0.24017,2.441875,,0.0,586.2,,5999.695454545454,1.1878571428571427,1.0870000000000002,4.319003333333333,332.443
Kepler-51 b,Kepler-51,1.0,Transit,2012.0,Kepler,45.155072950244445,0.2509828571428572,7.401214285714285,4.0556383333333335,0.012466666666666666,524.8333333333334,,5851.25,0.9157983571428572,1.035923076923077,4.530835833333334,783.831
Kepler-51 c,Kepler-51,1.0,Transit,2012.0,Kepler,85.31516290352941,0.38354857142857146,6.6639333333333335,5.357142857142857,0.0107,424.3333333333333,,5856.666666666667,0.9208552307692308,1.0364166666666665,4.525274545454545,783.831
Kepler-51 d,Kepler-51,1.0,Transit,2014.0,Kepler,130.1804504502941,0.5082971428571429,10.150384615384617,6.415,0.008011111111111111,368.3333333333333,,5854.466666666666,0.9111554999999999,1.0389166666666667,4.531820909090909,783.831
Kepler-51 e,Kepler-51,1.0,Transit Timing Variations,2024.0,Multiple Observatories,260.572,,,4.6,0.05,,,5674.0,0.87,0.96,,783.831
Kepler-510 b,Kepler-510,1.0,Transit,2016.0,Kepler,19.556596762145457,0.1383779935,2.699444444444444,,0.0,834.8,,5660.621,1.452042,0.9122999999999999,4.061812222222222,386.17699999999996
Kepler-511 b,Kepler-511,1.0,Transit,2016.0,Kepler,296.6376548833333,0.8805200000000001,7.335624999999999,,0.0,313.6,,5902.2080000000005,1.420642857142857,1.1005,4.206085,651.999
Kepler-511 c,Kepler-511,1.0,Transit,2021.0,Kepler,26.62944989333333,0.177145,3.147091895714286,,0.0,701.0,,5916.564444444444,1.381,1.080142857142857,4.18346,651.999
Kepler-512 b,Kepler-512,1.0,Transit,2016.0,Kepler,34.43588346566,0.20945833333333333,2.2948749999999998,,0.0,599.8,,6080.181818181818,1.1411928571428571,1.135,4.389274444444444,467.375
Kepler-513 b,Kepler-513,1.0,Transit,2016.0,Kepler,28.862357255569997,0.18243333333333334,2.314375,,0.0,636.8,,5911.545454545455,1.0637933333333334,1.0042,4.394045555555555,468.258
Kepler-514 b,Kepler-514,2.0,Transit,2016.0,Kepler,5.65180010959,0.06513166666666666,1.660375,,0.0,1235.4,,6150.5427272727275,1.3644485714285715,1.1344444444444446,4.238472222222223,455.336
Kepler-515 b,Kepler-515,2.0,Transit,2016.0,Kepler,19.963678206799997,0.14204,1.6066666666666667,,0.0,649.8,,5610.5,0.966,0.9800000000000001,4.474166666666666,
Kepler-516 b,Kepler-516,1.0,Transit,2016.0,Kepler,24.8546430294375,0.19046000000000002,5.504428571428571,,0.0,960.4,,6922.666666666667,1.799385,1.4632857142857143,4.067025,687.094
Kepler-517 b,Kepler-517,2.0,Transit,2016.0,Kepler,60.92838093243,0.28908666666666666,2.83325,,0.0,470.2,,5605.286363636364,1.021525,0.8841666666666667,4.368581111111111,289.907
Kepler-518 b,Kepler-518,1.0,Transit,2016.0,Kepler,8.51203895839,0.08421000000000001,3.3695,,0.0,1171.0,,5974.0,0.9004797142857143,1.107,4.301161111111111,337.901
Kepler-519 b,Kepler-519,2.0,Transit,2016.0,Kepler,24.30789658281,0.15990333333333331,2.1445,,0.0,538.4,,5329.203636363636,0.8160112999999999,0.9099999999999999,4.570954444444444,246.61
Kepler-52 b,Kepler-52,1.0,Transit,2012.0,Kepler,7.877759008571429,0.06448333333333334,2.3070769230769232,73.62333333333333,0.0,515.5,M0 V,4069.7615384615387,0.6034444444444444,0.6124285714285714,4.679297777777778,321.542
Kepler-52 c,Kepler-52,1.0,Transit,2012.0,Kepler,16.3842981726125,0.104915,1.9704285714285714,46.06666666666666,0.002,404.0,M0 V,4075.9266666666667,0.610375,0.6185555555555555,4.662123636363637,321.542
Kepler-52 d,Kepler-52,1.0,Transit,2014.0,Kepler,36.44569460393077,0.17965,1.9787272727272727,88.8775,0.0,311.6,,4097.307692307692,0.611,0.6376666666666667,4.661123636363636,321.542
Kepler-520 b,Kepler-520,1.0,Transit,2016.0,Kepler,19.674156648,0.14756333333333332,1.784,,0.0,713.8,,6036.777,1.0495,1.1188333333333333,4.441833333333333,623.901
Kepler-520 c,Kepler-520,1.0,Transit,2016.0,Kepler,5.21104455254,0.060775,1.179,,0.0,1112.4,,6036.777,1.0495,1.1188333333333333,4.441833333333333,623.901
Kepler-521 b,Kepler-521,1.0,Transit,2016.0,Kepler,22.20802343263,0.16842666666666664,3.5975,,0.0,915.2,,6588.414545454545,1.636868888888889,1.35225,4.139758888888888,830.638
Kepler-522 b,Kepler-522,1.0,Transit,2016.0,Kepler,38.5840050244,0.24664833333333333,6.045,,0.0,674.4,,6322.56,1.762155,1.3256666666666665,4.155317777777778,639.239
Kepler-523 b,Kepler-523,1.0,Transit,2016.0,Kepler,5.8359839210399995,0.061915,1.945625,,0.0,895.0,,5480.381818181818,0.83374375,0.934375,4.55922,253.295
Kepler-524 b,Kepler-524,1.0,Transit,2016.0,Kepler,7.974189738990001,0.07910833333333334,2.265875,,0.0,1043.2,,5941.96,1.281,1.0454,4.214407777777778,1058.24
Kepler-524 c,Kepler-524,1.0,Transit,2016.0,Kepler,1.888980922111111,0.030226666666666666,1.05125,,0.0,1687.8,,5951.904,1.2206,1.044888888888889,4.2360975,1058.24
Kepler-525 b,Kepler-525,1.0,Transit,2016.0,Kepler,18.68406741593,0.13976,3.73675,,0.0,824.4,,5520.0,1.576,0.9954444444444444,3.995655555555555,992.852
Kepler-526 b,Kepler-526,1.0,Transit,2016.0,Kepler,5.45849788617,0.06363,2.184375,,0.0,1115.4,,5767.698181818182,1.2731666666666666,1.1388333333333331,4.246815555555555,666.146
Kepler-527 b,Kepler-527,1.0,Transit,2016.0,Kepler,13.28533185856,0.11566,2.61725,,0.0,949.6,,6387.772727272727,1.205641,1.2314285714285713,4.316707777777777,750.0399999999998
Kepler-528 b,Kepler-528,1.0,Transit,2016.0,Kepler,19.78299764357,0.14339833333333332,2.021375,,0.0,681.6,,5802.06,1.131,1.000875,4.379462222222222,784.23
Kepler-529 b,Kepler-529,1.0,Transit,2016.0,Kepler,1.9803573316999998,0.030940000000000002,1.7300000000000002,,0.0,1538.6,,6197.833333333333,0.9676,1.0012,4.448166666666666,799.008
Kepler-529 c,Kepler-529,1.0,Transit,2016.0,Kepler,12.834434679877779,0.1078,1.8866666666666667,,0.0,824.2,,6197.833333333333,0.9676,1.0012,4.448166666666666,799.008
Kepler-529 d,Kepler-529,1.0,Transit,2021.0,Kepler,35.86536401285714,0.21386,1.9741710049999999,,0.0,585.2,,6196.333333333333,0.9774,0.9882,4.438166666666667,799.008
Kepler-53 b,Kepler-53,1.0,Transit,2012.0,Kepler,18.64923391,0.1386,3.0065999999999997,60.349999999999994,0.0,700.8,,5869.181818181818,0.9814545454545454,1.007,4.455844444444445,1366.07
Kepler-53 c,Kepler-53,1.0,Transit,2012.0,Kepler,38.5577717929,0.22480166666666668,3.6369,24.275,0.0,550.6,,5851.166666666667,0.9814545454545454,1.0063,4.44689,1366.07
Kepler-53 d,Kepler-53,1.0,Transit,2014.0,Kepler,9.751930755833333,0.09003571428571429,2.491,101.84684999999999,0.0,870.4,,5889.818181818182,1.012,1.009,4.452288888888889,1366.07
Kepler-530 b,Kepler-530,2.0,Transit,2016.0,Kepler,39.30940298414,0.21965166666666666,3.296375,,0.0,560.8,,5765.102727272727,0.8823467142857143,0.9341666666666667,4.455452222222222,457.709
Kepler-531 b,Kepler-531,1.0,Transit,2016.0,Kepler,29.884956827777778,0.17051000000000002,2.7595,,0.0,449.8,,4873.304,0.7442857142857143,0.76875,4.5624725,252.762
Kepler-532 b,Kepler-532,1.0,Transit,2016.0,Kepler,12.924912626079998,0.09975166666666667,2.555,,0.0,634.0,,5090.0,0.7766096666666668,0.8352857142857142,4.555924444444445,312.798
Kepler-533 b,Kepler-533,1.0,Transit,2016.0,Kepler,28.51118292718,0.1722233333333333,5.1152500000000005,,0.0,570.4,,4743.063636363636,0.72555475,0.745,4.360231111111111,302.955
Kepler-534 b,Kepler-534,1.0,Transit,2016.0,Kepler,15.959954016866666,0.12736,2.265,,0.0,726.4,,5927.111111111111,0.9806666666666667,1.07375,4.448268888888889,570.659
Kepler-534 c,Kepler-534,1.0,Transit,2021.0,Kepler,7.37867113575,0.07608000000000001,1.1228333333333333,,0.0,940.0,,5933.625,0.9781666666666666,1.078625,4.460660000000001,570.659
Kepler-535 b,Kepler-535,1.0,Transit,2016.0,Kepler,4.90332304065,0.060135,2.24425,,0.0,1194.6,,6108.523636363636,1.2706,1.1925,4.319867777777778,685.599
Kepler-536 b,Kepler-536,1.0,Transit,2016.0,Kepler,1.8270826941,0.02779166666666667,4.94925,,0.0,1859.2,,5418.598181818182,0.985625,0.9146666666666667,4.179601111111111,462.32200000000006
Kepler-537 b,Kepler-537,1.0,Transit,2016.0,Kepler,3.2475558409500005,0.04332833333333334,1.388,,0.0,1184.0,,5707.447272727272,0.97830825,1.0224444444444445,4.4767600000000005,439.4
Kepler-538 b,Kepler-538,2.0,Transit,2016.0,Kepler,81.7377938677923,0.36567856534444443,2.179909090909091,11.319930933333334,0.031375,386.42857142857144,,5532.7692307692305,0.8685666666666667,0.882375,4.512855,155.956
Kepler-539 b,Kepler-539,1.0,Transit,2016.0,Kepler,125.62933047818183,0.49199,8.411902555555555,308.2951,0.065,363.43333333333334,G2 V,5791.838333333333,0.934068,1.0038888888888888,4.482495,307.318
Kepler-539 c,Kepler-539,1.0,Transit Timing Variations,2016.0,Kepler,1000.0,2.42,,762.792,0.5,253.0,G2 V,5820.0,0.952,1.048,4.502,307.318
Kepler-54 b,Kepler-54,1.0,Transit,2012.0,Kepler,8.010874536,0.061983333333333335,2.0279285714285717,8.523333333333333,0.0036666666666666666,457.1666666666667,M1 V,3743.921428571429,0.49926173333333335,0.499922,4.779192,271.701
Kepler-54 c,Kepler-54,1.0,Transit,2012.0,Kepler,12.071300915,0.08149999999999999,1.3140769230769231,7.533333333333334,0.0,399.4,,3745.3,0.5013518571428571,0.500824,4.779192,271.701
Kepler-54 d,Kepler-54,1.0,Transit,2014.0,Kepler,20.996080761546157,0.11908333333333332,1.449818181818182,12.0946,0.0,332.6,,3780.769230769231,0.503953,0.5005596,4.771398181818181,271.701
Kepler-540 b,Kepler-540,1.0,Transit,2016.0,Kepler,172.70220607009998,0.5884366666666666,3.02075,,0.0,370.0,,5842.2527272727275,1.223026,0.9255714285714286,4.256652222222223,390.374
Kepler-541 b,Kepler-541,1.0,Transit,2016.0,Kepler,5.08005854227,0.060461666666666664,2.702625,,0.0,1304.0,,6104.653636363637,2.1219249999999996,1.11775,4.044827777777778,1060.68
Kepler-542 b,Kepler-542,1.0,Transit,2016.0,Kepler,13.144968732710002,0.10633833333333333,1.733375,,0.0,749.6,,5523.305454545454,0.9817525,0.942,4.43122,436.016
Kepler-543 b,Kepler-543,1.0,Transit,2016.0,Kepler,13.899632821360001,0.09871666666666667,2.43425,,0.0,516.0,,4639.909090909091,0.67,0.6695714285714286,4.616457777777778,221.80200000000002
Kepler-544 b,Kepler-544,1.0,Transit,2016.0,Kepler,21.4162433478,0.15840333333333334,2.18625,,0.0,737.6,,6261.4118181818185,1.252857142857143,1.194125,4.3045222222222215,963.18
Kepler-545 b,Kepler-545,1.0,Transit,2016.0,Kepler,13.24932230222,0.11139666666666666,2.590625,,0.0,769.8,,5878.363636363636,1.0793114285714285,1.065625,4.437236666666667,818.0010000000001
Kepler-546 b,Kepler-546,1.0,Transit,2016.0,Kepler,4.147020652566667,0.049960000000000004,7.297,,0.0,1253.4,,5792.4,1.2113333333333334,1.006,4.23873,1019.65
Kepler-547 b,Kepler-547,1.0,Transit,2016.0,Kepler,6.010384334366666,0.05800000000000001,3.9185714285714286,,0.0,762.0,,4817.0,0.7406666666666667,0.73775,4.552998888888889,378.972
Kepler-548 b,Kepler-548,1.0,Transit,2016.0,Kepler,4.4541939525,0.0494,11.844,,0.0,1009.8,,5372.0088888888895,0.9116467500000001,0.8296666666666668,4.4530025,751.776
Kepler-549 b,Kepler-549,1.0,Transit,2016.0,Kepler,42.949644813836365,0.22780999999999998,2.706777777777778,11.0,0.0,472.4,,5361.545454545455,0.8473614444444445,0.8837142857142857,4.502488888888889,635.145
Kepler-549 c,Kepler-549,1.0,Transit,2016.0,Kepler,117.0298109231111,0.4444033333333333,2.8850000000000002,,0.0,338.4,,5371.8,0.8437224444444444,0.862,4.498200000000001,635.145
Kepler-549 d,Kepler-549,1.0,Transit,2023.0,Kepler,24.614820521111113,0.15723666666666666,3.9095714285714287,,0.0,568.6,,5370.777777777777,0.8710717142857144,0.847,4.4787,635.145
Kepler-55 b,Kepler-55,1.0,Transit,2012.0,Kepler,27.95406028,0.15628,2.663333333333333,43.0,0.0,403.8,,4469.3,0.65175,0.655,4.62686,578.796
Kepler-55 c,Kepler-55,1.0,Transit,2012.0,Kepler,42.139174339,0.20532,13.587555555555555,69.8,0.0,352.0,,4469.3,0.65175,0.655,4.62686,578.796
Kepler-55 d,Kepler-55,1.0,Transit,2014.0,Kepler,2.2111157895777778,0.028916666666666663,1.697375,,0.0,938.6,,4483.4,0.6564285714285715,0.663,4.625082222222222,578.796
Kepler-55 e,Kepler-55,1.0,Transit,2014.0,Kepler,4.617497365611111,0.04728333333333334,1.534875,,0.0,734.4,,4483.4,0.6564285714285715,0.663,4.625082222222222,578.796
Kepler-55 f,Kepler-55,1.0,Transit,2014.0,Kepler,10.198522021888888,0.07998333333333334,1.6572500000000001,,0.0,564.8,,4483.4,0.6564285714285715,0.663,4.625082222222222,578.796
Kepler-550 b,Kepler-550,1.0,Transit,2016.0,Kepler,8.60010510428889,0.07496,4.25,,0.0,760.4,,5212.5,0.8150307777777779,0.8265,4.52036,531.944
Kepler-551 b,Kepler-551,1.0,Transit,2016.0,Kepler,12.37682077158,0.08568,2.3975,,0.0,432.4,,4096.7,0.609,0.6401666666666667,4.687423333333333,311.175
Kepler-552 b,Kepler-552,1.0,Transit,2016.0,Kepler,5.263414360922223,0.06095999999999999,3.803142857142857,,0.0,1098.0,,5975.627,1.0308333333333333,1.0370000000000001,4.434051111111112,843.689
Kepler-553 b,Kepler-553,1.0,Transit,2016.0,Kepler,4.030467646136364,0.048018571428571424,4.695377648888889,116.00736855,0.0,1033.1666666666667,,5273.5,0.8837142857142857,0.8862857142857142,4.484744,728.525
Kepler-553 c,Kepler-553,1.0,Transit,2016.0,Kepler,328.2400508687,0.9015785714285715,11.390208562222222,2129.4503269,0.057666666666666665,238.16666666666666,,5288.909090909091,0.8837142857142857,0.8906666666666667,4.4919955555555555,728.525
Kepler-554 b,Kepler-554,1.0,Transit,2016.0,Kepler,1.9022086158699998,0.02945333333333333,4.159,,0.0,1273.6,,5406.545454545455,0.9470000000000001,0.9293750000000001,4.49453,690.525
Kepler-555 b,Kepler-555,1.0,Transit,2016.0,Kepler,16.21772061761111,0.12122,2.6314285714285717,,0.0,669.4,,5867.0,0.97,0.9733333333333333,4.442643333333333,973.1209999999999
Kepler-556 b,Kepler-556,1.0,Transit,2016.0,Kepler,11.72292385499,0.10038833333333334,2.123625,,0.0,789.8,,5748.365454545455,0.9443333333333334,1.00725,4.469226666666667,674.598
Kepler-557 b,Kepler-557,1.0,Transit,2016.0,Kepler,3.7059860353666667,0.047119999999999995,2.8575714285714287,,0.0,1273.2,,6045.6050000000005,1.0626666666666666,1.0310000000000001,4.183212222222222,2097.12
Kepler-558 b,Kepler-558,1.0,Transit,2016.0,Kepler,29.007887359077774,0.17517999999999997,2.5168571428571425,,0.0,495.8,,5257.7,0.796665375,0.8674999999999999,4.574381111111111,661.876
Kepler-559 b,Kepler-559,1.0,Transit,2016.0,Kepler,17.587527889500002,0.12847999999999998,3.8971428571428572,,0.0,709.2,,5513.0,0.9740030000000001,0.9422499999999999,4.382443333333333,776.708
Kepler-56 b,Kepler-56,1.0,Transit,2012.0,Kepler,10.501247809285713,0.1054095348875,5.060692307692308,71.340621414,0.005714285714285714,1335.6,,4865.64,4.213330833333334,1.3403,3.3733750000000002,912.994
Kepler-56 c,Kepler-56,1.0,Transit,2012.0,Kepler,21.405143527142858,0.169415647275,10.448538461538464,207.19692948000002,0.0,1053.6,,4865.64,4.213330833333334,1.3403,3.3733750000000002,912.994
Kepler-56 d,Kepler-56,1.0,Radial Velocity,2016.0,Multiple Observatories,998.2195335,2.2371084469999998,,1914.3758265000001,0.202407,,,4819.44,4.21799,1.672,,912.994
Kepler-560 b,Kepler-560,2.0,Transit,2016.0,Kepler,18.477635988863636,0.09356666666666667,1.7786666666666666,,0.028333333333333335,287.1666666666667,,3488.8333333333335,0.35891755555555555,0.35200025,4.901124,109.308
Kepler-561 b,Kepler-561,1.0,Transit,2016.0,Kepler,58.36205317627,0.28979333333333335,6.83675,,0.0,443.6,,5516.97,0.9294279999999999,0.9613333333333333,4.471353333333333,621.378
Kepler-561 c,Kepler-561,1.0,Transit,2016.0,Kepler,5.3501639466399995,0.058945,2.5825,,0.0,983.0,,5516.97,0.9294279999999999,0.9613333333333333,4.471353333333333,621.378
Kepler-562 b,Kepler-562,1.0,Transit,2016.0,Kepler,18.00931599691111,0.13324,5.231285714285714,,0.0,658.2,,5725.2,0.8813333333333334,0.974111111111111,4.477035555555556,992.769
Kepler-563 b,Kepler-563,1.0,Transit,2016.0,Kepler,22.184324357844442,0.14164000000000002,3.236857142857143,,0.0,542.6,,5110.267,0.7823675,0.7768,4.536986666666667,565.207
Kepler-564 b,Kepler-564,1.0,Transit,2016.0,Kepler,3.7508323173222227,0.04792,4.6124285714285715,,0.0,1116.8,,5693.087,0.9456666666666665,0.98,4.492006666666666,863.037
Kepler-565 b,Kepler-565,1.0,Transit,2016.0,Kepler,4.2437459499,0.050280000000000005,3.31,,0.0,1068.4,,5856.833333333333,0.8688333333333333,0.9376000000000001,4.538,
Kepler-566 b,Kepler-566,1.0,Transit,2016.0,Kepler,18.42793807001111,0.12398,2.1415714285714285,,0.0,559.0,,4989.493,0.7735143333333334,0.7913333333333333,4.5507655555555555,564.277
Kepler-567 b,Kepler-567,1.0,Transit,2016.0,Kepler,16.542975707055557,0.12132000000000001,2.296,,0.0,603.8,,5119.3,0.84927425,0.825,4.521697777777778,558.81
Kepler-568 b,Kepler-568,1.0,Transit,2016.0,Kepler,11.02312181012,0.07827999999999999,2.3133749999999997,,0.0,423.4,,3728.5,0.5395432,0.542077,4.729385555555556,130.645
Kepler-569 b,Kepler-569,1.0,Transit,2016.0,Kepler,34.188897357550005,0.20334,3.103,,0.0,539.0,,5699.727272727273,0.9186112222222221,0.9971249999999999,4.508938888888888,638.301
Kepler-57 b,Kepler-57,1.0,Transit,2012.0,Kepler,5.728581618561538,0.05981333333333333,2.699,86.05333333333333,0.0026999999999999997,847.2,,5248.143076923077,0.80175,0.8785454545454545,4.573516,644.14
Kepler-57 c,Kepler-57,1.0,Transit,2012.0,Kepler,11.6083491325,0.09586333333333334,22.071727272727273,7.786666666666666,0.012083333333333333,669.0,,5254.628333333333,0.80175,0.8784000000000001,4.577937777777778,644.14
Kepler-570 b,Kepler-570,1.0,Transit,2016.0,Kepler,4.301664954222222,0.04956000000000001,2.3865714285714286,,0.0,1006.6,,5443.567,0.8533742222222221,0.8907999999999999,4.530201111111111,568.148
Kepler-571 b,Kepler-571,1.0,Transit,2016.0,Kepler,4.7986059216,0.05436,2.5138571428571432,,0.0,976.4,,5568.1,0.8585584444444445,0.9387777777777777,4.54814,723.875
Kepler-572 b,Kepler-572,1.0,Transit,2016.0,Kepler,17.205227664188886,0.12008,2.367714285714286,,0.0,555.4,,5183.780000000001,0.7672938333333333,0.832,4.616461111111111,504.66700000000003
Kepler-573 b,Kepler-573,1.0,Transit,2016.0,Kepler,22.183326121900002,0.14731166666666665,2.4983750000000002,,0.0,604.8,,5715.37909090909,1.0420574999999999,0.9757999999999999,4.470608888888889,771.471
Kepler-574 b,Kepler-574,1.0,Transit,2016.0,Kepler,7.658795994322222,0.07264000000000001,2.307714285714286,,0.0,858.6,,5579.952,0.8750548888888888,0.9373999999999999,4.509293333333334,682.896
Kepler-575 b,Kepler-575,1.0,Transit,2016.0,Kepler,9.378918650166666,0.08004,2.1794285714285713,,0.0,809.2,,5653.5,0.943,0.9709999999999999,4.473571111111111,853.9770000000001
Kepler-576 b,Kepler-576,1.0,Transit,2016.0,Kepler,29.9113471234,0.18472,3.428,,0.0,594.8,,5432.9,0.9464445,0.93,4.383083333333333,617.55
Kepler-577 b,Kepler-577,1.0,Transit,2016.0,Kepler,25.6958246936,0.13954,2.0452857142857144,,0.0,345.2,,4394.5,0.7078521999999999,0.782,4.7046222222222225,524.247
Kepler-578 b,Kepler-578,1.0,Transit,2016.0,Kepler,1.6168841218111112,0.0258,2.568,,0.0,1553.8,,5242.4,0.9099503333333333,0.8858571428571429,4.398605555555556,541.432
Kepler-579 b,Kepler-579,1.0,Transit,2016.0,Kepler,9.668561284411112,0.08472,1.7712857142857141,,0.0,727.2,,5383.7,0.8194431,0.929125,4.570398888888889,530.765
Kepler-58 b,Kepler-58,1.0,Transit,2012.0,Kepler,10.218766475907143,0.092785,2.8114545454545454,35.64433333333333,0.006666666666666667,919.6,,5936.461538461538,1.0347035714285713,1.0121538461538462,4.376763,969.252
Kepler-58 c,Kepler-58,1.0,Transit,2012.0,Kepler,15.57347732882143,0.123045,2.863,44.794799999999995,0.0,798.2,,5936.461538461538,1.0347035714285713,1.0121538461538462,4.376763,969.252
Kepler-58 d,Kepler-58,1.0,Transit,2014.0,Kepler,40.101460047475,0.23171,3.187777777777778,245.343,0.0,582.6,,5973.583333333333,1.0431541666666666,1.0215999999999998,4.374963,969.252
Kepler-58 e,Kepler-58,1.0,Transit,2023.0,Kepler,4.4581663907777775,0.053441666666666665,1.5938571471428573,597.796,0.0,1211.2,,6008.125,1.0747071428571429,1.0214444444444444,4.3844585714285715,969.252
Kepler-580 b,Kepler-580,1.0,Transit,2016.0,Kepler,8.222421741355555,0.06695999999999999,2.308,,0.0,527.4,,4179.2,0.6283333333333333,0.6273333333333334,4.67165,323.899
Kepler-581 b,Kepler-581,1.0,Transit,2016.0,Kepler,40.60697826366667,0.22481999999999996,2.3204285714285717,,0.0,482.8,,5625.0,0.8576962222222222,0.9496666666666668,4.5367,703.758
Kepler-582 b,Kepler-582,1.0,Transit,2016.0,Kepler,18.49235206348889,0.12572,3.3537142857142856,,0.0,602.4,,5259.3,0.8319212222222222,0.8195555555555556,4.511465555555556,613.179
Kepler-583 b,Kepler-583,1.0,Transit,2016.0,Kepler,6.5100319764888885,0.06792000000000001,2.6518571428571427,,0.0,1000.6,,5518.2,1.01116,0.925,4.366573333333333,867.271
Kepler-584 b,Kepler-584,1.0,Transit,2016.0,Kepler,35.18102356521111,0.22444000000000003,4.2587142857142855,,0.0,655.8,,6362.4,1.2008,1.190625,4.279855555555556,1848.8399999999997
Kepler-585 b,Kepler-585,1.0,Transit,2016.0,Kepler,2.75236037693,0.03801833333333333,3.126375,,0.0,1346.6,,5590.767272727273,0.9328995,0.9745714285714285,4.410097777777778,585.187
Kepler-586 b,Kepler-586,1.0,Transit,2016.0,Kepler,2.104721046388889,0.03268,2.846571428571429,,0.0,1341.2,,5541.499,0.9768511111111111,0.9086000000000001,4.4651233333333336,693.766
Kepler-587 b,Kepler-587,1.0,Transit,2016.0,Kepler,10.940273197533333,0.09534000000000001,2.12,,0.0,764.0,,5644.8,0.8625349999999999,0.958,4.548983333333333,787.894
Kepler-588 b,Kepler-588,1.0,Transit,2016.0,Kepler,4.221627179633334,0.052000000000000005,2.7965714285714287,,0.0,1175.4,,5979.6,1.0237142857142858,1.039,4.391354444444445,1209.4
Kepler-589 b,Kepler-589,1.0,Transit,2016.0,Kepler,16.549627265455555,0.11928000000000001,2.5288571428571425,,0.0,652.4,,5328.4,0.8243487999999999,0.8416,4.497877777777777,612.803
Kepler-589 c,Kepler-589,1.0,Transit,2021.0,Kepler,3.524675641428572,0.042480000000000004,1.1612120633333334,,0.0,1093.0,,5351.285714285715,0.9083333333333333,0.8320000000000001,4.458328571428572,612.803
Kepler-59 b,Kepler-59,1.0,Transit,2012.0,Kepler,11.868982442881817,0.10367166666666666,1.1626666666666667,4.1,0.0,868.4,,6136.181818181818,1.0298571428571428,1.0830000000000002,4.402108888888889,1163.22
Kepler-59 c,Kepler-59,1.0,Transit,2012.0,Kepler,17.978049782727272,0.13680666666666666,1.8732222222222223,3.81,0.0,756.0,,6136.181818181818,1.0298571428571428,1.0830000000000002,4.402108888888889,1163.22
Kepler-590 b,Kepler-590,1.0,Transit,2016.0,Kepler,5.8529665282888885,0.06455999999999999,3.848142857142857,,0.0,1055.2,,5967.243,1.0336666666666667,1.0525,4.283221111111112,1421.81
Kepler-591 b,Kepler-591,1.0,Transit,2016.0,Kepler,81.16968358125555,0.36722,3.577714285714286,,0.0,413.6,,5674.497,0.955640125,0.984,4.46339,785.137
Kepler-592 b,Kepler-592,1.0,Transit,2016.0,Kepler,2.8201929327777777,0.039760000000000004,2.3225714285714285,,0.0,1334.8,,5976.4,1.0805,1.0481666666666667,4.415033333333334,1153.13
Kepler-593 b,Kepler-593,1.0,Transit,2016.0,Kepler,21.21710986608889,0.15164,2.8085714285714287,,0.0,707.4,,6083.569,1.0345309999999999,1.0725,4.428084444444444,973.76
Kepler-594 b,Kepler-594,1.0,Transit,2016.0,Kepler,13.6461878347,0.10854,2.196857142857143,,0.0,677.4,,5473.385,0.8508333333333332,0.9141111111111111,4.517728888888889,769.2
Kepler-595 b,Kepler-595,1.0,Transit,2016.0,Kepler,25.302911413636366,0.16192,3.791625,17.633333333333333,0.0,516.2,,5193.0,0.8334095999999999,0.9099999999999999,4.5497025,643.009
Kepler-595 c,Kepler-595,1.0,Transit,2020.0,Kepler,12.386042960000001,0.0983,1.0594999999999999,2.6133333333333333,0.0,679.0,,5129.75,0.8381369999999999,0.915,4.490155,643.009
Kepler-596 b,Kepler-596,1.0,Transit,2016.0,Kepler,21.30020222836,0.15470166666666665,3.1475,,0.0,743.2,,6174.545454545455,1.2730516666666667,1.1266666666666665,4.33492,1023.85
Kepler-597 b,Kepler-597,1.0,Transit,2016.0,Kepler,13.023634761330001,0.10729333333333334,2.31675,,0.0,739.4,,5739.900909090909,0.9342,0.980625,4.489312222222222,663.418
Kepler-598 b,Kepler-598,1.0,Transit,2016.0,Kepler,3.7017555918222222,0.044011666666666664,1.516625,,0.0,1049.0,,5259.8,0.894454,0.8673333333333333,4.46288,681.086
Kepler-598 c,Kepler-598,1.0,Transit,2020.0,Kepler,86.49442073777777,0.36002,2.8926013442857146,,0.0,366.6,,5251.333333333333,0.8994935000000001,0.8773333333333334,4.45957,681.086
Kepler-599 b,Kepler-599,1.0,Transit,2016.0,Kepler,15.65563265311111,0.11264,2.722714285714286,,0.0,618.0,,5121.3,0.7510058,0.7892,4.549267777777778,558.517
Kepler-6 b,Kepler-6,1.0,Transit,2009.0,Kepler,3.23470097183125,0.044613,13.283014833333333,207.93796,0.008571428571428572,1386.5,,5643.1875,1.29594,1.0903,4.230773846153846,587.039
Kepler-60 b,Kepler-60,1.0,Transit,2012.0,Kepler,7.130232075,0.07420285714285714,1.9152307692307693,8.07,0.0018000000000000002,1182.6,,5990.846153846154,1.4365036363636363,1.0916000000000001,4.1652177777777775,1025.1
Kepler-60 c,Kepler-60,1.0,Transit,2012.0,Kepler,8.917881257333333,0.08614714285714285,2.0856153846153846,6.338,0.009728571428571428,1097.4,,5983.142857142857,1.4394841666666667,1.0866,4.161844,1025.1
Kepler-60 d,Kepler-60,1.0,Transit,2012.0,Kepler,11.899445592307693,0.10445857142857143,1.941,4.065,0.002442857142857143,996.4,,5990.846153846154,1.4353539999999998,1.0906666666666667,4.1652177777777775,1025.1
Kepler-600 b,Kepler-600,1.0,Transit,2016.0,Kepler,23.67518007588889,0.15352,2.7971428571428567,,0.0,524.4,,5279.4,0.7928333333333333,0.8667999999999999,4.5799022222222225,619.723
Kepler-601 b,Kepler-601,1.0,Transit,2016.0,Kepler,5.3788725821900005,0.05517333333333333,1.8255000000000001,,0.0,837.6,,5135.979090909092,0.774101875,0.80725,4.585752222222222,414.825
Kepler-602 b,Kepler-602,1.0,Transit,2016.0,Kepler,15.284645939855555,0.12314,2.1380000000000003,,0.0,788.6,,5893.501,1.2990000000000002,1.0628,4.2840155555555555,1159.31
Kepler-603 b,Kepler-603,1.0,Transit,2016.0,Kepler,21.057422429779997,0.15098666666666669,2.836375,,0.0,666.4,,5870.727272727273,1.3760780000000001,1.0163333333333333,4.333637777777778,1539.63
Kepler-603 c,Kepler-603,1.0,Transit,2016.0,Kepler,127.9068082835,0.5028483333333333,7.368875,,0.0,365.2,,5870.727272727273,1.3760780000000001,1.0163333333333333,4.333637777777778,1539.63
Kepler-603 d,Kepler-603,1.0,Transit,2016.0,Kepler,6.217149336288888,0.06702833333333334,1.57525,,0.0,1000.2,,5875.3,1.059,1.012125,4.364895,1539.63
Kepler-604 b,Kepler-604,1.0,Transit,2016.0,Kepler,25.855022468933335,0.174,2.467428571428571,,0.0,637.8,,6001.0,1.0243333333333333,1.038,4.439051111111111,1026.49
Kepler-605 b,Kepler-605,1.0,Transit,2016.0,Kepler,3.3835375566300003,0.04252333333333334,1.416125,,0.0,1059.0,,5405.783636363637,0.8462255555555556,0.9120000000000001,4.5459966666666665,556.58
Kepler-605 c,Kepler-605,1.0,Transit,2016.0,Kepler,2.358957843955556,0.03341,0.83075,,0.0,1194.4,,5403.108,0.8460025,0.9120000000000001,4.5443725,556.58
Kepler-606 b,Kepler-606,1.0,Transit,2016.0,Kepler,24.3157776843,0.16958,2.907142857142857,,0.0,679.2,,6150.4,1.167,1.0975555555555556,4.378831111111111,1215.11
Kepler-607 b,Kepler-607,1.0,Transit,2016.0,Kepler,0.6381621464444445,0.013616666666666666,0.999,,0.0,1904.4,,5203.492,0.8595714285714287,0.844125,4.4946725,519.122
Kepler-607 c,Kepler-607,1.0,Transit,2021.0,Kepler,39.67685780777778,0.215145,2.809144572857143,,0.0,478.8,,5222.6577777777775,0.8778333333333334,0.840125,4.4807974999999995,519.122
Kepler-608 b,Kepler-608,1.0,Transit,2016.0,Kepler,6.412516961733334,0.0684,3.8927142857142862,,0.0,1068.0,,5874.897999999999,1.098098888888889,1.0,4.36274,946.683
Kepler-609 b,Kepler-609,1.0,Transit,2016.0,Kepler,6.521211733588888,0.06816,2.8094285714285716,,0.0,928.8,,5789.6,0.9676666666666667,1.012,4.451125555555556,1065.82
Kepler-61 b,Kepler-61,1.0,Transit,2013.0,Kepler,59.877967383424995,0.25111833333333333,2.2633,,0.041666666666666664,270.57142857142856,K7 V,4084.5714285714284,0.616875,0.6264000000000001,4.625888,335.079
Kepler-610 b,Kepler-610,1.0,Transit,2016.0,Kepler,6.996925899155555,0.07152,3.3444285714285718,,0.0,882.4,,5691.3,0.932672,1.01375,4.5067522222222225,845.824
Kepler-610 c,Kepler-610,1.0,Transit,2016.0,Kepler,151.86425415733333,0.55672,2.5828571428571427,,0.0,316.0,,5691.3,0.932672,1.01375,4.5067522222222225,845.824
Kepler-611 b,Kepler-611,1.0,Transit,2016.0,Kepler,2.437029484677778,0.03612,1.7857142857142858,,0.0,1387.0,,5790.0,1.0582,1.0162,4.30441,1395.56
Kepler-612 b,Kepler-612,1.0,Transit,2016.0,Kepler,3.7221596662111107,0.0453,2.753857142857143,,0.0,1049.8,,5592.9,0.8365,0.9528333333333333,4.379578888888889,1445.53
Kepler-613 b,Kepler-613,1.0,Transit,2016.0,Kepler,15.7797738693,0.12336,2.2085714285714286,,0.0,712.4,,5828.6,0.9224285714285714,1.000111111111111,4.492884444444445,861.494
Kepler-614 b,Kepler-614,1.0,Transit,2016.0,Kepler,14.034905707555556,0.10316,2.438714285714286,,0.0,645.0,,5263.479,0.7841666666666667,0.8200000000000001,4.559227777777778,527.995
Kepler-615 b,Kepler-615,1.0,Transit,2016.0,Kepler,10.35584360478889,0.07856,1.6366666666666667,,0.0,560.4,,4591.166666666667,0.5906,0.6012000000000001,4.6525,
Kepler-616 b,Kepler-616,1.0,Transit,2016.0,Kepler,9.997593978222222,0.09256,2.5066666666666664,,0.0,854.8,,5822.968888888889,0.9656895,1.0025,4.4822,945.7750000000001
Kepler-616 c,Kepler-616,1.0,Transit,2016.0,Kepler,90.41154956492223,0.40152,3.48,,0.0,410.6,,5822.968888888889,0.9656895,1.0025,4.4822,945.7750000000001
Kepler-616 d,Kepler-616,1.0,Transit,2021.0,Kepler,44.68387461625,0.25412,2.4605,,0.0,521.6,,5887.6849999999995,0.9690491428571428,1.055,4.48615,945.775
Kepler-617 b,Kepler-617,1.0,Transit,2016.0,Kepler,1.6824259881599999,0.021859999999999997,1.324875,,0.0,765.8,,3704.8,0.47700000000000004,0.5076666666666667,4.750623333333333,173.354
Kepler-618 b,Kepler-618,1.0,Transit,2016.0,Kepler,3.59576783897,0.04638333333333333,2.460125,,0.0,1259.2,,5899.545454545455,1.1862171428571429,1.0418888888888889,4.371847777777778,1221.96
Kepler-619 b,Kepler-619,1.0,Transit,2016.0,Kepler,5.40427306932,0.06109,2.775875,,0.0,1072.8,,5967.48,0.9750803333333332,1.04675,4.481731111111111,900.678
Kepler-619 c,Kepler-619,1.0,Transit,2016.0,Kepler,1.208462345688889,0.022526666666666667,1.544875,,0.0,1766.2,,5983.452,0.97906025,1.0477142857142856,4.478715,900.6780000000001
Kepler-619 d,Kepler-619,1.0,Transit,2023.0,Kepler,11.678937802,0.10199166666666666,4.941571404285715,,0.0,830.4,,6017.835555555556,0.958068857142857,1.0407142857142857,4.49209,900.678
Kepler-62 b,Kepler-62,1.0,Transit,2013.0,Kepler,5.714898632041667,0.0547194342625,1.3547,9.0,0.0,735.8333333333334,K2 V,4855.0,0.668625,0.7061999999999999,4.6333660000000005,300.874
Kepler-62 c,Kepler-62,1.0,Transit,2013.0,Kepler,12.441754996170001,0.09209696502857143,0.5937777777777777,4.0,0.0,572.2,K2 V,4861.1,0.668625,0.7061999999999999,4.62943,300.874
Kepler-62 d,Kepler-62,1.0,Transit,2013.0,Kepler,18.164071725641666,0.1184077477,2.0126,14.0,0.0,500.3333333333333,K2 V,4855.0,0.668625,0.7061999999999999,4.6333660000000005,300.874
Kepler-62 e,Kepler-62,1.0,Transit,2013.0,Kepler,122.38655644091666,0.42220663495,1.7335454545454545,36.0,0.0,264.8333333333333,K2 V,4870.923076923077,0.6676666666666667,0.7158333333333333,4.637878181818182,300.8740000000001
Kepler-62 f,Kepler-62,1.0,Transit,2013.0,Kepler,267.2845848,0.7118855952428571,1.4632,35.0,0.0,206.0,K2 V,4879.363636363636,0.6676666666666667,0.7061999999999999,4.635382222222223,300.874
Kepler-620 b,Kepler-620,1.0,Transit,2016.0,Kepler,12.91381155918889,0.10664,2.872,,0.0,852.8,,6213.764,1.1600000000000001,1.1503999999999999,4.354417777777778,1355.28
Kepler-621 b,Kepler-621,1.0,Transit,2016.0,Kepler,2.628114389622222,0.031259999999999996,1.925,,0.0,755.6,,4162.161111111111,0.5811666666666667,0.6126666666666666,4.696666666666666,
Kepler-622 b,Kepler-622,1.0,Transit,2016.0,Kepler,14.28205258767,0.0933,1.8563749999999999,,0.0,399.2,,3993.6,0.609,0.6243333333333333,4.660627777777778,284.761
Kepler-623 b,Kepler-623,1.0,Transit,2016.0,Kepler,9.07096063868889,0.08472,2.999142857142857,,0.0,820.0,,5529.3,0.8378978,0.9075,4.530268888888888,737.702
Kepler-624 b,Kepler-624,1.0,Transit,2016.0,Kepler,14.586525432830001,0.11859666666666667,2.2421249999999997,,0.0,809.0,,6134.274545454546,1.19158375,1.0708,4.376307777777778,748.188
Kepler-625 b,Kepler-625,1.0,Transit,2016.0,Kepler,7.75192569851,0.08037833333333333,2.3329999999999997,,0.0,963.2,,5998.222727272727,1.1701428571428572,1.14,4.356716666666667,760.7080000000001
Kepler-625 c,Kepler-625,1.0,Transit,2016.0,Kepler,4.165374231177777,0.053081666666666666,1.23825,,0.0,1185.4,,5993.13,1.1288333333333334,1.1414285714285715,4.3805375,760.708
Kepler-626 b,Kepler-626,1.0,Transit,2016.0,Kepler,14.48585719287,0.11132166666666667,2.433125,,0.0,795.4,,5730.078181818182,1.0160719999999999,0.9868,4.362635555555555,635.643
Kepler-627 b,Kepler-627,1.0,Transit,2016.0,Kepler,40.69935235621,0.23440166666666665,3.318125,,0.0,688.0,,6244.405454545454,1.3953255555555557,1.0885,4.181341111111111,984.307
Kepler-629 b,Kepler-629,1.0,Transit,2016.0,Kepler,7.23856850255,0.07084499999999999,1.39225,,0.0,841.6,,5406.170909090909,0.85306875,0.922,4.530655555555556,372.05
Kepler-63 b,Kepler-63,1.0,Transit,2013.0,Kepler,9.434150032566667,0.08633142857142857,5.781000000000001,120.0,0.0642857142857143,800.2,G5,5606.692307692308,0.9100560000000001,0.9824444444444445,4.5103740000000005,194.03299999999996
Kepler-630 b,Kepler-630,1.0,Transit,2016.0,Kepler,161.4750239512,0.577735,4.367375,,0.0,422.6,,5873.199090909091,1.410281111111111,1.00275,4.1555188888888885,839.784
Kepler-631 b,Kepler-631,1.0,Transit,2016.0,Kepler,17.97979376234,0.137645,2.544375,,0.0,786.0,,6267.101818181818,1.28616625,1.1925,4.33903,761.966
Kepler-632 b,Kepler-632,1.0,Transit,2016.0,Kepler,30.996596059333335,0.18348,2.39,,0.0,516.4,,5295.394444444445,0.8623333333333333,0.852,4.476833333333333,
Kepler-633 b,Kepler-633,1.0,Transit,2016.0,Kepler,8.503401154399999,0.08309166666666666,2.201285714285714,,0.0,1167.0,,6112.0,1.4933999999999998,1.0196666666666667,4.142666666666666,680.54
Kepler-633 c,Kepler-633,1.0,Transit,2021.0,Kepler,23.78324798111111,0.16501,2.4642857142857144,,0.0,828.6,,6108.857142857143,1.478,1.0158333333333334,4.128166666666666,680.54
Kepler-634 b,Kepler-634,1.0,Transit,2016.0,Kepler,5.16949742335,0.059175,1.840875,,0.0,1243.0,,6247.771818181819,1.35668,1.0285,4.282107777777778,888.027
Kepler-635 b,Kepler-635,1.0,Transit,2016.0,Kepler,23.449681572,0.17263666666666666,2.8395,,0.0,780.2,,6212.630909090909,1.6507475,1.2385,4.123908888888888,1141.08
Kepler-636 b,Kepler-636,2.0,Transit,2016.0,Kepler,16.0806598236,0.10762000000000001,3.875142857142857,,0.0,503.0,,5033.544,0.6313333333333334,0.6482,4.682833333333333,310.301
Kepler-637 b,Kepler-637,1.0,Transit,2016.0,Kepler,23.20582296061,0.174515,3.27675,,0.0,889.2,,6301.136363636364,1.508774,1.2682222222222221,4.108111111111111,786.091
Kepler-638 b,Kepler-638,1.0,Transit,2016.0,Kepler,6.07969913268,0.06304166666666666,3.074125,,0.0,1189.6,,5393.458181818182,1.757058888888889,0.8889999999999999,3.967764444444444,991.214
Kepler-639 b,Kepler-639,1.0,Transit,2016.0,Kepler,10.21417756729,0.09311333333333333,2.37475,,0.0,931.4,,5835.319,1.3437142857142859,1.0628333333333333,4.19019,850.2420000000001
Kepler-640 b,Kepler-640,1.0,Transit,2016.0,Kepler,22.2481531243,0.15839666666666666,2.696625,,0.0,628.0,,5652.681818181818,0.9851428571428571,1.0146666666666666,4.457801111111111,557.787
Kepler-641 b,Kepler-641,1.0,Transit,2016.0,Kepler,9.489606998320001,0.08768333333333334,2.187875,,0.0,920.0,,5617.758181818182,1.3154285714285714,0.99,4.179258888888889,969.918
Kepler-642 b,Kepler-642,1.0,Transit,2016.0,Kepler,4.417461131950001,0.056385,2.43675,,0.0,1420.6,,6447.011818181819,1.292151,1.229,4.259164444444445,781.582
Kepler-643 b,Kepler-643,1.0,Transit,2016.0,Kepler,16.33889549422,0.13194999999999998,11.09025111111111,321.0083,0.06166666666666667,967.6,,4872.031818181818,2.658771,1.129857142857143,3.6453333333333333,1063.58
Kepler-644 b,Kepler-644,1.0,Transit,2016.0,Kepler,3.1739151619399997,0.04645166666666667,3.048375,,0.0,1667.6,,6471.364545454545,1.7105,1.346,4.09909,1318.05
Kepler-645 b,Kepler-645,1.0,Transit,2016.0,Kepler,3.27581740152,0.04550166666666667,2.4907500000000002,,0.0,1571.2,,6309.537272727273,1.374704,1.1971666666666667,4.227162222222223,1173.57
Kepler-646 b,Kepler-646,1.0,Transit,2016.0,Kepler,15.87360322248,0.11585166666666667,1.728875,,0.0,630.0,,5513.290909090909,0.844997,0.873,4.580312222222222,451.7939999999999
Kepler-647 b,Kepler-647,1.0,Transit,2016.0,Kepler,16.225466638500002,0.12362833333333334,1.306,,0.0,786.0,,5969.6563636363635,1.2571999999999999,0.9946250000000001,4.266952222222222,1087.87
Kepler-647 c,Kepler-647,1.0,Transit,2020.0,Kepler,29.666321543333336,0.18498499999999998,3.130335717142857,,0.0,642.8,,5970.246666666667,1.3184274999999999,0.981125,4.25157125,1087.87
Kepler-648 b,Kepler-648,1.0,Transit,2016.0,Kepler,17.421166728899998,0.13132333333333335,2.980875,,0.0,662.8,,5721.576363636364,0.9682445714285715,1.0042,4.501788888888889,636.03
Kepler-649 b,Kepler-649,1.0,Transit,2016.0,Kepler,29.907269371859996,0.17983666666666667,2.38575,,0.0,609.0,,5846.0,0.9394355000000001,0.9225,4.45201,513.748
Kepler-65 b,Kepler-65,1.0,Transit,2012.0,Kepler,2.1549111745357146,0.03519281465,1.4555833333333332,2.42728463,0.006,1702.0,,6179.0,1.4512153846153846,1.2360000000000002,4.213690909090909,303.728
Kepler-65 c,Kepler-65,1.0,Transit,2012.0,Kepler,5.859926781366666,0.0685293837125,2.551076923076923,12.327726400000001,0.0125,1219.2,,6179.0,1.4492714285714285,1.2360000000000002,4.213690909090909,303.728
Kepler-65 d,Kepler-65,1.0,Transit,2012.0,Kepler,8.131240823486667,0.0850855669375,1.6433333333333333,4.194146285,0.01425,1094.4,,6179.0,1.4253,1.2360000000000002,4.213690909090909,303.728
Kepler-65 e,Kepler-65,1.0,Radial Velocity,2019.0,W. M. Keck Observatory,258.3475195,0.8539307544,,238.40993285000002,0.2909425,,,,1.437,1.2485,,303.728
Kepler-650 b,Kepler-650,1.0,Transit,2016.0,Kepler,3.0321473855,0.04192,3.5483333333333333,,0.0,1606.2,,5908.05,1.5038,1.052,4.0975,884.378
Kepler-651 b,Kepler-651,1.0,Transit,2016.0,Kepler,21.385123813333333,0.14389666666666667,2.265625,,0.0,597.2,,5503.854,0.851505,0.9004,4.5332075,509.408
Kepler-652 b,Kepler-652,1.0,Transit,2016.0,Kepler,4.182002644150001,0.04901333333333333,2.50375,,0.0,1011.8,,5382.272727272727,0.8620912000000001,0.9288333333333334,4.512726666666667,394.55
Kepler-653 b,Kepler-653,1.0,Transit,2016.0,Kepler,14.70750214679,0.120275,1.8516249999999999,,0.0,765.2,,5616.452727272727,1.1956666666666667,1.059,4.310868888888889,595.634
Kepler-653 c,Kepler-653,1.0,Transit,2016.0,Kepler,1.2005019166777777,0.023375000000000003,0.772,,0.0,1803.0,,5626.932,1.1956666666666667,1.059,4.321485,595.634
Kepler-654 b,Kepler-654,1.0,Transit,2016.0,Kepler,13.724632737830001,0.11792333333333334,2.755375,,0.0,958.6,,5931.818181818182,1.588829,1.0671666666666668,4.121652222222222,974.1239999999999
Kepler-655 b,Kepler-655,1.0,Transit,2016.0,Kepler,46.40642743478,0.2643783333333333,2.58575,,0.0,573.2,,6243.124545454545,1.1985860000000002,1.198,4.3661344444444445,752.562
Kepler-656 b,Kepler-656,1.0,Transit,2016.0,Kepler,1.26025858747,0.022851666666666662,3.347875,,0.0,1537.4,,5342.650909090909,0.8657881666666666,0.8802,4.50656,890.352
Kepler-656 c,Kepler-656,1.0,Transit,2023.0,Kepler,5.25451020675,0.058995,1.2912857114285714,,0.0,957.8,,5438.465,0.9450405000000001,1.0261666666666667,4.507097142857143,890.352
Kepler-657 b,Kepler-657,1.0,Transit,2016.0,Kepler,24.54352757564,0.166995,3.438285714285714,,0.0,616.4,,5864.9,0.9828571428571429,1.0098888888888888,4.388231111111111,1691.8800000000003
Kepler-658 b,Kepler-658,1.0,Transit,2016.0,Kepler,1.287076816411111,0.01878,1.5062857142857144,,0.0,885.2,,3899.3,0.58425,0.576,4.655951111111111,388.384
Kepler-659 b,Kepler-659,1.0,Transit,2016.0,Kepler,17.67177690433333,0.12018,2.4175714285714287,,0.0,514.0,,4835.8,0.7163333333333334,0.76575,4.589477777777778,722.64
Kepler-66 b,Kepler-66,1.0,Transit,2013.0,Kepler,17.815911679963634,0.13323857142857143,2.9752222222222224,,0.0,696.8,G0 V,5886.05,0.9535714285714285,1.0185,4.463662,1202.96
Kepler-660 b,Kepler-660,1.0,Transit,2016.0,Kepler,9.2736109825,0.07612,2.5405714285714285,,0.0,647.8,,4819.555555555556,0.7016666666666667,0.6930000000000001,4.59339,568.431
Kepler-661 b,Kepler-661,1.0,Transit,2016.0,Kepler,6.029297540211111,0.05816,3.0354285714285716,,0.0,676.2,,4481.9,0.681315125,0.7061999999999999,4.637234444444444,534.788
Kepler-662 b,Kepler-662,1.0,Transit,2016.0,Kepler,21.676969144322225,0.12952000000000002,2.228285714285714,,0.0,461.2,,4841.858,0.7516666666666666,0.7781666666666668,4.562094444444444,815.637
Kepler-663 b,Kepler-663,1.0,Transit,2016.0,Kepler,4.996784380344445,0.05532,2.6652857142857145,,0.0,912.2,,5243.4,0.8424999999999999,0.8525,4.519765555555555,1063.09
Kepler-664 b,Kepler-664,1.0,Transit,2016.0,Kepler,2.5255954013333333,0.03712,2.664,,0.0,1401.8,,5860.5,1.0028276666666667,1.005,4.453666666666667,1210.12
Kepler-665 b,Kepler-665,1.0,Transit,2016.0,Kepler,16.01306807931111,0.11404,2.7977142857142856,,0.0,585.0,,4922.1,0.74019425,0.78,4.549263333333333,612.838
Kepler-666 b,Kepler-666,1.0,Transit,2016.0,Kepler,4.498769137833333,0.05416,2.310714285714286,,0.0,1131.6,,5966.9,1.0088571428571427,1.0443333333333333,4.409367777777778,1508.71
Kepler-667 b,Kepler-667,1.0,Transit,2016.0,Kepler,41.43965086294444,0.22664,6.218000000000001,,0.0,507.6,,5333.8,1.1574285714285715,0.9259999999999999,4.409666666666666,2302.45
Kepler-668 b,Kepler-668,1.0,Transit,2016.0,Kepler,8.353905757266666,0.07705999999999999,2.564285714285714,,0.0,791.2,,5471.1,0.7799815,0.875,4.594248888888888,784.618
Kepler-669 b,Kepler-669,1.0,Transit,2016.0,Kepler,4.125548611199999,0.05252,4.569285714285714,,0.0,1232.2,,6014.5,1.157,1.143,4.298643333333334,2063.41
Kepler-67 b,Kepler-67,1.0,Transit,2013.0,Kepler,15.725883443181818,0.11687714285714286,2.953333333333333,,0.0,609.4,G9 V,5251.166666666667,0.7833357272727273,0.852,4.570231,1131.19
Kepler-670 b,Kepler-670,1.0,Transit,2016.0,Kepler,2.816504902088889,0.03798,12.589142857142857,,0.0,1243.8,,5556.7,0.9666666666666667,0.944875,4.427980000000001,939.744
Kepler-671 b,Kepler-671,1.0,Transit,2016.0,Kepler,4.280964867455555,0.05006000000000001,2.4202857142857144,,0.0,1012.6,,5573.0,0.8724999999999999,0.9415,4.491458888888889,1168.26
Kepler-672 b,Kepler-672,1.0,Transit,2016.0,Kepler,38.3775051491,0.22513999999999998,2.6234285714285717,,0.0,535.0,,5691.356,0.961154875,0.9728,4.474451111111112,1033.93
Kepler-673 b,Kepler-673,1.0,Transit,2016.0,Kepler,3.7287318193666668,0.04546,6.115857142857143,,0.0,1020.4,,5399.5,0.81835525,0.892,4.568059999999999,918.21
Kepler-674 b,Kepler-674,1.0,Transit,2016.0,Kepler,2.24304300444,0.026860000000000002,1.6803750000000002,,0.0,739.8,,4033.3,0.5845,0.5846666666666667,4.694632222222221,342.254
Kepler-675 b,Kepler-675,1.0,Transit,2016.0,Kepler,2.3374394751555556,0.03172,2.3247142857142857,,0.0,1050.4,,4913.76,0.7426666666666666,0.7705,4.570147777777779,665.68
Kepler-676 b,Kepler-676,1.0,Transit,2016.0,Kepler,11.598393880589999,0.08048,3.00175,,0.0,407.4,,3704.4,0.4952,0.5156000000000001,4.738498888888889,295.196
Kepler-677 b,Kepler-677,1.0,Transit,2016.0,Kepler,6.575318386244444,0.0674,5.868,,0.0,1018.0,,5861.6,0.9976666666666666,1.0,4.282746666666666,1954.08
Kepler-678 b,Kepler-678,1.0,Transit,2016.0,Kepler,7.2750368485,0.07256,5.688571428571429,,0.0,822.8,,5438.222222222223,0.8563333333333333,0.9577142857142856,4.367315,1826.1500000000003
Kepler-679 b,Kepler-679,1.0,Transit,2016.0,Kepler,12.393554987233333,0.09874,2.765571428571428,,0.0,683.6,,5461.2,0.8087996000000001,0.8804000000000001,4.583497777777778,922.244
Kepler-68 b,Kepler-68,2.0,Transit,2013.0,Kepler,5.3987576469,0.06142224271111111,2.308683846153846,7.457851115,0.01,1182.2857142857142,,5823.891176470588,1.2511392857142858,1.0661333333333334,4.275192857142857,144.166
Kepler-68 c,Kepler-68,2.0,Transit,2013.0,Kepler,9.60503380821875,0.09015582026666666,0.9400833333333334,3.601905902,0.05189999999999999,962.5,,5825.821875,1.2511392857142858,1.0661333333333334,4.274823076923076,144.166
Kepler-68 d,Kepler-68,2.0,Radial Velocity,2013.0,W. M. Keck Observatory,620.8962414,1.443531366,,257.328485848,0.14594625,,,5827.0575,1.2496775,1.0605,4.275913333333333,144.166
Kepler-68 e,Kepler-68,2.0,Radial Velocity,2023.0,Roque de los Muchachos Observatory,3959.7120765,4.9897343769999996,,125.2208636,0.3118165,,,5847.0,1.2564,1.0495,,144.166
Kepler-680 b,Kepler-680,1.0,Transit,2016.0,Kepler,3.68991231615,0.046919999999999996,2.077857142857143,,0.0,1142.0,,5817.888888888889,0.9812857142857142,1.01175,4.4203525,1492.48
Kepler-681 b,Kepler-681,1.0,Transit,2016.0,Kepler,26.394374475466666,0.16322,3.1101428571428573,,0.0,486.2,,5053.7,0.7715000000000001,0.8075000000000001,4.573495555555556,686.923
Kepler-682 b,Kepler-682,1.0,Transit,2016.0,Kepler,12.611907588877777,0.10544,8.519857142857143,,0.0,750.2,,5668.7,0.9076666666666666,0.9452,4.287983333333333,1979.25
Kepler-683 b,Kepler-683,1.0,Transit,2016.0,Kepler,2.5391810943625,0.03658,2.0188571428571427,,0.0,1342.6,,5750.731111111111,0.9661666666666666,1.000142857142857,4.4442225,1023.0700000000002
Kepler-684 b,Kepler-684,1.0,Transit,2016.0,Kepler,6.770295275866666,0.065,3.337285714285714,,0.0,829.8,,5587.445,0.7383333333333333,0.9349999999999999,4.446442222222222,1731.27
Kepler-685 b,Kepler-685,1.0,Transit,2016.0,Kepler,1.625522327011111,0.02682,9.539142857142858,,0.0,1563.8,,5625.722,1.0662542857142856,0.994375,4.378017777777778,938.7149999999999
Kepler-686 b,Kepler-686,1.0,Transit,2016.0,Kepler,1.5947453560777776,0.02604,12.164285714285715,,0.0,1545.6,,5840.2,1.003,0.975,4.431953333333333,1490.94
Kepler-687 b,Kepler-687,1.0,Transit,2016.0,Kepler,20.50588574848889,0.13228,3.521857142857143,,0.0,513.0,,4855.8,0.7538758888888889,0.7545,4.563498888888889,633.66
Kepler-688 b,Kepler-688,1.0,Transit,2016.0,Kepler,3.8959359979111117,0.04614,8.377571428571429,,0.0,1012.6,,5541.2,0.8626666666666667,0.9358333333333334,4.488057777777778,1357.75
Kepler-689 b,Kepler-689,1.0,Transit,2016.0,Kepler,22.366522746955557,0.14566,2.64,,0.0,542.6,,5400.5,0.7806,0.8696666666666667,4.530096666666667,1131.73
Kepler-69 b,Kepler-69,1.0,Transit,2013.0,Kepler,13.722365209433335,0.10515625,2.4059999999999997,,0.02666666666666667,766.2857142857143,G4 V,5696.205384615385,0.949,0.8825000000000001,4.377106363636364,730.625
Kepler-69 c,Kepler-69,1.0,Transit,2013.0,Kepler,242.46609163116668,0.71374375,1.8414000000000001,,0.023333333333333334,292.7142857142857,G4 V,5696.205384615385,0.949,0.8825000000000001,4.377106363636364,730.625
Kepler-690 b,Kepler-690,1.0,Transit,2016.0,Kepler,7.748093463366668,0.07931999999999999,5.464714285714286,,0.0,945.4,,5801.6,1.1036666666666666,1.137,4.357788888888889,1665.31
Kepler-691 b,Kepler-691,1.0,Transit,2016.0,Kepler,8.11393795585,0.06442,2.18375,,0.0,469.6,,3708.1,0.5143333333333334,0.5406000000000001,4.724667777777778,279.115
Kepler-692 b,Kepler-692,1.0,Transit,2016.0,Kepler,21.8129489064,0.1486,3.402285714285714,,0.0,636.6,,5497.4,0.8997974,0.9245000000000001,4.452306666666667,991.336
Kepler-693 b,Kepler-693,2.0,Transit,2016.0,Kepler,15.37566202625,0.1092,10.481571428571428,,0.0,578.6,,4936.0,0.7725,0.743,4.527825,1151.51
Kepler-694 b,Kepler-694,1.0,Transit,2016.0,Kepler,6.365838080944444,0.06618,2.5937142857142854,,0.0,916.2,,5711.0,0.8843333333333333,0.9704999999999999,4.507328888888889,1023.0599999999998
Kepler-695 b,Kepler-695,1.0,Transit,2016.0,Kepler,3.0403307734375,0.037320000000000006,9.418999999999999,,0.0,1012.6,,5017.777777777777,0.7928000000000001,0.7794285714285715,4.457515,842.947
Kepler-696 b,Kepler-696,1.0,Transit,2016.0,Kepler,4.190423218211111,0.053000000000000005,6.424428571428572,,0.0,1243.0,,5938.221,1.180431111111111,1.03,4.3409466666666665,1416.44
Kepler-697 b,Kepler-697,1.0,Transit,2016.0,Kepler,3.7098726081000004,0.04614,4.084142857142857,,0.0,1069.4,,5585.8,0.8827999999999999,0.9598571428571427,4.488557777777777,1277.33
Kepler-698 b,Kepler-698,1.0,Transit,2016.0,Kepler,16.32975586968889,0.1252,4.129142857142857,,0.0,725.4,,5752.5,0.971,0.97875,4.295567777777778,1995.5700000000002
Kepler-7 b,Kepler-7,1.0,Transit,2009.0,Kepler,4.88549167585,0.06186545454545455,17.463238307692308,139.907688,0.0037142857142857142,1535.111111111111,,5988.666666666667,1.9802727272727274,1.3153000000000001,3.949018666666667,922.5620000000001
Kepler-700 b,Kepler-700,1.0,Transit,2016.0,Kepler,80.87208731843333,0.34588,5.934,,0.0,394.2,,5606.7,1.10575,0.9631666666666666,4.3669899999999995,1491.76
Kepler-701 b,Kepler-701,1.0,Transit,2016.0,Kepler,10.355346000322221,0.08919999999999999,2.7552857142857143,,0.0,774.2,,5405.3,0.8740624,0.893,4.485302222222222,774.152
Kepler-702 b,Kepler-702,1.0,Transit,2016.0,Kepler,10.526294094333332,0.08819999999999999,8.745428571428572,,0.0,713.6,,5325.321,0.8280000000000001,0.8511111111111112,4.482661111111111,992.0710000000001
Kepler-703 b,Kepler-703,1.0,Transit,2016.0,Kepler,4.583521210155556,0.0536,6.047571428571429,,0.0,1036.4,,5853.0,0.9849840000000001,1.0224444444444445,4.469473333333333,1156.83
Kepler-704 b,Kepler-704,1.0,Transit,2016.0,Kepler,3.7618279924999998,0.046599999999999996,2.6084285714285715,,0.0,1116.6,,5590.222222222223,0.9781666666666666,0.9665714285714285,4.4204775000000005,1228.83
Kepler-705 b,Kepler-705,1.0,Transit,2016.0,Kepler,56.05644318913637,0.22821666666666665,2.146333333333333,,0.0,239.66666666666666,,3649.7272727272725,0.5015000000000001,0.52175,4.744464,276.881
Kepler-707 b,Kepler-707,1.0,Transit,2016.0,Kepler,2.2374947138125,0.0316,1.4044285714285714,,0.0,1132.6,,5194.0,0.7454999999999999,0.8352857142857142,4.613085,591.776
Kepler-708 b,Kepler-708,1.0,Transit,2016.0,Kepler,3.1678886497333334,0.042480000000000004,2.8347142857142855,,0.0,1215.2,,5797.181,0.944,1.0074444444444444,4.455823333333333,1394.22
Kepler-709 b,Kepler-709,1.0,Transit,2016.0,Kepler,16.08523766242222,0.11664000000000001,3.263142857142857,,0.0,611.2,,5184.299,0.7726666666666667,0.8240000000000001,4.571994444444445,664.843
Kepler-710 b,Kepler-710,1.0,Transit,2016.0,Kepler,4.347290473966667,0.0499,1.9915714285714283,,0.0,1031.6,,5686.822999999999,0.9606666666666667,0.9898333333333333,4.4024544444444444,1448.34
Kepler-711 b,Kepler-711,1.0,Transit,2016.0,Kepler,23.589154353888887,0.14312,3.1724285714285716,,0.0,485.6,,4944.7,0.7557605555555555,0.7486666666666666,4.566614444444444,624.575
Kepler-712 b,Kepler-712,1.0,Transit,2016.0,Kepler,21.02246850299,0.13734166666666667,3.180125,,0.0,532.0,,5114.0,0.759122,0.8236666666666667,4.601308888888889,872.493
Kepler-712 c,Kepler-712,1.0,Transit,2016.0,Kepler,226.8905074192,0.670465,4.547125,,0.0,240.8,,5114.0,0.759122,0.8236666666666667,4.601308888888889,872.493
Kepler-713 b,Kepler-713,1.0,Transit,2016.0,Kepler,7.411139332955555,0.07464000000000001,2.4810000000000003,,0.0,901.4,,5828.6,0.9332,1.0071999999999999,4.466037777777777,1089.87
Kepler-714 b,Kepler-714,1.0,Transit,2016.0,Kepler,8.098887202455554,0.08246,9.65,,0.0,974.2,,6086.7,1.0776,1.108375,4.309264444444445,2083.37
Kepler-715 b,Kepler-715,1.0,Transit,2016.0,Kepler,10.006537477622222,0.09303999999999998,3.582142857142857,,0.0,871.6,,5980.2,1.0301666666666665,1.0550000000000002,4.420092222222222,1327.44
Kepler-716 b,Kepler-716,1.0,Transit,2016.0,Kepler,10.37168106184,0.08696333333333334,2.806625,,0.0,679.0,,5097.454545454545,0.7470549,0.8305,4.588595555555555,635.009
Kepler-716 c,Kepler-716,1.0,Transit,2020.0,Kepler,3.96996471,0.04579666666666667,1.4182593371428571,,0.0,935.6,,5112.125,0.7439094285714286,0.8306666666666667,4.585891428571428,635.009
Kepler-717 b,Kepler-717,1.0,Transit,2016.0,Kepler,4.40841404,0.0522,3.0432857142857146,,0.0,1140.2,,5871.371111111111,0.9473333333333334,0.9645714285714285,4.3015574999999995,2805.48
Kepler-718 b,Kepler-718,1.0,Transit,2016.0,Kepler,2.0523498838888887,0.032499999999999994,13.598571428571429,,0.0,1484.4,,5911.9,1.13125,1.0935,4.382375555555555,1302.33
Kepler-719 b,Kepler-719,1.0,Transit,2016.0,Kepler,5.0073166339999995,0.055940000000000004,8.51442857142857,,0.0,1005.2,,5830.875,0.867,0.931,4.45631,2497.51
Kepler-720 b,Kepler-720,1.0,Transit,2016.0,Kepler,4.708327732311111,0.05352,10.116285714285713,,0.0,1138.4,,5536.2,1.149272222222222,0.94875,4.3063666666666665,1065.37
Kepler-721 b,Kepler-721,1.0,Transit,2016.0,Kepler,5.392030794377778,0.057719999999999994,2.729428571428571,,0.0,839.8,,5099.2,0.8058333333333333,0.8482857142857144,4.542931111111112,926.598
Kepler-722 b,Kepler-722,1.0,Transit,2016.0,Kepler,4.09357778625,0.05132,2.5488571428571425,,0.0,1176.2,,5974.333333333333,0.997778,1.0646666666666667,4.4677050000000005,1239.5
Kepler-722 c,Kepler-722,1.0,Transit,2016.0,Kepler,105.14594034044445,0.44627999999999995,2.902285714285714,,0.0,399.0,,5950.1,0.994208625,1.04,4.468384444444444,1239.5
Kepler-723 b,Kepler-723,1.0,Transit,2016.0,Kepler,4.0822753951,0.048,11.065,,0.0,1022.0,,5636.666666666667,0.8191666666666667,0.882,4.5633333333333335,1071.8
Kepler-724 b,Kepler-724,1.0,Transit,2016.0,Kepler,3.3149473418333333,0.04284,3.6638571428571427,,0.0,1149.6,,5484.762000000001,0.9204712222222222,0.9075,4.481646666666666,853.119
Kepler-725 b,Kepler-725,1.0,Transit,2016.0,Kepler,39.643230287,0.21986857142857144,10.46,,0.0385,481.6666666666667,,5414.090909090909,0.8358515555555556,0.9078888888888889,4.5399125,758.4689999999999
Kepler-725 c,Kepler-725,1.0,Transit Timing Variations,2025.0,Kepler,207.541,0.6744,,9.7,0.436,268.0,,5395.0,0.88,0.95,,758.469
Kepler-726 b,Kepler-726,1.0,Transit,2016.0,Kepler,21.804570988455552,0.14238,2.8305714285714285,,0.0,552.2,,5472.8,0.8019395,0.8656666666666667,4.606026666666667,762.081
Kepler-727 b,Kepler-727,1.0,Transit,2016.0,Kepler,5.15447819475,0.054680000000000006,2.6207142857142856,,0.0,962.6,,5400.522222222222,0.8793333333333333,0.8294999999999999,4.493355,831.842
Kepler-728 b,Kepler-728,1.0,Transit,2016.0,Kepler,5.743476762288889,0.0626,3.426285714285714,,0.0,982.0,,5774.8,0.9587142857142857,0.97775,4.395736666666667,1765.23
Kepler-729 b,Kepler-729,1.0,Transit,2016.0,Kepler,3.166353535066667,0.04316,3.9792857142857145,,0.0,1262.2,,5854.4,1.0366666666666666,1.0275555555555558,4.367628888888889,1921.15
Kepler-730 b,Kepler-730,1.0,Transit,2016.0,Kepler,6.49168296478,0.07068333333333333,10.269987500000001,,0.0,1087.0,,5899.0,1.2016666666666667,1.0111666666666668,4.309793,1935.04
Kepler-730 c,Kepler-730,1.0,Transit,2018.0,Kepler,2.85188338,0.040635000000000004,1.3996300000000002,,0.0,1502.5,,5793.666666666667,1.393125,1.047,4.2454366666666665,1935.04
Kepler-731 b,Kepler-731,1.0,Transit,2016.0,Kepler,3.855603525588889,0.05,13.247285714285713,,0.0,1192.0,,5909.0,1.0440044444444443,1.03,4.445103333333333,1257.16
Kepler-732 b,Kepler-732,1.0,Transit,2016.0,Kepler,9.46803796114,0.06844,2.253875,,0.0,413.2,,3622.9,0.4713333333333334,0.49766666666666665,4.772515555555556,174.826
Kepler-732 c,Kepler-732,1.0,Transit,2016.0,Kepler,0.8927375893299999,0.01426,1.31125,,0.0,904.8,,3622.9,0.4713333333333334,0.49766666666666665,4.772515555555556,174.826
Kepler-733 b,Kepler-733,1.0,Transit,2016.0,Kepler,20.83435233875,0.14704,2.724857142857143,,0.0,587.8,,5449.171111111111,0.8704614285714286,0.9565714285714285,4.547435,916.7059999999999
Kepler-734 b,Kepler-734,1.0,Transit,2016.0,Kepler,6.104854853855556,0.06128,4.2788571428571425,,0.0,837.4,,5314.4,0.8384,0.8558,4.358766666666666,1157.21
Kepler-735 b,Kepler-735,1.0,Transit,2016.0,Kepler,11.515160348477778,0.09566,2.8562857142857143,,0.0,648.6,,5083.1,0.78445975,0.8200000000000001,4.593972222222223,695.059
Kepler-736 b,Kepler-736,1.0,Transit,2016.0,Kepler,3.6014693186555555,0.04392,2.6222857142857143,,0.0,993.6,,5187.2,0.8363061111111112,0.85,4.545528888888889,1005.43
Kepler-737 b,Kepler-737,1.0,Transit,2016.0,Kepler,28.59918939818,0.14482,1.9986249999999999,,0.0,301.8,,3792.9,0.5013333333333333,0.5036228571428571,4.763696666666666,205.11799999999997
Kepler-738 b,Kepler-738,1.0,Transit,2016.0,Kepler,24.58720108968889,0.15592,2.4547142857142856,,0.0,532.2,,5384.964,0.7951666666666667,0.8722,4.536915555555556,1113.65
Kepler-739 b,Kepler-739,1.0,Transit,2016.0,Kepler,12.532487965388889,0.10572,3.362714285714286,,0.0,776.2,,5847.3,0.9076666666666666,0.98675,4.4707333333333334,1370.65
Kepler-74 b,Kepler-74,1.0,Transit,2013.0,Kepler,7.340715198041667,0.07932875,12.946763999999998,202.76977333333335,0.075875,1124.2857142857142,F8 V,5986.417692307693,1.4323490909090908,1.2417142857142858,4.232412727272727,1177.55
Kepler-740 b,Kepler-740,1.0,Transit,2016.0,Kepler,3.5840986562111112,0.04596,4.7495714285714286,,0.0,1120.2,,5605.844999999999,0.9215,0.9339999999999999,4.492336666666667,1442.02
Kepler-741 b,Kepler-741,1.0,Transit,2016.0,Kepler,7.039023370611111,0.07427999999999998,2.676714285714286,,0.0,1046.2,,6190.4,1.17475,1.0987500000000001,4.345522222222222,1661.8699999999997
Kepler-742 b,Kepler-742,1.0,Transit,2016.0,Kepler,8.360865440277777,0.07352,3.4815714285714283,,0.0,674.2,,4660.9,0.72299075,0.758,4.562205555555555,489.253
Kepler-743 b,Kepler-743,2.0,Transit,2016.0,Kepler,3.1792640740700002,0.04180999999999999,1.2469999999999999,,0.0,1107.0,,5492.538181818181,0.8916000000000001,0.9523333333333333,4.527785555555556,278.987
Kepler-744 b,Kepler-744,1.0,Transit,2016.0,Kepler,12.06221611692,0.102725,2.171375,,0.0,967.0,,5705.038181818181,0.8656215714285714,1.012,4.332332222222223,449.964
Kepler-745 b,Kepler-745,1.0,Transit,2016.0,Kepler,9.9314621867,0.09078,2.1759999999999997,,0.0,841.8,,5785.901,1.0022,1.01,4.319384444444444,1780.3800000000003
Kepler-746 b,Kepler-746,1.0,Transit,2016.0,Kepler,3.481570253575,0.04392,1.2366666666666666,,0.0,1174.4,,5363.96,1.0245,0.9132,4.383500000000001,
Kepler-747 b,Kepler-747,1.0,Transit,2016.0,Kepler,35.61760674065555,0.19188,5.17,,0.0,455.4,,5073.222222222223,0.7776666666666667,0.7543333333333333,4.535333333333333,3347.16
Kepler-748 b,Kepler-748,1.0,Transit,2016.0,Kepler,7.407441737225,0.0748,2.351714285714286,,0.0,930.6,,5852.315555555555,0.989,1.016857142857143,4.361735,1705.99
Kepler-749 b,Kepler-749,1.0,Transit,2016.0,Kepler,17.317157661733333,0.10772,2.4802857142857144,,0.0,469.4,,4833.379,0.753473,0.7535000000000001,4.657158888888889,721.027
Kepler-75 b,Kepler-75,1.0,Transit,2013.0,Kepler,8.88492070726154,0.07962555555555556,11.205313636363636,3188.7943333333333,0.213675,774.0,G8 V,5250.571428571428,0.8824444444444445,0.8513999999999999,4.477568181818182,835.356
Kepler-750 b,Kepler-750,1.0,Transit,2016.0,Kepler,9.4288669287,0.09153666666666667,3.19325,,0.0,1027.6,,6159.778181818182,1.28769,1.15,4.284638888888889,1296.02
Kepler-750 c,Kepler-750,1.0,Transit,2016.0,Kepler,4.088988809977778,0.05244833333333334,1.706,,0.0,1357.4,,6173.204,1.2782675,1.1542857142857144,4.2929375,1296.02
Kepler-751 b,Kepler-751,1.0,Transit,2016.0,Kepler,17.444824275322222,0.12603999999999999,2.9114285714285715,,0.0,678.0,,5473.6,0.8777950000000001,0.8795999999999999,4.464607777777778,760.43
Kepler-752 b,Kepler-752,1.0,Transit,2016.0,Kepler,18.82747147027778,0.13524,2.831857142857143,,0.0,631.4,,5587.6,0.8655714285714285,0.92,4.509307777777778,1232.29
Kepler-753 b,Kepler-753,1.0,Transit,2016.0,Kepler,5.747719559422222,0.051879999999999996,1.7115714285714285,,0.0,585.4,,4177.5,0.622,0.6521666666666667,4.667135555555556,274.767
Kepler-754 b,Kepler-754,1.0,Transit,2016.0,Kepler,14.559623714285715,0.11620000000000001,1.9567142857142856,,0.0,758.6,,5962.55375,0.9856666666666666,0.9986666666666667,4.404271428571429,1770.27
Kepler-755 b,Kepler-755,2.0,Transit,2016.0,Kepler,1.26909133289,0.02101,1.66725,,0.0,1359.4,,5093.673636363636,0.7681666666666667,0.8015,4.577542222222222,399.034
Kepler-755 c,Kepler-755,2.0,Transit,2016.0,Kepler,2.8531328824599997,0.036033333333333334,1.343,,0.0,1037.6,,5093.673636363636,0.7681666666666667,0.8015,4.577542222222222,399.034
Kepler-756 b,Kepler-756,1.0,Transit,2016.0,Kepler,1.22486554885,0.0218,1.25,,0.0,1557.8,,5519.666666666667,0.8161999999999999,0.8876,4.524,
Kepler-757 b,Kepler-757,1.0,Transit,2016.0,Kepler,1.0226804551,0.01906,1.116142857142857,,0.0,1621.2,,5589.444444444444,1.075,0.9417500000000001,4.44114,1068.68
Kepler-758 b,Kepler-758,1.0,Transit,2016.0,Kepler,12.109744324444444,0.10927333333333333,2.5415,,0.0,1013.6,,6460.7,1.4397925,1.242875,4.228495000000001,1502.32
Kepler-758 c,Kepler-758,1.0,Transit,2016.0,Kepler,4.7579455949666665,0.05858,1.682875,,0.0,1384.2,,6460.7,1.4397925,1.242875,4.228495000000001,1502.32
Kepler-758 d,Kepler-758,1.0,Transit,2016.0,Kepler,20.496823244444446,0.15516666666666667,2.31425,,0.0,850.6,,6460.7,1.4397925,1.242875,4.228495000000001,1502.32
Kepler-758 e,Kepler-758,1.0,Transit,2016.0,Kepler,8.193503420622223,0.08413333333333334,1.58425,,0.0,1154.8,,6460.7,1.4397925,1.242875,4.228495000000001,1502.32
Kepler-759 b,Kepler-759,1.0,Transit,2016.0,Kepler,41.80695978125,0.23312,2.446,,0.0,532.4,,5899.285714285715,0.9836666666666667,0.9773333333333333,4.441666666666667,1073.48
Kepler-76 b,Kepler-76,1.0,Orbital Brightness Modulation,2013.0,Kepler,1.54492902,0.02777142857142857,13.636649,636.7094333333333,0.011142857142857144,2015.8333333333333,F,6341.520833333333,1.3955,1.1863,4.208067,822.96
Kepler-760 b,Kepler-760,1.0,Transit,2016.0,Kepler,8.70418944979,0.08042833333333334,3.50975,,0.0,857.4,,5259.090909090909,0.8770562857142857,0.898375,4.4026177777777775,792.336
Kepler-760 c,Kepler-760,1.0,Transit,2016.0,Kepler,2.4669724356222225,0.034715,1.8135,,0.0,1304.6,,5268.8,0.8722660000000001,0.9024285714285715,4.395005,792.336
Kepler-761 b,Kepler-761,1.0,Transit,2016.0,Kepler,10.128074238033333,0.09052,2.2,,0.0,877.8,,5832.457,0.954793875,0.971,4.462077777777777,830.707
Kepler-762 b,Kepler-762,1.0,Transit,2016.0,Kepler,3.7705522746777778,0.048819999999999995,12.851142857142857,,0.0,1293.4,,6125.6,1.1326666666666667,1.0685714285714287,4.337725555555555,1898.2599999999998
Kepler-763 b,Kepler-763,1.0,Transit,2016.0,Kepler,1.19655408745,0.02102,1.2034285714285713,,0.0,1403.6,,5142.333333333333,0.8133333333333334,0.8466666666666667,4.5501325,962.459
Kepler-763 c,Kepler-763,1.0,Transit,2023.0,Kepler,4.096680626285715,0.04752,1.4101666716666665,,0.0,933.4,,5149.428571428572,0.8130000000000001,0.8210000000000001,4.5487899999999994,962.459
Kepler-763 d,Kepler-763,1.0,Transit,2023.0,Kepler,6.503250225571429,0.06472,1.6395000016666668,,0.0,800.0,,5149.428571428572,0.8130000000000001,0.8210000000000001,4.5487899999999994,962.459
Kepler-764 b,Kepler-764,1.0,Transit,2016.0,Kepler,7.3368319686,0.07239999999999999,1.6232857142857142,,0.0,877.8,,5704.444444444444,0.8655714285714285,0.9308,4.5252349999999995,1047.84
Kepler-765 b,Kepler-765,1.0,Transit,2016.0,Kepler,27.665287838255555,0.17652,2.3167142857142857,,0.0,641.6,,5957.4,1.043,1.0402,4.374061111111112,1076.28
Kepler-766 b,Kepler-766,1.0,Transit,2016.0,Kepler,6.1002836725666665,0.066,2.8800000000000003,,0.0,987.0,,5859.111111111111,0.968,1.0247777777777778,4.3067,2297.62
Kepler-767 b,Kepler-767,1.0,Transit,2016.0,Kepler,161.52780331625,0.5776600000000001,7.3591428571428565,,0.0,328.2,,5789.888888888889,0.9406666666666667,0.9794285714285714,4.3526725,2251.03
Kepler-768 b,Kepler-768,1.0,Transit,2016.0,Kepler,10.323132988887501,0.08116,1.6301428571428571,,0.0,689.4,,5004.0,0.76554775,0.8225714285714286,4.5980825,784.56
Kepler-769 b,Kepler-769,1.0,Transit,2016.0,Kepler,7.426068355666668,0.07674,2.465,,0.0,1006.0,,6112.1,1.1443557142857141,1.1044444444444446,4.3993577777777775,1169.57
Kepler-769 c,Kepler-769,1.0,Transit,2016.0,Kepler,15.9866557455375,0.12786,1.6522857142857144,,0.0,779.0,,6126.444444444444,1.1444433333333333,1.105,4.403935,1169.57
Kepler-77 b,Kepler-77,1.0,Transit,2013.0,Kepler,3.5787807750153844,0.04638111111111111,10.595967272727272,176.07275333333334,0.011285714285714286,1201.0,G5 V,5596.126428571429,0.9981249999999999,0.9952857142857142,4.4372418181818185,639.411
Kepler-770 b,Kepler-770,1.0,Transit,2016.0,Kepler,18.92539824402222,0.139,3.984428571428571,,0.0,704.8,,5404.7,0.9705455555555557,0.8995,4.336093333333334,930.457
Kepler-770 c,Kepler-770,1.0,Transit,2016.0,Kepler,1.47532216255,0.02546,1.772857142857143,,0.0,1646.8,,5394.888888888889,0.9449925000000001,0.8908571428571428,4.34307,930.4569999999999
Kepler-770 d,Kepler-770,1.0,Transit,2016.0,Kepler,4.1524451746,0.05056000000000001,2.2262857142857144,,0.0,1168.2,,5394.888888888889,0.9449925000000001,0.8908571428571428,4.34307,930.4569999999999
Kepler-771 b,Kepler-771,1.0,Transit,2016.0,Kepler,8.734856135887501,0.08404,1.7771428571428571,,0.0,887.2,,5924.666666666667,0.9700000000000001,1.03975,4.3885525,1393.85
Kepler-772 b,Kepler-772,1.0,Transit,2016.0,Kepler,12.99203470285,0.10673833333333334,2.2159999999999997,,0.0,857.6,,5664.758181818182,1.2858571428571428,0.959,4.1308533333333335,1130.21
Kepler-773 b,Kepler-773,1.0,Transit,2016.0,Kepler,3.74909864797,0.046720000000000005,1.55925,,0.0,1214.0,,5729.248181818181,1.0715714285714286,1.0045714285714287,4.356041111111111,547.026
Kepler-774 b,Kepler-774,1.0,Transit,2016.0,Kepler,11.08955153174,0.10783333333333334,2.616,,0.0,1223.6,,6414.062727272728,1.9736522222222221,1.3474444444444444,3.955564444444444,917.804
Kepler-775 b,Kepler-775,1.0,Transit,2016.0,Kepler,0.9748699569199999,0.018690000000000002,1.2113749999999999,,0.0,1619.4,,5426.426363636364,0.8400152999999999,0.9253333333333335,4.551782222222222,398.676
Kepler-776 b,Kepler-776,1.0,Transit,2016.0,Kepler,4.89718315075,0.052039999999999996,1.3958571428571427,,0.0,891.4,,5048.555555555556,0.82526275,0.8037142857142857,4.51378,727.904
Kepler-777 b,Kepler-777,1.0,Transit,2016.0,Kepler,5.728342747144445,0.05234,1.524875,,0.0,585.4,,4042.777777777778,0.5765,0.5874999999999999,4.6759775,443.10599999999994
Kepler-778 b,Kepler-778,1.0,Transit,2016.0,Kepler,3.7557449369375,0.04524,1.6715714285714287,,0.0,970.2,,5237.222222222223,0.78791075,0.86325,4.58651,938.1680000000001
Kepler-779 b,Kepler-779,2.0,Transit,2016.0,Kepler,7.0971241909,0.05467999999999999,0.9052857142857142,,0.0,446.8,,3696.6666666666665,0.4314,0.4225,4.7922125,283.155
Kepler-78 b,Kepler-78,2.0,Transit,2013.0,Kepler,0.35500558125,0.00901,1.1832714285714285,2.691023015714286,0.0,2236.5,G,5087.477142857142,0.741547,0.8113333333333334,4.602038333333334,124.376
Kepler-780 b,Kepler-780,1.0,Transit,2016.0,Kepler,0.677377425625,0.01494,0.9666666666666667,,0.0,2154.4,,5764.4400000000005,1.043588,0.9698,4.3655,557.652
Kepler-781 b,Kepler-781,1.0,Transit,2016.0,Kepler,13.214088283677777,0.10213999999999998,2.817857142857143,,0.0,630.4,,5266.9,0.778,0.8170000000000001,4.596321111111111,1064.47
Kepler-782 b,Kepler-782,1.0,Transit,2016.0,Kepler,158.6858909343,0.5641566666666668,3.589875,,0.0,383.0,,5867.890909090909,1.1463388888888888,0.9911428571428571,4.310228888888889,446.844
Kepler-783 b,Kepler-783,1.0,Transit,2016.0,Kepler,4.2926612734222225,0.04929666666666666,0.8355,,0.0,1174.2,,5559.798,0.8668626666666667,0.8883333333333333,4.3936425,516.09
Kepler-783 c,Kepler-783,1.0,Transit,2020.0,Kepler,7.053938461555556,0.06868833333333334,2.4972196071428567,,0.0,995.0,,5567.496666666667,0.8698159999999999,0.8916666666666666,4.39615125,516.09
Kepler-784 b,Kepler-784,1.0,Transit,2016.0,Kepler,31.592556816429997,0.20265166666666667,2.372125,,0.0,724.6,,5618.272727272727,1.8553333333333333,1.0223333333333333,3.859005555555556,1303.72
Kepler-784 c,Kepler-784,1.0,Transit,2023.0,Kepler,17.157105901111112,0.134965,2.038999997142857,,0.0,888.4,,5620.777777777777,1.702,1.029625,3.8910875,1303.72
Kepler-785 b,Kepler-785,1.0,Transit,2016.0,Kepler,1.9737608456666667,0.02534,10.279285714285715,,0.0,798.4,,4241.869000000001,0.6843826,0.734,4.691432222222222,642.051
Kepler-786 b,Kepler-786,1.0,Transit,2016.0,Kepler,53.52935825641,0.25497166666666665,2.34775,,0.0,350.6,,4708.817272727272,0.7207142857142858,0.7768333333333334,4.567733333333333,485.318
Kepler-787 b,Kepler-787,1.0,Transit,2016.0,Kepler,0.9284966999333333,0.01658,1.34025,,0.0,1289.6,,4459.34,0.6370127999999999,0.67,4.6538525,503.56800000000004
Kepler-788 b,Kepler-788,1.0,Transit,2016.0,Kepler,8.398416796788888,0.08342000000000001,2.226857142857143,,0.0,981.6,,6233.57,1.1113333333333333,1.141,4.370211111111112,1775.8
Kepler-789 b,Kepler-789,1.0,Transit,2016.0,Kepler,8.638530032955556,0.08618,2.8667142857142855,,0.0,1033.4,,5994.0,1.2937577777777778,1.0658750000000001,4.232694444444444,1480.16
Kepler-79 b,Kepler-79,1.0,Transit,2012.0,Kepler,13.484626133333334,0.11569857142857143,3.01375,20.7,0.0025,869.4,,6321.6618181818185,1.2644,1.1452,4.3482840000000005,1020.72
Kepler-79 c,Kepler-79,1.0,Transit,2012.0,Kepler,27.402304102000002,0.18557714285714286,3.2379166666666666,9.74,0.005,686.4,,6321.6618181818185,1.2644,1.1452,4.3482840000000005,1020.72
Kepler-79 d,Kepler-79,1.0,Transit,2014.0,Kepler,52.09078561744375,0.285375,6.692909090909091,9.975,0.004166666666666667,554.2,,6309.6476923076925,1.318869090909091,1.2221,4.32306909090909,1020.7200000000001
Kepler-79 e,Kepler-79,1.0,Transit,2014.0,Kepler,81.06392304779375,0.38339375000000003,2.8821666666666665,5.262,0.002,477.8,,6309.6476923076925,1.318869090909091,1.2221,4.32306909090909,1020.7200000000001
Kepler-790 b,Kepler-790,1.0,Transit,2016.0,Kepler,13.73471360438889,0.1014,2.3744285714285716,,0.0,636.2,,5168.2,0.7809107777777778,0.8085,4.542741111111111,703.168
Kepler-791 b,Kepler-791,1.0,Transit,2016.0,Kepler,14.553994105,0.1244,2.697857142857143,,0.0,862.2,,6297.993333333334,1.2690914285714285,1.2412857142857143,4.327025,1266.34
Kepler-792 b,Kepler-792,1.0,Transit,2016.0,Kepler,11.30120473305,0.09881999999999999,1.849,,0.0,834.2,,5856.046666666666,1.0448,1.0281428571428572,4.357525,1425.47
Kepler-793 b,Kepler-793,1.0,Transit,2016.0,Kepler,4.2415330198375,0.049280000000000004,1.4851428571428573,,0.0,1176.6,,5730.666666666667,1.0363333333333333,0.9016666666666667,4.338765,985.699
Kepler-794 b,Kepler-794,1.0,Transit,2016.0,Kepler,11.13125429397,0.09909333333333332,1.949375,,0.0,905.6,,5978.66,1.5668816666666665,1.1095,4.2207333333333334,931.1920000000001
Kepler-795 b,Kepler-795,2.0,Transit,2016.0,Kepler,29.61942770122,0.18156666666666665,1.8315714285714286,,0.0,586.6,,5633.487,1.0079366666666667,0.9168333333333334,4.404121111111111,492.122
Kepler-796 b,Kepler-796,1.0,Transit,2016.0,Kepler,6.400879523011111,0.06957833333333334,2.212625,,0.0,1191.0,,5358.8,1.7971666666666666,1.0562,4.040500000000001,817.584
Kepler-797 b,Kepler-797,1.0,Transit,2016.0,Kepler,27.07242240298889,0.16956,2.2484285714285717,,0.0,565.0,,5755.8,0.8805,1.008,4.3437866666666665,1315.26
Kepler-798 b,Kepler-798,1.0,Transit,2016.0,Kepler,13.719416054944444,0.11787999999999998,2.1115714285714287,,0.0,877.4,,6247.2919999999995,1.1956775,1.1624999999999999,4.349194444444445,972.274
Kepler-799 b,Kepler-799,1.0,Transit,2016.0,Kepler,133.46093892988887,0.52496,8.215857142857143,,0.0,378.8,,5860.142857142857,0.9792,1.0603333333333333,4.4125000000000005,
Kepler-799 c,Kepler-799,1.0,Transit,2021.0,Kepler,15.19431139125,0.1233,2.3751142516666666,,0.0,781.8,,5890.166666666667,1.1118000000000001,1.0826,4.338666666666667,
Kepler-8 b,Kepler-8,1.0,Transit,2010.0,Kepler,3.522502058578571,0.047617,15.412178666666668,186.1668,0.025714285714285714,1590.25,,6207.571428571428,1.5055714285714286,1.173,4.152258333333333,1021.87
Kepler-80 b,Kepler-80,1.0,Transit,2012.0,Kepler,7.053435786176471,0.06201625,2.4250000000000003,3.2733333333333334,0.0015571428571428572,562.6666666666666,K5,4391.384615384615,0.6709040000000001,0.7271818181818182,4.6677490909090915,369.451
Kepler-80 c,Kepler-80,1.0,Transit,2012.0,Kepler,9.52205575782353,0.07571,2.5108333333333333,3.6983333333333337,0.0025571428571428572,509.5,K5,4391.384615384615,0.6709040000000001,0.7271818181818182,4.6677490909090915,369.451
Kepler-80 d,Kepler-80,1.0,Transit,2014.0,Kepler,3.0721584600842107,0.03574222222222222,1.433,4.948401428571429,0.0013000000000000002,743.1666666666666,K5,4420.933333333333,0.6690963636363637,0.7281818181818182,4.668571666666667,369.451
Kepler-80 e,Kepler-80,1.0,Transit,2014.0,Kepler,4.645299596,0.047151111111111116,1.4976923076923077,3.531521,0.0016428571428571427,647.3333333333334,K5,4407.214285714285,0.669604,0.7279,4.669567272727273,369.451
Kepler-80 f,Kepler-80,1.0,Transit,2016.0,Kepler,0.9867844237692308,0.016720000000000002,1.1445,8555.615,0.031,1094.4,K5,4420.666666666667,0.6732266666666668,0.727375,4.667524,369.451
Kepler-80 g,Kepler-80,1.0,Transit,2017.0,Kepler,14.64718,,1.0899999999999999,1.3909980000000002,0.07515,418.0,K5,4540.0,0.6815,0.745,4.639,369.451
Kepler-800 b,Kepler-800,1.0,Transit,2016.0,Kepler,14.131751136977776,0.11074000000000002,2.9538571428571427,,0.0,676.4,,5492.1,0.8228,0.90025,4.576307777777777,1019.26
Kepler-801 b,Kepler-801,1.0,Transit,2016.0,Kepler,11.41933974655,0.08048,1.7927499999999998,,0.0,440.0,,4119.8,0.6134999999999999,0.648,4.688762222222222,440.426
Kepler-802 b,Kepler-802,1.0,Transit,2016.0,Kepler,40.05832976016667,0.22642,3.464714285714286,,0.0,487.4,,5571.8,0.8763851111111111,0.9426,4.534917777777777,780.585
Kepler-803 b,Kepler-803,1.0,Transit,2016.0,Kepler,50.28636112069999,0.259385,3.5545,,0.0,491.0,,5805.797272727273,1.165,1.0223333333333333,4.358695555555556,639.771
Kepler-804 b,Kepler-804,1.0,Transit,2016.0,Kepler,14.37456545448,0.11382833333333332,1.876625,,0.0,758.4,,5759.811818181818,1.054404,0.9655,4.402465555555556,649.65
Kepler-804 c,Kepler-804,1.0,Transit,2016.0,Kepler,9.651894156533334,0.08727333333333333,1.11025,,0.0,865.6,,5762.362,1.0523733333333334,0.9655,4.4045575,649.65
Kepler-805 b,Kepler-805,1.0,Transit,2016.0,Kepler,30.86391526099,0.19918666666666665,2.88775,,0.0,760.6,,6053.217272727273,1.627272,1.138875,4.053465555555555,638.49
Kepler-806 b,Kepler-806,1.0,Transit,2016.0,Kepler,8.092208104444445,0.07784,1.593625,,0.0,1188.8,,5700.316000000001,1.5432733333333333,0.9814,3.9983874999999998,361.896
Kepler-808 b,Kepler-808,1.0,Transit,2016.0,Kepler,0.6313318780999999,0.011923333333333333,1.2605714285714285,,0.0,1351.0,,4538.843,0.5753333333333334,0.5856666666666667,4.6866666666666665,
Kepler-809 b,Kepler-809,1.0,Transit,2016.0,Kepler,55.63908402875,0.28928000000000004,2.992285714285714,,0.0,475.0,,5862.444444444444,0.9698333333333333,1.0275,4.472715,961.4050000000001
Kepler-81 b,Kepler-81,1.0,Transit,2012.0,Kepler,5.954910481107692,0.05346666666666667,2.3053333333333335,17.2,0.0,574.1666666666666,M0 V,4250.461538461538,0.5924217142857142,0.6822,4.721818181818183,348.291
Kepler-81 c,Kepler-81,1.0,Transit,2012.0,Kepler,12.0398980784,0.08536166666666667,2.1835,4.3,0.0,454.5,M0 V,4250.461538461538,0.5924217142857142,0.6822,4.721818181818183,348.291
Kepler-81 d,Kepler-81,1.0,Transit,2014.0,Kepler,20.83769726970909,0.12431666666666667,1.2385,,0.0,383.2,,4296.923076923077,0.593136,0.6875,4.721454545454545,348.29100000000005
Kepler-810 b,Kepler-810,1.0,Transit,2016.0,Kepler,4.5972630793375,0.05500000000000001,1.7244285714285714,,0.0,1100.2,,5885.0,0.9713333333333333,1.0398333333333334,4.4670575,1458.59
Kepler-811 b,Kepler-811,1.0,Transit,2016.0,Kepler,23.58447648144,0.16050166666666668,2.564375,,0.0,653.0,,5762.313636363636,1.3765,0.9992857142857142,4.28718,985.041
Kepler-812 b,Kepler-812,1.0,Transit,2016.0,Kepler,10.117155404977778,0.10213999999999998,3.1315714285714287,,0.0,1203.4,,6806.468000000001,1.6741625,1.4131111111111112,4.155041111111111,1482.74
Kepler-813 b,Kepler-813,1.0,Transit,2016.0,Kepler,19.12949643902222,0.14262,2.5633333333333335,,0.0,720.6,,5836.863333333334,0.96,1.03,4.4075,
Kepler-814 b,Kepler-814,1.0,Transit,2016.0,Kepler,6.1469850938125,0.06826,2.0252857142857144,,0.0,1111.4,,6220.777777777777,1.1175,1.15275,4.279725,2055.77
Kepler-815 b,Kepler-815,1.0,Transit,2016.0,Kepler,8.57499134898,0.09083833333333334,4.24,,0.0,1357.2,,5034.206363636364,3.568812,1.3121666666666667,3.5045,1259.28
Kepler-816 b,Kepler-816,1.0,Transit,2016.0,Kepler,10.50682645781111,0.08948,9.285857142857143,,0.0,660.6,,5023.072,0.7988333333333334,0.8698333333333333,4.517534444444445,983.6969999999999
Kepler-817 b,Kepler-817,1.0,Transit,2016.0,Kepler,3.9901065416111106,0.04944,7.9879999999999995,,0.0,1093.6,,5793.4,0.9636666666666667,1.0092,4.451626666666667,1484.46
Kepler-818 b,Kepler-818,1.0,Transit,2016.0,Kepler,10.035384325533334,0.08943999999999999,4.690142857142858,,0.0,793.2,,5750.2,0.8690000000000001,0.9466000000000001,4.533761111111111,925.037
Kepler-819 b,Kepler-819,1.0,Transit,2016.0,Kepler,33.199555840433334,0.19002000000000002,2.6677142857142857,,0.0,470.6,,5217.937,0.77557,0.8375999999999999,4.572183333333333,664.306
Kepler-82 b,Kepler-82,1.0,Transit,2012.0,Kepler,26.443864495384616,0.17028428571428572,4.227727272727273,24.383333333333336,0.00055,581.4,,5529.338,0.9187777777777778,0.9379090909090909,4.474553333333334,904.326
Kepler-82 c,Kepler-82,1.0,Transit,2012.0,Kepler,51.538584549999996,0.2657614285714286,5.613545454545455,10.772666666666666,0.0011666666666666668,465.4,,5529.338,0.9187777777777778,0.9379090909090909,4.474553333333334,904.326
Kepler-82 d,Kepler-82,1.0,Transit,2014.0,Kepler,2.3829531237999997,0.034242857142857144,1.7095555555555555,885.098,0.0,1297.2,,5520.125454545454,0.9268571428571429,0.9435,4.471886666666666,904.326
Kepler-82 e,Kepler-82,1.0,Transit,2014.0,Kepler,5.902243789466667,0.06278285714285715,2.4354444444444443,254.02,0.0,958.8,,5502.5475,0.9268571428571429,0.9378,4.468397,904.3260000000001
Kepler-82 f,Kepler-82,1.0,Transit Timing Variations,2019.0,KOINet,75.732,0.3395,,20.9,0.0014,,,,0.898,0.91,,904.326
Kepler-820 b,Kepler-820,1.0,Transit,2016.0,Kepler,127.8336690457,0.5329233333333333,7.910875,,0.0,509.2,,6227.818181818182,1.799346,1.124,3.989198888888889,1387.2
Kepler-821 b,Kepler-821,1.0,Transit,2016.0,Kepler,1.9228017834125,0.02832,1.2467142857142857,,0.0,1193.2,,5145.666666666667,0.7915000000000001,0.8273333333333334,4.5492425,614.571
Kepler-822 b,Kepler-822,1.0,Transit,2016.0,Kepler,3.222971456811111,0.04126333333333333,1.54175,,0.0,1241.2,,5777.0,0.9908759999999999,0.9346666666666668,4.4218775,860.391
Kepler-823 b,Kepler-823,1.0,Transit,2016.0,Kepler,4.1680967051875,0.05112,1.989142857142857,,0.0,1202.4,,5658.777777777777,1.2175,0.985,4.26148,1389.27
Kepler-824 b,Kepler-824,1.0,Transit,2016.0,Kepler,4.5143638616,0.05608,1.811142857142857,,0.0,1246.0,,6080.808888888889,1.1928333333333334,1.11025,4.3666350000000005,1201.4
Kepler-825 b,Kepler-825,1.0,Transit,2016.0,Kepler,3.7736182861125,0.046040000000000005,1.3847142857142856,,0.0,1278.0,,6196.444444444444,1.001043,0.9369999999999999,4.4310175,807.85
Kepler-825 c,Kepler-825,1.0,Transit,2016.0,Kepler,8.18183968171111,0.07732,1.830857142857143,,0.0,986.2,,6196.0,0.9934395,1.0750000000000002,4.440467777777778,807.85
Kepler-826 b,Kepler-826,1.0,Transit,2016.0,Kepler,4.4875832076,0.052070000000000005,1.181,,0.0,1109.8,,6044.856,1.196008,1.0010000000000001,4.41905,779.596
Kepler-827 b,Kepler-827,1.0,Transit,2016.0,Kepler,51.92929859947778,0.26752,6.124714285714285,,0.0,474.4,,5658.5,1.30102,0.966,4.363043333333334,2046.6799999999998
Kepler-828 b,Kepler-828,1.0,Transit,2016.0,Kepler,0.5678568766444445,0.01233,1.421125,,0.0,1739.4,,5024.8,0.7271148888888889,0.7996000000000001,4.5993474999999995,575.322
Kepler-829 b,Kepler-829,1.0,Transit,2016.0,Kepler,6.883400240099999,0.0683,1.9000000000000001,,0.0,864.0,,5657.4,0.8432000000000001,0.9743999999999999,4.478862222222222,1073.76
Kepler-83 b,Kepler-83,2.0,Transit,2012.0,Kepler,9.770438632666666,0.07350833333333334,2.5292307692307694,16.57656,0.0,478.1666666666667,M0 V,4157.7692307692305,0.5841666666666666,0.5660000000000001,4.718875000000001,400.409
Kepler-83 c,Kepler-83,2.0,Transit,2012.0,Kepler,20.0900648753625,0.11879333333333335,2.2179230769230767,5.505193333333334,0.0,376.1666666666667,M0 V,4192.785714285715,0.5841666666666666,0.5660000000000001,4.718875000000001,400.409
Kepler-83 d,Kepler-83,2.0,Transit,2014.0,Kepler,5.16983806133125,0.048504285714285715,1.9266923076923077,11.50747,0.0,591.1666666666666,M0 V,4223.133333333333,0.5764,0.5503333333333333,4.722375,400.409
Kepler-830 b,Kepler-830,1.0,Transit,2016.0,Kepler,11.2969572871625,0.09913999999999999,1.6616666666666668,,0.0,893.8,,6189.833333333333,1.0408000000000002,0.97775,4.399333333333334,
Kepler-831 b,Kepler-831,1.0,Transit,2016.0,Kepler,5.6215406429699994,0.05960666666666667,1.263375,,0.0,982.6,,5704.55,0.98625,0.9535,4.452712222222222,593.54
Kepler-832 b,Kepler-832,1.0,Transit,2016.0,Kepler,7.139698144533333,0.0746,2.290714285714286,,0.0,959.0,,5876.5,0.9743999999999999,1.0452222222222223,4.4480466666666665,1688.1199999999997
Kepler-833 b,Kepler-833,1.0,Transit,2016.0,Kepler,18.75415003156,0.11452,1.8936250000000001,,0.0,391.2,,4158.0,0.6293333333333333,0.623,4.660503333333334,467.36999999999995
Kepler-834 b,Kepler-834,1.0,Transit,2016.0,Kepler,13.323500945769998,0.08815999999999999,1.641,,0.0,400.8,,4109.2,0.6496666666666666,0.6856,4.699037777777778,633.937
Kepler-835 b,Kepler-835,1.0,Transit,2016.0,Kepler,11.41907936375,0.10600000000000001,2.8683333333333336,,0.0,906.8,,6132.5,1.1566,1.185,4.3459325,2406.33
Kepler-836 b,Kepler-836,1.0,Transit,2016.0,Kepler,11.3611365541,0.10182,2.6952857142857143,,0.0,870.6,,6097.3,1.020738,1.0645,4.448137777777777,980.0350000000001
Kepler-837 b,Kepler-837,1.0,Transit,2016.0,Kepler,16.56060280548889,0.11672,2.904285714285714,,0.0,712.4,,5723.2,0.8222958888888888,0.9135,4.516505555555556,901.9069999999999
Kepler-838 b,Kepler-838,1.0,Transit,2016.0,Kepler,15.749570191511111,0.12668,2.7008571428571426,,0.0,773.2,,6017.4,1.0066,1.056888888888889,4.4894011111111105,1104.04
Kepler-839 b,Kepler-839,1.0,Transit,2016.0,Kepler,37.814385927530004,0.2295,2.680375,,0.0,613.2,,6053.928181818181,1.4020000000000001,1.1127777777777779,4.258496666666667,944.561
Kepler-84 b,Kepler-84,1.0,Transit,2012.0,Kepler,8.725900605536363,0.08299999999999999,2.565,40.0,0.0,943.6,,6028.666666666667,1.098625,1.0058333333333334,4.358428571428571,1023.9
Kepler-84 c,Kepler-84,1.0,Transit,2012.0,Kepler,12.882915563000001,0.10772,2.74125,20.2,0.0,828.6,,6028.666666666667,1.098625,1.0058333333333334,4.358428571428571,1023.9
Kepler-84 d,Kepler-84,1.0,Transit,2014.0,Kepler,4.224522633677778,0.05126666666666666,1.3671428571428572,,0.0,1202.6,,6029.0,1.0625,1.00875,4.386,1023.9000000000001
Kepler-84 e,Kepler-84,1.0,Transit,2014.0,Kepler,27.434602409490005,0.17876666666666666,2.4285714285714284,,0.0,643.6,,6029.0,1.0625,1.00875,4.386,1023.9
Kepler-84 f,Kepler-84,1.0,Transit,2014.0,Kepler,44.55174722681,0.24693333333333334,2.15,,0.0,547.6,,6029.0,1.0625,1.00875,4.386,1023.9
Kepler-841 b,Kepler-841,1.0,Transit,2016.0,Kepler,124.41977043,0.45964,5.684142857142858,,0.0,328.6,,5289.777777777777,0.776419,0.877,4.51045,998.9609999999999
Kepler-842 b,Kepler-842,1.0,Transit,2016.0,Kepler,1.2195703179333333,0.02032,1.549,,0.0,1247.6,,4785.8,0.7131666666666666,0.7564285714285715,4.601077777777778,532.726
Kepler-843 b,Kepler-843,1.0,Transit,2016.0,Kepler,2.0538853429444446,0.03156,2.4,,0.0,1403.8,,5741.3,0.9613665,0.99675,4.461083333333334,1165.66
Kepler-844 b,Kepler-844,1.0,Transit,2016.0,Kepler,2.61264103325,0.030219999999999997,1.55525,,0.0,718.6,,3957.2725,0.5405714285714286,0.5496000000000001,4.699291428571429,431.776
Kepler-845 b,Kepler-845,1.0,Transit,2016.0,Kepler,0.9278592771599999,0.01694666666666667,1.8995,,0.0,1426.2,,4802.94,0.76208925,0.7531428571428572,4.559347777777777,431.051
Kepler-846 b,Kepler-846,1.0,Transit,2016.0,Kepler,19.807862881766667,0.14074,2.2445714285714287,,0.0,627.4,,5675.9,0.8602016666666666,0.949,4.5469133333333325,1127.12
Kepler-847 b,Kepler-847,1.0,Transit,2016.0,Kepler,2.3432344268625,0.031619999999999995,1.2316666666666667,,0.0,1071.2,,4826.125,0.8231585714285714,0.792,4.5214725,513.103
Kepler-848 b,Kepler-848,1.0,Transit,2016.0,Kepler,6.91133549036,0.07146000000000001,1.895625,,0.0,999.8,,5763.888181818183,1.5186666666666666,0.991111111111111,4.180671111111112,1378.47
Kepler-849 b,Kepler-849,1.0,Transit,2016.0,Kepler,394.6231260888889,1.1206285714285715,7.965963897777779,298.75870258,0.013,335.78333333333336,,5937.59,1.836185,1.1965714285714284,4.00440125,822.134
Kepler-85 b,Kepler-85,1.0,Transit,2012.0,Kepler,8.305071451664286,0.078875,1.9666000000000001,4.120865,0.0033333333333333335,823.2,,5559.599999999999,0.8665952142857142,0.9512307692307692,4.507160000000001,765.025
Kepler-85 c,Kepler-85,1.0,Transit,2012.0,Kepler,12.513142789230768,0.10352166666666666,1.982909090909091,9.791266666666665,0.0045,718.6,,5565.472727272727,0.8667863076923077,0.9505,4.502711111111111,765.025
Kepler-85 d,Kepler-85,1.0,Transit,2014.0,Kepler,17.913393924066664,0.13102,1.3307142857142857,8.69679,0.0,636.5,,5550.777777777777,0.87115275,0.9567142857142857,4.534771428571429,765.025
Kepler-85 e,Kepler-85,1.0,Transit,2014.0,Kepler,25.215473311508333,0.16491857142857144,1.2513999999999998,14.68135,0.0,568.8,,5559.181818181818,0.8721222,0.9542222222222221,4.533155555555556,765.0249999999999
Kepler-850 b,Kepler-850,1.0,Transit,2016.0,Kepler,7.1930263018375005,0.07452,1.6901428571428572,,0.0,995.8,,6072.111111111111,1.0090000000000001,1.06,4.41709,1661.28
Kepler-851 b,Kepler-851,1.0,Transit,2016.0,Kepler,8.5069655778625,0.08016,1.7967142857142857,,0.0,899.0,,5726.444444444444,0.9623333333333334,0.939,4.4963725,839.255
Kepler-852 b,Kepler-852,1.0,Transit,2016.0,Kepler,44.93091078625,0.25894500000000004,3.2784999999999997,,0.0,618.8,,6254.903636363637,1.3995,1.2005,4.136718888888889,1619.0299999999997
Kepler-853 b,Kepler-853,1.0,Transit,2016.0,Kepler,7.1689391037600005,0.078,1.438375,,0.0,1094.8,,6322.505454545454,1.4425625,1.2688333333333335,4.284971111111111,568.676
Kepler-855 b,Kepler-855,1.0,Transit,2016.0,Kepler,7.88663216275,0.07696,9.468714285714286,,0.0,988.2,,5763.333333333333,1.1824285714285716,0.9705714285714285,4.2550425,1506.58
Kepler-856 b,Kepler-856,1.0,Transit,2016.0,Kepler,8.027680227966666,0.07856,8.821285714285715,,0.0,812.0,,5485.5,0.9208333333333334,0.97,4.466716666666667,1351.17
Kepler-857 b,Kepler-857,1.0,Transit,2016.0,Kepler,85.35141748795556,0.36696,6.052714285714286,,0.0,374.4,,5631.8,0.9491362857142857,0.9768333333333333,4.508211111111112,983.5020000000001
Kepler-858 b,Kepler-858,1.0,Transit,2016.0,Kepler,76.13588076568,0.3380316666666667,5.152,,0.0,416.8,,5562.084545454545,0.9414012857142857,0.92,4.441861111111112,298.532
Kepler-859 b,Kepler-859,1.0,Transit,2016.0,Kepler,20.3817309457,0.133995,2.89575,,0.0,519.2,,4985.454545454545,0.7223574,0.7932222222222223,4.6061000000000005,839.9030000000001
Kepler-860 b,Kepler-860,1.0,Transit,2016.0,Kepler,5.101377858588888,0.05820000000000001,2.938,,0.0,1042.6,,5738.892,0.9548217777777778,1.0088,4.478752222222223,1056.36
Kepler-861 b,Kepler-861,1.0,Transit,2016.0,Kepler,3.9496296467666667,0.045840000000000006,2.3215714285714286,,0.0,958.2,,5070.055,0.8280364444444444,0.83075,4.525877777777778,850.327
Kepler-862 b,Kepler-862,1.0,Transit,2016.0,Kepler,3.1486635631555555,0.0396,2.347142857142857,,0.0,1098.2,,5177.0,0.9235714285714286,0.8235,4.383276666666667,1039.03
Kepler-863 b,Kepler-863,1.0,Transit,2016.0,Kepler,15.594654509277778,0.122,2.971285714285714,,0.0,717.0,,5869.4,0.931,0.9883333333333333,4.422172222222222,1499.66
Kepler-864 b,Kepler-864,1.0,Transit,2016.0,Kepler,5.833766425966666,0.0677,2.735,,0.0,1116.8,,5968.3,1.1736666666666666,1.01,4.338517777777778,2022.9
Kepler-864 c,Kepler-864,1.0,Transit,2023.0,Kepler,2.421497219142857,0.037099999999999994,1.5789999866666669,,0.0,1449.0,,5849.142857142857,1.2912933333333332,1.0533333333333335,4.287268571428571,2022.9
Kepler-865 b,Kepler-865,1.0,Transit,2016.0,Kepler,14.1639955024,0.10596000000000001,2.395142857142857,,0.0,696.2,,5404.8,0.87517825,0.876,4.476177777777778,586.137
Kepler-865 c,Kepler-865,1.0,Transit,2023.0,Kepler,6.2092409239999995,0.0612,0.9336666733333333,,0.0,916.4,,5417.428571428572,0.885,0.7886666666666667,4.450171428571428,586.137
Kepler-866 b,Kepler-866,1.0,Transit,2016.0,Kepler,2.6170355659749998,0.03308,1.5738571428571428,,0.0,989.8,,4783.777777777777,0.70583275,0.7148,4.599465,646.667
Kepler-867 b,Kepler-867,1.0,Transit,2016.0,Kepler,150.24163456866665,0.5241399999999999,4.442285714285714,,0.0,300.4,,5564.4839999999995,0.8133333333333334,0.8621666666666666,4.5575,1195.54
Kepler-868 b,Kepler-868,1.0,Transit,2016.0,Kepler,5.032542974285714,0.057600000000000005,2.2845714285714287,,0.0,1047.0,,5884.625,0.9086666666666666,0.9856666666666666,4.491027142857143,1593.13
Kepler-869 b,Kepler-869,1.0,Transit,2016.0,Kepler,40.42865836051111,0.22534,3.229142857142857,,0.0,497.0,,5728.3,0.9166666666666666,0.967,4.519035555555556,939.4550000000002
Kepler-87 b,Kepler-87,1.0,Transit,2013.0,Kepler,114.7364418074,0.46164999999999995,10.5395,324.2,0.005999999999999999,438.5,,5747.115454545455,1.4848966666666668,1.00375,4.1344389999999995,1232.9
Kepler-87 c,Kepler-87,1.0,Transit,2013.0,Kepler,430.43387325000003,1.1129499999999999,5.39975,6.4,0.0065,297.1666666666667,,5759.343333333333,1.4815271428571428,0.9951428571428572,4.14501625,1232.9
Kepler-870 b,Kepler-870,1.0,Transit,2016.0,Kepler,21.35883385272222,0.15412,2.665,,0.0,690.6,,6002.285,0.9988571428571429,1.04025,4.4397311111111115,1259.46
Kepler-871 b,Kepler-871,1.0,Transit,2016.0,Kepler,22.04590851853333,0.15656,3.3552857142857144,,0.0,636.8,,5884.7,1.0456666666666667,1.065,4.381433333333334,1976.05
Kepler-872 b,Kepler-872,1.0,Transit,2016.0,Kepler,2.5788561943375,0.036160000000000005,1.6868571428571428,,0.0,1231.4,,5742.555555555556,0.8853088888888888,0.974,4.53318,879.683
Kepler-873 b,Kepler-873,1.0,Transit,2016.0,Kepler,20.55337600473333,0.15572,3.275857142857143,,0.0,748.2,,6212.2,1.1247455555555554,1.159,4.399335555555556,1182.22
Kepler-874 b,Kepler-874,1.0,Transit,2016.0,Kepler,40.068651075,0.22512,3.4382857142857146,,0.0,560.4,,5967.666666666667,1.040142857142857,0.98575,4.3819475,1082.16
Kepler-875 b,Kepler-875,1.0,Transit,2016.0,Kepler,27.50716308581111,0.17708,2.519428571428571,,0.0,567.6,,5830.6,0.9259999999999999,0.9936,4.464498888888889,1242.62
Kepler-876 b,Kepler-876,1.0,Transit,2016.0,Kepler,5.1443742449625,0.055959999999999996,1.466,,0.0,860.0,,5107.555555555556,0.807,0.8400000000000001,4.5465425,820.913
Kepler-877 b,Kepler-877,1.0,Transit,2016.0,Kepler,18.458472737255555,0.1298,2.236666666666667,,0.0,616.2,,5363.833333333333,0.8470000000000001,0.8608,4.498666666666667,602.176
Kepler-878 b,Kepler-878,1.0,Transit,2016.0,Kepler,25.942324056211113,0.15660000000000002,2.0065714285714287,,0.0,502.2,,5088.4,0.7703333333333333,0.8116,4.4613611111111116,791.625
Kepler-879 b,Kepler-879,1.0,Transit,2016.0,Kepler,33.385587287166665,0.20076,2.5104285714285717,,0.0,578.4,,5769.5,1.0286666666666668,0.9895,4.395014444444445,802.672
Kepler-879 c,Kepler-879,1.0,Transit,2024.0,Kepler,0.646716,,0.4,,,,G,5456.75,1.022,0.974,,802.672
Kepler-88 d,KOI-142,1.0,Radial Velocity,2020.0,W. M. Keck Observatory,1414.2198535,2.466329866,,983.93944328,0.4200705,,,5466.0,0.897,0.9875,,376.863
Kepler-880 b,Kepler-880,1.0,Transit,2016.0,Kepler,7.714695563888889,0.08634,2.680285714285714,,0.0,1332.2,,6867.5,1.5245,1.436,4.185865555555555,601.324
Kepler-880 c,Kepler-880,1.0,Transit,2023.0,Kepler,11.806129033333335,0.11613333333333332,2.2717500175,,0.0,1195.6666666666667,,6878.0,1.716,1.4884,4.110976666666667,601.324
Kepler-881 b,Kepler-881,1.0,Transit,2016.0,Kepler,4.444477982857143,0.0548,1.656,,0.0,1194.2,,6152.64625,1.0535999999999999,1.0881666666666667,4.4328585714285715,1375.18
Kepler-882 b,Kepler-882,1.0,Transit,2016.0,Kepler,3.9895422583555558,0.04560166666666667,1.03925,,0.0,906.6,,5288.6,0.825,0.876,4.59824,504.605
Kepler-883 b,Kepler-883,1.0,Transit,2016.0,Kepler,12.984950438229998,0.10439666666666665,1.74375,,0.0,836.2,,6091.458181818182,1.1446,0.9500000000000001,4.360173333333333,627.455
Kepler-884 b,Kepler-884,1.0,Transit,2016.0,Kepler,5.69919791935,0.062310000000000004,1.2485714285714287,,0.0,1065.8,,5885.051,0.980853,0.9978,4.435,476.733
Kepler-885 b,Kepler-885,1.0,Transit,2016.0,Kepler,18.114707523939998,0.143755,2.438125,,0.0,855.0,,6249.3663636363635,1.3582857142857143,1.206,4.243388888888889,651.318
Kepler-886 b,Kepler-886,1.0,Transit,2016.0,Kepler,6.241465005339999,0.06709666666666668,1.425125,,0.0,1103.2,,6038.321818181819,1.0515333333333332,1.0442500000000001,4.39685,711.297
Kepler-887 b,Kepler-887,1.0,Transit,2016.0,Kepler,20.42224453217,0.154135,1.74,,0.0,778.0,,6317.727272727273,1.3461433333333332,1.1721428571428572,4.318824444444444,886.5879999999999
Kepler-887 c,Kepler-887,1.0,Transit,2016.0,Kepler,7.6384773057999995,0.08001666666666667,1.096125,,0.0,1079.8,,6312.8,1.3186666666666667,1.1721428571428572,4.32541,886.588
Kepler-888 b,Kepler-888,1.0,Transit,2016.0,Kepler,70.69807953093,0.3315183333333333,1.994,,0.0,487.4,,5939.808181818182,0.9264971666666666,1.004125,4.4316733333333325,420.817
Kepler-889 b,Kepler-889,1.0,Transit,2016.0,Kepler,3.7444294767333335,0.04895833333333333,1.142625,,0.0,1292.6,,5894.2,1.2436,1.1085,4.268275,598.313
Kepler-890 b,Kepler-890,1.0,Transit,2016.0,Kepler,52.758774837611114,0.29216,8.981857142857143,,0.0,535.6,,6058.7,1.1864999999999999,1.085,4.3170111111111105,1712.1199999999997
Kepler-891 b,Kepler-891,1.0,Transit,2016.0,Kepler,53.44948153248889,0.28568000000000005,6.569,,0.0,479.4,,5858.3,1.1466666666666667,1.0375,4.275272222222223,2340.58
Kepler-892 b,Kepler-892,1.0,Transit,2016.0,Kepler,13.752101036577777,0.10094,2.7487142857142857,,0.0,554.0,,4743.9,0.6864532222222222,0.738375,4.631342222222222,570.727
Kepler-893 b,Kepler-893,1.0,Transit,2016.0,Kepler,6.338553666022222,0.06972,3.1455714285714285,,0.0,1016.0,,5923.3,1.0208333333333333,1.0350000000000001,4.433854444444445,1285.59
Kepler-894 b,Kepler-894,1.0,Transit,2016.0,Kepler,9.803215331066667,0.09168000000000001,2.9379999999999997,,0.0,877.0,,5970.142,0.8666305,1.0302222222222222,4.5257555555555555,1162.91
Kepler-895 b,Kepler-895,1.0,Transit,2016.0,Kepler,2.8062411408375,0.0323,1.4305714285714284,,0.0,736.8,,4128.0,0.603,0.6136666666666667,4.67098,540.134
Kepler-896 b,Kepler-896,1.0,Transit,2016.0,Kepler,144.5504974119,0.52463,3.814375,,0.0,303.6,,5425.272727272727,0.9737142857142859,0.8878888888888888,4.304887777777777,2334.93
Kepler-896 c,Kepler-896,1.0,Transit,2023.0,Kepler,29.541935744444444,0.18202166666666666,3.7278571457142857,,0.0,516.2,,5462.333333333333,0.8066666666666666,0.8885000000000001,4.3718325,2334.93
Kepler-897 b,Kepler-897,1.0,Transit,2016.0,Kepler,8.04727925625,0.0772,2.375857142857143,,0.0,856.8,,5792.0,0.8849999999999999,0.9705,4.42265,1519.25
Kepler-898 b,Kepler-898,1.0,Transit,2016.0,Kepler,5.870566713155556,0.05354,1.4235,,0.0,607.6,,4158.348888888889,0.5911428571428571,0.6148571428571429,4.6354475,484.89099999999996
Kepler-899 b,Kepler-899,1.0,Transit,2016.0,Kepler,19.178945434055557,0.13916,2.596285714285714,,0.0,638.0,,5715.3,0.8868,0.9683333333333333,4.473531111111111,1246.43
Kepler-9 b,Kepler-9,1.0,Transit,2010.0,Kepler,19.2569618975625,0.14209201994444445,8.190129607142856,350.77465792142857,0.03325,664.4,,5774.642857142857,0.9689166666666665,1.0307142857142857,4.456072727272727,628.257
Kepler-9 c,Kepler-9,1.0,Transit,2010.0,Kepler,38.936232196666666,0.22695260671428572,8.286100000000001,113.50154464,0.03784428571428571,527.3333333333334,,5770.1,0.98125,1.0288,4.44435,628.257
Kepler-9 d,Kepler-9,1.0,Transit,2010.0,Kepler,1.592945907142857,0.02701927035,1.5444285714285715,8.41466053,0.0,1655.0,,5777.428571428572,0.99675,1.0384285714285715,4.46604,628.257
Kepler-90 i,KOI-351,1.0,Transit,2017.0,Kepler,14.44912,0.1201380843,1.32,,0.0,709.0,,6015.0,1.29,1.114,4.27,848.254
Kepler-900 b,Kepler-900,1.0,Transit,2016.0,Kepler,6.9913055448111106,0.06712,1.9951428571428573,,0.0,706.0,,4779.2,0.7545066666666667,0.75,4.591313333333334,487.525
Kepler-901 b,Kepler-901,1.0,Transit,2016.0,Kepler,3.51774280571,0.03712,1.33,,0.0,670.6,,4077.1,0.57475,0.583,4.697907777777778,253.867
Kepler-902 b,Kepler-902,1.0,Transit,2016.0,Kepler,40.109881114955556,0.22766000000000003,2.7674285714285713,,0.0,531.0,,5727.4,1.0096666666666667,0.9812857142857142,4.402245555555556,1165.34
Kepler-903 b,Kepler-903,1.0,Transit,2016.0,Kepler,10.35079838808,0.091185,2.128,,0.0,786.4,,5631.181818181818,1.2089999999999999,0.9523999999999999,4.33397888888889,1369.24
Kepler-903 c,Kepler-903,1.0,Transit,2016.0,Kepler,62.92180413367,0.3034316666666667,2.777375,,0.0,431.2,,5631.181818181818,1.2089999999999999,0.9523999999999999,4.33397888888889,1369.24
Kepler-904 b,Kepler-904,1.0,Transit,2016.0,Kepler,3.0216571386375,0.041760000000000005,1.4577142857142857,,0.0,1336.4,,6154.555555555556,1.0561666666666667,1.087875,4.429895,978.125
Kepler-905 b,Kepler-905,1.0,Transit,2016.0,Kepler,5.0827431592100005,0.05773166666666666,1.463,,0.0,959.6,,5465.037272727273,0.8878286666666667,0.9536666666666666,4.524276666666667,529.268
Kepler-906 b,Kepler-906,1.0,Transit,2016.0,Kepler,41.69803925709,0.23137166666666667,2.171875,,0.0,560.6,,6036.637272727272,1.0283333333333333,1.0646666666666667,4.43643,757.791
Kepler-907 b,Kepler-907,1.0,Transit,2016.0,Kepler,15.866235880877777,0.12345999999999999,1.1866666666666668,,0.0,852.2,,6058.91,1.3337999999999999,1.0231999999999999,4.227833333333334,
Kepler-908 b,Kepler-908,3.0,Transit,2016.0,Kepler,1.34060249215,0.024893333333333333,1.18,,0.0,1724.6,,5815.6336363636365,1.188,1.1306666666666667,4.287645555555556,290.843
Kepler-909 b,Kepler-909,1.0,Transit,2016.0,Kepler,13.9329119051,0.11877166666666666,1.405,,0.0,807.2,,6039.219090909091,1.1962,1.1532,4.363834444444445,309.596
Kepler-91 b,Kepler-91,1.0,Transit,2013.0,Kepler,6.2466300285714285,0.0731125,15.252609363636365,226.92482,0.020655555555555555,1975.0,K3,4617.853571428572,6.391614285714286,1.318857142857143,2.9322222222222223,1294.69
Kepler-910 b,Kepler-910,1.0,Transit,2016.0,Kepler,2.3643598872666667,0.037586666666666664,0.805625,,0.0,1703.6,,6182.748,1.5229066666666666,1.2581666666666667,4.1806925,400.289
Kepler-911 b,Kepler-911,1.0,Transit,2016.0,Kepler,20.31049257771,0.15694,2.517375,,0.0,929.6,,6078.084545454546,1.9828122222222224,1.2645714285714287,3.9463600000000003,556.168
Kepler-912 b,Kepler-912,1.0,Transit,2016.0,Kepler,2.5347592165,0.03452,2.4954285714285716,,0.0,1211.4,,5692.888888888889,0.8723333333333333,0.9215,4.3513225,2004.72
Kepler-913 b,Kepler-913,1.0,Transit,2016.0,Kepler,10.2967202314,0.09106,2.9683333333333337,,0.0,787.8,,5390.888888888889,0.772384375,0.8747499999999999,4.540951111111111,991.6179999999999
Kepler-913 c,Kepler-913,1.0,Transit,2021.0,Kepler,5.9391752865714285,0.06306,2.3580118166666666,,0.0,946.6,,5574.142857142857,0.9563375000000001,0.9603333333333333,4.435645714285714,991.618
Kepler-914 b,Kepler-914,1.0,Transit,2016.0,Kepler,4.409665745233333,0.054623333333333336,1.431125,,0.0,1186.2,,5833.647999999999,1.167857142857143,1.11,4.3261650000000005,753.723
Kepler-915 b,Kepler-915,1.0,Transit,2016.0,Kepler,4.594899565,0.05545833333333333,1.494125,,0.0,1324.6,,6259.873333333333,1.37,1.1736,4.256962857142857,849.036
Kepler-916 b,Kepler-916,1.0,Transit,2016.0,Kepler,32.296869002,0.19224,1.8215714285714284,,0.0,491.6,,5282.0,0.8681618888888889,0.8688,4.527783333333334,830.7119999999999
Kepler-917 b,Kepler-917,1.0,Transit,2016.0,Kepler,2.9704182861749997,0.03784,1.765,,0.0,961.2,,5263.125,0.7176666666666667,0.816,4.40156,3460.51
Kepler-918 b,Kepler-918,1.0,Transit,2016.0,Kepler,4.853854017142857,0.05704,1.538,,0.0,1090.0,,5942.875,0.9956871428571429,1.058,4.466401428571428,1025.03
Kepler-919 b,Kepler-919,1.0,Transit,2016.0,Kepler,11.045964321566666,0.09808000000000001,1.9747142857142859,,0.0,869.4,,6000.3,1.062142857142857,1.0455555555555556,4.37136,1119.87
Kepler-92 b,Kepler-92,1.0,Transit,2013.0,Kepler,13.748845333515384,0.11974117082857143,3.619636363636364,41.82501283,0.02428571428571429,968.6,,5891.446666666667,1.713875,1.1875714285714287,4.022690909090909,477.992
Kepler-92 c,Kepler-92,1.0,Transit,2013.0,Kepler,26.723225418930767,0.18655244534285714,2.4394545454545455,9.40053706,0.005714285714285714,776.2,,5891.446666666667,1.713875,1.1875714285714287,4.022690909090909,477.992
Kepler-92 d,Kepler-92,1.0,Transit,2015.0,Kepler,49.35712842790833,0.28102582288571426,1.9971,11.8666806,0.01,632.4,,5891.446666666667,1.72852375,1.1675714285714285,4.019959999999999,477.9920000000001
Kepler-920 b,Kepler-920,1.0,Transit,2016.0,Kepler,6.531997418977777,0.06776,2.6380000000000003,,0.0,891.4,,5437.0,0.919047875,0.93,4.494105555555556,1001.68
Kepler-920 c,Kepler-920,1.0,Transit,2016.0,Kepler,100.8277096245,0.419475,4.0915,,0.0,363.25,,5438.222222222223,0.919047875,0.9125000000000001,4.48336875,1001.6799999999998
Kepler-921 b,Kepler-921,1.0,Transit,2016.0,Kepler,51.30085387625,0.27208,2.6412857142857145,,0.0,492.4,,5889.982222222222,0.9325714285714286,0.9922857142857142,4.47969,934.49
Kepler-922 b,Kepler-922,1.0,Transit,2016.0,Kepler,0.9384673869555556,0.018491666666666667,1.458,,0.0,1887.2,,5696.676,0.9547395,0.975,4.445085,536.323
Kepler-923 b,Kepler-923,1.0,Transit,2016.0,Kepler,6.9336783925,0.07468666666666667,1.4064999999999999,,0.0,1050.2,,6055.666666666667,1.222,1.1594285714285715,4.347798571428571,1000.2800000000001
Kepler-924 b,Kepler-924,1.0,Transit,2016.0,Kepler,61.03731789226,0.31639666666666666,2.7655,,0.0,532.0,,6228.0,1.2620314285714287,1.109888888888889,4.33859,1053.04
Kepler-925 b,Kepler-925,1.0,Transit,2016.0,Kepler,33.86777193524444,0.17959999999999998,2.2354285714285713,,0.0,389.6,,4531.82,0.6968333333333333,0.6965,4.573645555555555,611.115
Kepler-926 b,Kepler-926,1.0,Transit,2016.0,Kepler,52.069011636249996,0.26554,2.2562857142857142,,0.0,458.6,,5689.111111111111,0.9299999999999999,0.9913333333333334,4.435895,921.361
Kepler-927 b,Kepler-927,1.0,Transit,2016.0,Kepler,9.115024603822222,0.08628,1.7492857142857143,,0.0,904.8,,5813.4,1.0052514444444445,0.9822,4.4376355555555556,831.6849999999998
Kepler-928 b,Kepler-928,1.0,Transit,2016.0,Kepler,3.9324643663444445,0.044120000000000006,1.648,,0.0,880.8,,4753.6,0.68651125,0.744125,4.587637777777778,508.809
Kepler-929 b,Kepler-929,1.0,Transit,2016.0,Kepler,0.9210327104666667,0.01795333333333333,1.210625,,0.0,1895.8,,5835.2,1.3482,1.038,4.3109,1311.23
Kepler-93 b,Kepler-93,1.0,Transit,2014.0,Kepler,4.72674025628125,0.05302898987777778,1.5616614285714285,3.8691552083333334,0.0,1044.0,,5649.1875,0.9244180769230769,0.9455,4.486826923076923,95.9115
Kepler-93 c,Kepler-93,1.0,Radial Velocity,2014.0,W. M. Keck Observatory,2555.0,,,1827.7775,,,,5662.0,0.9212435,0.9550000000000001,4.488075,95.9115
Kepler-930 b,Kepler-930,1.0,Transit,2016.0,Kepler,71.45181484459,0.34748833333333334,2.271625,,0.0,559.8,,6035.818181818182,1.4771655555555556,1.0997,4.140840000000001,848.396
Kepler-931 b,Kepler-931,1.0,Transit,2016.0,Kepler,8.03755334378889,0.07272,1.7700000000000002,,0.0,818.6,,5068.833333333333,0.8051999999999999,0.7832,4.402333333333334,
Kepler-932 b,Kepler-932,1.0,Transit,2016.0,Kepler,1.9214364062222222,0.02806,1.480125,,0.0,1267.4,,5229.6,0.84379175,0.8064285714285715,4.50206,465.61199999999997
Kepler-933 b,Kepler-933,1.0,Transit,2016.0,Kepler,14.20443711388889,0.10516,2.1127142857142855,,0.0,589.6,,5318.3,0.7176,0.8326666666666668,4.5914866666666665,1017.2
Kepler-934 b,Kepler-934,1.0,Transit,2016.0,Kepler,55.673784124966666,0.2671,2.307857142857143,,0.0,402.8,,4993.6,0.7984445,0.7972,4.503075555555556,608.738
Kepler-935 b,Kepler-935,1.0,Transit,2016.0,Kepler,4.880841288788889,0.05216,1.5341428571428573,,0.0,859.2,,4863.009,0.7057822,0.7955,4.563254444444444,471.782
Kepler-936 b,Kepler-936,1.0,Transit,2016.0,Kepler,10.5613794305,0.09392,1.8666666666666665,,0.0,849.4,,5463.095,1.1148,1.0112,4.365666666666667,823.399
Kepler-937 b,Kepler-937,1.0,Transit,2016.0,Kepler,67.66894670781112,0.3234,3.5424285714285717,,0.0,496.0,,5985.611,1.137857142857143,1.0103333333333333,4.276274444444444,1571.46
Kepler-937 c,Kepler-937,1.0,Transit,2016.0,Kepler,153.3459366857143,0.5542750000000001,2.431,,0.0,377.0,,6005.9675,1.1391666666666667,1.0032857142857143,4.285568571428572,1571.46
Kepler-938 b,Kepler-938,1.0,Transit,2016.0,Kepler,52.630097843622224,0.26715999999999995,2.4116666666666666,,0.0,456.8,,5478.486666666667,0.8382,0.9170000000000001,4.478166666666667,1182.05
Kepler-939 b,Kepler-939,1.0,Transit,2016.0,Kepler,14.87811667068889,0.11566000000000001,1.9648571428571429,,0.0,698.6,,5734.577,0.8533333333333334,0.9221666666666667,4.364025555555555,2093.62
Kepler-94 b,Kepler-94,1.0,Transit,2014.0,Kepler,2.5080603669692305,0.0324844520125,2.9296363636363636,10.91831663,0.0,884.0,M0 V,4587.615384615385,0.7486161111111111,0.7923749999999999,4.613036,191.904
Kepler-94 c,Kepler-94,1.0,Radial Velocity,2014.0,W. M. Keck Observatory,818.337698,1.596806621,,2974.955563,0.345931,,,4781.0,0.76,0.8125,4.59,191.904
Kepler-940 b,Kepler-940,1.0,Transit,2016.0,Kepler,59.62237134897777,0.30572,3.430428571428571,,0.0,484.4,,5893.121,0.9997377777777778,1.0534999999999999,4.4501977777777775,1260.78
Kepler-941 b,Kepler-941,1.0,Transit,2016.0,Kepler,17.424018383544443,0.13188,3.2932857142857146,,0.0,716.2,,5731.806,0.94137025,0.9455,4.467311111111111,1088.36
Kepler-942 b,Kepler-942,1.0,Transit,2016.0,Kepler,44.96411988444444,0.22461166666666665,2.028125,,0.0,368.4,,4744.744000000001,0.729,0.7608571428571429,4.597245,216.35399999999998
Kepler-943 b,Kepler-943,1.0,Transit,2016.0,Kepler,49.76997758096667,0.25744,6.247999999999999,,0.0,458.0,,5703.9,0.844,0.9369999999999999,4.357056666666667,2300.53
Kepler-944 b,Kepler-944,1.0,Transit,2016.0,Kepler,43.316763735933336,0.23056000000000001,2.7117142857142857,,0.0,464.2,,5578.959,0.805,0.858,4.514075555555555,1349.43
Kepler-945 b,Kepler-945,1.0,Transit,2016.0,Kepler,31.00324579454444,0.20078000000000001,2.6834285714285713,,0.0,604.8,,5935.0,1.031925,1.0545,4.4436977777777775,1651.25
Kepler-946 b,Kepler-946,1.0,Transit,2016.0,Kepler,11.7916137933375,0.10025999999999999,1.9872857142857143,,0.0,792.0,,5823.222222222223,1.03329,0.9613333333333333,4.4502925,1137.29
Kepler-947 b,Kepler-947,1.0,Transit,2016.0,Kepler,26.96447021003333,0.17644,2.4147142857142856,,0.0,569.4,,5645.2,0.898,0.946,4.420956666666666,1730.78
Kepler-948 b,Kepler-948,1.0,Transit,2016.0,Kepler,7.768479741111111,0.07456,1.6098571428571429,,0.0,889.4,,5627.369000000001,0.9416666666666665,0.953,4.462638888888889,868.017
Kepler-949 b,Kepler-949,1.0,Transit,2016.0,Kepler,8.689303674480001,0.077165,2.8478749999999997,,0.0,771.4,,5174.230909090909,0.7943640000000001,0.8372222222222222,4.513644444444444,486.1050000000001
Kepler-949 c,Kepler-949,1.0,Transit,2023.0,Kepler,20.997122095555554,0.13882166666666665,3.64171428,,0.0,574.6,,5167.373333333333,0.8775000000000001,0.8171666666666666,4.493525,486.10499999999996
Kepler-95 b,Kepler-95,1.0,Transit,2014.0,Kepler,11.523072184166667,0.10229991312857142,3.1134999999999997,11.61089861,0.0,910.4,,5673.166666666667,1.42253,1.0727777777777778,4.174911,445.656
Kepler-950 b,Kepler-950,1.0,Transit,2016.0,Kepler,98.71808591866666,0.40282,8.33542857142857,,0.0,365.4,,5819.2,0.8458333333333333,1.0075,4.400563333333333,2161.6
Kepler-951 b,Kepler-951,2.0,Transit,2016.0,Kepler,71.52545089496667,0.31366,6.112142857142857,,0.0,350.2,,4783.9,0.757021111111111,0.768375,4.532606666666666,382.509
Kepler-952 b,Kepler-952,1.0,Transit,2016.0,Kepler,130.35429368366667,0.51464,7.720857142857143,,0.0,367.0,,5838.3,1.0233333333333332,1.0,4.408093333333333,1304.25
Kepler-953 b,Kepler-953,1.0,Transit,2016.0,Kepler,88.40669929187777,0.39816,4.363333333333333,,0.0,401.0,,5529.543333333333,1.0046,1.0551666666666668,4.446000000000001,258.893
Kepler-953 c,Kepler-953,1.0,Transit,2016.0,Kepler,9.109694842625,0.0874,1.198,,0.0,852.75,,5509.61125,0.996,1.048,4.4472000000000005,258.893
Kepler-954 b,Kepler-954,1.0,Transit,2016.0,Kepler,16.78176336275,0.11671666666666668,2.269,,0.0,550.6,,4958.263636363637,0.73575,0.8086,4.595768888888888,215.81399999999996
Kepler-955 b,Kepler-955,1.0,Transit,2016.0,Kepler,14.532425050411112,0.10824,3.119428571428571,,0.0,663.6,,5302.1,0.8273267777777777,0.8163333333333335,4.526964444444444,550.383
Kepler-956 b,Kepler-956,1.0,Transit,2016.0,Kepler,5.248672146555555,0.06041166666666667,2.71375,,0.0,1092.4,,6000.683999999999,1.020078,1.0815000000000001,4.4473275,544.939
Kepler-957 b,Kepler-957,1.0,Transit,2016.0,Kepler,5.907411611644445,0.05632,5.410857142857142,,0.0,771.8,,4928.737999999999,0.74,0.7766,4.554647777777777,824.6879999999999
Kepler-958 b,Kepler-958,1.0,Transit,2016.0,Kepler,9.767866473333335,0.085935,2.45025,,0.0,824.4,,5478.342,0.869,0.9076000000000001,4.468170000000001,449.773
Kepler-959 b,Kepler-959,1.0,Transit,2016.0,Kepler,14.800668436433334,0.1385,5.680999999999999,,0.0,1204.4,,6859.279,1.6038544444444445,1.457125,4.0812188888888885,807.729
Kepler-96 b,Kepler-96,1.0,Transit,2014.0,Kepler,16.238471415527272,0.12539134437142857,2.4813,10.71378034,0.0,694.6,,5741.909090909091,0.9675283333333332,1.0087777777777778,4.474191111111111,122.88100000000001
Kepler-960 b,Kepler-960,1.0,Transit,2016.0,Kepler,3.1268624144899997,0.040111666666666664,3.7185,,0.0,1289.2,,4725.175454545454,0.7398491428571428,0.7298,4.273453333333333,284.916
Kepler-961 b,Kepler-961,1.0,Transit,2016.0,Kepler,16.87727475265,0.12655833333333333,2.882375,,0.0,729.0,,5629.181818181818,0.8956845555555556,0.9685,4.469071111111111,574.314
Kepler-962 b,Kepler-962,1.0,Transit,2016.0,Kepler,12.05707023754,0.09600666666666667,1.80225,,0.0,665.6,,5434.948181818182,0.824358,0.9184285714285715,4.58608,411.48599999999993
Kepler-963 b,Kepler-963,1.0,Transit,2016.0,Kepler,9.976834371477777,0.08492000000000001,2.900714285714286,,0.0,803.0,,5450.3,0.90952175,0.8373333333333334,4.454868888888889,771.494
Kepler-963 c,Kepler-963,1.0,Transit,2024.0,Kepler,0.919783,,0.6,,,,G,5169.47,0.928,0.821,,771.494
Kepler-964 b,Kepler-964,1.0,Transit,2016.0,Kepler,13.52252411872,0.11059999999999999,3.1271250000000004,,0.0,878.0,,5470.504545454546,0.8146977142857142,0.9250000000000002,4.34159,454.626
Kepler-965 b,Kepler-965,1.0,Transit,2016.0,Kepler,134.2522913169,0.5055466666666667,2.87375,,0.0,353.8,,5951.079090909091,1.0776485714285715,1.0155,4.449026666666667,582.828
Kepler-966 b,Kepler-966,1.0,Transit,2016.0,Kepler,99.74723325592223,0.39336000000000004,4.3025714285714285,,0.0,397.8,,5635.6,1.016,0.975,4.284981111111112,1027.8
Kepler-967 b,Kepler-967,1.0,Transit,2016.0,Kepler,13.227131713855556,0.09652,2.095,,0.0,606.0,,5133.5,0.8000000000000002,0.6938,4.587833333333333,568.546
Kepler-967 c,Kepler-967,1.0,Transit,2016.0,Kepler,198.71092556937498,0.582325,3.158,,0.0,241.5,,5119.6,0.671,0.67425,4.6014,568.546
Kepler-968 b,Kepler-968,1.0,Transit,2016.0,Kepler,3.6929842387000003,0.03906,1.7530000000000001,,0.0,751.2,,4441.1,0.661,0.6753333333333332,4.641096666666666,290.324
Kepler-968 c,Kepler-968,1.0,Transit,2016.0,Kepler,5.709405872275,0.05185,1.5441666666666667,,0.0,646.25,,4435.111111111111,0.6978614000000001,0.640875,4.63623375,290.324
Kepler-969 b,Kepler-969,1.0,Transit,2016.0,Kepler,34.173187537349996,0.1956433333333333,2.243,,0.0,504.0,,5261.06,0.800489625,0.871375,4.5158877777777775,390.35400000000004
Kepler-969 c,Kepler-969,1.0,Transit,2016.0,Kepler,1.6829349990875,0.0264,1.0678571428571428,,0.0,1385.5,,5263.493333333334,0.7968796666666668,0.894,4.507522857142857,390.354
Kepler-97 b,Kepler-97,1.0,Transit,2014.0,Kepler,2.5866380331916665,0.035706884814285716,1.5644,3.458390185,0.0,1330.0,,5801.0,0.9688571428571429,0.9175555555555555,4.453265,400.90700000000004
Kepler-97 c,Kepler-97,1.0,Radial Velocity,2014.0,W. M. Keck Observatory,789.0,,,344.0,,,,5779.0,0.98,0.94,4.43,400.907
Kepler-970 b,Kepler-970,2.0,Transit,2016.0,Kepler,16.73655840777778,0.11706666666666667,2.75825,,0.05666666666666667,493.4,,4445.694,0.6929537777777778,0.6785,4.600345,331.545
Kepler-971 b,Kepler-971,1.0,Transit,2016.0,Kepler,9.59069787836,0.08443166666666667,3.462,,0.0,1086.6,,5495.554545454545,0.8039834999999999,0.9471999999999999,4.226454444444444,338.522
Kepler-972 b,Kepler-972,1.0,Transit,2016.0,Kepler,7.03933191375,0.07326,4.385,,0.0,1059.8,,6030.222222222223,1.1597085714285715,1.077625,4.341095,1198.03
Kepler-973 b,Kepler-973,1.0,Transit,2016.0,Kepler,49.60773884666666,0.24133333333333332,2.07025,,0.0,408.2,,5192.932,0.8043256,0.8325,4.5511525,328.52
Kepler-974 b,Kepler-974,1.0,Transit,2016.0,Kepler,4.19405101512,0.040279999999999996,1.470625,,0.0,552.8,,3650.0,0.5216456666666667,0.526377,4.753005555555556,134.311
Kepler-975 b,Kepler-975,1.0,Transit,2016.0,Kepler,1.97033990099,0.02953,2.559,,0.0,1487.0,,4831.56,0.7791189999999999,0.7892,4.293161111111111,426.08799999999997
Kepler-975 c,Kepler-975,1.0,Transit,2023.0,Kepler,5.058215834666666,0.055358333333333336,8.30385715,,0.0,1086.0,,4838.7155555555555,1.6670000000000003,0.891375,4.1887875,426.088
Kepler-976 b,Kepler-976,1.0,Transit,2016.0,Kepler,105.95667502411112,0.41947999999999996,3.8234285714285714,,0.0,320.0,,5195.7,0.8048333333333334,0.8734,4.5394033333333335,1012.4100000000001
Kepler-977 b,Kepler-977,1.0,Transit,2016.0,Kepler,26.853295821422222,0.1622,2.617142857142857,,0.0,542.2,,5280.885,0.8593333333333333,0.8023333333333333,4.540383333333334,568.751
Kepler-978 b,Kepler-978,1.0,Transit,2016.0,Kepler,49.622441548750004,0.27044,2.828333333333333,,0.0,541.0,,6159.5925,1.0550514285714285,1.0550000000000002,4.411833333333334,682.522
Kepler-979 b,Kepler-979,1.0,Transit,2016.0,Kepler,8.088016785422221,0.07444,2.6101428571428573,,0.0,739.8,,5218.41,0.80958175,0.864,4.557790000000001,576.503
Kepler-98 b,Kepler-98,1.0,Transit,2014.0,Kepler,1.5416773226250002,0.025980918557142855,1.8740999999999999,2.8112167799999996,0.0,1500.0,,5547.75,0.9443028,0.980375,4.445496,350.315
Kepler-980 b,Kepler-980,1.0,Transit,2016.0,Kepler,11.5510503456,0.09893833333333334,2.3585,,0.0,782.6,,5863.940909090909,1.1141999999999999,1.0278571428571428,4.40138,961.468
Kepler-981 b,Kepler-981,1.0,Transit,2016.0,Kepler,4.469759512144445,0.0536,2.271,,0.0,1100.8,,5851.656,0.9376666666666668,1.0097777777777777,4.494373333333333,878.082
Kepler-982 b,Kepler-982,1.0,Transit,2016.0,Kepler,15.77380927954,0.12781666666666666,2.644875,,0.0,929.4,,6297.652727272728,1.4275028571428572,1.1408333333333334,4.20213,801.479
Kepler-983 b,Kepler-983,1.0,Transit,2016.0,Kepler,60.085421480622216,0.30862,2.4481428571428574,,0.0,491.4,,6116.371,1.019,1.0808,4.460833333333333,714.437
Kepler-984 b,Kepler-984,1.0,Transit,2016.0,Kepler,43.03411264111111,0.23512999999999998,2.674125,,0.0,571.2,,5610.248,0.9272513333333334,0.9522,4.321915,460.188
Kepler-985 b,Kepler-985,1.0,Transit,2016.0,Kepler,116.3316846728,0.45542333333333335,3.404571428571429,,0.0,359.6,,5542.9,0.842316,0.9314,4.5118511111111115,679.361
Kepler-986 b,Kepler-986,1.0,Transit,2016.0,Kepler,56.43500136704,0.28486833333333333,2.229875,,0.0,446.8,,5622.710909090909,0.9744999999999999,0.97025,4.461502222222222,548.364
Kepler-987 b,Kepler-987,1.0,Transit,2016.0,Kepler,105.30394065833333,0.43986000000000003,3.4652857142857143,,0.0,383.4,,5787.0,0.90575,1.025,4.519932222222222,914.126
Kepler-988 b,Kepler-988,1.0,Transit,2016.0,Kepler,17.76068464,0.10969999999999999,2.152875,,0.0,389.4,,3950.222222222222,0.5486000000000001,0.5584,4.689935,304.889
Kepler-989 b,Kepler-989,1.0,Transit,2016.0,Kepler,7.964313859966666,0.07292000000000001,2.3765714285714283,,0.0,791.2,,5099.4,0.81480525,0.8254999999999999,4.493607777777778,491.97799999999995
Kepler-99 b,Kepler-99,2.0,Transit,2014.0,Kepler,4.603575735166666,0.049900319871428574,1.7145,4.9812832700000005,0.0,816.6,,4782.916666666667,0.741754875,0.7816666666666667,4.578101,208.369
Kepler-990 b,Kepler-990,1.0,Transit,2016.0,Kepler,9.91723011266,0.08870833333333333,2.375571428571429,,0.0,859.6,,5744.662,0.98587,0.970375,4.418047777777778,802.163
Kepler-990 c,Kepler-990,1.0,Transit,2016.0,Kepler,0.538353448375,0.012684,1.4141666666666666,,0.0,2271.25,,5745.76,0.9830314285714286,0.9704285714285714,4.412088571428571,802.163
Kepler-991 b,Kepler-991,1.0,Transit,2016.0,Kepler,82.5339639975,0.3093,2.4762857142857144,,0.0,256.8,,4332.333333333333,0.5933333333333333,0.5893333333333333,4.67483,389.561
Kepler-992 b,Kepler-992,1.0,Transit,2016.0,Kepler,20.16034344329,0.13925333333333334,2.729375,,0.0,729.6,,4912.189090909091,0.7404041428571428,0.8300000000000001,4.277304444444444,259.639
Kepler-993 b,Kepler-993,1.0,Transit,2016.0,Kepler,22.0855026845,0.1223,3.1350000000000002,,0.0,340.6,,3744.4,0.5723793333333334,0.5769204,4.697817777777778,324.423
Kepler-994 b,Kepler-994,1.0,Transit,2016.0,Kepler,1.15104993986,0.01764,1.4853750000000001,,0.0,945.6,,3908.2,0.533,0.5563333333333333,4.700633333333333,188.158
Kepler-995 b,Kepler-995,1.0,Transit,2016.0,Kepler,28.26728685253333,0.16612,2.7284285714285716,,0.0,510.6,,5198.0,0.786644625,0.8099999999999999,4.544803333333333,609.638
Kepler-996 b,Kepler-996,1.0,Transit,2016.0,Kepler,3.7705851881444445,0.046799999999999994,1.8117142857142858,,0.0,1175.4,,5920.314,1.2008349999999999,1.051,4.391312222222222,1216.58
Kepler-997 b,Kepler-997,1.0,Transit,2016.0,Kepler,2.70730105176,0.039086666666666665,1.173125,,0.0,1549.8,,6179.636363636364,1.5563633333333335,1.1708571428571428,4.21627,467.568
Kepler-998 b,Kepler-998,1.0,Transit,2016.0,Kepler,5.653771457633333,0.06268,2.0075714285714286,,0.0,1018.0,,5943.9,1.0158333333333334,1.0425555555555555,4.4146688888888885,986.3639999999999
Kepler-999 b,Kepler-999,1.0,Transit,2016.0,Kepler,5.99184912749,0.06771333333333333,2.10675,,0.0,1226.6,,6178.538181818181,1.6412685714285715,1.1901666666666666,4.165078888888889,545.063
L 168-9 b,L 168-9,1.0,Transit,2020.0,Transiting Exoplanet Survey Satellite (TESS),1.4015177466666666,0.020855,1.5099999999999998,4.335,0.105,981.5,M1 V,3814.0,0.6013333333333333,0.618,4.306666666666667,25.1496
L 363-38 b,L 363-38,1.0,Radial Velocity,2023.0,Paranal Observatory,8.781,0.048,,4.67,,330.0,,3129.0,0.274,0.21,4.97,10.2295
L 98-59 b,L 98-59,1.0,Transit,2019.0,Transiting Exoplanet Survey Satellite (TESS),2.2531166,0.0225825,0.82175,0.585,0.104,619.0,M3 V,3395.2,0.3113,0.307575,4.903333333333333,10.6194
L 98-59 c,L 98-59,1.0,Transit,2019.0,Transiting Exoplanet Survey Satellite (TESS),3.6906202,0.03135,1.3508,2.262,0.05957142857142857,532.0,M3 V,3398.0,0.31175,0.30846,4.9125000000000005,10.6194
L 98-59 d,L 98-59,1.0,Transit,2019.0,Transiting Exoplanet Survey Satellite (TESS),7.450829916666667,0.05015,1.5736,2.068,0.07742857142857143,413.6666666666667,M3 V,3398.0,0.31175,0.30846,4.9125000000000005,10.6194
L 98-59 e,L 98-59,1.0,Radial Velocity,2021.0,Multiple Observatories,12.811266666666667,0.07145,,2.94,0.09300000000000001,344.5,M3 V,3415.0,0.30925,0.28265,4.885,10.6194
L 98-59 f,L 98-59,1.0,Radial Velocity,2025.0,Multiple Facilities,23.064,0.1052,,2.8,0.044,285.0,M3 V,3415.0,0.3155,0.2923,4.91,10.6194
LHS 1140 b,LHS 1140,1.0,Transit,2017.0,MEarth Project,24.7370918,0.09285,1.6305,6.4025,0.12225,267.475,M4.5 V,3112.4,0.2144,0.1817,5.041,14.986099999999999
LHS 1140 c,LHS 1140,1.0,Transit,2018.0,Multiple Observatories,3.7779309750000003,0.02703,1.2409999999999999,1.8266666666666669,0.21133333333333335,522.9666666666667,M4.5 V,3129.0,0.214275,0.18335,5.041,14.9861
LHS 1478 b,LHS 1478,1.0,Transit,2021.0,Transiting Exoplanet Survey Satellite (TESS),1.9495378,0.01848,1.242,2.33,,595.0,m3 V,3381.0,0.246,0.236,4.87,18.2276
LHS 1678 b,LHS 1678,2.0,Transit,2021.0,Transiting Exoplanet Survey Satellite (TESS),0.86023235,0.01245,0.6905,0.35,0.14150000000000001,,M2.0 V,3490.0,0.329,0.345,,19.8782
LHS 1678 c,LHS 1678,2.0,Transit,2021.0,Transiting Exoplanet Survey Satellite (TESS),3.6942655,0.0329,0.9615,1.4,0.1295,,M2.0 V,3490.0,0.329,0.345,,19.8782
LHS 1678 d,LHS 1678,2.0,Transit,2024.0,Transiting Exoplanet Survey Satellite (TESS),4.9652229,0.04,0.981,,0.036,,M2.0 V,3490.0,0.329,0.345,,19.8782
LHS 1815 b,LHS 1815,1.0,Transit,2020.0,Transiting Exoplanet Survey Satellite (TESS),3.814318233333333,0.0404,1.088,5.14,0.0,617.0,M1,3643.0,0.501,0.502,4.77,29.8424
LHS 3154 b,LHS 3154,1.0,Radial Velocity,2023.0,McDonald Observatory,3.71778,0.02262,,13.15,0.076,,M6.5,2861.0,0.1405,0.1118,,15.7606
LHS 3844 b,LHS 3844,1.0,Transit,2019.0,Transiting Exoplanet Survey Satellite (TESS),0.4629294566666666,0.00622,1.303,,,805.0,M5,3036.0,0.18899999999999997,0.151,5.06,14.8846
LHS 475 b,LHS 475,1.0,Transit,2023.0,Transiting Exoplanet Survey Satellite (TESS),2.0290945,0.02037,0.983,,0.0,586.5,M3.5 V,3294.5,0.28245,0.268,4.982,12.4814
LP 261-75 b,LP 261-75 A,1.0,Imaging,2006.0,Apache Point Observatory,,450.0,,6674.396547,,1500.0,M4.5 V,,,0.22,,33.928
LP 714-47 b,LP 714-47,1.0,Transit,2020.0,Transiting Exoplanet Survey Satellite (TESS),4.052035166666667,0.0417,4.7,30.8,0.04,700.0,M0.0 V,3950.0,0.584,0.59,4.64,52.61600000000001
LP 791-18 b,LP 791-18,1.0,Transit,2019.0,Transiting Exoplanet Survey Satellite (TESS),0.94800155,0.009735,1.166,,0.0,607.15,M(6.1 +/- 0.7) V,2960.0,0.1765,0.139,5.115,26.4927
LP 791-18 c,LP 791-18,1.0,Transit,2019.0,Transiting Exoplanet Survey Satellite (TESS),4.9899259,0.029501,2.374,7.1,4e-05,347.2,M(6.1+/-0.7) V,2960.0,0.17466666666666666,0.139,5.115,26.4927
LP 791-18 d,LP 791-18,1.0,Transit,2023.0,Spitzer Space Telescope,2.753436,0.01992,1.032,0.9,0.0015,395.5,M(6.1 +/- 0.7) V,2960.0,0.182,0.139,5.115,26.4927
LP 890-9 b,LP 890-9,1.0,Transit,2022.0,Transiting Exoplanet Survey Satellite (TESS),2.7299025,0.01875,1.32,13.2,,396.0,M6 V,2850.0,0.1556,0.118,5.126,32.4298
LP 890-9 c,LP 890-9,1.0,Transit,2022.0,SPECULOOS Southern Observatory,8.457463,0.03984,1.367,25.3,,272.0,M6 V,2850.0,0.1556,0.118,5.126,32.4298
LSPM J2116+0234 b,LSPM J2116+0234,1.0,Radial Velocity,2019.0,Calar Alto Observatory,14.4399,0.0876,,13.3,0.183,,M3.0 V,3475.0,0.431,0.43,4.95,17.6297
LTT 1445 A b,LTT 1445 A,3.0,Transit,2019.0,Transiting Exoplanet Survey Satellite (TESS),5.3587752,0.03366,1.327,2.5300000000000002,0.16749999999999998,460.75,M3.0,3338.5,0.2715,0.25533333333333336,4.967,6.86929
LTT 1445 A c,LTT 1445 A,3.0,Transit,2022.0,Transiting Exoplanet Survey Satellite (TESS),3.1239003000000003,0.02526666666666667,1.2723333333333333,1.3033333333333335,0.1365,512.0,,3340.0,0.27066666666666667,0.25433333333333336,,6.86929
LTT 3780 b,LTT 3780,2.0,Transit,2020.0,Transiting Exoplanet Survey Satellite (TESS),0.768395785,0.012029999999999999,1.33175,2.4725,0.024,931.6666666666666,M3.5 V,3352.25,0.3795,0.385,4.8415,21.9814
LTT 3780 c,LTT 3780,2.0,Transit,2020.0,Transiting Exoplanet Survey Satellite (TESS),12.252143799999999,0.07621,2.36,7.4875,0.05725,369.6666666666667,M3.5 V,3348.0,0.37839999999999996,0.37966666666666665,4.8524,21.9814
LTT 9779 b,LTT 9779,1.0,Transit,2020.0,Transiting Exoplanet Survey Satellite (TESS),0.7920601166666668,0.01679,4.72,29.32,0.029,1978.0,G7 V,5455.333333333333,0.949,1.02,4.39,80.4373
LkCa 15 b,LkCa 15,1.0,Imaging,2015.0,Large Binocular Telescope Observatory,,14.7,,,,,,4194.0,1.60711,,,158.152
LkCa 15 c,LkCa 15,1.0,Imaging,2015.0,Large Binocular Telescope Observatory,,18.6,,,,,,4194.0,1.60711,,,158.152
Luhman 16 b,Luhman 16 A,1.0,Imaging,2017.0,Multiple Observatories,9849.0,3.5300000000000002,,9105.78386055,0.347,,,,,0.03319999999999999,,
Lupus-TR-3 b,Lupus-TR-3,1.0,Transit,2007.0,Multiple Observatories,3.91405,0.0464,9.976,257.431,0.0,,,5000.0,0.82,0.87,4.5,773.409
M62H b,M62H,1.0,Pulsar Timing,2024.0,South African Radio Astronomy Observatory (SAR,0.132935028,,,785.03616529,,,,,,1.4,,
MASCARA-1 b,MASCARA-1,1.0,Transit,2017.0,Multiple Observatories,2.148776905,0.041676,17.35712109,1175.971,0.00017,2582.15,A8,7522.0,2.091,1.81,4.0,182.273
MASCARA-4 b,MASCARA-4,2.0,Transit,2020.0,Multiple Observatories,2.824075825,0.0472,17.06568788,758.817790865,0.0,2175.0,A7 V,7800.0,1.8766666666666667,1.75,4.1,170.696
MOA-2007-BLG-192L b,MOA-2007-BLG-192L,1.0,Microlensing,2008.0,MOA,,0.62,,3.3,,,,,,0.06,,1000.0
MOA-2007-BLG-400L b,MOA-2007-BLG-400L,1.0,Microlensing,2008.0,MOA,,3.4775,,400.15414595,,68.5,,,,0.69,,6345.0
MOA-2008-BLG-310L b,MOA-2008-BLG-310L,1.0,Microlensing,2009.0,MOA,,1.175,,48.7,,,,,,0.21,,6850.0
MOA-2008-BLG-379L b,MOA-2008-BLG-379L,1.0,Microlensing,2013.0,MOA,,2.7,,1300.0,,,K,,,0.56,,3300.0
MOA-2009-BLG-266L b,MOA-2009-BLG-266L,1.0,Microlensing,2011.0,MOA,2800.0,3.2,,10.4,,,,,,0.56,,3040.0
MOA-2009-BLG-319L b,MOA-2009-BLG-319L,1.0,Microlensing,2010.0,MOA,,2.0149999999999997,,58.65,,,,,,0.452,,6575.0
MOA-2009-BLG-387L b,MOA-2009-BLG-387L,1.0,Microlensing,2010.0,MOA,1980.0,1.8,,830.0,,,,,,0.19,,5690.0
MOA-2010-BLG-073L b,MOA-2010-BLG-073L,1.0,Microlensing,2012.0,MOA,,1.21,,3500.0,,,,,,0.16,,2800.0
MOA-2010-BLG-117L b,MOA-2010-BLG-117L,1.0,Microlensing,2018.0,MOA,,2.42,,170.0,,,,,,0.58,,3500.0
MOA-2010-BLG-328L b,MOA-2010-BLG-328L,1.0,Microlensing,2013.0,MOA,,1.9766666666666666,,44.46666666666667,,,,,,0.11499999999999999,,2216.6666666666665
MOA-2010-BLG-353L b,MOA-2010-BLG-353L,1.0,Microlensing,2015.0,MOA,,1.7850000000000001,,79.5,,,,,,0.16999999999999998,,6800.0
MOA-2010-BLG-477L b,MOA-2010-BLG-477L,1.0,Microlensing,2012.0,MOA,,2.0,,480.0,,,,5950.0,,0.67,,2300.0
MOA-2011-BLG-028L b,MOA-2011-BLG-028L,1.0,Microlensing,2016.0,MOA,,4.14,,30.0,,,,,,0.75,,7380.0
MOA-2011-BLG-262L b,MOA-2011-BLG-262L,1.0,Microlensing,2014.0,MOA,,0.54,,8.735,,,,,,0.05655,,3880.0
MOA-2011-BLG-291L b,MOA-2011-BLG-291L,1.0,Microlensing,2018.0,MOA,,0.968,,18.4,,,,,,0.14333333333333334,,6460.0
MOA-2011-BLG-293L b,MOA-2011-BLG-293L,1.0,Microlensing,2012.0,MOA,1775.0,1.98,,908.0,,,,,,0.516,,7264.0
MOA-2011-BLG-322L b,MOA-2011-BLG-322L,1.0,Microlensing,2013.0,MOA,,4.3,,3690.0,,,,,,0.39,,7560.0
MOA-2012-BLG-006L b,MOA-2012-BLG-006L,1.0,Microlensing,2017.0,Multiple Observatories,,10.2,,2700.0,,,,,,0.49,,5300.0
MOA-2012-BLG-505L b,MOA-2012-BLG-505L,1.0,Microlensing,2017.0,MOA,,0.9,,6.7,,,,,,0.1,,7210.0
MOA-2013-BLG-220L b,MOA-2013-BLG-220L,1.0,Microlensing,2014.0,MOA,,3.03,,871.0,,,,,,0.825,,6610.0
MOA-2013-BLG-605L b,MOA-2013-BLG-605L,1.0,Microlensing,2016.0,MOA,,2.4033333333333333,,10.761666666666665,,,,,,0.04625,,2088.3333333333335
MOA-2015-BLG-337L b,MOA-2015-BLG-337L,1.0,Microlensing,2018.0,MOA,,0.9924999999999999,,2876.85,,,,,,0.041150000000000006,,6700.0
MOA-2016-BLG-227L b,MOA-2016-BLG-227L,1.0,Microlensing,2017.0,MOA,,1.46,,1347.5,,,,,,0.4033333333333333,,6825.0
MOA-2016-BLG-319L b,MOA-2016-BLG-319L,1.0,Microlensing,2018.0,MOA,,1.02,,205.0,,,,,,0.15,,6800.0
MOA-2016-BLG-526L b,MOA-2016-BLG-526L,1.0,Microlensing,2024.0,MOA,,2.09,,13.926181368333333,,,,,,0.36999999999999994,,6925.0
MOA-2019-BLG-008L b,MOA-2019-BLG-008L,1.0,Microlensing,2022.0,MOA,,,,6912.76785225,,,,,,0.7222222222222222,,2675.0
MOA-2020-BLG-135L b,MOA-2020-BLG-135L,1.0,Microlensing,2022.0,MOA,,1.1400000000000001,,18.15,,,,,,0.38,,8100.0
MOA-2020-BLG-208L b,MOA-2020-BLG-208L,1.0,Microlensing,2023.0,MOA,,2.81,,57.5,,,,,,0.545,,7650.0
MOA-2022-BLG-033L b,MOA-2022-BLG-033L,1.0,Microlensing,2025.0,MOA,,2.23,,12.15,,,F7 V,,,0.51,,1840.0
MOA-2022-BLG-091L b,MOA-2022-BLG-091L,1.0,Microlensing,2025.0,MOA,,3.25,,1141.00398113,,,G8 V,,,0.75,,4250.0
MOA-2022-BLG-249L b,MOA-2022-BLG-249L,1.0,Microlensing,2023.0,MOA,,1.54,,4.83,,,,,,0.18,,2000.0
MOA-2022-BLG-563L b,MOA-2022-BLG-563L,1.0,Microlensing,2024.0,MOA,,2.275,,127.1313628,,,,,,0.48,,6530.0
MOA-bin-1L b,MOA-bin-1L,1.0,Microlensing,2012.0,MOA,,8.3,,1200.0,,,,,,0.75,,5100.0
MOA-bin-29 b,MOA-bin-29,1.0,Microlensing,2019.0,MOA,,0.5966666666666667,,183.33333333333334,,,,,,0.052500000000000005,,6935.0
MWC 758 c,MWC 758,1.0,Imaging,2023.0,Large Binocular Telescope Observatory,,100.0,,,,500.0,A8Ve,,,1.5,,159.537
MXB 1658-298 b,MXB 1658-298,2.0,Eclipse Timing Variations,2017.0,Multiple Observatories,760.0,1.613,,7532.571,,,,,,,,
NGC 2682 Sand 1429 b,NGC 2682 Sand 1429,1.0,Radial Velocity,2024.0,Multiple Observatories,77.48,0.384,,572.0911326,0.0,683.0,F9.5 V,6000.0,2.13,1.26,4.01,852.793
NGC 2682 Sand 978 b,NGC 2682 Sand 978,1.0,Radial Velocity,2017.0,Multiple Observatories,511.21,,,692.8694,0.16,,K4 III,4200.0,,1.37,1.8,821.918
NGC 2682 YBP 1194 b,NGC 2682 YBP 1194,1.0,Radial Velocity,2014.0,Multiple Observatories,6.959,,,104.88316666666667,0.2833333333333333,,G5 V,5780.0,0.99,1.01,4.44,872.92
NGC 2682 YBP 1514 b,NGC 2682 YBP 1514,1.0,Radial Velocity,2014.0,Multiple Observatories,5.118,,,127.13133333333333,0.31333333333333335,,G5 V,5725.0,0.89,0.96,4.57,914.221
NGC 2682 YBP 401 b,NGC 2682 YBP 401,1.0,Radial Velocity,2016.0,La Silla Observatory,4.087,,,139.84519999999998,0.155,,F9 V,6165.0,,1.14,4.3,830.822
NGTS-1 b,NGTS-1,1.0,Transit,2017.0,Next-Generation Transit Survey (NGTS),2.6473032333333335,0.0326,14.90797,258.07796,0.016,790.0,M0.5,3916.0,0.573,0.617,4.71,218.121
NGTS-10 b,NGTS-10,1.0,Transit,2020.0,Next-Generation Transit Survey (NGTS),0.7668944,0.0143,13.506845,687.14846,0.0,1332.0,K5 V,4600.0,0.697,0.696,4.595,
NGTS-11 b,NGTS-11,1.0,Transit,2020.0,Transiting Exoplanet Survey Satellite (TESS),35.455657,0.201,9.157753,109.33352,0.13,435.0,K,5050.0,0.832,0.862,4.5,190.422
NGTS-12 b,NGTS-12,1.0,Transit,2020.0,Next-Generation Transit Survey (NGTS),7.533003,0.0757,11.747032,66.10864,0.0,1257.0,G,5690.0,1.589,1.021,4.045,446.442
NGTS-13 b,NGTS-13,1.0,Transit,2021.0,Next-Generation Transit Survey (NGTS),4.119027,0.0549,12.800678,1538.2972,0.086,1605.0,,5819.0,1.788,1.3,4.04,647.595
NGTS-14 A b,NGTS-14 A,2.0,Transit,2021.0,Next-Generation Transit Survey (NGTS),3.5357173,0.0403,4.976796,29.24036,0.0,1143.0,K1 V,5187.0,0.842,0.898,4.2,322.148
NGTS-15 b,NGTS-15,1.0,Transit,2021.0,Next-Generation Transit Survey (NGTS),3.27623,0.0441,12.32987877,238.68913366,0.0,1146.0,G6 V,5600.0,0.954,0.995,4.4,786.485
NGTS-16 b,NGTS-16,1.0,Transit,2021.0,Next-Generation Transit Survey (NGTS),4.84532,0.0523,14.57167491,211.99154747,0.0,1177.0,G7 V,5550.0,1.213,1.002,4.35,898.168
NGTS-17 b,NGTS-17,1.0,Transit,2021.0,Next-Generation Transit Survey (NGTS),3.24253,0.0391,13.89913607,242.82090295,0.0,1457.0,G4 V,5650.0,1.337,1.025,4.0,1040.28
NGTS-18 b,NGTS-18,1.0,Transit,2021.0,Next-Generation Transit Survey (NGTS),3.05125,0.0448,13.56286665,129.99181846,0.0,1381.0,G5 V,5610.0,1.392,1.003,4.16,1096.19
NGTS-2 b,NGTS-2,1.0,Transit,2018.0,Next-Generation Transit Survey (NGTS),4.5111366,0.063,17.878355,235.1942,0.0,1468.0,F5 V,6478.0,1.702,1.64,4.197,356.391
NGTS-20 b,NGTS-20,1.0,Transit,2022.0,Transiting Exoplanet Survey Satellite (TESS),54.18915,0.313,11.99360935,947.12865286,0.432,688.0,G1 IV,5980.0,1.78,1.47,3.8,382.898
NGTS-21 b,NGTS-21,1.0,Transit,2022.0,Next-Generation Transit Survey (NGTS),1.5433897,0.0236,14.90794433,750.07504052,0.0,1357.0,K3 V,4660.0,0.86,0.72,4.63,592.891
NGTS-23 b,NGTS-23,1.0,Transit,2022.0,Next-Generation Transit Survey (NGTS),4.0764326,0.0504,14.20177855,194.82881349,0.0,1327.0,F9 V,6057.0,1.24,1.01,4.04,1074.95
NGTS-24 b,NGTS-24,1.0,Transit,2022.0,Next-Generation Transit Survey (NGTS),3.4678796,0.0479,13.60770257,165.27077164,0.0,1499.0,G2 IV,5820.0,1.64,1.26,4.09,683.062
NGTS-25 b,NGTS-25,1.0,Transit,2022.0,Next-Generation Transit Survey (NGTS),2.823093,0.0388,11.46678726,203.09235207,0.0,1101.0,K0 V,5321.0,0.86,0.91,4.48,521.233
NGTS-26 b,NGTS-26,1.0,Transit,2024.0,Next-Generation Transit Survey (NGTS),4.5199279,0.049,14.88552637,92.80589484,0.0,1331.0,,5550.0,1.16,0.96,4.1,1093.69
NGTS-27 b,NGTS-27,1.0,Transit,2024.0,Transiting Exoplanet Survey Satellite (TESS),3.3704181,0.0446,15.64773706,188.47224535,0.0,1783.0,,5700.0,1.77,1.07,4.05,942.122
NGTS-3 A b,NGTS-3 A,2.0,Transit,2018.0,Next-Generation Transit Survey (NGTS),1.6753728,0.023,16.58932,756.4354,,,G6 V,5600.0,0.93,1.017,,743.972
NGTS-30 b,NGTS-30,1.0,Transit,2024.0,Transiting Exoplanet Survey Satellite (TESS),98.29838,0.408,10.40193409,305.11527072,0.294,500.0,,5455.0,0.913,0.94,4.3,238.377
NGTS-31 b,NGTS-31,1.0,Transit,2025.0,Transiting Exoplanet Survey Satellite (TESS),4.162734,0.064,18.04645893,355.96781584,0.0,1410.0,,5710.0,1.7,0.96,4.43,497.376
NGTS-32 b,NGTS-32,1.0,Transit,2025.0,Next-Generation Transit Survey (NGTS),3.31211,0.044,15.91675259,181.16219199,0.0,1750.0,,5680.0,1.85,1.07,4.09,837.457
NGTS-33 b,NGTS-33,1.0,Transit,2024.0,Transiting Exoplanet Survey Satellite (TESS),2.827972,0.048,18.38272835,1153.71711741,0.0,1991.0,,7437.0,1.47,1.6,4.26,437.855
NGTS-4 b,NGTS-4,1.0,Transit,2019.0,Next-Generation Transit Survey (NGTS),1.33735065,0.019,3.18,20.6,0.0,1650.0,,5143.0,0.84,0.75,4.5,280.555
NGTS-5 b,NGTS-5,1.0,Transit,2019.0,Next-Generation Transit Survey (NGTS),3.3569866,0.0382,12.733424,72.78307,0.0,952.0,K2 V,4987.0,0.739,0.661,4.52,306.779
NGTS-6 b,NGTS-6,1.0,Transit,2019.0,Next-Generation Transit Survey (NGTS),0.8820391666666666,0.01677,14.863134,425.57437,0.0,1283.9,,4730.0,0.754,0.767,4.7,308.262
NGTS-8 b,NGTS-8,1.0,Transit,2019.0,Next-Generation Transit Survey (NGTS),2.4997,0.035,12.21781,295.5819,0.01,1345.0,K0 V,5241.0,0.98,0.89,4.41,428.976
NGTS-9 b,NGTS-9,1.0,Transit,2019.0,Next-Generation Transit Survey (NGTS),4.435271,0.058,11.99363,921.707,0.06,1448.0,F8 V,6330.0,1.38,1.34,4.37,609.128
NN Ser c,NN Ser,2.0,Eclipse Timing Variations,2010.0,Multiple Observatories,6073.516666666666,5.365,,2537.2746106566665,0.08449999999999999,,WD,57000.0,,0.535,,515.818
NN Ser d,NN Ser,2.0,Eclipse Timing Variations,2010.0,Multiple Observatories,2864.5,3.41,,717.2220704433333,0.215,,WD,57000.0,,0.535,,515.818
NSVS 14256825 b,NSVS 14256825,2.0,Eclipse Timing Variations,2019.0,Multiple Observatories,3225.0,3.12,,4497.2945,0.12,,,40000.0,0.188,0.419,,820.877
NY Vir b,NY Vir,2.0,Eclipse Timing Variations,2011.0,Multiple Observatories,3015.2333333333336,3.3,,819.9786,0.295,,,32780.0,0.151,0.459,5.74193,544.024
NY Vir c,NY Vir,2.0,Eclipse Timing Variations,2019.0,Winer Observatory,8799.0,,,1760.7782,0.15,,,32780.0,0.151,0.459,5.74193,544.024
OGLE-2003-BLG-235L b,OGLE-2003-BLG-235L,1.0,Microlensing,2004.0,OGLE,,3.65,,655.0,,,K V,,,0.495,,5500.0
OGLE-2005-BLG-071L b,OGLE-2005-BLG-071L,1.0,Microlensing,2005.0,OGLE,,2.85,,978.5522713333334,,63.0,,,,0.46,,3200.0
OGLE-2005-BLG-169L b,OGLE-2005-BLG-169L,1.0,Microlensing,2006.0,OGLE,,3.1999999999999997,,13.433333333333332,,,K5,,,0.6699999999999999,,3600.0
OGLE-2005-BLG-390L b,OGLE-2005-BLG-390L,1.0,Microlensing,2005.0,OGLE,3285.0,2.6,,5.5,,50.0,,,,0.22,,6600.0
OGLE-2006-BLG-109L b,OGLE-2006-BLG-109L,1.0,Microlensing,2008.0,OGLE,1788.5,2.3,,230.5,,82.0,,,,0.505,,1500.0
OGLE-2006-BLG-109L c,OGLE-2006-BLG-109L,1.0,Microlensing,2008.0,OGLE,4927.5,4.55,,86.0,0.15,59.0,,,,0.505,,1500.0
OGLE-2006-BLG-284L A b,OGLE-2006-BLG-284L A,2.0,Microlensing,2020.0,OGLE,,2.17,,144.0,,,,,,0.35,,4000.0
OGLE-2007-BLG-349L AB c,OGLE-2007-BLG-349L A,2.0,Microlensing,2016.0,OGLE,2557.0,2.59,,80.0,,,M,,,0.41,,2760.0
OGLE-2007-BLG-368L b,OGLE-2007-BLG-368L,1.0,Microlensing,2009.0,OGLE,,2.8,,20.0,,,,,,0.64,,5900.0
OGLE-2008-BLG-092L b,OGLE-2008-BLG-092L,2.0,Microlensing,2014.0,OGLE,,15.0,,57.0,,,,,,0.71,,8100.0
OGLE-2008-BLG-355L b,OGLE-2008-BLG-355L,1.0,Microlensing,2014.0,OGLE,,1.7,,1500.0,,,,,,0.37,,6800.0
OGLE-2011-BLG-0173L b,OGLE-2011-BLG-0173L,1.0,Microlensing,2018.0,OGLE,,4.25,,1104.25,,,,,,0.415,,6020.0
OGLE-2011-BLG-0251L b,OGLE-2011-BLG-0251L,1.0,Microlensing,2012.0,OGLE,,2.1100000000000003,,155.0,,,M,,,0.26,,2640.0
OGLE-2011-BLG-0265L b,OGLE-2011-BLG-0265L,1.0,Microlensing,2015.0,OGLE,,1.7,,230.0,,,,,,0.1735,,3935.0
OGLE-2012-BLG-0026L b,OGLE-2012-BLG-0026L,1.0,Microlensing,2012.0,OGLE,,3.91,,40.55,,,G5 V,,,0.94,,4049.5
OGLE-2012-BLG-0026L c,OGLE-2012-BLG-0026L,1.0,Microlensing,2012.0,OGLE,,4.715,,245.0,,,G5 V,,,0.94,,4049.5
OGLE-2012-BLG-0358L b,OGLE-2012-BLG-0358L,1.0,Microlensing,2013.0,OGLE,,0.8733333333333334,,589.0,,,,,,0.022333333333333334,,1760.0
OGLE-2012-BLG-0406L b,OGLE-2012-BLG-0406L,1.0,Microlensing,2013.0,OGLE,,3.483333333333333,,966.0,,,,,,0.45999999999999996,,4556.666666666667
OGLE-2012-BLG-0563L b,OGLE-2012-BLG-0563L,1.0,Microlensing,2015.0,OGLE,,2.52,,121.5,,,,,,0.34,,1300.0
OGLE-2012-BLG-0724L b,OGLE-2012-BLG-0724L,1.0,Microlensing,2016.0,OGLE,,1.6,,150.0,,,M V,,,0.29,,6700.0
OGLE-2012-BLG-0838L b,OGLE-2012-BLG-0838L,1.0,Microlensing,2020.0,OGLE,,4.43,,53.1,,,,,,0.4,,6320.0
OGLE-2012-BLG-0950L b,OGLE-2012-BLG-0950L,1.0,Microlensing,2016.0,OGLE,,2.575,,30.833333333333332,,,M V,,,0.4925,,3258.3333333333335
OGLE-2013-BLG-0102L b,OGLE-2013-BLG-0102L,1.0,Microlensing,2014.0,OGLE,,0.795,,4250.0,,,,,,0.0935,,3095.0
OGLE-2013-BLG-0132L b,OGLE-2013-BLG-0132L,1.0,Microlensing,2017.0,OGLE,,3.6,,92.0,,,,,,0.54,,3900.0
OGLE-2013-BLG-0341L B b,OGLE-2013-BLG-0341L B,2.0,Microlensing,2014.0,OGLE,,0.7925,,1.9899999999999998,,,,,,0.12895,,1036.0
OGLE-2013-BLG-0911L b,OGLE-2013-BLG-0911L,1.0,Microlensing,2019.0,OGLE,,9.185,,3085.0,,,,,,0.28500000000000003,,3185.0
OGLE-2013-BLG-1721L b,OGLE-2013-BLG-1721L,1.0,Microlensing,2017.0,OGLE,,2.6,,200.0,,,,,,0.46,,6300.0
OGLE-2013-BLG-1761L b,OGLE-2013-BLG-1761L,1.0,Microlensing,2018.0,OGLE,,1.8,,860.0,,,,,,0.33,,6900.0
OGLE-2014-BLG-0124L b,OGLE-2014-BLG-0124L,1.0,Microlensing,2015.0,OGLE,,3.26,,180.794232275,,,,,,0.8366666666666666,,3832.5
OGLE-2014-BLG-0221L b,OGLE-2014-BLG-0221L,1.0,Microlensing,2024.0,OGLE,,10.193333333333333,,13256.622855970001,,,,,,6.800000000000001,,4456.666666666667
OGLE-2014-BLG-0319L b,OGLE-2014-BLG-0319L,1.0,Microlensing,2022.0,OGLE,,3.49,,181.16219199,,,M,,,0.52,,7730.0
OGLE-2014-BLG-0676L b,OGLE-2014-BLG-0676L,1.0,Microlensing,2016.0,OGLE,,3.83,,1112.3694986233334,,,,,,0.73,,2520.0
OGLE-2014-BLG-1722L b,OGLE-2014-BLG-1722L,1.0,Microlensing,2018.0,OGLE,,1.5,,55.15,,,,,,0.395,,6390.0
OGLE-2014-BLG-1722L c,OGLE-2014-BLG-1722L,1.0,Microlensing,2018.0,OGLE,,2.2,,83.5,,,,,,0.395,,6390.0
OGLE-2014-BLG-1760L b,OGLE-2014-BLG-1760L,1.0,Microlensing,2016.0,OGLE,,1.75,,180.0,,,,,,0.51,,6860.0
OGLE-2015-BLG-0051L b,OGLE-2015-BLG-0051L,1.0,Microlensing,2016.0,OGLE,,0.73,,230.0,,,,,,0.1,,8200.0
OGLE-2015-BLG-0954L b,OGLE-2015-BLG-0954L,1.0,Microlensing,2016.0,KMTNet,,1.4,,1150.0,,,,,,0.315,,900.0
OGLE-2015-BLG-0966L b,OGLE-2015-BLG-0966L,1.0,Microlensing,2016.0,OGLE,,2.4000000000000004,,21.0,,,,,,0.38,,2900.0
OGLE-2015-BLG-1609L b,OGLE-2015-BLG-1609L,1.0,Microlensing,2025.0,OGLE,,,,38.846577045000004,,,,,,0.12233333333333334,,5577.5
OGLE-2015-BLG-1649L b,OGLE-2015-BLG-1649L,1.0,Microlensing,2019.0,OGLE,,2.07,,807.0,,,,,,0.34,,4230.0
OGLE-2015-BLG-1670L b,OGLE-2015-BLG-1670L,1.0,Microlensing,2019.0,OGLE,,2.62,,17.9,,,,,,0.55,,6700.0
OGLE-2015-BLG-1771L b,OGLE-2015-BLG-1771L,1.0,Microlensing,2020.0,OGLE,,0.7266666666666667,,350.84999999999997,,,,,,0.07933333333333333,,6935.0
OGLE-2016-BLG-0007L b,OGLE-2016-BLG-0007L,1.0,Microlensing,2025.0,OGLE,14200.0,10.1,,1.32,,,,,,0.59,,4300.0
OGLE-2016-BLG-0263L b,OGLE-2016-BLG-0263L,1.0,Microlensing,2017.0,OGLE,,5.4,,1300.0,,,,,,0.13,,6500.0
OGLE-2016-BLG-0613L AB b,OGLE-2016-BLG-0613L AB,2.0,Microlensing,2017.0,OGLE,,3.9933333333333336,,967.3333333333334,,,,,,0.6766666666666667,,3356.6666666666665
OGLE-2016-BLG-1067L b,OGLE-2016-BLG-1067L,1.0,Microlensing,2019.0,OGLE,,1.6966666666666665,,140.0,,,,,,0.3,,3730.0
OGLE-2016-BLG-1093L b,OGLE-2016-BLG-1093L,1.0,Microlensing,2022.0,OGLE,,2.0925,,223.2744559175,,,,,,0.455,,7975.0
OGLE-2016-BLG-1190L b,OGLE-2016-BLG-1190L,1.0,Microlensing,2017.0,OGLE,1165.0,2.105,,4253.0,0.42,,,,,0.885,,6755.0
OGLE-2016-BLG-1195L b,OGLE-2016-BLG-1195L,1.0,Microlensing,2017.0,OGLE,,1.3409999999999997,,2.164,,,,,,0.078,,4568.0
OGLE-2016-BLG-1227L b,OGLE-2016-BLG-1227L,1.0,Microlensing,2020.0,OGLE,,7.45,,915.0,,,,,,0.39,,
OGLE-2016-BLG-1266L b,OGLE-2016-BLG-1266L,1.0,Microlensing,2018.0,OGLE,,0.505375,,7786.001400482501,,,,,,0.012616666666666667,,3587.5
OGLE-2016-BLG-1598L b,OGLE-2016-BLG-1598L,1.0,Microlensing,2024.0,OGLE,,2.31,,153.61706338333332,,,,,,0.55,,5910.0
OGLE-2016-BLG-1800L b,OGLE-2016-BLG-1800L,1.0,Microlensing,2024.0,OGLE,,1.99,,831.6509983166667,,,,,,0.4066666666666667,,6480.0
OGLE-2017-BLG-0173L b,OGLE-2017-BLG-0173L,1.0,Microlensing,2018.0,OGLE,,3.776,,6.6000000000000005,,,,,,0.396,,4840.0
OGLE-2017-BLG-0364L b,OGLE-2017-BLG-0364L,1.0,Microlensing,2024.0,OGLE,,2.505,,103.27499999999999,,,,,,0.42,,8015.0
OGLE-2017-BLG-0373L b,OGLE-2017-BLG-0373L,1.0,Microlensing,2018.0,OGLE,,2.4995000000000003,,93.55,,,,,,0.262,,5862.5
OGLE-2017-BLG-0406L b,OGLE-2017-BLG-0406L,1.0,Microlensing,2020.0,OGLE,,3.5,,130.0,,,,,,0.56,,5200.0
OGLE-2017-BLG-0448L b,OGLE-2017-BLG-0448L,1.0,Microlensing,2024.0,OGLE,,3.83,,129.55125,,,,,,0.475,,6563.75
OGLE-2017-BLG-0482L b,OGLE-2017-BLG-0482L,1.0,Microlensing,2018.0,OGLE,,1.8,,9.0,,,,,,0.2,,5800.0
OGLE-2017-BLG-0604L b,OGLE-2017-BLG-0604L,1.0,Microlensing,2020.0,OGLE,,4.06,,160.0,,,,,,0.7,,3950.0
OGLE-2017-BLG-0640L b,OGLE-2017-BLG-0640L,1.0,Microlensing,2024.0,OGLE,,1.14,,514.88201934,,,,,,0.32,,6630.0
OGLE-2017-BLG-1049L b,OGLE-2017-BLG-1049L,1.0,Microlensing,2020.0,OGLE,,3.92,,1760.0,,,,,,0.55,,5670.0
OGLE-2017-BLG-1099L b,OGLE-2017-BLG-1099L,1.0,Microlensing,2021.0,OGLE,,2.73,,959.84178914,,,,,,0.45,,7250.0
OGLE-2017-BLG-1140L b,OGLE-2017-BLG-1140L,1.0,Microlensing,2018.0,OGLE,,1.02,,510.0,,,,,,0.212,,
OGLE-2017-BLG-1237L b,OGLE-2017-BLG-1237L,1.0,Microlensing,2024.0,OGLE,,2.53,,1207.7479466,,,,,,0.46,,6030.0
OGLE-2017-BLG-1275L b,OGLE-2017-BLG-1275L,1.0,Microlensing,2024.0,OGLE,,1.72,,1833.8699083899999,,,,,,0.63,,7698.0
OGLE-2017-BLG-1375L b,OGLE-2017-BLG-1375L,1.0,Microlensing,2020.0,OGLE,,3.8600000000000003,,3817.25,,,,,,0.8366666666666666,,3967.5
OGLE-2017-BLG-1434L b,OGLE-2017-BLG-1434L,1.0,Microlensing,2018.0,OGLE,,1.18,,4.465,,,,,,0.234,,860.0
OGLE-2017-BLG-1522L b,OGLE-2017-BLG-1522L,1.0,Microlensing,2018.0,OGLE,,0.59,,240.0,,,,,,0.045,,7490.0
OGLE-2017-BLG-1691L b,OGLE-2017-BLG-1691L,1.0,Microlensing,2022.0,OGLE,,2.475,,14.62010672,,,,,,0.45,,7290.0
OGLE-2017-BLG-1806L b,OGLE-2017-BLG-1806L,1.0,Microlensing,2023.0,OGLE,,2.0614285714285714,,4.484285714285714,,,,,,0.4175,,5361.428571428572
OGLE-2018-BLG-0298L b,OGLE-2018-BLG-0298L,1.0,Microlensing,2022.0,OGLE,,2.893333333333333,,40.36420769,,,,,,0.695,,6606.666666666667
OGLE-2018-BLG-0383L b,OGLE-2018-BLG-0383L,1.0,Microlensing,2022.0,OGLE,,1.8,,6.4,,,,,,0.1,,7700.0
OGLE-2018-BLG-0506L b,OGLE-2018-BLG-0506L,1.0,Microlensing,2022.0,OGLE,,3.0,,16.3,,,,,,0.63,,5600.0
OGLE-2018-BLG-0516L b,OGLE-2018-BLG-0516L,1.0,Microlensing,2022.0,OGLE,,2.2,,20.1,,,,,,0.47,,7000.0
OGLE-2018-BLG-0532L b,OGLE-2018-BLG-0532L,1.0,Microlensing,2020.0,OGLE,,1.0835,,6.391,,,,,,0.199,,788.5
OGLE-2018-BLG-0567L b,OGLE-2018-BLG-0567L,1.0,Microlensing,2021.0,OGLE,,2.72,,101.70509024,,,,,,0.25,,7060.0
OGLE-2018-BLG-0596L b,OGLE-2018-BLG-0596L,1.0,Microlensing,2019.0,OGLE,,1.92,,7.7775,,,,,,0.21866666666666668,,5840.0
OGLE-2018-BLG-0677L b,OGLE-2018-BLG-0677L,1.0,Microlensing,2020.0,OGLE,,0.675,,3.96,,,,,,0.12,,7580.0
OGLE-2018-BLG-0740L b,OGLE-2018-BLG-0740L,1.0,Microlensing,2019.0,OGLE,4310.0,3.2999999999999994,,1000.0,0.0,,G V,5912.0,,0.8866666666666667,4.5,4866.666666666667
OGLE-2018-BLG-0799L b,OGLE-2018-BLG-0799L,1.0,Microlensing,2022.0,OGLE,,1.2966666666666666,,240.8433039711111,,,,,,0.1105,,5957.777777777777
OGLE-2018-BLG-0932L b,OGLE-2018-BLG-0932L,1.0,Microlensing,2022.0,KMTNet,,1.75,,282.86728223,,,,,,0.72,,6620.0
OGLE-2018-BLG-0962L b,OGLE-2018-BLG-0962L,1.0,Microlensing,2021.0,OGLE,,3.59,,425.89006538,,,,,,0.54,,6500.0
OGLE-2018-BLG-0977L b,OGLE-2018-BLG-0977L,1.0,Microlensing,2022.0,OGLE,,2.0,,6.4,,,,,,0.47,,6500.0
OGLE-2018-BLG-1011L b,OGLE-2018-BLG-1011L,1.0,Microlensing,2019.0,OGLE,,1.3,,570.0,,,,,,0.18,,7100.0
OGLE-2018-BLG-1011L c,OGLE-2018-BLG-1011L,1.0,Microlensing,2019.0,OGLE,,0.8,,890.0,,,,,,0.18,,7100.0
OGLE-2018-BLG-1119L b,OGLE-2018-BLG-1119L,1.0,Microlensing,2022.0,OGLE,,3.766666666666667,,283.92671025333334,,,,,,0.48,,5740.0
OGLE-2018-BLG-1126L b,OGLE-2018-BLG-1126L,1.0,Microlensing,2022.0,KMTNet,,3.4,,16.844905569999998,,,,,,0.69,,5696.666666666667
OGLE-2018-BLG-1185L b,OGLE-2018-BLG-1185L,1.0,Microlensing,2021.0,OGLE,,1.3399999999999999,,5.25,,,,,,0.23049999999999998,,6425.0
OGLE-2018-BLG-1212L b,OGLE-2018-BLG-1212L,1.0,Microlensing,2022.0,KMTNet,,1.426,,62.294367772,,,,,,0.152,,1708.0
OGLE-2018-BLG-1269L b,OGLE-2018-BLG-1269L,1.0,Microlensing,2020.0,OGLE,,4.623333333333334,,223.33333333333334,,,,,,1.12,,2570.0
OGLE-2018-BLG-1367L b,OGLE-2018-BLG-1367L,1.0,Microlensing,2022.0,KMTNet,,2.42,,306.1746987433333,,,,,,0.28,,5370.0
OGLE-2018-BLG-1428L b,OGLE-2018-BLG-1428L,1.0,Microlensing,2021.0,OGLE,,3.3,,240.0,,,,,,0.43,,6220.0
OGLE-2018-BLG-1647L b,OGLE-2018-BLG-1647L,1.0,Microlensing,2022.0,KMTNet,,1.36,,308.29355479,,,,,,0.092,,7880.0
OGLE-2018-BLG-1700L b,OGLE-2018-BLG-1700L,2.0,Microlensing,2020.0,OGLE,,2.8,,1400.0,,,,,,0.42,,7600.0
OGLE-2019-BLG-0249L b,OGLE-2019-BLG-0249L,1.0,Microlensing,2023.0,OGLE,,3.1593999999999998,,2251.305738144,,,,,,0.89975,,6476.0
OGLE-2019-BLG-0299L b,OGLE-2019-BLG-0299L,1.0,Microlensing,2021.0,OGLE,,2.8,,1976.89269154,,,,,,0.59,,5830.0
OGLE-2019-BLG-0304L b,OGLE-2019-BLG-0304L,2.0,Microlensing,2021.0,OGLE,,1.23,,162.09248757,,,,,,0.27,,6980.0
OGLE-2019-BLG-0362L b,OGLE-2019-BLG-0362L,1.0,Microlensing,2022.0,OGLE,,2.6550000000000002,,1048.8337431,,,,,,0.435,,5775.0
OGLE-2019-BLG-0468L b,OGLE-2019-BLG-0468L,1.0,Microlensing,2022.0,OGLE,,3.29,,1055.19031124,,,G,,,0.92,,4400.0
OGLE-2019-BLG-0468L c,OGLE-2019-BLG-0468L,1.0,Microlensing,2022.0,OGLE,,4.045,,3235.49318326,,,G,,,0.92,,4400.0
OGLE-2019-BLG-0679L b,OGLE-2019-BLG-0679L,1.0,Microlensing,2023.0,OGLE,,6.99,,1061.54687938,,,,,,0.66,,5630.0
OGLE-2019-BLG-0954L b,OGLE-2019-BLG-0954L,1.0,Microlensing,2021.0,OGLE,,2.65,,4513.1633794,,,,,,0.8,,3630.0
OGLE-2019-BLG-0960L b,OGLE-2019-BLG-0960L,1.0,Microlensing,2021.0,OGLE,,1.6675,,2.075,,,,,,0.47,,830.0
OGLE-2019-BLG-1053L b,OGLE-2019-BLG-1053L,1.0,Microlensing,2021.0,KMTNet,,3.4,,2.48,,,,,,0.61,,6766.666666666667
OGLE-2019-BLG-1180L b,OGLE-2019-BLG-1180L,1.0,Microlensing,2023.0,OGLE,,5.19,,555.24622703,,,,,,0.545,,6070.0
OGLE-2019-BLG-1470L AB c,OGLE-2019-BLG-1470L A,2.0,Microlensing,2022.0,OGLE,,3.15,,1048.8337431,,,,,,0.575,,5675.0
OGLE-2019-BLG-1492L b,OGLE-2019-BLG-1492L,1.0,Microlensing,2022.0,OGLE,,2.7000000000000006,,37.1,,,,,,0.68,,5600.0
OGLE-2023-BLG-0836L b,OGLE-2023-BLG-0836L,2.0,Microlensing,2024.0,OGLE,,3.7,,1385.73185452,,,,,,0.71,,5120.0
OGLE-TR-10 b,OGLE-TR-10,1.0,Transit,2004.0,OGLE,3.1013125714285716,0.04342,14.5641867425,222.4797714285714,0.2733333333333333,1702.0,,5972.5,1.1541666666666666,1.154,4.429333333333333,1344.97
OGLE-TR-111 b,OGLE-TR-111,1.0,Transit,2004.0,OGLE,4.01478232,0.04690714285714286,11.4029498,179.5730125,0.27,1026.5,K2 V,4985.25,0.8308,0.8186,4.508483333333333,1068.33
OGLE-TR-113 b,OGLE-TR-113,1.0,Transit,2004.0,OGLE,1.4324776636363636,0.022844285714285713,12.241766857142858,401.3714857142857,0.049999999999999996,1348.5,,4740.2,0.774,0.7718333333333334,4.454637777777778,566.459
OGLE-TR-132 b,OGLE-TR-132,1.0,Transit,2004.0,OGLE,1.6898345171428573,0.030372,13.833504428571429,434.0570571428571,0.6,2007.0,,6267.428571428572,1.342,1.29925,4.451,2012.6200000000001
OGLE-TR-182 b,OGLE-TR-182,1.0,Transit,2007.0,OGLE,3.9791000000000003,0.051699999999999996,15.206819999999999,332.6576333333333,0.135,1550.0,,5924.0,1.4000000000000001,1.1713333333333333,4.306,2501.75
OGLE-TR-211 b,OGLE-TR-211,1.0,Transit,2007.0,OGLE,3.67724,0.05103666666666667,14.511838666666668,260.6159666666667,0.29,1686.0,,6325.0,1.5866666666666667,1.318,4.195,1515.26
OGLE-TR-56 b,OGLE-TR-56,1.0,Transit,2002.0,OGLE,1.2119111044444444,0.022998333333333332,15.11233708,473.2099555555555,0.1675,2278.0,F8 V,6055.75,1.3031666666666666,1.2095,4.215833333333333,2164.25
OGLE2-TR-L9 b,OGLE2-TR-L9,1.0,Transit,2008.0,OGLE,2.4855335566666668,0.03722333333333333,18.147207666666663,1402.6697333333334,,2036.5,,6933.0,1.5106666666666666,1.4556666666666667,4.242333333333334,1627.63
Oph 11 b,Oph 11,1.0,Imaging,2006.0,Gemini Observatory,7300000.0,249.5,,5614.987108666667,,2291.5,M9,2375.0,,0.0335,4.25,
PDS 70 b,PDS 70,1.0,Imaging,2018.0,Paranal Observatory,43500.0,21.2,22.53009,1748.065,0.11,1202.0,K7,3972.0,1.26,0.76,,113.064
PDS 70 c,PDS 70,1.0,Imaging,2019.0,European Southern Observatory,,34.25,22.86636,1984.76692461,0.11,995.0,,3972.0,,,,113.064
PH1 b,PH1,4.0,Transit,2012.0,Kepler,138.317,0.652,6.18,169.0,0.0702,481.0,F,6407.0,1.734,1.528,4.14,1033.16
PH2 b,PH2,1.0,Transit,2013.0,Kepler,282.525419493,0.8354175,9.996834629090909,8540.764994506668,0.12928571428571428,293.01666666666665,G3,5791.466666666666,0.9471856666666666,0.9884285714285713,4.45475,343.863
POTS-1 b,POTS-1,1.0,Transit,2013.0,La Silla Observatory,3.1606296,0.03734,10.548,734.16,,,K5 V,4400.0,0.588,0.695,4.63,747.959
PSR B0329+54 b,PSR B0329+54,1.0,Pulsar Timing,2017.0,Multiple Facilities,10140.0,10.26,,1.97,0.236,,,,,1.44,,
PSR B1257+12 b,PSR B1257+12,1.0,Pulsar Timing,1994.0,Arecibo Observatory,25.301000000000002,0.19,,0.0175,0.0,,,,,1.4,,600.0
PSR B1257+12 c,PSR B1257+12,1.0,Pulsar Timing,1992.0,Arecibo Observatory,66.54696666666666,0.36000000000000004,,3.6999999999999997,0.0196,,,,,1.4,,600.0
PSR B1257+12 d,PSR B1257+12,1.0,Pulsar Timing,1992.0,Arecibo Observatory,98.2228,0.4666666666666666,,3.1666666666666665,0.0232,,,,,1.4,,600.0
PSR B1620-26 b,PSR B1620-26,2.0,Pulsar Timing,2003.0,Hubble Space Telescope,,23.0,,794.575,,,,,,1.35,,
PSR J1719-1438 b,PSR J1719-1438,1.0,Pulsar Timing,2011.0,Parkes Observatory,0.090706293,0.0044,,382.8,0.06,,,4500.0,,1.4,,1200.0
PSR J2322-2650 b,PSR J2322-2650,1.0,Pulsar Timing,2017.0,Parkes Observatory,0.322963997,0.0102,,252.643067,0.0017,,,,,1.4,,230.0
PZ Tel b,PZ Tel,1.0,Imaging,2023.0,W. M. Keck Observatory,44000.0,27.0,,8581.366989,0.52,,G9 IV,,,1.36,,47.0648
Pr0201 b,Pr0201,1.0,Radial Velocity,2012.0,Fred Lawrence Whipple Observatory,4.4264,0.06,,171.6282,0.0,,,6174.0,1.1585,1.237,4.41,180.64
Pr0211 b,Pr0211,2.0,Radial Velocity,2012.0,Fred Lawrence Whipple Observatory,2.1456,0.03176,,591.79946,0.0055,,,5313.0,0.8474999999999999,0.9435,4.51,182.714
Pr0211 c,Pr0211,2.0,Radial Velocity,2016.0,Roque de los Muchachos Observatory,4850.0,5.5,,2475.8957,0.71,,,5300.0,0.827,0.935,4.51,182.714
Proxima Cen b,Proxima Cen,3.0,Radial Velocity,2016.0,European Southern Observatory,11.18559,0.048385,,1.09875,0.09,222.66666666666666,M5.5 V,2950.0,0.14425,0.1214,,1.30119
Proxima Cen d,Proxima Cen,3.0,Radial Velocity,2025.0,La Silla Observatory,5.12269,0.02883,,0.26,0.02,282.0,M5.5 V,2900.0,0.141,0.1221,,1.30119
Qatar-1 b,Qatar-1,1.0,Transit,2010.0,Qatar,1.420025326714286,0.023307142857142856,13.010407,402.74113166666666,0.003,1398.3333333333333,,4914.916666666667,0.8002857142857144,0.847,4.554497142857143,185.615
Qatar-10 b,Qatar-10,1.0,Transit,2019.0,Qatar,1.6453233,0.0286,17.295487,233.92288,0.0,1955.0,F7 V,6124.0,1.254,1.156,4.303,559.068
Qatar-2 b,Qatar-2,1.0,Transit,2011.0,Qatar,1.3371074434615384,0.021502,12.810495857142858,795.642376,0.0021999999999999997,1307.0,,4603.666666666667,0.7218833333333333,0.739,4.566968571428571,181.374
Qatar-3 b,Qatar-3,1.0,Transit,2017.0,Qatar,2.5079028475,0.03783,12.285064,1369.8473,0.0,1681.0,G0 V,6073.796666666666,1.42375,1.145,4.203636666666666,735.601
Qatar-4 b,Qatar-4,1.0,Transit,2017.0,Qatar,1.805364346,0.02803,12.722215,1938.763,0.0,1385.0,K1 V,5183.75,0.8489999999999999,0.896,4.5345725,329.036
Qatar-5 b,Qatar-5,1.0,Transit,2017.0,Qatar,2.879287974,0.04127,12.408363,1373.0256,0.0,1415.0,G2 V,5706.0,1.076,1.128,4.4051149999999994,367.658
Qatar-6 b,Qatar-6,2.0,Transit,2017.0,Qatar,3.5061966666666664,0.043649999999999994,12.475605765000001,214.69362099,0.0255,1006.0,K2 V,5057.5,0.7535000000000001,0.8254999999999999,4.598,100.848
Qatar-7 b,Qatar-7,1.0,Transit,2019.0,Qatar,2.0320461066666664,0.0352,19.0553,597.5204,0.0,2053.0,F4 V,6387.0,1.564,1.409,4.196,705.9810000000001
Qatar-8 b,Qatar-8,1.0,Transit,2019.0,Qatar,3.714721325,0.0474,14.403565,117.91493,0.0,1457.0,G0 V,5753.0,1.3180833333333333,1.0326666666666666,4.213053333333334,281.498
Qatar-9 b,Qatar-9,1.0,Transit,2019.0,Qatar,1.5407604866666667,0.0234,11.309881,378.2177,0.0,1134.0,K5 V,4309.0,0.696,0.719,4.61,213.771
ROXs 12 b,ROXs 12,2.0,Imaging,2013.0,W. M. Keck Observatory,,212.0,,5085.0,0.83,,M0,3698.5,1.06627,0.677,4.06718,136.65
ROXs 42 B b,ROXs 42 B,2.0,Imaging,2013.0,Multiple Observatories,,149.0,,3098.55,0.58,2087.5,M0,3433.0,1.33658,1.0,,143.59
RR Cae b,RR Cae,2.0,Eclipse Timing Variations,2012.0,Leoncito Astronomical Complex,4343.5,5.3,,1334.886,0.0,,M,,,0.44,,21.1916
Ross 128 b,Ross 128,1.0,Radial Velocity,2017.0,La Silla Observatory,9.8658,0.0496,,1.4,0.116,301.0,M4,3192.0,0.1967,0.168,,3.37454
Ross 176 b,Ross 176,1.0,Transit,2025.0,Transiting Exoplanet Survey Satellite (TESS),5.0066338,0.0464,1.84,4.57,0.25,682.0,K7 V,4041.0,0.569,0.577,5.07,46.4488
Ross 458 c,Ross 458,2.0,Imaging,2010.0,Las Campanas Observatory,,1100.0,14.01125,1906.98,,,,,,,,11.5094
Ross 508 b,Ross 508,1.0,Radial Velocity,2022.0,Subaru Telescope,10.77,0.05366,,4.0,0.33,,M4.5 V,3071.0,0.2113,0.1774,5.039,11.2103
SPECULOOS-3 b,SPECULOOS-3,1.0,Transit,2024.0,SPECULOOS Southern Observatory,0.71912603,0.00733,0.977,,,553.0,M6.5+/-0.5,2800.0,0.123,0.1009,5.265,
SR 12 AB c,SR 12 AB,2.0,Imaging,2010.0,Infrared Survey Facility,,,,4131.62,,,,,,,,
SWEEPS-11 b,SWEEPS-11,1.0,Transit,2006.0,Hubble Space Telescope,1.796,0.03,12.666,3082.82,,,,,1.45,1.1,,
SWEEPS-4 b,SWEEPS-4,1.0,Transit,2006.0,Hubble Space Telescope,4.2,0.055,9.079,1207.7,,,,,1.18,1.24,,
TAP 26 b,TAP 26,1.0,Radial Velocity,2017.0,Multiple Facilities,10.79,0.0968,,527.5978,,,,4620.0,1.17,1.04,4.5,121.402
TCP J05074264+2447555 b,TCP J05074264+2447555,1.0,Microlensing,2018.0,Multiple Observatories,,0.6799999999999999,,14.35,,,,,,0.39525,,423.5
TIC 139270665 b,TIC 139270665,1.0,Transit,2024.0,Transiting Exoplanet Survey Satellite (TESS),23.624,0.163,7.22979255,147.15455244,0.105,703.0,G2,5844.0,1.016,1.035,4.439,189.875
TIC 139270665 c,TIC 139270665,1.0,Radial Velocity,2024.0,Lick Observatory,1010.0,2.0,,1554.18091023,0.566,200.0,G2,5844.0,1.016,1.035,4.439,189.875
TIC 172900988 b,TIC 172900988 Aa,2.0,Transit,2021.0,Transiting Exoplanet Survey Satellite (TESS),189.67557142857143,0.8693057142857142,11.235,843.3534247571428,0.06721428571428571,,F9,6050.0,1.3843000000000003,1.2384014285714284,4.248550000000001,250.956
TIC 237913194 b,TIC 237913194,1.0,Transit,2020.0,Transiting Exoplanet Survey Satellite (TESS),15.168865,0.1207,12.520453,617.22586,0.575,974.0,G3,5788.0,1.088,1.026,4.376,306.063
TIC 241249530 b,TIC 241249530,2.0,Transit,2024.0,Transiting Exoplanet Survey Satellite (TESS),165.7719,0.641,13.29385111,1582.78546686,0.9412,,,6166.0,1.397,1.271,4.23,324.448
TIC 257060897 b,TIC 257060897,1.0,Transit,2021.0,Transiting Exoplanet Survey Satellite (TESS),3.6600324633333337,0.05011,16.98160576,207.224121365,0.033,1768.5,F,5993.0,1.8343333333333334,1.2756666666666667,3.972,505.703
TIC 279401253 b,TIC 279401253,1.0,Transit,2023.0,Transiting Exoplanet Survey Satellite (TESS),76.8,0.369,11.2089807,1951.46641898,0.448,,,5951.0,1.06,1.13,4.438,285.584
TIC 279401253 c,TIC 279401253,1.0,Transit,2023.0,Multiple Observatories,155.3,0.591,,2548.98382414,0.254,,,5951.0,1.06,1.13,4.438,285.584
TIC 365102760 b,TIC 365102760,1.0,Transit,2024.0,Transiting Exoplanet Survey Satellite (TESS),4.21285367,0.0622,6.21,19.2,0.406,,,4900.0,3.13,1.17,3.52,555.546
TIC 393818343 b,TIC 393818343,2.0,Transit,2024.0,Transiting Exoplanet Survey Satellite (TESS),16.24921,0.1291,12.18416202,1379.37528638,0.6058,805.5,G0,5756.0,1.086,1.082,4.402,93.7345
TIC 434398831 b,TIC 434398831,1.0,Transit,2025.0,Transiting Exoplanet Survey Satellite (TESS),3.685504,0.04641,3.51,,0.04,1250.0,G4 V,5638.0,0.909,0.992,4.42,217.011
TIC 434398831 c,TIC 434398831,1.0,Transit,2025.0,Transiting Exoplanet Survey Satellite (TESS),6.210291,0.06572,5.63,,0.013,1050.0,G4 V,5638.0,0.909,0.992,4.42,217.011
TIC 46432937 b,TIC 46432937,1.0,Transit,2024.0,Transiting Exoplanet Survey Satellite (TESS),1.44044527,0.02065,13.31626907,1017.0509024,0.009,872.0,,3572.0,0.5299,0.563,4.74,90.5369
TIC 4672985 b,TIC 4672985,1.0,Transit,2024.0,Transiting Exoplanet Survey Satellite (TESS),69.048,0.33,11.5004142,4049.13390518,0.018,517.2,,5757.0,1.15,1.01,4.32,253.385
TIC 88785435 b,TIC 88785435,1.0,Transit,2025.0,Transiting Exoplanet Survey Satellite (TESS),10.508843,0.08432,5.03,,0.131,635.0,K7 V,3998.0,0.911,0.724,4.19,122.386
TOI-1011 b,TOI-1011,1.0,Transit,2025.0,Transiting Exoplanet Survey Satellite (TESS),2.470498,,1.45,4.04,0.0,,,5475.0,0.92,0.91,4.5,52.62
TOI-1052 b,TOI-1052,1.0,Transit,2023.0,Transiting Exoplanet Survey Satellite (TESS),9.139703,0.09103,2.87,16.9,0.18,1135.0,,6146.0,1.264,1.204,4.3,129.804
TOI-1052 c,TOI-1052,1.0,Radial Velocity,2023.0,Multiple Observatories,35.806,0.2263,,34.3,0.237,719.0,,6146.0,1.264,1.204,4.3,129.804
TOI-1062 b,TOI-1062,1.0,Transit,2021.0,Transiting Exoplanet Survey Satellite (TESS),4.11296,0.052,2.265,10.15,0.177,1077.0,G9 V,5328.0,0.84,0.94,4.55,82.1733
TOI-1062 c,TOI-1062,1.0,Radial Velocity,2021.0,La Silla Observatory,7.972,0.08,,9.78,0.14,859.0,G9 V,5328.0,0.84,0.94,4.55,82.1733
TOI-1064 b,TOI-1064,1.0,Transit,2022.0,Transiting Exoplanet Survey Satellite (TESS),6.443868,0.06152,2.587,13.5,0.047,784.0,,4734.0,0.726,0.748,4.6,68.0726
TOI-1064 c,TOI-1064,1.0,Transit,2022.0,Transiting Exoplanet Survey Satellite (TESS),12.226574,0.09429,2.651,2.5,0.088,634.0,,4734.0,0.726,0.748,4.6,68.0726
TOI-1075 b,TOI-1075,1.0,Transit,2022.0,Transiting Exoplanet Survey Satellite (TESS),0.6047328,0.011695,1.7555,9.95,0.0,1329.5,K9 V/M0 V,3898.0,0.5805,0.602,4.69,61.4592
TOI-1107 b,TOI-1107,1.0,Transit,2022.0,Transiting Exoplanet Survey Satellite (TESS),4.0782387,0.0561,14.57167491,1064.72516345,0.025,1728.0,F6 V,6311.0,1.81,1.35,4.05,281.314
TOI-1117 b,TOI-1117,1.0,Transit,2025.0,Transiting Exoplanet Survey Satellite (TESS),2.22816,0.033,2.46,8.9,0.0,1538.0,G5 V,5635.0,1.05,0.97,4.41,167.598
TOI-1117 c,TOI-1117,1.0,Radial Velocity,2025.0,La Silla Observatory,4.579,0.0534,,8.78,0.0,1210.0,G5 V,5635.0,1.05,0.97,4.41,167.598
TOI-1117 d,TOI-1117,1.0,Radial Velocity,2025.0,La Silla Observatory,8.665,0.0817,,10.71,0.0,978.0,G5 V,5635.0,1.05,0.97,4.41,167.598
TOI-1130 b,TOI-1130,1.0,Transit,2020.0,Transiting Exoplanet Survey Satellite (TESS),4.0731355,0.04460333333333333,3.6233333333333335,19.54,0.1365655,755.7233333333334,K7,4302.5,0.6915,0.70625,4.592499999999999,58.2609
TOI-1130 c,TOI-1130,1.0,Transit,2020.0,Transiting Exoplanet Survey Satellite (TESS),8.35020624,0.07199666666666667,14.9867427625,319.88749369749996,0.0453,594.9,K7,4292.0,0.6906000000000001,0.7018000000000001,4.593999999999999,58.26090000000001
TOI-1135 b,TOI-1135,1.0,Transit,2024.0,Transiting Exoplanet Survey Satellite (TESS),8.027729149999999,0.0821687015,9.180425,51.42,0.0,1136.5900000000001,G0,6042.35,1.1549999999999998,1.1405195,4.47,114.048
TOI-1136 b,TOI-1136,1.0,Transit,2022.0,Transiting Exoplanet Survey Satellite (TESS),4.1727533333333335,0.05123,1.9,17.25,0.01933333333333333,1216.0,,5781.666666666667,0.9644333333333334,1.0281333333333333,4.477333333333333,84.5362
TOI-1136 c,TOI-1136,1.0,Transit,2022.0,Transiting Exoplanet Survey Satellite (TESS),6.257183333333333,0.06695000000000001,2.824241385,6.96,0.07566666666666667,1013.6949999999999,,5781.666666666667,0.9644333333333334,1.0281333333333333,4.477333333333333,84.5362
TOI-1136 d,TOI-1136,1.0,Transit,2022.0,Transiting Exoplanet Survey Satellite (TESS),12.519293333333332,0.1066,4.624077115,10.325,0.019333333333333334,804.605,,5781.666666666667,0.9644333333333334,1.0281333333333333,4.477333333333333,84.5362
TOI-1136 e,TOI-1136,1.0,Transit,2022.0,Transiting Exoplanet Survey Satellite (TESS),18.802376666666664,0.14,2.5923350999999997,15.035,0.03316666666666667,703.0550000000001,,5781.666666666667,0.9644333333333334,1.0281333333333333,4.477333333333333,84.5362
TOI-1136 f,TOI-1136,1.0,Transit,2022.0,Transiting Exoplanet Survey Satellite (TESS),26.318340666666668,0.1745,3.80795741,20.85,0.004333333333333334,628.0550000000001,,5781.666666666667,0.9644333333333334,1.0281333333333333,4.477333333333333,84.5362
TOI-1136 g,TOI-1136,1.0,Transit,2022.0,Transiting Exoplanet Survey Satellite (TESS),39.5408,0.2295,2.53,8.899999999999999,0.025333333333333333,574.0,,5781.666666666667,0.9644333333333334,1.0281333333333333,4.477333333333333,84.5362
TOI-1173 b,TOI-1173,2.0,Transit,2024.0,Transiting Exoplanet Survey Satellite (TESS),7.06461,0.0703,9.10470549,27.85,0.0115,868.475,G9,5382.5,0.93505,0.9279999999999999,4.459,132.353
TOI-1174 b,TOI-1174,1.0,Transit,2024.0,Transiting Exoplanet Survey Satellite (TESS),8.9534728415,0.07997,2.5342327,32.0,0.0,713.83,,5094.0,0.76,0.84625,4.573,94.6375
TOI-1180 b,TOI-1180,1.0,Transit,2024.0,Transiting Exoplanet Survey Satellite (TESS),9.686756689,0.0813995,3.054087145,10.0,0.0,638.18,,4771.0,0.7362500000000001,0.76475,4.587,72.0238
TOI-1181 b,TOI-1181,1.0,Transit,2022.0,Transiting Exoplanet Survey Satellite (TESS),2.1031925499999997,0.0364,15.931585329999999,375.58573737,0.0055,1942.12,F9 IV,6030.0,1.9466,1.46235,3.982666666666667,302.819
TOI-1184 b,TOI-1184,1.0,Transit,2024.0,Transiting Exoplanet Survey Satellite (TESS),5.7484329015,0.0560135,2.399871545,6.8,0.0,715.47,,4575.5,0.6936,0.71855,4.612,58.5946
TOI-1194 b,TOI-1194,1.0,Transit,2023.0,Transiting Exoplanet Survey Satellite (TESS),2.3106443,0.034140000000000004,8.65696668,132.464876795,0.038,1327.645,,5420.0,0.9619,0.99525,4.468,149.667
TOI-1199 b,TOI-1199,1.0,Transit,2024.0,Transiting Exoplanet Survey Satellite (TESS),3.671463,0.04988,10.5140239,75.96098927,0.03,1486.0,,5710.0,1.45,1.23,4.19,248.427
TOI-1201 b,TOI-1201,2.0,Transit,2021.0,Transiting Exoplanet Survey Satellite (TESS),2.49197945,0.0287,2.415,6.28,0.0,703.0,M2.0 V,3476.0,0.508,0.512,4.8,37.8871
TOI-1203 b,TOI-1203,1.0,Radial Velocity,2025.0,La Silla Observatory,4.1572888,0.04869,1.52,3.51,0.067,1361.2,G3 V,5737.0,1.179,0.886,4.34,64.9943
TOI-1203 c,TOI-1203,1.0,Radial Velocity,2025.0,La Silla Observatory,13.0766,,,5.46,0.092,,G3 V,5737.0,1.179,0.886,4.34,64.9943
TOI-1203 d,TOI-1203,1.0,Transit,2025.0,Transiting Exoplanet Survey Satellite (TESS),25.502672,0.1632,2.918,7.39,0.032,743.6,G3 V,5737.0,1.179,0.886,4.34,64.9943
TOI-1203 e,TOI-1203,1.0,Radial Velocity,2025.0,La Silla Observatory,204.59,,,42.1,0.152,,G3 V,5737.0,1.179,0.886,4.34,64.9943
TOI-122 b,TOI-122,1.0,Transit,2020.0,Transiting Exoplanet Survey Satellite (TESS),5.078029750000001,0.0392,2.72,,0.0,471.0,M3 V,3403.0,0.334,0.312,4.88,62.118
TOI-1221 b,TOI-1221,1.0,Transit,2023.0,Transiting Exoplanet Survey Satellite (TESS),91.68278,0.387,2.91,1112.3994245,0.21,440.0,,5592.0,1.031,0.93,4.38,138.411
TOI-1224 b,TOI-1224,1.0,Transit,2024.0,Transiting Exoplanet Survey Satellite (TESS),4.1782745,0.0355,2.104,,,541.0,,3326.0,0.404,0.4,,37.3312
TOI-1224 c,TOI-1224,1.0,Transit,2024.0,Transiting Exoplanet Survey Satellite (TESS),17.945466,,2.884,,0.0,,,3326.0,0.404,0.4,,37.3312
TOI-1227 b,TOI-1227,1.0,Transit,2022.0,Transiting Exoplanet Survey Satellite (TESS),27.36397,0.0886,9.57246952,,,,M4.5V-M5V,3072.0,0.56,0.17,,100.641
TOI-1231 b,TOI-1231,1.0,Transit,2021.0,Transiting Exoplanet Survey Satellite (TESS),24.245586,0.1288,3.65,15.4,0.087,329.6,M3 V,3553.0,0.476,0.485,4.767,27.6227
TOI-1235 b,TOI-1235,1.0,Transit,2020.0,Transiting Exoplanet Survey Satellite (TESS),3.4447225,0.038355,1.7073333333333334,6.5,0.0995,764.5,M0.5 V,3934.5,0.6245,0.635,4.643,39.6345
TOI-1238 b,TOI-1238,1.0,Transit,2022.0,Transiting Exoplanet Survey Satellite (TESS),0.764597,0.0139,1.21,3.76,0.25,1133.0,K7/M0,4089.0,0.58,0.59,4.63,70.7145
TOI-1238 c,TOI-1238,1.0,Transit,2022.0,Transiting Exoplanet Survey Satellite (TESS),3.294736,0.037,2.11,8.32,0.15,695.0,K7/M0,4089.0,0.58,0.59,4.63,70.7145
TOI-1244 b,TOI-1244,1.0,Transit,2024.0,Transiting Exoplanet Survey Satellite (TESS),6.400308241499999,0.060847,2.421557195,6.6,0.0,714.86,,4660.5,0.72205,0.7414000000000001,4.595,102.551
TOI-1246 b,TOI-1246,1.0,Transit,2022.0,Transiting Exoplanet Survey Satellite (TESS),4.30744,0.049,3.01,8.1,,955.0,K V,5151.0,0.86,0.87,4.4,169.422
TOI-1246 c,TOI-1246,1.0,Transit,2022.0,Transiting Exoplanet Survey Satellite (TESS),5.9041405000000005,0.061,2.48054923,8.95,0.0,861.245,K V,5182.0,0.8624499999999999,0.8794500000000001,4.455,169.422
TOI-1246 d,TOI-1246,1.0,Transit,2022.0,Transiting Exoplanet Survey Satellite (TESS),18.655386999999997,0.1315,3.470698695,5.35,0.0,586.885,K V,5182.0,0.8624499999999999,0.8794500000000001,4.455,169.422
TOI-1246 e,TOI-1246,1.0,Transit,2022.0,Transiting Exoplanet Survey Satellite (TESS),37.92354,0.2115,3.64709375,14.65,0.0,462.99,K V,5182.0,0.8624499999999999,0.8794500000000001,4.455,169.422
TOI-1248 b,TOI-1248,1.0,Transit,2024.0,Transiting Exoplanet Survey Satellite (TESS),4.3601561,0.051,6.8084859,27.4,0.0,952.09,,5205.0,0.8686,0.9042,4.515,168.735
TOI-1249 b,TOI-1249,1.0,Transit,2024.0,Transiting Exoplanet Survey Satellite (TESS),13.079151,0.109,3.2710301,11.9,0.0,726.89,,5497.0,0.9785,1.0062,4.457,139.49
TOI-125 b,TOI-125,1.0,Transit,2019.0,Transiting Exoplanet Survey Satellite (TESS),4.653164333333333,0.05198,2.7405,9.5,0.19033333333333333,1033.0,K0 V,5294.666666666667,0.8506666666666667,0.867,4.517333333333333,111.05900000000001
TOI-125 c,TOI-125,1.0,Transit,2019.0,Transiting Exoplanet Survey Satellite (TESS),9.151935,0.0816,2.7744999999999997,6.63,0.06566666666666666,824.4,K0 V,5294.666666666667,0.8506666666666667,0.867,4.517333333333333,111.05900000000001
TOI-125 d,TOI-125,1.0,Transit,2020.0,Transiting Exoplanet Survey Satellite (TESS),19.98,0.137,2.93,13.6,0.168,638.1,K0 V,5320.0,0.848,0.859,4.516,111.059
TOI-1259 A b,TOI-1259 A,2.0,Transit,2021.0,Transiting Exoplanet Survey Satellite (TESS),3.47797855,0.0407,11.45557828,140.16232749,0.0,963.0,,4775.0,0.711,0.744,4.605,118.106
TOI-1260 b,TOI-1260,1.0,Transit,2021.0,Transiting Exoplanet Survey Satellite (TESS),3.1274715,0.03665,2.375,8.58,0.0,865.5,K6 V,4227.0,0.672,0.6695,4.57,73.5977
TOI-1260 c,TOI-1260,1.0,Transit,2021.0,Transiting Exoplanet Survey Satellite (TESS),7.4931920000000005,0.06565,2.79,12.5,0.0,647.0,K6 V,4227.0,0.672,0.6695,4.57,73.5977
TOI-1260 d,TOI-1260,1.0,Transit,2022.0,Transiting Exoplanet Survey Satellite (TESS),16.608164,0.1116,3.12,11.84,0.0,499.0,,4227.0,0.672,0.679,4.57,73.5977
TOI-1266 b,TOI-1266,1.0,Transit,2020.0,Transiting Exoplanet Survey Satellite (TESS),10.89476575,0.073475,2.492,9.5225,0.08725,415.75,M2,3588.5,0.4256,0.43875,4.8237499999999995,36.0118
TOI-1266 c,TOI-1266,1.0,Transit,2020.0,Transiting Exoplanet Survey Satellite (TESS),18.8018102,0.1048,1.83575,3.6625,0.11275,347.775,M3,3590.8,0.42447999999999997,0.441,4.829,36.0118
TOI-1266 d,TOI-1266,1.0,Transit Timing Variations,2025.0,Transiting Exoplanet Survey Satellite (TESS),32.4245,0.15065,,4.135,0.1035,292.5,M2,3590.5,0.4296,0.434,4.8095,36.0118
TOI-1268 b,TOI-1268,1.0,Transit,2022.0,Transiting Exoplanet Survey Satellite (TESS),8.157723350000001,0.069075,8.554831435,96.4,0.12125,918.9,K V,5267.75,0.875,0.915,4.5275,109.557
TOI-1269 b,TOI-1269,1.0,Transit,2024.0,Transiting Exoplanet Survey Satellite (TESS),4.2529913,0.0496,2.40144286,6.4,0.0,1004.9,,5499.0,0.8521,0.9027,4.531,172.138
TOI-1272 b,TOI-1272,1.0,Transit,2022.0,Transiting Exoplanet Survey Satellite (TESS),3.31599,0.04145,4.136024535,25.8,0.344,968.0,,5025.0,0.7907,0.8641,4.566,137.572
TOI-1272 c,TOI-1272,1.0,Radial Velocity,2022.0,W. M. Keck Observatory,8.68505,0.07865,,24.2,0.235,697.0,,5025.0,0.7907,0.8641,4.566,137.572
TOI-1273 b,TOI-1273,1.0,Transit,2024.0,Transiting Exoplanet Survey Satellite (TESS),4.631296,0.0549,11.09689089,70.55790635,0.055,1211.0,,5690.0,1.06,1.06,4.37,177.118
TOI-1278 b,TOI-1278,1.0,Transit,2021.0,Transiting Exoplanet Survey Satellite (TESS),14.47567,0.095,12.21778896,5879.8255295,0.013,,M0 V,3799.0,0.573,0.54,4.68,75.5759
TOI-1279 b,TOI-1279,1.0,Transit,2024.0,Transiting Exoplanet Survey Satellite (TESS),9.61419,0.085,2.66146528,10.6,0.0,759.0,,5457.0,0.8426,0.8784,4.529,107.055
TOI-128.01,TOI-128,1.0,Transit,2024.0,Transiting Exoplanet Survey Satellite (TESS),4.9404681,0.05381019,2.21898,,,1344.51,,6086.0,1.13,0.851969,4.26269,68.4727
TOI-1288 b,TOI-1288,1.0,Transit,2022.0,Transiting Exoplanet Survey Satellite (TESS),2.6998809666666665,0.040150000000000005,5.09615517,43.05,0.032,1234.72,G V,5306.666666666667,0.9661500000000001,0.9226000000000001,4.437666666666667,114.865
TOI-1288 c,TOI-1288,1.0,Radial Velocity,2022.0,Multiple Observatories,429.5,1.07,,84.85,0.065,,G V,5306.5,0.9841500000000001,0.9226000000000001,4.346500000000001,114.865
TOI-1294 b,TOI-1294,1.0,Transit,2024.0,Transiting Exoplanet Survey Satellite (TESS),3.915292,0.051,10.12369881,63.9,0.0,1392.74,,5718.0,1.5566,1.1578,4.119,332.648
TOI-1294 c,TOI-1294,1.0,Radial Velocity,2024.0,W. M. Keck Observatory,159.9,0.61,,147.0,0.0,,,5718.0,1.5566,1.1578,4.119,332.648
TOI-1295 b,TOI-1295,1.0,Transit,2024.0,Transiting Exoplanet Survey Satellite (TESS),3.1968838,0.047,15.69257298,451.31633794,0.024,2360.0,F,6280.0,1.7,1.38,4.1,388.227
TOI-1296 b,TOI-1296,1.0,Transit,2021.0,Transiting Exoplanet Survey Satellite (TESS),3.9443726333333333,0.05035,13.9573572,95.00643264499999,0.03666666666666667,1488.42,,5591.0,1.6770333333333334,1.1658666666666666,4.045,323.265
TOI-1298 b,TOI-1298,1.0,Transit,2021.0,Transiting Exoplanet Survey Satellite (TESS),4.537150766666667,0.057999999999999996,9.54241155,106.073456445,0.021333333333333333,1333.0,,5843.333333333333,1.4258666666666666,1.3662333333333334,4.324666666666666,319.036
TOI-1301.01,TOI-1301,1.0,Transit,2024.0,Transiting Exoplanet Survey Satellite (TESS),6.096407209,0.059866,2.477,,,,,4820.0,0.732,0.77,,90.8693
TOI-132 b,TOI-132,1.0,Transit,2020.0,Transiting Exoplanet Survey Satellite (TESS),2.1096977,0.026,3.42,22.4,0.059,1395.0,G8 V,5397.0,0.9,0.97,4.48,163.678
TOI-1333 b,TOI-1333,2.0,Transit,2021.0,Transiting Exoplanet Survey Satellite (TESS),4.720219,0.0626,15.647764,753.2571,0.073,1679.0,,6274.0,1.925,1.464,4.034,200.492
TOI-1338 b,TOI-1338 A,2.0,Transit,2020.0,Transiting Exoplanet Survey Satellite (TESS),95.24936666666667,0.4607,7.2555,22.03333333333333,0.0697,,F8,6050.0,1.3296666666666666,1.1158666666666666,4.0,399.017
TOI-1338 c,TOI-1338 A,2.0,Radial Velocity,2023.0,Multiple Observatories,215.64499999999998,0.794,,70.30000000000001,0.0985,,F8,6050.0,1.329,1.1103,,399.017
TOI-1346 b,TOI-1346,1.0,Transit,2025.0,Transiting Exoplanet Survey Satellite (TESS),1.7622538,,2.39,,,1324.0,,5099.0,0.78,0.82,4.61,115.45
TOI-1346 c,TOI-1346,1.0,Transit,2025.0,Transiting Exoplanet Survey Satellite (TESS),5.502558,,2.23,,,928.0,,5099.0,0.78,0.82,4.61,115.45
TOI-1347 b,TOI-1347,1.0,Transit,2024.0,Transiting Exoplanet Survey Satellite (TESS),0.847423885,0.0171,1.80717347,11.649999999999999,0.0,1549.25,,5478.5,0.83505,0.92045,4.598,147.476
TOI-1347 c,TOI-1347,1.0,Transit,2024.0,Transiting Exoplanet Survey Satellite (TESS),4.841965,0.0546,1.638805605,7.7,0.0,975.04,,5478.5,0.83505,0.92045,4.598,147.476
TOI-1386 b,TOI-1386,1.0,Transit,2024.0,Transiting Exoplanet Survey Satellite (TESS),25.839245,0.17309999999999998,6.134618039999999,46.41930212,0.0305,645.7149999999999,G5V,5764.0,1.01925,1.03715,4.436,146.858
TOI-1386 c,TOI-1386,1.0,Radial Velocity,2024.0,W. M. Keck Observatory,229.8,0.7444999999999999,,86.70448888,0.325,327.4,G5V,5764.0,1.01925,1.03715,4.436,146.858
TOI-139 b,TOI-139,1.0,Transit,2023.0,Transiting Exoplanet Survey Satellite (TESS),11.07085,,2.4566,,,561.17,,4570.0,0.7007,0.69,4.705,42.4061
TOI-1408 b,TOI-1408,1.0,Transit,2023.0,Transiting Exoplanet Survey Satellite (TESS),4.4252905,0.05791,20.906735525000002,565.065003915,0.13065000000000002,,F8 V,6211.5,1.53,1.3215,4.225,139.484
TOI-1408 c,TOI-1408,1.0,Transit Timing Variations,2024.0,Transiting Exoplanet Survey Satellite (TESS),2.1664,0.03587,2.22,7.6,0.1353,,F8 V,6117.0,1.53,1.312,4.1,139.484
TOI-1410 c,TOI-1410,1.0,Radial Velocity,2024.0,W. M. Keck Observatory,47.56,0.239,,27.0,0.0,,,4635.0,0.7558,0.7941,4.579,72.7512
TOI-1410.01,TOI-1410,1.0,Transit,2024.0,Transiting Exoplanet Survey Satellite (TESS),1.2168525,0.020322245500000002,3.0222340450000003,12.5,0.0,1316.415,,4634.8,0.7672745000000001,0.754604,4.544499999999999,72.7512
TOI-1411 b,TOI-1411,1.0,Transit,2022.0,Transiting Exoplanet Survey Satellite (TESS),1.4520442500000001,0.022109999999999998,1.27940296,2.0,0.0,1056.2,,4190.5,0.637,0.5972500000000001,4.6850000000000005,32.4778
TOI-1416 b,TOI-1416,1.0,Transit,2023.0,Transiting Exoplanet Survey Satellite (TESS),1.0697568,0.019,1.62,3.48,0.0,1517.0,G9 V,4884.0,0.793,0.798,4.52,55.0135
TOI-1420 b,TOI-1420,1.0,Transit,2023.0,Transiting Exoplanet Survey Satellite (TESS),6.9561063,0.071,11.89,25.1,0.17,957.0,,5510.0,0.923,0.987,4.502,201.918
TOI-1422 b,TOI-1422,1.0,Transit,2022.0,Transiting Exoplanet Survey Satellite (TESS),12.997613333333334,0.10766666666666667,3.9089385033333333,10.200000000000001,0.08,842.1700000000001,G2 V,5825.5,1.02125,0.9856499999999999,4.411,155.141
TOI-1422 c,TOI-1422,1.0,Radial Velocity,2025.0,Roque de los Muchachos Observatory,34.5633,0.205,2.61,14.0,0.2,628.0,G2 V,,,,,155.141
TOI-1431 b,TOI-1431,1.0,Transit,2021.0,Transiting Exoplanet Survey Satellite (TESS),2.650237,0.046,16.70138124,991.62462984,0.0022,2370.0,Am C,7690.0,1.92,1.9,4.15,148.925
TOI-1437 b,TOI-1437,1.0,Transit,2024.0,Transiting Exoplanet Survey Satellite (TESS),18.840860999999997,0.1395,2.33735521,10.0,0.085,794.23,,5997.0,1.17,1.056,4.2505,103.297
TOI-1438 b,TOI-1438,1.0,Transit,2025.0,Transiting Exoplanet Survey Satellite (TESS),5.13967,0.0553,3.04,9.4,0.0,971.0,K0 V,5230.0,0.82,0.876,4.5,110.513
TOI-1438 c,TOI-1438,1.0,Transit,2025.0,Transiting Exoplanet Survey Satellite (TESS),9.428089,0.083,2.75,10.6,0.0,794.0,K0 V,5230.0,0.82,0.876,4.5,110.513
TOI-1439 b,TOI-1439,1.0,Transit,2024.0,Transiting Exoplanet Survey Satellite (TESS),27.644,0.192,4.2427861,38.5,0.157,748.4,,5841.0,1.6184,1.2313,4.106,230.306
TOI-1442 b,TOI-1442,1.0,Transit,2022.0,Transiting Exoplanet Survey Satellite (TESS),0.4090677,0.0071,1.17,,,1072.0,,3330.0,0.31,0.29,4.92,41.1659
TOI-1443 b,TOI-1443,1.0,Transit,2024.0,Transiting Exoplanet Survey Satellite (TESS),23.540678,0.147,2.30381001,30.0,0.0,520.66,,5224.0,0.7511,0.7663,4.564,85.8034
TOI-1444 b,TOI-1444,1.0,Transit,2021.0,Transiting Exoplanet Survey Satellite (TESS),0.4702709,0.0116,1.41164082,3.5966666666666662,0.0,2130.02,G,5422.333333333333,0.9091666666666667,0.94265,4.462000000000001,125.46300000000001
TOI-1448 b,TOI-1448,1.0,Transit,2024.0,Transiting Exoplanet Survey Satellite (TESS),8.112245,0.0567,2.749,19.5,0.36,426.0,,3412.0,0.38,0.372,4.849,73.3345
TOI-1450 A b,TOI-1450 A,2.0,Transit,2024.0,Transiting Exoplanet Survey Satellite (TESS),2.0439274,,1.13,1.258,,722.0,M3.0 V,3437.0,0.483,0.48,4.76,22.4467
TOI-1450 A c,TOI-1450 A,2.0,Transit,2024.0,Gemini Observatory,5.0688,,,1.527,,533.0,M3.0 V,3437.0,0.483,0.48,4.76,22.4467
TOI-1451 b,TOI-1451,1.0,Transit,2024.0,Transiting Exoplanet Survey Satellite (TESS),16.537944,0.127,2.61143902,15.2,0.0,723.33,,5801.0,1.0162,1.0022,4.424,91.9362
TOI-1452 b,TOI-1452,2.0,Transit,2022.0,Transiting Exoplanet Survey Satellite (TESS),11.06201,0.061,1.672,4.82,0.0,326.0,M4 +/- 0.5 V,3185.0,0.275,0.249,4.95,30.5212
TOI-1453 b,TOI-1453,2.0,Transit,2025.0,Transiting Exoplanet Survey Satellite (TESS),4.3135225,,1.173,2.32,0.0,944.2,,4975.0,0.72,0.715,4.576,78.7415
TOI-1453 c,TOI-1453,2.0,Transit,2025.0,Transiting Exoplanet Survey Satellite (TESS),6.5886982,,2.224,2.95,0.0,819.8,,4975.0,0.72,0.715,4.576,78.7415
TOI-1467 b,TOI-1467,1.0,Transit,2024.0,Transiting Exoplanet Survey Satellite (TESS),5.97142671,0.050415999999999996,1.8096651666666668,9.0,0.0,532.48,,3806.6666666666665,0.4815,0.4935,4.779999999999999,37.4418
TOI-1468 b,TOI-1468,1.0,Transit,2022.0,Transiting Exoplanet Survey Satellite (TESS),1.88051685,0.02107,1.3405,3.125,0.0099,682.85,M3.0 V,3436.0,0.3714,0.34585,4.923,24.7399
TOI-1468 c,TOI-1468,1.0,Transit,2022.0,Transiting Exoplanet Survey Satellite (TESS),15.5324795,0.08608,2.0949999999999998,5.369999999999999,0.111,337.8,M3.0 V,3436.0,0.3714,0.34585,4.923,24.7399
TOI-1470 b,TOI-1470,1.0,Transit,2023.0,Transiting Exoplanet Survey Satellite (TESS),2.527093,0.0285,2.18,7.32,0.3,734.0,M1.5 V,3709.0,0.469,0.471,4.77,51.9503
TOI-1470 c,TOI-1470,1.0,Transit,2023.0,Transiting Exoplanet Survey Satellite (TESS),18.08816,0.106,2.47,7.24,0.5,373.0,M1.5 V,3709.0,0.469,0.471,4.77,51.9503
TOI-1472 b,TOI-1472,1.0,Transit,2024.0,Transiting Exoplanet Survey Satellite (TESS),6.3635978699999995,0.0645,4.108822914999999,17.275,0.0205,851.0699999999999,,5116.5,0.83885,0.8927,4.526,121.84
TOI-1472 c,TOI-1472,1.0,Radial Velocity,2025.0,Multiple Observatories,15.5381747,0.116,3.334,21.13,0.172,662.0,,5100.0,0.84,0.87,4.5,121.84
TOI-1478 b,TOI-1478,1.0,Transit,2021.0,Transiting Exoplanet Survey Satellite (TESS),10.180256033333334,0.08605,11.937574675,275.08116408,0.034333333333333334,918.0,,5597.0,1.048,0.947,4.374,152.892
TOI-150.01,TOI-150,1.0,Transit,2019.0,Transiting Exoplanet Survey Satellite (TESS),5.857416466666667,0.064335,14.7678575,676.9779,0.131,1448.75,F,6087.0,1.5426666666666666,1.2830000000000001,4.144666666666667,336.267
TOI-1516 b,TOI-1516,1.0,Transit,2022.0,Transiting Exoplanet Survey Satellite (TESS),2.056014,,15.24421375,1004.33776612,,,F8 V,6520.0,1.14,1.14,4.25,247.054
TOI-1518 b,TOI-1518,1.0,Transit,2021.0,Multiple Observatories,1.9026087,0.0389,21.01683881,731.0053361,0.01,2492.0,F0,7300.0,1.95,1.79,4.1,225.888
TOI-157 b,TOI-157,1.0,Transit,2020.0,Transiting Exoplanet Survey Satellite (TESS),2.084540506666667,0.03138,14.414774,375.0394,0.0,1588.0,G9 IV,5404.0,1.167,0.948,4.281,355.683
TOI-1601 b,TOI-1601,1.0,Transit,2021.0,Transiting Exoplanet Survey Satellite (TESS),5.3317505,0.06882,14.043487214999999,350.82585,0.018,1556.4850000000001,,5965.0,2.1905,1.51125,3.934,336.608
TOI-163 b,TOI-163,1.0,Transit,2019.0,Transiting Exoplanet Survey Satellite (TESS),4.2312102,0.058,16.690201,387.7526,0.0,1669.0,F,6495.0,1.648,1.4352,4.187,411.719
TOI-1630.01,TOI-1630,1.0,Transit,2024.0,Transiting Exoplanet Survey Satellite (TESS),12.055734733,0.101151,2.417,,,,,5504.0,0.83,0.95,,66.0929
TOI-1634 b,TOI-1634,2.0,Transit,2021.0,Transiting Exoplanet Survey Satellite (TESS),0.9893440333333333,0.015175000000000001,1.7706666666666668,7.54,0.05333333333333334,922.0,M2,3498.0,0.45,0.451,4.802333333333333,35.2736
TOI-1634 c,TOI-1634,2.0,Radial Velocity,2022.0,Multiple Observatories,103.0,,,,0.0,,,3472.0,0.45,0.451,4.787,35.2736
TOI-1648 b,TOI-1648,1.0,Transit,2025.0,Transiting Exoplanet Survey Satellite (TESS),7.331602,0.0694,2.54,7.4,0.178,799.0,,4850.0,0.81,0.83,4.5,69.835
TOI-1659.01,TOI-1659,1.0,Transit,2024.0,Transiting Exoplanet Survey Satellite (TESS),5.877556328,0.065757,2.255,,,,,5977.0,1.006,1.1,,122.494
TOI-1669 b,TOI-1669,1.0,Radial Velocity,2023.0,W. M. Keck Observatory,501.0,1.27,,186.557838605,0.07,,,5519.65,1.0561,0.99335,4.3309999999999995,111.276
TOI-1669 c,TOI-1669,1.0,Transit,2024.0,Transiting Exoplanet Survey Satellite (TESS),2.6800535,0.0376,2.2963977,13.0,0.0,1285.16,,5497.0,1.0561,0.9867,4.382,111.276
TOI-1670 b,TOI-1670,1.0,Transit,2022.0,Transiting Exoplanet Survey Satellite (TESS),10.98462,0.103,2.06,41.31769291,0.59,1062.0,F7 V,6170.0,1.316,1.21,4.29,168.067
TOI-1670 c,TOI-1670,1.0,Transit,2022.0,Transiting Exoplanet Survey Satellite (TESS),40.749952500000006,0.249,10.967987615,191.96835783,0.0785,684.0,F7 V,6250.0,1.312,1.2145000000000001,4.29,168.067
TOI-1680 b,TOI-1680,1.0,Transit,2023.0,Transiting Exoplanet Survey Satellite (TESS),4.8026345,0.03144,1.466,,,404.0,M4.5+/-0.5,3225.0,0.2106,0.1798,5.046,37.2209
TOI-1683.01,TOI-1683,1.0,Transit,2024.0,Transiting Exoplanet Survey Satellite (TESS),3.0575356,0.036507593,2.6382,,,929.25,,4402.0,0.7,0.694661,4.59,51.1884
TOI-1685 b,TOI-1685,1.0,Transit,2021.0,Transiting Exoplanet Survey Satellite (TESS),0.669140035,0.011525666666666665,1.5196666666666667,3.28,0.0,1050.4,M3.0 V,3474.8,0.45883333333333337,0.463,4.789499999999999,37.6153
TOI-169 b,TOI-169,1.0,Transit,2020.0,Transiting Exoplanet Survey Satellite (TESS),2.2554463,0.03524,12.172974,251.40353,0.0,1715.0,G1 V,5880.0,1.288,1.147,4.278,407.84
TOI-1691 b,TOI-1691,1.0,Transit,2024.0,Transiting Exoplanet Survey Satellite (TESS),16.7368944675,0.1276825,3.6125253400000004,14.6,0.0,703.49,,5700.5,1.0045,0.99405,4.409,111.445
TOI-1693 b,TOI-1693,1.0,Transit,2022.0,Transiting Exoplanet Survey Satellite (TESS),1.7666957,0.0226,1.41,,,764.0,,3499.0,0.46,0.49,4.8,30.7947
TOI-1694 b,TOI-1694,1.0,Transit,2023.0,Transiting Exoplanet Survey Satellite (TESS),3.7701453333333332,0.045,5.413575533333334,28.700000000000003,0.0,1039.88,,5086.466666666666,0.8109500000000001,0.846,4.582,124.68
TOI-1694 c,TOI-1694,1.0,Radial Velocity,2023.0,W. M. Keck Observatory,391.15,0.1,,315.35991367500003,0.09,,,5062.2,0.8036,0.8465,4.5440000000000005,124.68
TOI-1695 b,TOI-1695,1.0,Transit,2022.0,Transiting Exoplanet Survey Satellite (TESS),3.13427905,0.033548,1.9649999999999999,5.93,0.0485,644.0,M1 V,3670.0,0.5225,0.5265,4.7225,45.1309
TOI-1696 b,TOI-1696,1.0,Transit,2022.0,Transiting Exoplanet Survey Satellite (TESS),2.5003105,0.0232,3.165,52.7,0.0,511.0,M5V,3176.5,0.28225,0.2625,4.9595,64.9172
TOI-1710 b,TOI-1710,2.0,Transit,2022.0,Transiting Exoplanet Survey Satellite (TESS),24.283396,0.16333333333333333,5.2310505266666665,23.03333333333333,0.11499999999999999,666.495,G5 V,5693.0,0.9627,0.9999333333333333,4.495333333333334,81.2271
TOI-1716.01,TOI-1716,1.0,Transit,2024.0,Transiting Exoplanet Survey Satellite (TESS),8.082376554,0.080496,3.143,,,,,5879.0,1.24,1.07,,104.158
TOI-172 b,TOI-172,1.0,Transit,2019.0,Transiting Exoplanet Survey Satellite (TESS),9.477093,0.0914,10.816685,1722.6386,0.3806,1198.0,,5645.0,1.777,1.128,3.993,342.831
TOI-1723 b,TOI-1723,1.0,Transit,2024.0,Transiting Exoplanet Survey Satellite (TESS),13.7267113215,0.113748,3.3635300949999998,10.4,0.0,782.98,,5760.0,1.08775,1.0389,4.38,100.727
TOI-1728 b,TOI-1728,1.0,Transit,2020.0,Transiting Exoplanet Survey Satellite (TESS),3.4914769999999997,0.0391,5.05,26.78,0.057,767.0,M0,3980.0,0.6243,0.646,4.657,60.798
TOI-1736 b,TOI-1736,1.0,Transit,2023.0,Transiting Exoplanet Survey Satellite (TESS),7.073085,0.07366666666666666,2.8905851166666667,12.333333333333334,0.12333333333333334,1120.5966666666666,,5704.333333333333,1.4043,1.04865,4.246,88.9482
TOI-1736 c,TOI-1736,1.0,Radial Velocity,2023.0,Haute-Provence Observatory,570.8833333333333,1.3736666666666668,,2572.6666666666665,0.3665,261.5,,5704.333333333333,1.4043,1.04865,4.246,88.9482
TOI-1739 b,TOI-1739,1.0,Transit,2024.0,Transiting Exoplanet Survey Satellite (TESS),8.303341703000001,0.07403599999999999,1.8205,,,755.55,,4868.0,0.781,0.785,4.584,70.9819
TOI-1742 b,TOI-1742,1.0,Transit,2024.0,Transiting Exoplanet Survey Satellite (TESS),21.269084,0.154,2.36507598,9.7,0.3,694.09,,5815.0,1.131,1.0861,4.365,72.8871
TOI-1743 b,TOI-1743,1.0,Transit,2025.0,Transiting Exoplanet Survey Satellite (TESS),4.266046,0.03589,1.83,,,485.0,M4 V,3277.0,0.338,0.339,4.909,41.2758
TOI-1744.01,TOI-1744,1.0,Transit,2024.0,Transiting Exoplanet Survey Satellite (TESS),22.341702927,0.164086,2.68,,,,,6179.0,1.14,1.18,,114.39
TOI-1749 b,TOI-1749,1.0,Transit,2021.0,Transiting Exoplanet Survey Satellite (TESS),2.38839,0.0291,1.39,57.0,0.14,831.0,M0 V,3985.0,0.55,0.58,4.7,99.5561
TOI-1749 c,TOI-1749,1.0,Transit,2021.0,Transiting Exoplanet Survey Satellite (TESS),4.4929,0.0443,2.12,14.0,0.019,673.0,M0 V,3985.0,0.55,0.58,4.7,99.5561
TOI-1749 d,TOI-1749,1.0,Transit,2021.0,Transiting Exoplanet Survey Satellite (TESS),9.0497,0.0707,2.52,15.0,0.062,533.0,M0 V,3985.0,0.55,0.58,4.7,99.5561
TOI-1751 b,TOI-1751,1.0,Transit,2024.0,Transiting Exoplanet Survey Satellite (TESS),37.468505,0.2133,2.8603922500000003,17.0,0.1635,651.64,,5983.0,1.3137,0.9191,4.205500000000001,113.335
TOI-1753 b,TOI-1753,1.0,Transit,2024.0,Transiting Exoplanet Survey Satellite (TESS),5.3846104,0.059,2.47852533,16.6,0.0,1005.43,,5621.0,0.9715,0.9483,4.438,226.671
TOI-1758 b,TOI-1758,1.0,Transit,2024.0,Transiting Exoplanet Survey Satellite (TESS),20.705100842500002,0.1397045,3.5886842000000003,6.9,0.0,551.44,,5160.0,0.8127500000000001,0.85265,4.53,96.6215
TOI-1759 b,TOI-1759,1.0,Transit,2022.0,Transiting Exoplanet Survey Satellite (TESS),18.850115000000002,0.11676666666666667,3.106765326666667,10.866666666666667,0.0,421.32,M0.0 V,3989.0,0.6125,0.608,4.607,40.0654
TOI-1768.01,TOI-1768,1.0,Transit,2024.0,Transiting Exoplanet Survey Satellite (TESS),7.337703649,0.076381,3.453,,,,,5994.0,1.1,1.1,,157.597
TOI-1772.01,TOI-1772,1.0,Transit,2024.0,Transiting Exoplanet Survey Satellite (TESS),8.054246874,0.078375,2.905,,,,,5583.0,0.995,0.99,,97.7562
TOI-1775 b,TOI-1775,1.0,Transit,2024.0,Transiting Exoplanet Survey Satellite (TESS),10.2405549,0.08,8.04728896,96.0,0.0,707.89,,5284.0,0.8288,0.9218,4.565,149.234
TOI-1776 b,TOI-1776,1.0,Transit,2024.0,Transiting Exoplanet Survey Satellite (TESS),2.799868,0.0378,1.21612741,1.4,0.0,1269.21,,5785.0,0.9356,0.9196,4.457,44.647
TOI-1777.01,TOI-1777,1.0,Transit,2024.0,Transiting Exoplanet Survey Satellite (TESS),14.650111974,0.119466,2.246,,,,,5859.0,0.98,1.06,,79.7665
TOI-178 b,TOI-178,1.0,Transit,2021.0,Transiting Exoplanet Survey Satellite (TESS),1.91455905,0.02607,1.176,1.23,,1040.0,K,4316.0,0.6565000000000001,0.6485000000000001,4.45,62.699
TOI-178 c,TOI-178,1.0,Transit,2021.0,Transiting Exoplanet Survey Satellite (TESS),3.238468,0.037,1.7115,4.705,0.00032,873.0,K,4316.0,0.6565000000000001,0.6485000000000001,4.45,62.699
TOI-178 d,TOI-178,1.0,Transit,2021.0,Transiting Exoplanet Survey Satellite (TESS),6.5576345,0.0592,2.6334999999999997,4.105,0.0068,690.0,K,4316.0,0.6565000000000001,0.6485000000000001,4.45,62.699
TOI-178 e,TOI-178,1.0,Transit,2021.0,Transiting Exoplanet Survey Satellite (TESS),9.9625305,0.0783,2.254,3.67,0.00038,600.0,K,4316.0,0.6565000000000001,0.6485000000000001,4.45,62.699
TOI-178 f,TOI-178,1.0,Transit,2021.0,Multiple Observatories,15.232632500000001,0.1039,2.352,6.675,0.00045,521.0,K,4316.0,0.6565000000000001,0.6485000000000001,4.45,62.699
TOI-178 g,TOI-178,1.0,Transit,2021.0,Transiting Exoplanet Survey Satellite (TESS),20.713065,0.1275,2.9045,4.17,0.00043,470.0,K,4316.0,0.6565000000000001,0.6485000000000001,4.45,62.699
TOI-1782.01,TOI-1782,1.0,Transit,2024.0,Transiting Exoplanet Survey Satellite (TESS),4.987641028,0.05024,2.368,,,,,4336.0,0.669,0.68,,95.2649
TOI-1782.02,TOI-1782,1.0,Transit,2024.0,Transiting Exoplanet Survey Satellite (TESS),1.829024227,0.025739,1.839,,,,,4336.0,0.669,0.68,,95.2649
TOI-1789 b,TOI-1789,1.0,Transit,2021.0,Transiting Exoplanet Survey Satellite (TESS),3.20869115,0.04882,16.14093221,222.4798849,,1927.0,F,5991.0,2.168,1.507,3.943,229.067
TOI-1794 b,TOI-1794,1.0,Transit,2024.0,Transiting Exoplanet Survey Satellite (TESS),8.765528,0.082,3.29701268,8.7,0.0,992.91,,5631.0,1.3162,0.9698,4.184,155.791
TOI-1798.01,TOI-1798,1.0,Transit,2024.0,Transiting Exoplanet Survey Satellite (TESS),8.0215311655,0.074492,2.416532845,6.5,0.0,734.31,,5135.5,0.78555,0.86215,4.572,113.181
TOI-1798.02,TOI-1798,1.0,Transit,2024.0,Transiting Exoplanet Survey Satellite (TESS),0.43781244066666664,0.01074289,1.4238701233333335,5.6,0.0,2028.96,,5145.400000000001,0.7837000000000001,0.8622713333333333,4.5809999999999995,113.181
TOI-1799 b,TOI-1799,1.0,Transit,2024.0,Transiting Exoplanet Survey Satellite (TESS),7.0901544325,0.071751,1.53219442,4.0,0.0,922.72,,5694.0,0.9553,0.9753000000000001,4.45,62.1274
TOI-1801 b,TOI-1801,2.0,Transit,2023.0,Transiting Exoplanet Survey Satellite (TESS),10.6439275,0.075,2.01980941,10.869,0.0,462.365,M0.5+/-0.5 V,3805.5,0.547,0.5305500000000001,4.75,30.6796
TOI-1803 b,TOI-1803,1.0,Transit,2025.0,Transiting Exoplanet Survey Satellite (TESS),6.293287,0.06,2.99,10.32,0.0,747.0,,4687.0,0.715,0.756,4.62,119.24
TOI-1803 c,TOI-1803,1.0,Transit,2025.0,Transiting Exoplanet Survey Satellite (TESS),12.885779,0.097,4.29,8.0,0.0,588.0,,4687.0,0.715,0.756,4.62,119.24
TOI-1806.01,TOI-1806,1.0,Transit,2024.0,Transiting Exoplanet Survey Satellite (TESS),15.1454693,0.087735044,3.4095367,,,337.47,,3272.0,0.401575,0.392935,4.82521,55.5211
TOI-1807 b,TOI-1807,1.0,Transit,2021.0,Transiting Exoplanet Survey Satellite (TESS),0.5493723233333333,0.010773333333333334,1.37493861,2.505,0.0,1897.05,,4800.333333333333,0.718,0.7716,4.5986666666666665,42.5775
TOI-181 b,TOI-181,1.0,Transit,2023.0,Transiting Exoplanet Survey Satellite (TESS),4.532,0.0539,6.9559,46.1687,0.1543,895.1,K,4994.0,0.745,0.822,4.608,96.2338
TOI-1811 b,TOI-1811,1.0,Transit,2023.0,Transiting Exoplanet Survey Satellite (TESS),3.7130765,0.04389,11.14172682,308.9292116,0.052,962.2,,4766.0,0.769,0.817,4.579,128.23
TOI-1820 b,TOI-1820,1.0,Transit,2022.0,Transiting Exoplanet Survey Satellite (TESS),4.860674,0.061,12.778238,731.0053361,0.043,1375.0,,5734.0,1.51,1.04,4.24,248.504
TOI-1823 b,TOI-1823,1.0,Transit,2024.0,Transiting Exoplanet Survey Satellite (TESS),38.8,0.212,7.5406241,67.4,0.0,423.63,,4927.0,0.8049,0.8414,4.548,71.6456
TOI-1824 b,TOI-1824,1.0,Transit,2024.0,Transiting Exoplanet Survey Satellite (TESS),22.808533,0.151,2.7438269,16.0,0.0,528.67,,5165.0,0.8123,0.8801,4.562,59.4314
TOI-1836 b,TOI-1836,1.0,Transit,2024.0,Transiting Exoplanet Survey Satellite (TESS),20.380827999999998,0.15835,8.282476959999999,30.79915023,0.043333333333333335,927.755,,6271.666666666667,1.6035,1.2793999999999999,4.145666666666666,191.649
TOI-1836 c,TOI-1836,1.0,Transit,2024.0,Transiting Exoplanet Survey Satellite (TESS),1.7727471,0.03089,2.59987579,8.0,0.0,2007.6,,6237.0,1.6454,1.2518,4.098,191.649
TOI-1842 b,TOI-1842,1.0,Transit,2021.0,Transiting Exoplanet Survey Satellite (TESS),9.573939366666666,0.10005,11.962453923333333,72.60089214333334,0.203,1199.55,,6100.666666666667,2.0309999999999997,1.4581,4.021999999999999,223.465
TOI-1846 b,TOI-1846,1.0,Transit,2025.0,Transiting Exoplanet Survey Satellite (TESS),3.9306737,0.03646,1.792,,,568.1,,3568.0,0.397,0.418,4.862,47.2496
TOI-1853 b,TOI-1853,1.0,Transit,2023.0,Transiting Exoplanet Survey Satellite (TESS),1.2436258,0.0213,3.46,73.2,0.03,1479.0,K2.5 V,4985.0,0.808,0.837,4.49,165.105
TOI-1855 b,TOI-1855,1.0,Transit,2024.0,Transiting Exoplanet Survey Satellite (TESS),1.36414864,0.02398,18.49481816,360.09958513,0.033,1701.0,,5359.0,1.041,0.987,4.397,176.833
TOI-1859 b,TOI-1859,1.0,Transit,2023.0,Transiting Exoplanet Survey Satellite (TESS),63.48347,0.337,9.75181321,,0.57,,,6341.0,1.36,1.287,4.285,224.385
TOI-1860 b,TOI-1860,1.0,Transit,2022.0,Transiting Exoplanet Survey Satellite (TESS),1.0662107,0.0204,1.31,,,1885.0,G V,5752.0,0.94,0.99,4.58,45.864
TOI-1883 b,TOI-1883,1.0,Transit,2024.0,Transiting Exoplanet Survey Satellite (TESS),4.50638,0.0468,5.65,,,524.92,M,3477.0,0.494,0.492,4.5,115.369
TOI-1898 b,TOI-1898,1.0,Transit,2024.0,Transiting Exoplanet Survey Satellite (TESS),45.52234,0.269,9.39553231,129.0,0.485,674.54,,6241.0,1.6131,1.2484,4.116,79.6682
TOI-1899 b,TOI-1899,1.0,Transit,2020.0,Transiting Exoplanet Survey Satellite (TESS),29.055156,0.15560000000000002,11.993620445,211.356416345,0.08099999999999999,370.0,M0,3883.5,0.607,0.6295,4.6705,128.438
TOI-1937 A b,TOI-1937 A,2.0,Transit,2023.0,Transiting Exoplanet Survey Satellite (TESS),0.94667944,0.01932,13.97759893,638.83509807,0.0,2097.0,,5814.0,1.08,1.072,4.401,415.135
TOI-198 b,TOI-198,1.0,Transit,2023.0,Transiting Exoplanet Survey Satellite (TESS),10.2152,0.1,1.44,,,368.0,M0 V,3650.0,0.441,0.467,4.75,23.7262
TOI-199 b,TOI-199,1.0,Transit,2023.0,Transiting Exoplanet Survey Satellite (TESS),104.854,0.4254,9.07927437,54.03082919,0.09,,G9 V,5255.0,0.82,0.936,4.582,102.27
TOI-199 c,TOI-199,1.0,Transit Timing Variations,2023.0,Multiple Observatories,273.69,0.807,,88.99195396,0.096,,G9 V,5255.0,0.82,0.936,4.582,102.27
TOI-1994 b,TOI-1994,1.0,Transit,2024.0,Transiting Exoplanet Survey Satellite (TESS),4.0337142,0.0613,13.67495645,7024.0077947,0.341,2290.0,,7700.0,2.3,1.86,3.982,515.603
TOI-2000 b,TOI-2000,1.0,Transit,2023.0,Transiting Exoplanet Survey Satellite (TESS),3.09833,0.04271,2.7,11.0,0.0,1488.0,,5611.0,1.134,1.082,4.363,175.713
TOI-2000 c,TOI-2000,1.0,Transit,2023.0,Transiting Exoplanet Survey Satellite (TESS),9.127055,0.0878,8.14,81.7,0.063,1038.0,,5611.0,1.134,1.082,4.363,175.713
TOI-2005 b,TOI-2005,1.0,Transit,2025.0,Transiting Exoplanet Survey Satellite (TESS),17.305904,0.16,11.99360935,2034.1018048,0.597,,,7130.0,2.02,1.59,3.946,328.475
TOI-201 b,TOI-201,1.0,Transit,2021.0,Transiting Exoplanet Survey Satellite (TESS),52.978107666666666,0.3013,11.56207332,158.91453803,0.2926666666666667,759.0,F6 V,6394.0,1.3243333333333334,1.316,4.318,113.825
TOI-201 c,TOI-201,1.0,Transit Timing Variations,2025.0,Transiting Exoplanet Survey Satellite (TESS),2800.0,4.28,11.13051784,4513.1633794,0.643,,F6 V,,1.339,1.316,,113.825
TOI-2010 b,TOI-2010,1.0,Transit,2023.0,Transiting Exoplanet Survey Satellite (TESS),141.834025,0.5516,11.81426566,408.7273314,0.212,400.2,F0,5929.0,1.079,1.112,4.417,109.19
TOI-2015 b,TOI-2015,1.0,Transit,2023.0,Transiting Exoplanet Survey Satellite (TESS),3.3486025,0.029711,3.3495,12.799999999999999,0.03945,521.45,M4,3245.5,0.33015,0.32305,4.995,47.3444
TOI-2015 c,TOI-2015,1.0,Transit Timing Variations,2025.0,Multiple Observatories,5.582796,0.041232,,8.91,0.00033,448.0,M4 +/- 0.5,3297.0,0.3273,0.3041,5.04,47.3444
TOI-2018 b,TOI-2018,1.0,Transit,2023.0,Transiting Exoplanet Survey Satellite (TESS),7.435583,,2.268,9.2,0.0,,K V,4174.0,0.62,0.57,4.62,27.9956
TOI-2019 b,TOI-2019,1.0,Transit,2024.0,Transiting Exoplanet Survey Satellite (TESS),15.3444,0.128,5.33275337,34.4,0.0,917.46,,5626.0,1.7457,1.1832,4.025,198.007
TOI-2025 b,TOI-2025,1.0,Transit,2022.0,Transiting Exoplanet Survey Satellite (TESS),8.8720881,0.0906,12.20657998,1271.3136279999999,0.402,1166.5,,5928.5,1.459,1.2595,4.1785,335.985
TOI-2031 A b,TOI-2031 A,2.0,Transit,2025.0,Transiting Exoplanet Survey Satellite (TESS),5.71548654,0.066,14.20177855,254.2627256,0.076,1358.0,,6490.0,1.241,1.174,4.32,276.105
TOI-2046 b,TOI-2046,1.0,Transit,2022.0,Transiting Exoplanet Survey Satellite (TESS),1.4971842,,16.14093221,731.0053361,,,F8 V,6250.0,1.21,1.13,4.3,289.668
TOI-2048 b,TOI-2048,1.0,Transit,2022.0,Transiting Exoplanet Survey Satellite (TESS),13.79019,,2.61,,0.13,,G V,5185.0,0.79,0.83,,116.567
TOI-206 b,TOI-206,1.0,Transit,2022.0,Transiting Exoplanet Survey Satellite (TESS),0.7363104,0.0112,1.3,,,910.0,,3383.0,0.35,0.35,4.89,47.7465
TOI-2068 b,TOI-2068,1.0,Transit,2024.0,Transiting Exoplanet Survey Satellite (TESS),7.768915,0.0632,1.821,,,520.62,,3710.0,0.535,0.559,4.729,52.9328
TOI-2076 b,TOI-2076,1.0,Transit,2021.0,Transiting Exoplanet Survey Satellite (TESS),10.355314,0.0731,2.544656385,16.1,0.0,773.17,K,5193.4,0.7671,0.859675,4.5668,41.9091
TOI-2076 c,TOI-2076,1.0,Transit,2021.0,Transiting Exoplanet Survey Satellite (TESS),21.0153535,0.11326666666666667,3.52380529,55.0,0.0,635.5533333333333,K,5193.0,0.7760666666666666,0.85285,4.540333333333334,41.9091
TOI-2076 d,TOI-2076,1.0,Transit,2021.0,Transiting Exoplanet Survey Satellite (TESS),35.125528,0.15556666666666666,3.2742925033333337,29.0,0.0,545.36,K,5193.0,0.7760666666666666,0.85285,4.540333333333334,41.9091
TOI-2076 e,TOI-2076,1.0,Transit,2025.0,Transiting Exoplanet Survey Satellite (TESS),3.0223445,0.0385,1.355,,,1138.0,,5192.0,0.796,0.8557,,41.9091
TOI-2081 b,TOI-2081,1.0,Transit,2022.0,Transiting Exoplanet Survey Satellite (TESS),10.50534,0.0752,2.04,,,488.0,M1.0,3800.0,0.534,0.54,4.5,62.3446
TOI-2084 b,TOI-2084,2.0,Transit,2023.0,Transiting Exoplanet Survey Satellite (TESS),6.0784247,0.05006,2.47,,,527.0,M2+/-0.5,3551.0,0.475,0.453,4.75,114.549
TOI-2088 b,TOI-2088,1.0,Transit,2024.0,Transiting Exoplanet Survey Satellite (TESS),124.72997,0.472,3.6831179,37.0,0.0,300.33,,5081.0,0.8481,0.9027,4.533,126.46
TOI-2093 b,TOI-2093,1.0,Radial Velocity,2025.0,Calar Alto Observatory,12.836,0.097,,10.6,0.0,535.0,K5 V,4426.0,0.729,0.745,4.87,82.7982
TOI-2093 c,TOI-2093,1.0,Transit,2025.0,Transiting Exoplanet Survey Satellite (TESS),53.81149,0.257,2.3,15.8,0.0,329.0,K5 V,4426.0,0.729,0.745,4.87,82.7982
TOI-2095 b,TOI-2095,1.0,Transit,2023.0,Transiting Exoplanet Survey Satellite (TESS),17.664856,0.101,1.275,4.1,0.06,347.0,M0.5-1.0 V,3710.5,0.4465,0.4525,5.11,41.9176
TOI-2095 c,TOI-2095,1.0,Transit,2023.0,Transiting Exoplanet Survey Satellite (TESS),28.17226,0.1375,1.3599999999999999,7.4,0.065,297.0,M0.5-1.0 V,3710.5,0.4465,0.4525,5.11,41.9176
TOI-2096 b,TOI-2096,1.0,Transit,2023.0,Transiting Exoplanet Survey Satellite (TESS),3.1190633,0.025,1.243,,0.15,445.0,M4,3300.0,0.235,0.231,5.05,48.4809
TOI-2096 c,TOI-2096,1.0,Transit,2023.0,Transiting Exoplanet Survey Satellite (TESS),6.38784,0.04,1.914,,0.1,349.0,M4,3300.0,0.235,0.231,5.05,48.4809
TOI-2107 b,TOI-2107,1.0,Transit,2024.0,Transiting Exoplanet Survey Satellite (TESS),2.4545467,0.03515,13.57407563,263.79757781,0.033,1397.0,,5627.0,0.932,0.961,4.484,236.705
TOI-2109 b,TOI-2109,1.0,Transit,2021.0,Transiting Exoplanet Survey Satellite (TESS),0.67247414,0.01791,15.098497,1595.49860314,,3646.0,F,6540.0,1.698,1.453,4.139,262.041
TOI-2120 b,TOI-2120,1.0,Transit,2024.0,Transiting Exoplanet Survey Satellite (TESS),5.7998164,0.0377,2.122,6.8,0.32,384.0,,3131.0,0.245,0.211,4.985,32.1755
TOI-2128 b,TOI-2128,1.0,Transit,2024.0,Transiting Exoplanet Survey Satellite (TESS),16.34136,0.127,2.08874836,4.5,0.0,780.53,,5968.0,1.1174,1.0251,4.349,36.578
TOI-2134 b,TOI-2134,1.0,Transit,2023.0,Transiting Exoplanet Survey Satellite (TESS),9.2292005,0.078,2.69,9.13,0.06,666.0,K5 V,4580.0,0.709,0.744,4.8,22.6202
TOI-2134 c,TOI-2134,1.0,Transit,2023.0,Transiting Exoplanet Survey Satellite (TESS),95.5,0.371,7.27,41.89,0.67,306.0,K5 V,4580.0,0.709,0.744,4.8,22.6202
TOI-2136 b,TOI-2136,1.0,Transit,2022.0,Transiting Exoplanet Survey Satellite (TESS),7.851921,0.054766666666666665,2.16,8.69,0.023333333333333334,392.0,M4.5 V,3360.3333333333335,0.33966666666666673,0.3357333333333334,4.903666666666667,33.3631
TOI-2141 b,TOI-2141,1.0,Transit,2023.0,Transiting Exoplanet Survey Satellite (TESS),18.261589,0.1326,3.0984999999999996,22.05,0.21,725.0,,5647.0,0.95,0.9179999999999999,4.41,77.682
TOI-2141 c,TOI-2141,1.0,Radial Velocity,2025.0,Roque de los Muchachos Observatory,5.4624,0.0585,,6.14,,1095.0,,5635.0,0.95,0.896,4.4,77.682
TOI-2141 d,TOI-2141,1.0,Radial Velocity,2025.0,Roque de los Muchachos Observatory,60.45,0.2906,,14.9,,491.4,,5635.0,0.95,0.896,4.4,77.682
TOI-2145 b,TOI-2145,1.0,Transit,2023.0,Transiting Exoplanet Survey Satellite (TESS),10.2609385,0.1109,12.20069868,1719.38871041,0.209,1423.7150000000001,,6188.5,2.74975,1.71845,3.7915,224.731
TOI-2152 A b,TOI-2152,3.0,Transit,2023.0,Transiting Exoplanet Survey Satellite (TESS),3.3773512,0.05064,14.35870428,899.45439181,0.057,1802.0,F4 V,6630.0,1.612,1.516,4.205,303.006
TOI-2154 b,TOI-2154,1.0,Transit,2023.0,Transiting Exoplanet Survey Satellite (TESS),3.8240801,0.0513,16.28664896,292.40213444,0.117,1580.0,,6280.0,1.396,1.233,4.239,296.46
TOI-2158 b,TOI-2158,1.0,Transit,2022.0,Transiting Exoplanet Survey Satellite (TESS),8.60077,0.075,10.76062147,260.61929374,0.07,1188.0,,5673.0,1.41,1.12,4.19,198.473
TOI-216.01,TOI-216,1.0,Transit,2019.0,Transiting Exoplanet Survey Satellite (TESS),34.52960933333333,0.2069,10.695,188.99195396,0.016800000000000002,497.0,,5026.0,0.8079999999999999,0.8393333333333333,4.66,177.94500000000002
TOI-216.02,TOI-216,1.0,Transit,2019.0,Transiting Exoplanet Survey Satellite (TESS),17.15091,0.1293,7.845000000000001,24.375938005000002,0.14600000000000002,628.0,,5026.0,0.8079999999999999,0.8393333333333333,4.66,177.94500000000002
TOI-2169 A b,TOI-2169 A,2.0,Transit,2025.0,Transiting Exoplanet Survey Satellite (TESS),8.2148282,0.0896,12.50922246,329.58805806,0.045,1364.0,,6270.0,1.82,1.42,4.069,351.487
TOI-2180 b,TOI-2180,1.0,Transit,2022.0,Transiting Exoplanet Survey Satellite (TESS),260.37274666666667,0.828,11.32107051,875.61726129,0.3683,348.0,G5,5695.0,1.636,1.111,4.057,116.685
TOI-2184 b,TOI-2184,1.0,Transit,2022.0,Transiting Exoplanet Survey Satellite (TESS),6.90683,,11.39953337,206.58846455,0.08,,,5966.0,2.9,1.53,3.7,788.317
TOI-2193 A b,TOI-2193 A,2.0,Transit,2022.0,Transiting Exoplanet Survey Satellite (TESS),2.1225735,0.03319,19.83989584,298.75870258,0.0,1763.0,,5966.0,1.248,1.082,4.278,337.064
TOI-2194 b,TOI-2194,1.0,Transit,2023.0,Transiting Exoplanet Survey Satellite (TESS),15.337597,,1.9892,,,590.88,,4756.0,0.6909,0.74,4.698,19.5711
TOI-2196 b,TOI-2196,1.0,Transit,2022.0,Transiting Exoplanet Survey Satellite (TESS),1.1947268,0.02234,3.51,26.0,0.0,1860.0,G V,5634.0,1.043,1.032,4.42,259.947
TOI-220 b,TOI-220,1.0,Transit,2021.0,Transiting Exoplanet Survey Satellite (TESS),10.695264,0.08911,3.03,13.8,0.032,805.0,K0 V,5298.0,0.858,0.825,4.37,90.7402
TOI-2202 b,TOI-2202,1.0,Transit,2021.0,Transiting Exoplanet Survey Satellite (TESS),11.91135375,0.09564,11.136122324999999,299.07653099000004,0.032,,K8 V,5156.5,0.808,0.832,4.5489999999999995,235.933
TOI-2202 c,TOI-2202,1.0,Transit Timing Variations,2021.0,Multiple Observatories,24.6744,0.15544,,117.27868218,0.0622,,K8 V,5144.0,0.794,0.823,4.55,235.933
TOI-2207 b,TOI-2207,1.0,Transit,2022.0,Transiting Exoplanet Survey Satellite (TESS),8.001968,0.0854,11.1529358,203.41018048,0.174,1259.0,,6101.0,1.564,1.296,4.161,373.345
TOI-2211.01,TOI-2211,1.0,Transit,2024.0,Transiting Exoplanet Survey Satellite (TESS),3.092686757,0.04011,1.561,,,,,5253.0,0.834,0.9,,70.2932
TOI-2236 b,TOI-2236,1.0,Transit,2022.0,Transiting Exoplanet Survey Satellite (TESS),3.5315902,0.05009,14.36991326,502.16888306,0.0,1688.0,,6248.0,1.573,1.343,4.172,355.59
TOI-2257 b,TOI-2257,1.0,Transit,2021.0,Transiting Exoplanet Survey Satellite (TESS),35.189346,0.145,2.194,,0.496,256.0,M3,3430.0,0.313,0.328,4.971,57.7911
TOI-2260 b,TOI-2260,1.0,Transit,2022.0,Transiting Exoplanet Survey Satellite (TESS),0.3524728,0.0097,1.62,,,2609.0,G V,5534.0,0.94,0.99,4.62,101.251
TOI-2266 b,TOI-2266,1.0,Transit,2024.0,Transiting Exoplanet Survey Satellite (TESS),2.326318,0.02,1.54,,,550.0,M5.0+0.5-0.5,3200.0,0.24,0.23,,51.6004
TOI-2274 b,TOI-2274,1.0,Transit,2024.0,Transiting Exoplanet Survey Satellite (TESS),2.67963,0.05,2.45,,,771.46,M,3943.0,0.631,0.612,4.5,48.876
TOI-2285 b,TOI-2285,1.0,Transit,2021.0,Transiting Exoplanet Survey Satellite (TESS),20.452329499999998,0.1363,1.755,19.5,0.3,321.0,,3491.0,0.464,0.454,,42.409
TOI-2295 b,TOI-2295,1.0,Transit,2024.0,Transiting Exoplanet Survey Satellite (TESS),30.033302,0.1992,16.47720163,278.09985612,0.334,747.0,,5730.0,1.459,1.168,4.176,126.279
TOI-2295 c,TOI-2295,1.0,Radial Velocity,2024.0,Haute-Provence Observatory,966.5,2.018,,1783.01736327,0.194,234.9,,5730.0,1.459,1.168,4.176,126.279
TOI-2322 b,TOI-2322,1.0,Transit,2025.0,Transiting Exoplanet Survey Satellite (TESS),11.30717,0.0924,0.994,2.31,0.0,603.1,K4,4664.0,0.662,0.703,4.57,59.861
TOI-2322 c,TOI-2322,1.0,Transit,2025.0,Transiting Exoplanet Survey Satellite (TESS),20.225528,0.1362,1.874,18.1,0.0,496.8,K4,4664.0,0.662,0.703,4.57,59.861
TOI-2328 b,TOI-2328,1.0,Transit,2025.0,Transiting Exoplanet Survey Satellite (TESS),17.10197,0.127,9.97599282,50.85254512,0.057,842.0,,5525.0,0.9,0.95,4.505,231.782
TOI-2337 b,TOI-2337,1.0,Transit,2022.0,Transiting Exoplanet Survey Satellite (TESS),2.99432,,10.08808263,508.5254512,0.019,,,4780.0,3.22,1.325,3.5,536.046
TOI-2338 b,TOI-2338,1.0,Transit,2023.0,Transiting Exoplanet Survey Satellite (TESS),22.65398,0.158,11.2089807,1900.61387386,0.676,799.0,,5581.0,1.05,0.99,4.4,313.996
TOI-2345 b,TOI-2345,1.0,Transit,2025.0,Transiting Exoplanet Survey Satellite (TESS),1.0528573,0.01705,1.504,3.49,,1478.0,K,4687.0,0.729,0.727,4.57,81.6541
TOI-2345 c,TOI-2345,1.0,Transit,2025.0,Transiting Exoplanet Survey Satellite (TESS),21.064302,0.1257,2.451,7.27,,544.0,K,4687.0,0.729,0.727,4.57,81.6541
TOI-2346 b,TOI-2346,1.0,Transit,2025.0,Transiting Exoplanet Survey Satellite (TESS),3.3312029,0.0473,16.11851425,394.10722468,0.086,1689.0,,6480.0,1.38,1.271,4.265,437.484
TOI-2364 b,TOI-2364,1.0,Transit,2023.0,Transiting Exoplanet Survey Satellite (TESS),4.0197517,0.04871,8.60849718,71.51139158,0.0,1091.0,,5306.0,0.886,0.954,4.524,219.614
TOI-2368 b,TOI-2368,1.0,Transit,2024.0,Transiting Exoplanet Survey Satellite (TESS),5.1750073,0.05649,10.83908434,206.58846455,0.061,1000.0,,5360.0,0.846,0.897,4.538,210.915
TOI-237 b,TOI-237,1.0,Transit,2020.0,Transiting Exoplanet Survey Satellite (TESS),5.4361225,0.0341,1.44,,0.0,388.0,M4.5 V,3212.0,0.211,0.179,5.04,38.0749
TOI-2373 b,TOI-2373,1.0,Transit,2023.0,Transiting Exoplanet Survey Satellite (TESS),13.33668,0.112,10.42435205,2955.8041851,0.112,860.0,,5651.0,1.102,1.041,4.371,508.686
TOI-2374 b,TOI-2374,1.0,Transit,2024.0,Transiting Exoplanet Survey Satellite (TESS),4.31361,0.0471,6.81,56.64,0.13,885.0,,4802.0,0.69,0.75,4.14,134.655
TOI-2379 b,TOI-2379,1.0,Transit,2024.0,Transiting Exoplanet Survey Satellite (TESS),5.4693827,0.05263,11.72459381,1830.69162432,0.342,624.0,,3707.0,0.622,0.645,4.653,211.247
TOI-238 b,TOI-238,1.0,Transit,2024.0,Transiting Exoplanet Survey Satellite (TESS),1.2731040333333334,0.02119333333333333,1.5243333333333335,3.385,0.18,1381.87,K2 V,5066.0,0.753,0.7863333333333333,4.580333333333333,80.5407
TOI-238 c,TOI-238,1.0,Radial Velocity,2024.0,Multiple Observatories,8.465651,0.0749,2.18,6.7,0.36,696.0,K2V,5059.0,0.733,0.79,4.577,80.5407
TOI-2382 b,TOI-2382,1.0,Transit,2025.0,Transiting Exoplanet Survey Satellite (TESS),4.6612061,0.059,12.25141591,235.19302118,0.18,1426.0,,6033.0,1.417,1.26,4.235,434.92
TOI-2384 b,TOI-2384,1.0,Transit,2024.0,Transiting Exoplanet Survey Satellite (TESS),2.13570304,0.02793,11.48920522,624.85064816,0.0,889.7,,3943.0,0.6113,0.635,4.66,191.51
TOI-2406 b,TOI-2406,1.0,Transit,2021.0,Transiting Exoplanet Survey Satellite (TESS),3.0766893499999997,0.022735,2.9,15.6,0.21500000000000002,448.0,M4 V,3100.0,0.204,0.164,5.039,55.419
TOI-2407 b,TOI-2407,1.0,Transit,2025.0,Transiting Exoplanet Survey Satellite (TESS),2.702969,0.033,4.26,,0.08,705.0,,3530.0,0.567,0.548,,92.4366
TOI-2411 b,TOI-2411,1.0,Transit,2022.0,Transiting Exoplanet Survey Satellite (TESS),0.7826942,0.0144,1.68,,,1355.0,,4099.0,0.68,0.65,4.59,59.5362
TOI-2416 b,TOI-2416,1.0,Transit,2023.0,Transiting Exoplanet Survey Satellite (TESS),8.275479,0.0831,9.86390302,953.485221,0.32,1080.0,,5808.0,1.236,1.118,4.303,557.733
TOI-2420 b,TOI-2420,1.0,Transit,2024.0,Transiting Exoplanet Survey Satellite (TESS),5.842641,0.0684,15.02003414,294.62693329,0.055,1571.6,,,2.369,1.158,,435.174
TOI-2421 b,TOI-2421,1.0,Transit,2022.0,Transiting Exoplanet Survey Satellite (TESS),4.3474032,0.0543,10.36830715,105.83685953,0.0,1534.0,,5607.0,1.75,1.131,4.005,327.927
TOI-2427 b,TOI-2427,1.0,Transit,2022.0,Transiting Exoplanet Survey Satellite (TESS),1.3060011,0.0202,1.8,,,1117.0,,4072.0,0.65,0.64,4.62,28.5147
TOI-244 b,TOI-244,1.0,Transit,2023.0,Transiting Exoplanet Survey Satellite (TESS),7.3972425,0.06445,1.275,2.68,,422.5,M2,3441.5,0.426,0.426,4.705,22.0337
TOI-2443 b,TOI-2443,1.0,Transit,2023.0,Transiting Exoplanet Survey Satellite (TESS),15.669037,0.105,2.56805,4.8,0.301,559.915,K5 V,4366.0,0.68155,0.651,4.5645,23.9258
TOI-2445 b,TOI-2445,1.0,Transit,2022.0,Transiting Exoplanet Survey Satellite (TESS),0.3711281,0.0064,1.25,,,1060.0,,3333.0,0.27,0.25,4.97,48.582
TOI-2447 b,TOI-2447,1.0,Transit,2024.0,Transiting Exoplanet Survey Satellite (TESS),69.33684,0.347,9.60609646,124.90656395,0.17,414.0,,5730.0,1.006,1.034,4.3,148.987
TOI-2449 b,TOI-2449,1.0,Transit,2025.0,Transiting Exoplanet Survey Satellite (TESS),106.14468,0.45,11.24,222.0,0.098,400.0,G,6021.0,1.065,1.079,4.4,156.786
TOI-2458 b,TOI-2458,1.0,Transit,2024.0,Transiting Exoplanet Survey Satellite (TESS),3.73659,0.0482,2.83,13.31,0.087,1509.4,F9-F9.5,6005.0,1.31,1.05,4.2,112.958
TOI-2458 c,TOI-2458,1.0,Radial Velocity,2024.0,La Silla Observatory,16.553,0.129,,10.22,0.29,,F9-F9.5,6005.0,1.31,1.05,4.2,112.958
TOI-2459 b,TOI-2459,1.0,Transit,2023.0,Transiting Exoplanet Survey Satellite (TESS),19.104718,,2.9531,,,445.01,,4195.0,0.6751,0.66,4.599,36.6113
TOI-2485 b,TOI-2485,1.0,Transit,2024.0,Transiting Exoplanet Survey Satellite (TESS),11.23479,0.1093,12.1393261,766.60211768,0.0341,1134.0,,,1.72,1.163,,397.953
TOI-2497 b,TOI-2497,1.0,Transit,2023.0,Transiting Exoplanet Survey Satellite (TESS),10.655669,0.1166,11.14172682,1531.93292174,0.195,1595.0,,7360.0,2.36,1.859,3.962,285.289
TOI-2498 b,TOI-2498,1.0,Transit,2023.0,Transiting Exoplanet Survey Satellite (TESS),3.738252,0.0491,6.06,34.62,0.089,1443.0,,5905.0,1.26,1.12,4.297,275.265
TOI-251 b,TOI-251,1.0,Transit,2021.0,Transiting Exoplanet Survey Satellite (TESS),4.9377477,0.05741,2.74,317.83,0.0,,,5875.0,0.881,1.036,4.56,99.523
TOI-2524 b,TOI-2524,1.0,Transit,2023.0,Transiting Exoplanet Survey Satellite (TESS),7.18585,0.073,11.2089807,203.41018048,0.0,1100.0,,5831.0,1.119,1.007,4.344,438.842
TOI-2525 b,TOI-2525,1.0,Transit,2023.0,Transiting Exoplanet Survey Satellite (TESS),23.2856,0.1511,8.67575106,26.69758619,0.17,,K8 V,5096.0,0.785,0.849,4.58,395.398
TOI-2525 c,TOI-2525,1.0,Transit,2023.0,Transiting Exoplanet Survey Satellite (TESS),49.2519,0.249,10.13291855,208.8132634,0.157,,K8 V,5096.0,0.785,0.849,4.58,395.398
TOI-2529 b,TOI-2529,1.0,Transit,2024.0,Transiting Exoplanet Survey Satellite (TESS),64.5949,0.327,11.54525012,743.71847238,0.021,636.0,,5802.0,1.7,1.11,4.03,296.271
TOI-2537 b,TOI-2537,1.0,Transit,2024.0,Transiting Exoplanet Survey Satellite (TESS),94.1022,0.3715,11.25381662,415.40172795,0.364,338.0,,4870.0,0.771,0.771,4.551,184.986
TOI-2537 c,TOI-2537,1.0,Radial Velocity,2024.0,Multiple Observatories,1920.0,2.78,,2297.89938261,0.287,123.1,,4870.0,0.771,0.771,4.551,184.986
TOI-2545 b,TOI-2545,1.0,Transit,2022.0,Transiting Exoplanet Survey Satellite (TESS),7.994037,,2.75,,,,,5846.29,1.25324,1.055,4.26525,107.118
TOI-2567 b,TOI-2567,1.0,Transit,2022.0,Transiting Exoplanet Survey Satellite (TESS),5.983944,0.0672,10.92875618,63.88350981,0.0,1352.0,,5611.0,1.686,1.13,4.044,504.775
TOI-257 b,TOI-257,1.0,Transit,2021.0,Transiting Exoplanet Survey Satellite (TESS),18.387932999999997,0.1528,7.16253867,43.86032017,0.0,1027.0,,6095.0,1.867,1.407,4.044,76.9028
TOI-2570 b,TOI-2570,1.0,Transit,2022.0,Transiting Exoplanet Survey Satellite (TESS),2.9887615,0.04145,13.64132951,260.61929374,0.0,1431.0,,5771.0,1.095,1.063,4.385,361.857
TOI-2580 b,TOI-2580,1.0,Transit,2024.0,Transiting Exoplanet Survey Satellite (TESS),3.39775,0.048,17.37392009,200.23189641,0.08,2410.0,F,6120.0,1.81,1.33,4.15,379.253
TOI-2583 A b,TOI-2583 A,2.0,Transit,2023.0,Transiting Exoplanet Survey Satellite (TESS),4.5207265,0.0571,14.4595851,79.45710175,0.0,1456.0,,5936.0,1.477,1.215,4.184,566.189
TOI-2587 A b,TOI-2587 A,2.0,Transit,2023.0,Transiting Exoplanet Survey Satellite (TESS),5.45664,0.0635,12.07207221,69.28659273,0.0,1445.0,,5760.0,1.726,1.15,4.024,373.675
TOI-2589 b,TOI-2589,1.0,Transit,2023.0,Transiting Exoplanet Survey Satellite (TESS),61.6277,0.3,12.10569916,1112.3994245,0.522,592.0,,5579.0,1.07,0.93,4.35,200.273
TOI-260 b,TOI-260,1.0,Transit,2024.0,Transiting Exoplanet Survey Satellite (TESS),13.475834,0.09265,1.59145798,3.765,0.0,465.79499999999996,K8 V,4038.0,0.607,0.5822499999999999,4.575,20.1852
TOI-261.01,TOI-261,1.0,Transit,2024.0,Transiting Exoplanet Survey Satellite (TESS),3.3639254,0.034792189,3.0449863,,,1722.49,,5890.3,1.28018,0.496728,3.92,114.495
TOI-262 b,TOI-262,1.0,Transit,2023.0,Transiting Exoplanet Survey Satellite (TESS),11.14529,0.163,2.07,,,584.0,K0 V,5310.0,0.853,0.913,4.54,43.932
TOI-2641 b,TOI-2641,1.0,Transit,2023.0,Transiting Exoplanet Survey Satellite (TESS),4.880974,0.0607,18.10250383,122.6817651,0.18,1387.0,F9 V,6100.0,1.336,1.16,4.2,344.045
TOI-2669 b,TOI-2669,1.0,Transit,2022.0,Transiting Exoplanet Survey Satellite (TESS),6.2034,,19.72780603,193.87532827,0.09,,,4800.0,4.1,1.19,3.29,393.443
TOI-269 b,TOI-269,1.0,Transit,2021.0,Transiting Exoplanet Survey Satellite (TESS),3.69771295,0.0345,2.77,8.8,0.425,531.0,M2 V,3514.0,0.398,0.3917,4.831,57.0225
TOI-270 b,TOI-270,1.0,Transit,2019.0,Transiting Exoplanet Survey Satellite (TESS),3.36007745,0.03206333333333333,1.25975,1.5133333333333334,0.016900000000000002,569.5,M3.0 V,3458.0,0.37960000000000005,0.393,4.872,22.4793
TOI-270 c,TOI-270,1.0,Transit,2019.0,Transiting Exoplanet Survey Satellite (TESS),5.660457425000001,0.04623,2.3683333333333336,6.175000000000001,0.010466666666666666,467.0,M3.0 V,3446.0,0.3795,0.393,4.872,22.4793
TOI-270 d,TOI-270,1.0,Transit,2019.0,Transiting Exoplanet Survey Satellite (TESS),11.3802722,0.0727,2.11325,4.49,0.00965,370.0,M3.0 V,3446.0,0.37960000000000005,0.393,4.872,22.4793
TOI-2714 b,TOI-2714,1.0,Transit,2024.0,Transiting Exoplanet Survey Satellite (TESS),2.499387,0.036,13.72,228.0,0.164,1603.0,,5665.0,1.25,1.07,4.25,597.873
TOI-2719 b,TOI-2719,1.0,Transit,2025.0,Transiting Exoplanet Survey Satellite (TESS),3.37594,,5.98,,,1710.0,,5762.0,1.69,1.02,4.22,588.368
TOI-2768 b,TOI-2768,1.0,Transit,2024.0,Transiting Exoplanet Survey Satellite (TESS),1.50801,0.027,2.63,,,855.0,M,4008.0,0.657,0.63,4.5,78.4525
TOI-277 b,TOI-277,1.0,Transit,2022.0,Transiting Exoplanet Survey Satellite (TESS),3.994,0.0269,2.65,,,,,4031.0,0.362,0.16,4.58,64.6692
TOI-2796 b,TOI-2796,1.0,Transit,2023.0,Transiting Exoplanet Survey Satellite (TESS),4.8084983,0.0569,17.26183028,139.84449908,0.0,1205.0,,5764.0,1.069,1.063,4.4,350.343
TOI-2803 A b,TOI-2803 A,2.0,Transit,2023.0,Transiting Exoplanet Survey Satellite (TESS),1.96229325,0.03185,18.11371281,309.88269682,0.0,1893.0,,6280.0,1.245,1.118,4.298,494.818
TOI-2818 b,TOI-2818,1.0,Transit,2023.0,Transiting Exoplanet Survey Satellite (TESS),4.039709,0.0493,15.27784069,225.65816897,0.0,1376.0,,5721.0,1.229,0.977,4.25,312.674
TOI-283 b,TOI-283,1.0,Transit,2025.0,Transiting Exoplanet Survey Satellite (TESS),17.61745,0.123,2.34,6.54,0.0,661.0,K,5213.0,0.85,0.8,4.5,82.7013
TOI-2842 b,TOI-2842,1.0,Transit,2023.0,Transiting Exoplanet Survey Satellite (TESS),3.5514058,0.0475,12.84549188,117.59651059,0.0,1471.0,,5910.0,1.265,1.135,4.288,460.995
TOI-286 b,TOI-286,1.0,Transit,2024.0,Transiting Exoplanet Survey Satellite (TESS),4.5117244,0.0503,1.42,4.53,0.0,979.0,K3 V,5152.0,0.78,0.832,4.59,59.2293
TOI-286 c,TOI-286,1.0,Transit,2024.0,Transiting Exoplanet Survey Satellite (TESS),39.361826,0.213,1.88,3.72,0.0,475.0,K3 V,5152.0,0.78,0.832,4.59,59.2293
TOI-2876 b,TOI-2876,1.0,Transit,2025.0,Transiting Exoplanet Survey Satellite (TESS),6.2996431,0.0654,9.6397234,54.03082919,0.13,929.0,,5271.0,0.873,0.939,4.529,225.744
TOI-2886 b,TOI-2886,1.0,Transit,2025.0,Transiting Exoplanet Survey Satellite (TESS),1.60200105,0.02871,18.6405349,444.9597698,0.11,1978.0,,6240.0,1.241,1.229,4.34,413.673
TOI-2969 b,TOI-2969,1.0,Transit,2025.0,Transiting Exoplanet Survey Satellite (TESS),1.8237146,0.0261,12.32987877,368.68095212,0.0,1186.0,K3 V,4738.0,0.7,0.71,4.56,163.996
TOI-2977 b,TOI-2977,1.0,Transit,2023.0,Transiting Exoplanet Survey Satellite (TESS),2.3505614,0.03386,13.15934334,533.95172376,0.0,1544.0,,5691.0,1.073,0.936,4.35,
TOI-2981 b,TOI-2981,1.0,Transit,2024.0,Transiting Exoplanet Survey Satellite (TESS),3.601501,0.048,13.4,638.0,0.035,1358.0,,5940.0,1.08,1.03,4.28,527.789
TOI-2986 b,TOI-2986,1.0,Transit,2025.0,Transiting Exoplanet Survey Satellite (TESS),3.2783662,0.04489,9.292245,96.61983573,0.14,1622.0,,5906.0,1.458,1.122,4.165,563.149
TOI-2989 b,TOI-2989,1.0,Transit,2025.0,Transiting Exoplanet Survey Satellite (TESS),3.122832,0.0384,12.55405838,953.485221,0.0,1001.0,K4 V,4672.0,0.76,0.77,4.58,195.795
TOI-2992 b,TOI-2992,1.0,Transit,2025.0,Transiting Exoplanet Survey Satellite (TESS),3.007812,0.0434,13.75341932,1058.36859531,0.089,1726.0,,6000.0,1.545,1.21,4.139,542.026
TOI-3023 b,TOI-3023,1.0,Transit,2023.0,Transiting Exoplanet Survey Satellite (TESS),3.9014971,0.0505,16.43236571,197.05361234,0.0,1596.0,,5760.0,1.668,1.12,4.048,389.916
TOI-3071 b,TOI-3071,1.0,Transit,2024.0,Transiting Exoplanet Survey Satellite (TESS),1.266938,0.0249,7.16,68.2,0.09,2155.0,,6177.0,1.31,1.29,4.37,485.219
TOI-3082 b,TOI-3082,1.0,Transit,2023.0,Transiting Exoplanet Survey Satellite (TESS),1.926907,,3.6621,,,1032.78,,4263.0,0.6847,0.664,4.625,113.048
TOI-3135 b,TOI-3135,1.0,Transit,2025.0,Transiting Exoplanet Survey Satellite (TESS),3.7065585,0.04756,13.65253849,327.36325921,0.24,1292.0,,5890.0,0.985,1.044,4.469,221.673
TOI-3160 A b,TOI-3160 A,2.0,Transit,2025.0,Transiting Exoplanet Survey Satellite (TESS),3.971281,0.0505,13.7646283,378.21580433,0.18,1539.0,,6190.0,1.346,1.088,4.217,567.678
TOI-3235 b,TOI-3235,1.0,Transit,2023.0,Transiting Exoplanet Survey Satellite (TESS),2.59261842,0.02709,11.39953337,211.35589065,0.029,604.0,M V,3388.8,0.3697,0.3939,4.8976,72.811
TOI-3261 b,TOI-3261,1.0,Transit,2024.0,Transiting Exoplanet Survey Satellite (TESS),0.8831331,0.01714,3.82,30.3,0.0,1722.0,K1.5+/-1,5068.0,0.849,0.861,4.19,300.141
TOI-329 b,TOI-329,1.0,Transit,2024.0,Transiting Exoplanet Survey Satellite (TESS),5.70439,0.0638,4.94057819,40.4,0.39,1213.02,,5614.0,1.5326,1.0678,4.092,284.388
TOI-332 b,TOI-332,1.0,Transit,2023.0,Transiting Exoplanet Survey Satellite (TESS),0.777038,0.0159,3.2,57.2,0.0,1871.0,K0 V,5251.0,0.87,0.88,4.46,222.852
TOI-3321 b,TOI-3321,1.0,Transit,2024.0,Transiting Exoplanet Survey Satellite (TESS),3.6525145,0.047,15.55806521,176.07693748,0.054,1616.0,,5850.0,1.549,1.041,4.076,285.895
TOI-333 b,TOI-333,1.0,Transit,2025.0,Transiting Exoplanet Survey Satellite (TESS),3.7852503,0.049,4.26,20.1,0.0,1445.0,,6241.0,1.1,1.2,4.41,352.269
TOI-3331 A b,TOI-3331 A,2.0,Transit,2022.0,Transiting Exoplanet Survey Satellite (TESS),2.0180231,0.03144,12.97999965,721.47048389,0.0,1488.0,,5609.0,0.952,1.016,4.487,217.193
TOI-3353.01,TOI-3353,1.0,Transit,2024.0,Transiting Exoplanet Survey Satellite (TESS),4.6657965,0.060118218,2.6667555,,,1264.36,,6365.0,1.0207,1.332089,4.54516,78.7577
TOI-3362 b,TOI-3362,1.0,Transit,2021.0,Transiting Exoplanet Survey Satellite (TESS),18.09547,0.153,12.80065596,1598.3590588,0.815,,,6532.0,1.83,1.445,4.072,366.987
TOI-3364 b,TOI-3364,1.0,Transit,2023.0,Transiting Exoplanet Survey Satellite (TESS),5.8768918,0.0675,12.22899794,530.77343969,0.0,1264.0,,5706.0,1.419,1.186,4.209,277.899
TOI-3464 b,TOI-3464,1.0,Transit,2025.0,Transiting Exoplanet Survey Satellite (TESS),3.6515568,0.0515,13.7646283,397.28550875,0.25,1693.0,,6370.0,1.56,1.363,4.185,597.774
TOI-3474 b,TOI-3474,1.0,Transit,2025.0,Transiting Exoplanet Survey Satellite (TESS),3.8795105,0.0502,14.67255574,193.87532827,0.13,1451.0,,6020.0,1.256,1.121,4.292,420.123
TOI-3486 b,TOI-3486,1.0,Transit,2025.0,Transiting Exoplanet Survey Satellite (TESS),2.21778105,0.03138,10.5700688,99.16246298,0.078,1190.0,,4930.0,0.788,0.837,4.569,154.715
TOI-3493 b,TOI-3493,1.0,Transit,2025.0,Transiting Exoplanet Survey Satellite (TESS),8.1594667,,3.22,8.97,,1102.0,G1/2 V,5844.0,1.228,1.023,4.25,96.7224
TOI-3523 A b,TOI-3523 A,3.0,Transit,2025.0,Transiting Exoplanet Survey Satellite (TESS),2.30458952,0.03559,15.9727975,435.42491759,0.047,1984.0,,6450.0,1.448,1.131,4.171,645.294
TOI-3540 A b,TOI-3540 A,2.0,Transit,2022.0,Transiting Exoplanet Survey Satellite (TESS),3.119999,0.04289,23.53885947,375.03752026,0.0,1498.0,,5810.0,1.228,1.081,4.293,
TOI-3568 b,TOI-3568,1.0,Transit,2024.0,Transiting Exoplanet Survey Satellite (TESS),4.417965,0.0485,5.3,26.4,0.035,899.0,,4969.0,0.719,0.78,4.63,197.906
TOI-3593 b,TOI-3593,1.0,Transit,2025.0,Transiting Exoplanet Survey Satellite (TESS),3.8212867,0.0481,11.02963701,565.73456446,0.105,1170.0,,5550.0,0.918,1.015,4.519,226.63
TOI-3629 b,TOI-3629,1.0,Transit,2022.0,Transiting Exoplanet Survey Satellite (TESS),3.9365544000000003,0.042469999999999994,8.29464572,79.93384436,0.053000000000000005,700.5,M1,3867.5,0.60515,0.6325000000000001,4.67,130.091
TOI-3682 b,TOI-3682,1.0,Transit,2025.0,Transiting Exoplanet Survey Satellite (TESS),3.3462406,0.048,12.80065596,69.28659273,0.22,1657.0,,5703.0,1.735,1.32,4.077,404.211
TOI-3688 A b,TOI-3688 A,2.0,Transit,2023.0,Transiting Exoplanet Survey Satellite (TESS),3.246075,0.0456,13.08088048,311.47183886,0.0,1534.0,,5950.0,1.302,1.199,4.288,396.378
TOI-3693 b,TOI-3693,1.0,Transit,2022.0,Transiting Exoplanet Survey Satellite (TESS),9.088516,0.0813,12.59889431,324.18497514,0.0,801.0,,5321.0,0.791,0.867,4.581,176.436
TOI-3714 b,TOI-3714,2.0,Transit,2022.0,Transiting Exoplanet Survey Satellite (TESS),2.1548486733333334,0.026433333333333333,11.26128928,218.13623000333334,0.035666666666666666,765.0,M2,3657.3333333333335,0.5049333333333333,0.5196666666666667,4.747933333333333,112.71
TOI-3757 b,TOI-3757,1.0,Transit,2022.0,Transiting Exoplanet Survey Satellite (TESS),3.438753,0.03845,12.0,85.3,0.14,759.0,M0 V,3913.0,0.62,0.64,4.68,181.139
TOI-3785 b,TOI-3785,1.0,Transit,2023.0,Transiting Exoplanet Survey Satellite (TESS),4.6747373,0.043,5.14,14.95,0.11,582.0,M2 V,3576.0,0.5,0.52,4.747,79.7634
TOI-3807 b,TOI-3807,1.0,Transit,2023.0,Transiting Exoplanet Survey Satellite (TESS),2.8989727,0.0421,18.49481816,330.54154328,0.0,1646.0,,5772.0,1.468,1.181,4.174,421.745
TOI-3819 b,TOI-3819,1.0,Transit,2023.0,Transiting Exoplanet Survey Satellite (TESS),3.2443141,0.04611,13.13692538,352.78953177,0.0,1633.0,,5859.0,1.538,1.242,4.156,558.141
TOI-3837 b,TOI-3837,1.0,Transit,2025.0,Transiting Exoplanet Survey Satellite (TESS),11.88865,0.099,10.87271128,187.51876013,0.221,1178.0,,5905.0,1.2,0.89,4.229,311.705
TOI-3856 b,TOI-3856,1.0,Transit,2025.0,Transiting Exoplanet Survey Satellite (TESS),2.04360352,0.0325,13.59649359,171.62733978,0.083,1544.0,,5622.0,1.055,1.096,4.431,314.443
TOI-3877 b,TOI-3877,1.0,Transit,2025.0,Transiting Exoplanet Survey Satellite (TESS),4.123596,0.0529,11.67975789,99.7981198,0.22,1445.0,,5731.0,1.445,1.16,4.181,493.77
TOI-3884 b,TOI-3884,1.0,Transit,2022.0,Transiting Exoplanet Survey Satellite (TESS),4.54457625,0.035750000000000004,6.215,24.545,0.19,452.0,M4,3224.5,0.30315000000000003,0.28964999999999996,4.9455,43.1448
TOI-3894 b,TOI-3894,1.0,Transit,2024.0,Transiting Exoplanet Survey Satellite (TESS),4.3345400666666665,0.05440999999999999,15.218059463333333,270.15414595,0.04800000000000001,1518.0,,6000.0,1.502,1.138,4.143,417.365
TOI-3912 b,TOI-3912,1.0,Transit,2023.0,Transiting Exoplanet Survey Satellite (TESS),3.4936264,0.0463,14.28024141,129.03833324,0.0,1512.0,,5725.0,1.392,1.088,4.188,465.992
TOI-3919 b,TOI-3919,1.0,Transit,2024.0,Transiting Exoplanet Survey Satellite (TESS),7.433234,0.0795,12.31866979,1233.17421916,0.259,1198.0,,6100.0,1.319,1.208,4.279,604.591
TOI-3976 A b,TOI-3976 A,2.0,Transit,2023.0,Transiting Exoplanet Survey Satellite (TESS),6.607662,0.0743,12.27383387,55.61997123,0.0,1295.0,,5975.0,1.501,1.254,4.183,516.087
TOI-3980 b,TOI-3980,1.0,Transit,2025.0,Transiting Exoplanet Survey Satellite (TESS),3.6089254,0.0494,14.4595851,187.51876013,0.16,1621.0,,5840.0,1.626,1.24,4.106,486.721
TOI-3984 A b,TOI-3984 A,2.0,Transit,2023.0,Transiting Exoplanet Survey Satellite (TESS),4.353326,0.041,7.9,44.0,0.23,563.0,M4+/-0.5,3476.0,0.47,0.49,4.81,108.883
TOI-4010 b,TOI-4010,1.0,Transit,2023.0,Transiting Exoplanet Survey Satellite (TESS),1.348335,0.0229,3.02,11.0,0.03,1441.0,K V,4960.0,0.83,0.88,4.54,177.504
TOI-4010 c,TOI-4010,1.0,Transit,2023.0,Transiting Exoplanet Survey Satellite (TESS),5.414654,0.058,5.93,20.31,0.03,907.0,K V,4960.0,0.83,0.88,4.54,177.504
TOI-4010 d,TOI-4010,1.0,Transit,2023.0,Transiting Exoplanet Survey Satellite (TESS),14.70886,0.113,6.18,38.15,0.07,650.0,K V,4960.0,0.83,0.88,4.54,177.504
TOI-4010 e,TOI-4010,1.0,Radial Velocity,2023.0,Roque de los Muchachos Observatory,762.0,1.57,,692.0,0.26,174.0,K V,4960.0,0.83,0.88,4.54,177.504
TOI-406 c,TOI-406,1.0,Transit,2024.0,Transiting Exoplanet Survey Satellite (TESS),3.307441,0.0322,1.32,2.08,0.032,584.0,M3,3392.0,0.41,0.408,4.69,31.0597
TOI-406.01,TOI-406,1.0,Transit,2024.0,Transiting Exoplanet Survey Satellite (TESS),13.1757057,0.0832087675,2.02011865,6.57,0.056,356.08500000000004,M3,3370.5,0.39930449999999995,0.44440999999999997,4.81569,31.0597
TOI-4087 b,TOI-4087,1.0,Transit,2023.0,Transiting Exoplanet Survey Satellite (TESS),3.1774835,0.04469,13.04725353,232.01473711,0.0,1458.0,,6060.0,1.112,1.178,4.416,301.676
TOI-411 b,HD 22946,1.0,Transit,2022.0,Transiting Exoplanet Survey Satellite (TESS),4.040298,0.055035,1.541,13.71,0.126,1309.5,F7/F8V,6104.5,1.117,1.101,4.365,62.7792
TOI-411 c,HD 22946,1.0,Transit,2022.0,Transiting Exoplanet Survey Satellite (TESS),9.5730895,0.0978,2.534,9.72,0.16,982.0,F7/F8V,6104.5,1.117,1.101,4.365,62.7792
TOI-4127 b,TOI-4127,1.0,Transit,2023.0,Transiting Exoplanet Survey Satellite (TESS),56.39879,0.3081,12.28504285,731.0053361,0.7471,605.1,F V,6096.0,1.293,1.23,4.26,319.632
TOI-4137 b,TOI-4137,1.0,Transit,2022.0,Transiting Exoplanet Survey Satellite (TESS),3.8016122,0.05222,13.57407563,457.67290608,0.0,1570.0,,6202.0,1.438,1.313,4.24,334.993
TOI-4145 A b,TOI-4145 A,2.0,Transit,2023.0,Transiting Exoplanet Survey Satellite (TESS),4.0664428,0.04823,13.30506009,136.66621501,0.0,1074.0,,5281.0,0.859,0.905,4.526,205.387
TOI-4153 b,TOI-4153,1.0,Transit,2024.0,Transiting Exoplanet Survey Satellite (TESS),4.6174141,0.06311,16.11851425,365.50266805,0.039,1669.0,,6860.0,1.605,1.572,4.224,423.84
TOI-4155 b,TOI-4155,1.0,Transit,2025.0,Transiting Exoplanet Survey Satellite (TESS),3.320729,,3.21,,,1255.0,,5724.0,0.95,1.16,4.44,240.737
TOI-4184 b,TOI-4184,1.0,Transit,2023.0,Transiting Exoplanet Survey Satellite (TESS),4.9019804,0.0336,2.43,,,412.0,M5.5+/-0.5,3238.0,0.2347,0.2109,5.01,69.3649
TOI-4201 b,TOI-4201,1.0,Transit,2023.0,Transiting Exoplanet Survey Satellite (TESS),3.58191895,0.03962,13.0924479175,813.30225737,0.0485,735.5,M1.0+/-0.5,3858.5,0.624,0.619,4.646325,189.011
TOI-421 b,TOI-421,2.0,Transit,2020.0,Transiting Exoplanet Survey Satellite (TESS),5.197148,0.0557,2.66,6.9350000000000005,0.14650000000000002,951.7,G9 V,5308.0,0.8685,0.8425,4.4830000000000005,74.7969
TOI-421 c,TOI-421,2.0,Transit,2020.0,Transiting Exoplanet Survey Satellite (TESS),16.067753999999997,0.11795,5.09,15.260000000000002,0.16466666666666666,654.3,G9 V,5313.666666666667,0.8693333333333334,0.8456666666666667,4.484,74.7969
TOI-4214 b,TOI-4214,1.0,Transit,2025.0,Transiting Exoplanet Survey Satellite (TESS),3.4913885,0.05018,10.68215861,165.27077164,0.17,1642.0,,6370.0,1.434,1.382,4.266,346.881
TOI-4308 b,TOI-4308,1.0,Transit,2023.0,Transiting Exoplanet Survey Satellite (TESS),9.151201,,2.4189,,,763.05,,5243.0,0.7934,0.9,4.593,108.932
TOI-431 b,TOI-431,1.0,Transit,2021.0,Transiting Exoplanet Survey Satellite (TESS),0.4900495,0.0113,1.28,3.07,0.0,1862.0,,4850.0,0.731,0.78,4.6,32.5686
TOI-431 c,TOI-431,1.0,Radial Velocity,2021.0,La Silla Observatory,4.8494,0.052,,2.83,0.0,867.0,,4850.0,0.731,0.78,4.6,32.5686
TOI-431 d,TOI-431,1.0,Transit,2021.0,Transiting Exoplanet Survey Satellite (TESS),12.46102565,0.098,3.29,9.9,0.0,633.0,,4850.0,0.731,0.78,4.6,32.5686
TOI-4329 b,TOI-4329,1.0,Transit,2022.0,Transiting Exoplanet Survey Satellite (TESS),2.9223,,16.81347105,143.02278315,0.068,,,6000.0,2.31,1.538,3.9,717.128
TOI-4336 A b,TOI-4336 A,3.0,Transit,2024.0,Transiting Exoplanet Survey Satellite (TESS),16.336334,0.0872,2.12,,,308.0,M3.5+/-0.5,3298.0,0.328,0.331,4.927,22.5455
TOI-4342 b,TOI-4342,1.0,Transit,2023.0,Transiting Exoplanet Survey Satellite (TESS),5.5382498,0.05251,2.266,,,633.6,M0 V,3901.0,0.599,0.6296,4.6878,61.5204
TOI-4342 c,TOI-4342,1.0,Transit,2023.0,Transiting Exoplanet Survey Satellite (TESS),10.688716,0.0814,2.415,,,508.9,M0 V,3901.0,0.599,0.6296,4.6878,61.5204
TOI-4364 b,TOI-4364,1.0,Transit,2025.0,Transiting Exoplanet Survey Satellite (TESS),5.424019,0.04753,2.01,,0.29,488.0,M4 V,3528.0,0.4684,0.487,4.785,43.9662
TOI-4377 b,TOI-4377,1.0,Transit,2023.0,Transiting Exoplanet Survey Satellite (TESS),4.378081,0.0579,15.10970598,304.1617855,0.045,,,4974.0,3.52,1.36,3.39,455.82
TOI-4379 b,TOI-4379,1.0,Transit,2024.0,Transiting Exoplanet Survey Satellite (TESS),3.25352,,16.69017226,353.74301699,0.018,,,6020.0,1.976,1.372,3.929,645.158
TOI-4406 b,TOI-4406,1.0,Transit,2023.0,Transiting Exoplanet Survey Satellite (TESS),30.08364,0.201,11.2089807,95.3485221,0.15,904.0,,6219.0,1.29,1.19,4.29,261.834
TOI-4438 b,TOI-4438,1.0,Transit,2024.0,Transiting Exoplanet Survey Satellite (TESS),7.446289999999999,0.052250000000000005,2.505,5.4,0.14,435.0,M,3387.5,0.374,0.366,4.59,30.0346
TOI-444 b,TOI-444,1.0,Transit,2023.0,Transiting Exoplanet Survey Satellite (TESS),17.9636,0.133,2.77,,,609.0,K1/2 V,5225.0,0.779,0.96,4.64,57.3973
TOI-4443.01,TOI-4443,1.0,Transit,2024.0,Transiting Exoplanet Survey Satellite (TESS),1.8498567,0.029962645,1.7193265,,,1638.82,,5834.0,1.01733,1.049133,4.44433,56.0739
TOI-4463 A b,TOI-4463 A,2.0,Transit,2023.0,Transiting Exoplanet Survey Satellite (TESS),2.8807198,0.04036,13.26022417,252.35575516,0.0,1395.0,,5640.0,1.062,1.056,4.41,173.117
TOI-4465 b,TOI-4465,1.0,Transit,2025.0,Transiting Exoplanet Survey Satellite (TESS),101.94054,0.416,14.01122587,1872.00931723,0.24,427.0,G V,5545.0,1.014,0.93,4.379,121.139
TOI-4479 b,TOI-4479,1.0,Transit,2022.0,Transiting Exoplanet Survey Satellite (TESS),1.1589,0.0164,2.82,,,861.0,M3.0,3400.0,0.451,0.452,4.5,80.6532
TOI-4487 A b,TOI-4487 A,2.0,Transit,2025.0,Transiting Exoplanet Survey Satellite (TESS),3.9540709,0.05448,14.60530185,397.28550875,0.083,1639.0,,6206.0,1.634,1.378,4.15,479.145
TOI-4495.01,TOI-4495,1.0,Transit,2024.0,Transiting Exoplanet Survey Satellite (TESS),5.1830043,0.061732577,3.63045,,,1382.67,,6156.0,1.34,1.168817,4.25196,132.214
TOI-4504 b,TOI-4504,1.0,Transit,2024.0,Transiting Exoplanet Survey Satellite (TESS),2.42614,0.03392,2.691,,0.0,,K1 V,5315.0,0.92,0.89,4.458,342.605
TOI-4504 c,TOI-4504,1.0,Transit,2024.0,Transiting Exoplanet Survey Satellite (TESS),82.97213,0.3569,11.09689089,1197.32317485,0.032,,K1 V,5315.0,0.92,0.89,4.458,342.605
TOI-4504 d,TOI-4504,1.0,Transit Timing Variations,2024.0,Multiple Observatories,40.5634,0.2219,,450.23572136,0.0445,,K1 V,5315.0,0.92,0.89,4.458,342.605
TOI-451 b,TOI-451,2.0,Transit,2020.0,Transiting Exoplanet Survey Satellite (TESS),1.858703,0.0283,1.91,,0.0,1491.0,,5550.0,0.879,0.95,,123.739
TOI-451 c,TOI-451,2.0,Transit,2020.0,Transiting Exoplanet Survey Satellite (TESS),9.192461999999999,0.0823,3.1,,0.0,875.0,,5550.0,0.879,0.95,,123.739
TOI-451 d,TOI-451,2.0,Transit,2020.0,Transiting Exoplanet Survey Satellite (TESS),16.3649485,0.1208,4.07,,0.0,722.0,,5550.0,0.879,0.95,,123.739
TOI-4515 b,TOI-4515,1.0,Transit,2024.0,Transiting Exoplanet Survey Satellite (TESS),15.266446,0.118,12.17,637.0,0.461,705.0,G8/G9,5433.0,0.86,0.949,4.48,193.499
TOI-4527.01,TOI-4527,1.0,Transit,2024.0,Transiting Exoplanet Survey Satellite (TESS),0.3994445,0.008332353,0.9086617,,,1362.93,,3702.0,0.485948,0.483901,4.75,18.1037
TOI-4551 b,TOI-4551,1.0,Transit,2023.0,Transiting Exoplanet Survey Satellite (TESS),9.95581,0.0994,11.85910158,473.56432643,0.101,,,4896.0,3.55,1.31,3.48,215.986
TOI-4559 b,TOI-4559,1.0,Transit,2024.0,Transiting Exoplanet Survey Satellite (TESS),3.965991,0.0359,1.415,,,554.16,,3558.0,0.374,0.392,4.884,31.6354
TOI-4562 b,TOI-4562,1.0,Transit,2023.0,Transiting Exoplanet Survey Satellite (TESS),225.11210499999999,0.768,12.53,732.0,0.76,318.0,F7 V,6096.0,1.152,1.192,4.39,339.605
TOI-4562 c,TOI-4562,1.0,Transit Timing Variations,2024.0,Multiple Observatories,3990.0,5.219,,1833.86990839,0.122,,F7 V,6096.0,1.152,1.192,4.39,339.605
TOI-4582 b,TOI-4582,1.0,Transit,2023.0,Transiting Exoplanet Survey Satellite (TESS),31.034,,10.53644186,168.44905571,0.51,,,5190.0,2.5,1.34,3.77,383.846
TOI-4600 b,TOI-4600,1.0,Transit,2023.0,Transiting Exoplanet Survey Satellite (TESS),82.6869,0.349,6.8,959.84178914,0.25,347.0,K V,5170.0,0.81,0.89,4.57,216.056
TOI-4600 c,TOI-4600,1.0,Transit,2023.0,Transiting Exoplanet Survey Satellite (TESS),482.8191,1.152,9.42,2946.26933289,0.21,191.0,K V,5170.0,0.81,0.89,4.57,216.056
TOI-4602.01,TOI-4602,1.0,Transit,2024.0,Transiting Exoplanet Survey Satellite (TESS),3.9812091,0.05099712,2.550449,,,1380.27,,6011.9,1.15664,1.116795,4.36,63.0637
TOI-4603 b,TOI-4603,1.0,Transit,2023.0,Transiting Exoplanet Survey Satellite (TESS),7.24599,0.0888,11.67975789,4096.80816623,0.325,1677.0,F,6264.0,2.738,1.765,3.81,225.643
TOI-4633 c,TOI-4633,2.0,Transit,2024.0,Transiting Exoplanet Survey Satellite (TESS),271.9445,0.847,3.2,123.0,0.117,,G V,5800.0,1.05,1.1,,95.2016
TOI-4638.01,TOI-4638,1.0,Transit,2024.0,Transiting Exoplanet Survey Satellite (TESS),10.283918787,0.093013,2.933,,,,,5700.0,0.895,1.02,,168.248
TOI-4641 b,TOI-4641,1.0,Transit,2023.0,Transiting Exoplanet Survey Satellite (TESS),22.09341,0.173,8.18255591,1229.99593509,0.074,,,6560.0,1.72,1.41,4.11,86.3501
TOI-470 b,TOI-470,1.0,Transit,2023.0,Transiting Exoplanet Survey Satellite (TESS),12.19148,0.119,4.34,,,660.0,G,5190.0,0.831,0.87,4.54,130.46
TOI-4734 b,TOI-4734,1.0,Transit,2025.0,Transiting Exoplanet Survey Satellite (TESS),6.235633,0.074,10.9175472,61.65871096,0.12,1468.0,,6070.0,1.857,1.391,4.046,563.068
TOI-4773 b,TOI-4773,1.0,Transit,2025.0,Transiting Exoplanet Survey Satellite (TESS),1.7452851,0.03216,15.22179579,1687.66884117,0.024,2255.0,,6740.0,1.55,1.452,4.22,492.888
TOI-4791 b,TOI-4791,1.0,Transit,2023.0,Transiting Exoplanet Survey Satellite (TESS),4.28088,0.0555,12.44196858,734.18362017,0.0,1472.0,,6058.0,1.409,1.242,4.234,328.802
TOI-4794 b,TOI-4794,1.0,Transit,2025.0,Transiting Exoplanet Survey Satellite (TESS),3.5658116,0.0492,14.35870428,308.29355479,0.1,1673.0,,6390.0,1.451,1.25,4.215,543.008
TOI-480 b,TOI-480,1.0,Transit,2024.0,Transiting Exoplanet Survey Satellite (TESS),6.866196,0.077,2.85372018,20.8,0.0,1198.94,,6174.0,1.4877,1.2793,4.194,54.5306
TOI-481 b,TOI-481,1.0,Transit,2020.0,Transiting Exoplanet Survey Satellite (TESS),10.331140900000001,0.097,11.09691,486.2799,0.153,1370.0,G,5735.0,1.66,1.14,4.06,179.366
TOI-4860 b,TOI-4860,1.0,Transit,2023.0,Transiting Exoplanet Survey Satellite (TESS),1.5227593449999999,0.018265,8.586994704999999,149.822516345,0.079,659.0,M3.5 V,3325.0,0.353,0.33785,4.87,80.1423
TOI-4914 b,TOI-4914,1.0,Transit,2024.0,Transiting Exoplanet Survey Satellite (TESS),10.60057,0.098,12.87,227.0,0.408,894.0,,5805.0,1.0,1.03,4.3,299.89
TOI-4961 b,TOI-4961,1.0,Transit,2025.0,Transiting Exoplanet Survey Satellite (TESS),7.479182,0.0726,12.34108775,572.0911326,0.182,919.0,,5380.0,0.912,0.912,4.479,213.073
TOI-4994 b,TOI-4994,1.0,Transit,2024.0,Transiting Exoplanet Survey Satellite (TESS),21.491984,0.1515,8.54124329,88.99195396,0.319,717.6,,5640.0,1.055,1.005,4.393,329.304
TOI-500 b,TOI-500,1.0,Transit,2022.0,Transiting Exoplanet Survey Satellite (TESS),0.54816745,0.012345,1.1629999999999998,1.42,0.063,1655.0,K6 V,4530.5,0.714,0.81,4.6240000000000006,47.3924
TOI-500 c,TOI-500,1.0,Radial Velocity,2022.0,La Silla Observatory,6.6356,,,5.03,0.072,,K6 V,4440.0,0.678,0.74,4.618,47.3924
TOI-500 d,TOI-500,1.0,Radial Velocity,2022.0,La Silla Observatory,26.233,,,33.12,0.016,,K6 V,4440.0,0.678,0.74,4.618,47.3924
TOI-500 e,TOI-500,1.0,Radial Velocity,2022.0,La Silla Observatory,61.3,,,15.05,0.073,,K6 V,4440.0,0.678,0.74,4.618,47.3924
TOI-5005 b,TOI-5005,1.0,Transit,2024.0,Transiting Exoplanet Survey Satellite (TESS),6.3085044,0.06614,6.25,32.7,,1040.0,G2 V,5749.0,0.93,0.97,4.43,207.891
TOI-5027 b,TOI-5027,1.0,Transit,2025.0,Transiting Exoplanet Survey Satellite (TESS),10.24368,0.093,10.76062147,642.01338214,0.385,1056.0,,5909.0,0.92,1.02,4.517,204.429
TOI-5076 b,TOI-5076,2.0,Transit,2024.0,Transiting Exoplanet Survey Satellite (TESS),23.444081,0.1481,3.344677845,16.07284154,0.0,582.5,K2 V,4925.0,0.844,0.7945,4.541499999999999,82.857
TOI-5082.01,TOI-5082,1.0,Transit,2024.0,Transiting Exoplanet Survey Satellite (TESS),4.240122,0.051204842,2.54811,,,1164.91,,5670.0,0.93,0.99665,4.5,43.1406
TOI-5108 b,TOI-5108,1.0,Transit,2025.0,Transiting Exoplanet Survey Satellite (TESS),6.753581,0.073,6.6,32.0,,1180.0,,5808.0,1.29,1.1,4.26,130.919
TOI-5110 b,TOI-5110,1.0,Transit,2024.0,Transiting Exoplanet Survey Satellite (TESS),30.158577,0.2157,11.98240037,921.7023803,0.745,976.0,,6160.0,2.333,1.469,3.869,392.259
TOI-512 b,TOI-512,1.0,Transit,2025.0,Transiting Exoplanet Survey Satellite (TESS),7.18886,,1.54,3.57,0.02,1009.0,,5277.0,0.89,0.74,4.35,67.3975
TOI-5126 b,TOI-5126,1.0,Transit,2023.0,Transiting Exoplanet Survey Satellite (TESS),5.4588385,0.06519,4.74,,0.0,1442.0,F V,6150.0,1.241,1.24,4.224,160.414
TOI-5126 c,TOI-5126,1.0,Transit,2023.0,Transiting Exoplanet Survey Satellite (TESS),17.8999,0.1439,3.86,,0.0,971.0,F V,6150.0,1.241,1.24,4.224,160.414
TOI-5143 c,TOI-5143,1.0,Transit,2025.0,Transiting Exoplanet Survey Satellite (TESS),5.2097118,0.05602,16.25302201,,,,K V,5183.0,0.852,0.864,4.514,181.38
TOI-5153 b,TOI-5153,1.0,Transit,2022.0,Transiting Exoplanet Survey Satellite (TESS),20.33003,0.158,11.88151954,1036.12060682,0.091,906.0,F8 V,6300.0,1.4,1.24,4.3,390.484
TOI-5174 b,TOI-5174,1.0,Transit,2022.0,Transiting Exoplanet Survey Satellite (TESS),12.214286,,5.351,,,,,5643.77,1.09457,1.0,4.35958,197.243
TOI-5181 A b,TOI-5181 A,2.0,Transit,2025.0,Transiting Exoplanet Survey Satellite (TESS),3.8922295,0.0522,13.34989601,330.54154328,0.15,1585.0,,6060.0,1.53,1.25,4.163,480.155
TOI-519 b,TOI-519,1.0,Transit,2021.0,Transiting Exoplanet Survey Satellite (TESS),1.2652326933333333,0.014793333333333334,11.80306356,1587.8781553733334,0.189,733.6666666666666,M V,3342.0,0.3602666666666667,0.3586666666666667,4.8858,115.557
TOI-5205 b,TOI-5205,1.0,Transit,2023.0,Transiting Exoplanet Survey Satellite (TESS),1.630757,0.0199,11.6,343.0,0.02,737.0,M4.0,3430.0,0.394,0.392,4.84,86.4493
TOI-521 b,TOI-521,1.0,Transit,2025.0,Transiting Exoplanet Survey Satellite (TESS),1.54285047,0.0195,1.98,5.3,0.0,794.0,M3,3544.0,0.421,0.42,4.97,60.9425
TOI-5210 b,TOI-5210,1.0,Transit,2025.0,Transiting Exoplanet Survey Satellite (TESS),4.5661061,0.0557,10.72699453,81.99972901,0.066,1286.0,,5723.0,1.209,1.105,4.319,302.086
TOI-5218 b,TOI-5218,1.0,Transit,2024.0,Transiting Exoplanet Survey Satellite (TESS),4.291452,0.0469,9.86,657.0,0.0,783.0,,4230.0,0.708,0.739,4.63,377.483
TOI-5232 b,TOI-5232,1.0,Transit,2024.0,Transiting Exoplanet Survey Satellite (TESS),4.0966692,0.05593,12.778238,743.71847238,0.035,1772.0,,6500.0,1.785,1.389,4.077,609.388
TOI-5238 b,TOI-5238,1.0,Transit,2022.0,Transiting Exoplanet Survey Satellite (TESS),4.872171,,5.22,,,,,5631.0,1.02283,1.0,4.41846,290.646
TOI-5261 b,TOI-5261,1.0,Transit,2025.0,Transiting Exoplanet Survey Satellite (TESS),4.1509768,0.05134,11.60129502,3651.84839643,0.1585,1244.0,,5790.0,1.021,1.037,4.436,377.054
TOI-5293 A b,TOI-5293 A,2.0,Transit,2023.0,Transiting Exoplanet Survey Satellite (TESS),2.930289,0.03265,11.442400545,164.65710175,0.38,675.5,M3+/-1,3586.0,0.52,0.508,4.75,162.229
TOI-530 b,TOI-530,1.0,Transit,2021.0,Transiting Exoplanet Survey Satellite (TESS),6.3875931,0.052,9.30345398,127.1313628,0.0,565.0,M0.5 V,3659.0,0.54,0.53,4.7,148.762
TOI-5300 b,TOI-5300,1.0,Transit,2025.0,Transiting Exoplanet Survey Satellite (TESS),2.262196,0.0295,9.86390302,190.6970442,0.0,1043.0,K4 V,4610.0,0.65,0.67,4.64,162.51
TOI-5301 b,TOI-5301,1.0,Transit,2024.0,Transiting Exoplanet Survey Satellite (TESS),5.858857666666666,0.07178333333333332,13.271433146666666,1141.00398113,0.33233333333333337,1661.6666666666667,,6240.0,2.19,1.4829999999999999,3.926,629.161
TOI-5319 b,TOI-5319,1.0,Transit,2024.0,Transiting Exoplanet Survey Satellite (TESS),4.07853,0.0506,2.83,,,695.0,M,3580.0,0.485,0.5,4.5,61.171
TOI-532 b,TOI-532,1.0,Transit,2021.0,Transiting Exoplanet Survey Satellite (TESS),2.3266508,0.0296,5.82,61.5,0.0,867.0,,3927.0,0.612,0.639,4.669,135.047
TOI-5322 b,TOI-5322,1.0,Transit,2025.0,Transiting Exoplanet Survey Satellite (TESS),5.4233207,0.0604,16.6117094,184.02264765,0.055,1350.0,,5692.0,1.462,0.998,4.11,476.899
TOI-5340 b,TOI-5340,1.0,Transit,2025.0,Transiting Exoplanet Survey Satellite (TESS),4.9394392,0.0628,15.07607904,270.15414595,0.13,1566.0,,5990.0,1.842,1.35,4.036,532.629
TOI-5344 b,TOI-5344,1.0,Transit,2023.0,Transiting Exoplanet Survey Satellite (TESS),3.792622,0.040205000000000005,10.15184787,132.97265184,0.056999999999999995,684.0,,3758.5,0.588,0.601,4.683,138.367
TOI-5350 b,TOI-5350,1.0,Transit,2025.0,Transiting Exoplanet Survey Satellite (TESS),7.581367,0.0796,12.41955062,2094.48920213,0.0165,1195.0,,6220.0,1.263,1.167,4.304,277.419
TOI-5386 A b,TOI-5386 A,2.0,Transit,2025.0,Transiting Exoplanet Survey Satellite (TESS),3.62156552,0.04856,14.70618268,155.10026262,0.072,1488.0,,6094.0,1.245,1.165,4.314,394.486
TOI-5388.01,TOI-5388,1.0,Transit,2024.0,Transiting Exoplanet Survey Satellite (TESS),2.594675,0.024335855,1.89426,,,601.35,,3495.0,0.31,0.28572,4.91164,18.5226
TOI-5398 b,TOI-5398,1.0,Transit,2022.0,Transiting Exoplanet Survey Satellite (TESS),10.590735,0.098,10.9785,58.7,0.13,947.0,G V,6008.55,1.05209,1.1295,4.439780000000001,130.855
TOI-5398 c,TOI-5398,1.0,Transit,2023.0,Transiting Exoplanet Survey Satellite (TESS),4.77271,0.057,3.52,11.8,0.14,1242.0,G V,6000.0,1.051,1.146,4.44,130.855
TOI-540 b,TOI-540,1.0,Transit,2020.0,Transiting Exoplanet Survey Satellite (TESS),1.2391486,0.01223,0.903,,0.0,611.0,M V,3216.0,0.1895,0.159,,14.0022
TOI-544 b,TOI-544,1.0,Transit,2022.0,Transiting Exoplanet Survey Satellite (TESS),1.5483514999999999,0.0238,2.024,2.89,0.0,1040.5,,4269.0,0.6415,0.7404999999999999,4.705,41.1166
TOI-544 c,TOI-544,1.0,Radial Velocity,2023.0,La Silla Observatory,50.089,,,21.5,0.32,,,4169.0,0.623,0.631,4.68,41.1166
TOI-5489 b,TOI-5489,1.0,Transit,2025.0,Transiting Exoplanet Survey Satellite (TESS),3.15222,,1.4,,,624.0,,3547.0,0.42,0.41,,45.0907
TOI-5489 c,TOI-5489,1.0,Transit,2025.0,Transiting Exoplanet Survey Satellite (TESS),4.92126,,1.28,,,536.0,,3547.0,0.42,0.41,,45.0907
TOI-5542 b,TOI-5542,1.0,Transit,2022.0,Transiting Exoplanet Survey Satellite (TESS),75.12375,0.332,11.30986153,419.53349724,0.018,441.0,G3 V,5700.0,1.058,0.89,4.2,348.849
TOI-5573 b,TOI-5573,1.0,Transit,2025.0,Transiting Exoplanet Survey Satellite (TESS),8.79758977,0.0712,9.75,112.0,0.072,528.0,,3790.0,0.594,0.619,4.68,186.562
TOI-558 b,TOI-558,1.0,Transit,2021.0,Transiting Exoplanet Survey Satellite (TESS),14.574071,0.1291,12.17295304,1147.36054927,0.298,1061.0,F V,6466.0,1.496,1.349,4.218,402.63
TOI-559 b,TOI-559,1.0,Transit,2021.0,Transiting Exoplanet Survey Satellite (TESS),6.9839095,0.0723,12.22899794,1910.14872607,0.151,1180.0,G V,5925.0,1.233,1.026,4.268,233.266
TOI-5592 b,TOI-5592,1.0,Transit,2025.0,Transiting Exoplanet Survey Satellite (TESS),2.6085846,0.03935,17.14974047,285.72773789,0.062,1789.0,,6237.0,1.393,1.194,4.226,597.026
TOI-561 b,TOI-561,1.0,Transit,2020.0,Transiting Exoplanet Survey Satellite (TESS),0.4465712083333333,0.010571666666666667,1.4202686766666668,2.341666666666667,0.0,2310.9425,G9 V,5364.2,0.8426,0.8014000000000001,4.4841999999999995,85.79900000000002
TOI-561 c,TOI-561,1.0,Transit,2020.0,Transiting Exoplanet Survey Satellite (TESS),10.778871142857144,0.08836500000000001,2.8983445783333335,6.203333333333333,0.028833333333333332,800.17,G9 V,5379.333333333333,0.8435142857142858,0.7986666666666666,4.481833333333333,85.799
TOI-561 d,TOI-561,1.0,Transit,2020.0,Transiting Exoplanet Survey Satellite (TESS),25.694006,0.15772,2.7012966339999998,12.325999999999999,0.071,583.6133333333333,G9 V,5373.75,0.84472,0.8005,4.48025,85.799
TOI-561 e,TOI-561,1.0,Transit,2020.0,Transiting Exoplanet Survey Satellite (TESS),77.2668,0.32848,2.5717499999999998,12.559999999999999,0.0535,415.5,G9 V,5373.75,0.84472,0.8005,4.48025,85.799
TOI-5616 b,TOI-5616,1.0,Transit,2024.0,Transiting Exoplanet Survey Satellite (TESS),2.002849,0.0272,10.78,624.0,0.0,939.0,,3996.0,0.646,0.666,4.67,390.415
TOI-5634 A b,TOI-5634 A,2.0,Transit,2024.0,Transiting Exoplanet Survey Satellite (TESS),2.2035373,0.0272,10.42,588.0,0.0,837.0,,3896.0,0.54,0.556,4.73,306.144
TOI-564 b,TOI-564,1.0,Transit,2020.0,Transiting Exoplanet Survey Satellite (TESS),1.6511441,0.02734,11.43318,464.98529,0.072,1714.0,,5640.0,1.088,0.998,4.364,199.581
TOI-5678 b,TOI-5678,1.0,Transit,2023.0,Transiting Exoplanet Survey Satellite (TESS),47.73022,0.249,4.91,20.0,0.14,513.0,G7 V,5485.0,0.938,0.905,4.34,165.393
TOI-5688 A b,TOI-5688 A,2.0,Transit,2024.0,Transiting Exoplanet Survey Satellite (TESS),2.94815527,0.03379,10.3,124.0,0.128,742.0,,3713.0,0.57,0.6,4.69,226.318
TOI-5704 b,TOI-5704,1.0,Transit,2023.0,Transiting Exoplanet Survey Satellite (TESS),3.771116,,3.2274,,,949.07,,4590.0,0.7575,0.73,4.543,89.637
TOI-5713 b,TOI-5713,1.0,Transit,2024.0,Transiting Exoplanet Survey Satellite (TESS),10.441989,0.06008,1.77,,0.24,347.2,M3.5+/-0.5,3225.0,0.2992,0.2653,4.91,40.8668
TOI-5716 b,TOI-5716,1.0,Transit,2025.0,Transiting Exoplanet Survey Satellite (TESS),6.7663,,0.96,,,400.0,,3436.0,0.22,0.19,,39.4122
TOI-5720 b,TOI-5720,1.0,Transit,2024.0,Transiting Exoplanet Survey Satellite (TESS),1.4344555,0.018288,1.09,4.3,,708.0,M3.5 +/- 1.0,3325.0,0.383,0.383,5.01,35.8256
TOI-5726.01,TOI-5726,1.0,Transit,2024.0,Transiting Exoplanet Survey Satellite (TESS),5.491125215,0.062186,2.554,,,,,5874.0,1.106,1.06,,108.848
TOI-5728 b,TOI-5728,1.0,Transit,2025.0,Transiting Exoplanet Survey Satellite (TESS),11.49761,,1.31,,,382.0,,3419.0,0.37,0.36,,54.7045
TOI-5736 b,TOI-5736,1.0,Transit,2025.0,Transiting Exoplanet Survey Satellite (TESS),0.64899,,1.56,,,1311.0,,3949.0,0.58,0.57,,92.3604
TOI-5786 b,TOI-5786,2.0,Transit,2025.0,Transiting Exoplanet Survey Satellite (TESS),12.779107,0.114,8.54,73.0,,1040.0,,6235.0,1.36,1.23,4.26,192.475
TOI-5795 b,TOI-5795,1.0,Transit,2025.0,Transiting Exoplanet Survey Satellite (TESS),6.1406325,0.064,5.62,23.66,0.25,1136.78,G3 V,5715.0,1.082,0.901,4.32,156.53
TOI-5799 b,TOI-5799,1.0,Transit,2024.0,Transiting Exoplanet Survey Satellite (TESS),4.164641066000001,0.034967,1.7386666666666668,,,511.505,M2 V,3495.6666666666665,0.33066666666666666,0.3296666666666667,4.934,27.812300000000004
TOI-5799 c,TOI-5799,1.0,Transit,2025.0,Transiting Exoplanet Survey Satellite (TESS),14.010449,0.0782,1.76,,,337.0,M2 V,3452.0,0.321,0.325,4.936,27.8123
TOI-5800 b,TOI-5800,1.0,Transit,2025.0,Transiting Exoplanet Survey Satellite (TESS),2.6278829000000004,0.03445,2.5700000000000003,10.15,0.345,1113.5,K3 V,4840.0,0.7865,0.784,4.56,42.9052
TOI-5803 b,TOI-5803,1.0,Transit,2023.0,Transiting Exoplanet Survey Satellite (TESS),5.38305,,3.2732,,,678.87,,5134.0,0.7625,0.87,4.613,84.0126
TOI-5817 b,TOI-5817,2.0,Transit,2025.0,Transiting Exoplanet Survey Satellite (TESS),15.61031,0.1223,3.08,10.3,0.2,950.0,G2 IV-V,5770.0,1.427,0.97,4.12,80.7542
TOI-5882 b,TOI-5882,1.0,Transit,2025.0,Transiting Exoplanet Survey Satellite (TESS),7.148972499999999,0.082425,11.65173544,7357.72762205,0.033549999999999996,1526.0,,5990.0,2.2969999999999997,1.4415,3.8739999999999997,416.104
TOI-6000 b,TOI-6000,1.0,Transit,2025.0,Transiting Exoplanet Survey Satellite (TESS),0.448959,,0.94,,,1120.0,,3419.0,0.38,0.37,4.85,75.7664
TOI-6002 b,TOI-6002,1.0,Transit,2024.0,Transiting Exoplanet Survey Satellite (TESS),10.904821,0.05722,1.65,,0.15,321.4,M3.5+/-0.5,3229.0,0.2432,0.2101,4.989,32.0266
TOI-6008 b,TOI-6008,1.0,Transit,2024.0,Transiting Exoplanet Survey Satellite (TESS),0.8574347,0.010777,1.03,4.0,,707.0,M5.0,3075.0,0.242,0.23,5.01,23.1008
TOI-6016 b,TOI-6016,1.0,Transit,2024.0,Transiting Exoplanet Survey Satellite (TESS),4.023687,0.055,13.67495645,371.85923619,0.0,1890.0,F,6110.0,1.51,1.31,4.19,364.715
TOI-6029 b,TOI-6029,1.0,Transit,2024.0,Transiting Exoplanet Survey Satellite (TESS),5.7987,,14.39233122,519.64944544,0.091,,,6223.0,2.338,1.548,3.886,603.119
TOI-6034 b,TOI-6034,2.0,Transit,2024.0,Transiting Exoplanet Survey Satellite (TESS),2.576184,0.02949,11.92,254.0,0.04,714.0,,3635.0,0.489,0.514,4.77,117.992
TOI-6038 A b,TOI-6038 A,2.0,Transit,2025.0,Transiting Exoplanet Survey Satellite (TESS),5.8267311,0.069,6.41,78.5,,1439.0,,6110.0,1.648,1.291,4.118,179.147
TOI-6041 b,TOI-6041,1.0,Transit,2025.0,Transiting Exoplanet Survey Satellite (TESS),26.04945,0.1651,4.55,28.9,,605.6,G7,5445.0,0.879,0.885,4.498,72.4731
TOI-6041 c,TOI-6041,1.0,Radial Velocity,2025.0,Multiple Observatories,88.0,0.3721,,77.9,,403.5,G7,5445.0,0.879,0.885,4.498,72.4731
TOI-6054.01,TOI-6054,1.0,Transit,2024.0,Transiting Exoplanet Survey Satellite (TESS),7.4972097115,0.0774065,2.641,12.5,0.164,1360.0,,6079.5,1.637,1.1284999999999998,4.1,79.407
TOI-6054.02,TOI-6054,1.0,Transit,2024.0,Transiting Exoplanet Survey Satellite (TESS),12.569317014500001,0.109389,2.8419999999999996,9.3,0.332,1143.0,,6079.5,1.637,1.1284999999999998,4.1,79.407
TOI-6086 b,TOI-6086,1.0,Transit,2024.0,Transiting Exoplanet Survey Satellite (TESS),1.3888725,0.01541,1.18,,,634.0,M3.0,3200.0,0.259,0.254,5.01,31.4566
TOI-6109 b,TOI-6109,1.0,Transit,2025.0,Transiting Exoplanet Survey Satellite (TESS),5.690476,0.0599,4.8704,,,,G3,5660.0,1.021,1.03,4.45,151.738
TOI-6109 c,TOI-6109,1.0,Transit,2025.0,Transiting Exoplanet Survey Satellite (TESS),8.538878,0.0786,4.8326,,,,G3,5660.0,1.021,1.03,4.45,151.738
TOI-6130 b,TOI-6130,1.0,Transit,2024.0,Transiting Exoplanet Survey Satellite (TESS),2.392679,0.036,14.3474953,333.71982735,0.036,1750.0,F,6110.0,1.51,1.31,4.19,220.882
TOI-615 b,TOI-615,1.0,Transit,2023.0,Transiting Exoplanet Survey Satellite (TESS),4.6615983,0.0678,18.97680433,138.25535705,0.39,1666.0,F2 V,6850.0,1.732,1.449,4.2,360.408
TOI-620 b,TOI-620,1.0,Transit,2022.0,Transiting Exoplanet Survey Satellite (TESS),5.0988179,0.04825,3.76,,0.22,603.6,M2.5 V,3708.0,0.55,0.577,4.718,33.0231
TOI-622 b,TOI-622,1.0,Transit,2023.0,Transiting Exoplanet Survey Satellite (TESS),6.402513,0.0708,9.2362001,96.30200732,0.42,1388.0,F6 V,6400.0,1.415,1.313,4.2,123.297
TOI-6223 b,TOI-6223,1.0,Transit,2025.0,Transiting Exoplanet Survey Satellite (TESS),3.855219,0.04018,5.07,,,714.0,M0 V,3895.0,0.576,0.582,4.682,133.122
TOI-6255 b,TOI-6255,1.0,Transit,2024.0,Transiting Exoplanet Survey Satellite (TESS),0.23818244,,1.079,1.44,0.0,,,3421.0,0.37,0.353,4.85,20.3167
TOI-628 b,TOI-628,1.0,Transit,2021.0,Transiting Exoplanet Survey Satellite (TESS),3.4095675,0.0486,11.88154,2011.8639,0.072,1586.0,,6250.0,1.345,1.311,4.3,178.68
TOI-6303 b,TOI-6303,1.0,Transit,2025.0,Transiting Exoplanet Survey Satellite (TESS),9.485236,0.0761,11.59,2493.0,0.02,541.0,,3977.0,0.609,0.644,4.67,152.219
TOI-6324 b,TOI-6324,1.0,Transit,2025.0,Transiting Exoplanet Survey Satellite (TESS),0.27922104999999997,,1.0445,1.17,0.0,1191.5,,3302.5,0.2965,0.2695,4.93,20.5488
TOI-6330 b,TOI-6330,1.0,Transit,2025.0,Transiting Exoplanet Survey Satellite (TESS),6.8500246,0.05763,10.89,3179.0,0.34,495.0,,3539.0,0.49,0.531,4.77,139.042
TOI-6383 A b,TOI-6383 A,2.0,Transit,2024.0,Transiting Exoplanet Survey Satellite (TESS),1.79058695,0.02292,11.29,331.0,0.05,745.0,M3,3444.0,0.457,0.458,4.81,171.319
TOI-640 b,TOI-640,1.0,Transit,2021.0,Transiting Exoplanet Survey Satellite (TESS),5.003781633333333,0.06608,19.5652929,230.426295995,0.03766666666666667,1782.5,,6460.0,2.082,1.5360000000000003,3.987,341.997
TOI-6420 b,TOI-6420,1.0,Transit,2025.0,Transiting Exoplanet Survey Satellite (TESS),6.961508,0.0753,11.93756445,2606.1929374,0.078,1213.0,,6020.0,1.312,1.165,4.268,634.712
TOI-6448 b,TOI-6448,1.0,Transit,2025.0,Transiting Exoplanet Survey Satellite (TESS),14.844261,0.131,8.47398941,,0.2,745.0,,5910.0,0.897,1.03,,386.879
TOI-6478 b,TOI-6478,2.0,Transit,2025.0,Transiting Exoplanet Survey Satellite (TESS),34.005019,0.1136,4.6,,,204.4,M4.0+/-0.5,3230.0,0.234,0.23,5.016,38.6057
TOI-654.01,TOI-654,1.0,Transit,2024.0,Transiting Exoplanet Survey Satellite (TESS),1.5275633499999999,0.020230073,2.37463,8.71,0.0,771.27,M2 V,3477.0,0.43,0.47510949999999996,4.84488,57.7553
TOI-6628 b,TOI-6628,1.0,Transit,2025.0,Transiting Exoplanet Survey Satellite (TESS),18.18424,0.134,10.98480109,235.19302118,0.67,833.0,,5463.0,1.01,0.97,4.416,320.527
TOI-663 b,TOI-663,1.0,Transit,2024.0,Transiting Exoplanet Survey Satellite (TESS),2.598902,0.0295,2.27,4.45,,674.0,M1 V,3681.0,0.512,0.514,4.7266,64.2308
TOI-663 c,TOI-663,1.0,Transit,2024.0,Transiting Exoplanet Survey Satellite (TESS),4.6955507,0.0437,2.26,3.65,,553.0,M1 V,3681.0,0.512,0.514,4.7266,64.2308
TOI-663 d,TOI-663,1.0,Transit,2024.0,Transiting Exoplanet Survey Satellite (TESS),7.1027268,0.0576,1.92,5.2,,482.0,M1 V,3681.0,0.512,0.514,4.7266,64.2308
TOI-6651 b,TOI-6651,1.0,Transit,2024.0,Transiting Exoplanet Survey Satellite (TESS),5.056973,0.0633,5.09,61.0,0.091,1493.0,,5940.0,1.721,1.323,4.087,212.128
TOI-669 b,TOI-669,1.0,Transit,2023.0,Transiting Exoplanet Survey Satellite (TESS),3.945151,0.0475,2.593032435,9.9,0.115,1179.925,,5598.5,0.9891,0.91225,4.412,142.867
TOI-6695 b,TOI-6695,1.0,Transit,2025.0,Transiting Exoplanet Survey Satellite (TESS),80.389,0.402,9.52763359,66.74396547,0.04,599.0,F5V-G0V,6400.0,1.517,1.338,4.202,282.536
TOI-6695 c,TOI-6695,1.0,Radial Velocity,2025.0,Multiple Observatories,242.4,0.838,,460.85119015,0.022,415.0,F5V-G0V,6400.0,1.517,1.338,4.202,282.536
TOI-672 b,TOI-672,1.0,Transit,2023.0,Transiting Exoplanet Survey Satellite (TESS),3.633575,,5.2604,,,676.15,,3765.0,0.5441,0.5399,4.699,66.9071
TOI-674 b,TOI-674,1.0,Transit,2021.0,Transiting Exoplanet Survey Satellite (TESS),1.9771536,0.025,5.25,23.6,0.0,635.0,M2 V,3514.0,0.42,0.42,4.81,46.0851
TOI-677 b,TOI-677,1.0,Transit,2020.0,Transiting Exoplanet Survey Satellite (TESS),11.23653396,0.10395,13.11451871,395.16730902,0.4415,1252.0,F8,6295.0,1.2802,1.1764,4.290000000000001,141.812
TOI-6894 b,TOI-6894,1.0,Transit,2025.0,Transiting Exoplanet Survey Satellite (TESS),3.37077196,0.02604,9.5836785,53.39517238,0.029,417.9,,3007.0,0.2276,0.207,5.039,73.8131
TOI-700 b,TOI-700,1.0,Transit,2020.0,Transiting Exoplanet Survey Satellite (TESS),9.977083,0.06636666666666667,0.987,,0.06266666666666666,417.0,M2 V,3466.6666666666665,0.42166666666666663,0.41533333333333333,4.8069999999999995,31.126500000000004
TOI-700 c,TOI-700,1.0,Transit,2020.0,Transiting Exoplanet Survey Satellite (TESS),16.051115,0.09276666666666666,2.6266666666666665,,0.06425,356.0,M2 V,3470.0,0.42125,0.4155,4.8077499999999995,31.1265
TOI-700 d,TOI-700,1.0,Transit,2020.0,Transiting Exoplanet Survey Satellite (TESS),37.42490333333333,0.1632,1.1356666666666666,,0.06166666666666667,268.8,M2 V,3466.6666666666665,0.42166666666666663,0.41533333333333333,4.8069999999999995,31.126500000000004
TOI-700 e,TOI-700,1.0,Transit,2023.0,Transiting Exoplanet Survey Satellite (TESS),27.80978,0.134,0.953,,0.059,,M2.5 V,3459.0,0.421,0.415,4.809,31.1265
TOI-7041 b,TOI-7041,1.0,Transit,2025.0,Transiting Exoplanet Survey Satellite (TESS),9.691,,11.43316031,114.41822652,0.04,,,4700.0,4.1,1.07,3.244,439.52
TOI-712 b,TOI-712,1.0,Transit,2022.0,Transiting Exoplanet Survey Satellite (TESS),9.531361,0.07928,2.049,,0.54,650.0,K4.5 V,4622.0,0.674,0.732,4.645,58.6212
TOI-712 c,TOI-712,1.0,Transit,2022.0,Transiting Exoplanet Survey Satellite (TESS),51.69906,0.2447,2.701,,0.089,369.9,K4.5 V,4622.0,0.674,0.732,4.645,58.6212
TOI-712 d,TOI-712,1.0,Transit,2022.0,Transiting Exoplanet Survey Satellite (TESS),84.8396,0.3405,2.474,,0.073,313.6,K4.5 V,4622.0,0.674,0.732,4.645,58.6212
TOI-7149 b,TOI-7149,1.0,Transit,2025.0,Transiting Exoplanet Survey Satellite (TESS),2.65206166,0.02603,13.2,224.0,0.078,593.0,M4 V,3363.0,0.351,0.344,4.88,126.126
TOI-715 b,TOI-715,1.0,Transit,2023.0,Transiting Exoplanet Survey Satellite (TESS),19.288004,0.083,1.55,,,234.0,M4,3075.0,0.24,0.225,5.0,42.4048
TOI-733 b,TOI-733,1.0,Transit,2023.0,Transiting Exoplanet Survey Satellite (TESS),4.884765,0.0618,1.992,5.72,0.046,1055.8,G,5585.0,0.949,0.956,4.47,75.2092
TOI-7510 b,TOI-7510,1.0,Transit,2025.0,Transiting Exoplanet Survey Satellite (TESS),11.5191845,0.10125,7.325941179999999,13.02285509,0.0572,875.0,G3,5770.0,1.0274999999999999,1.0415,4.4345,249.006
TOI-7510 c,TOI-7510,1.0,Transit,2025.0,Transiting Exoplanet Survey Satellite (TESS),22.56657115,0.1585,10.85816911,129.59009827,0.0091,699.0,G3,5770.0,1.0274999999999999,1.0415,4.4345,249.006
TOI-7510 d,TOI-7510,1.0,Transit,2025.0,Transiting Exoplanet Survey Satellite (TESS),48.894434000000004,0.2656,10.432944594999999,217.808896465,0.04,540.2,G3,5770.0,1.0274999999999999,1.0415,4.4345,249.006
TOI-756 b,TOI-756,1.0,Transit,2025.0,Transiting Exoplanet Survey Satellite (TESS),1.2392495,0.018,2.81,9.83,0.0,934.0,M1 V,3657.0,0.505,0.505,4.735,86.1759
TOI-756 c,TOI-756,1.0,Radial Velocity,2025.0,La Silla Observatory,149.4,0.439,,1287.20504835,0.445,194.0,M1 V,3657.0,0.505,0.505,4.735,86.1759
TOI-757 b,TOI-757,1.0,Transit,2024.0,Transiting Exoplanet Survey Satellite (TESS),17.46819,0.122,2.5,10.5,0.39,641.0,K0 V,5278.0,0.78,0.8,4.5,60.3418
TOI-762 A b,TOI-762 A,2.0,Transit,2024.0,Transiting Exoplanet Survey Satellite (TESS),3.4716826,0.03418,8.33948164,79.77493016,0.083,555.4,,3266.0,0.425,0.442,4.827,98.4458
TOI-763 b,TOI-763,1.0,Transit,2020.0,Transiting Exoplanet Survey Satellite (TESS),5.6057,0.06,2.28,9.79,0.04,1038.0,G,5450.0,0.897,0.917,4.45,95.1274
TOI-763 c,TOI-763,1.0,Transit,2020.0,Transiting Exoplanet Survey Satellite (TESS),12.2737,0.1011,2.63,9.32,0.04,800.0,G,5450.0,0.897,0.917,4.45,95.1274
TOI-771 b,TOI-771,1.0,Transit,2024.0,Transiting Exoplanet Survey Satellite (TESS),2.3260182499999997,0.020749999999999998,1.391,2.47,0.055,535.095,M3,3285.5,0.237,0.22,4.907,25.2788
TOI-771 c,TOI-771,1.0,Radial Velocity,2025.0,Paranal Observatory,7.61,0.046,,2.87,0.065,365.0,M3,3370.0,0.232,0.22,4.8,25.2788
TOI-776 b,TOI-776,1.0,Transit,2020.0,Transiting Exoplanet Survey Satellite (TESS),8.24662,0.06525,1.824,4.5,0.057333333333333326,517.0,M1 V,3714.3333333333335,0.541,0.5433333333333333,4.751333333333334,27.1701
TOI-776 c,TOI-776,1.0,Transit,2020.0,Transiting Exoplanet Survey Satellite (TESS),15.665321,0.10005,2.0335,6.1,0.05633333333333334,417.5,M1 V,3714.3333333333335,0.541,0.5433333333333333,4.751333333333334,27.1701
TOI-778 b,TOI-778,1.0,Transit,2023.0,Transiting Exoplanet Survey Satellite (TESS),4.633611,0.06,15.4,878.0,0.21,1561.0,F3 V,6643.0,1.71,1.4,4.05,161.743
TOI-782 b,TOI-782,1.0,Transit,2024.0,Transiting Exoplanet Survey Satellite (TESS),8.0240015,0.0578,2.734,19.1,0.19,435.0,,3370.0,0.413,0.397,4.804,52.5122
TOI-784 b,HD 307842,1.0,Transit,2023.0,Transiting Exoplanet Survey Satellite (TESS),2.7970365,0.038,1.93,9.67,0.0,,G,5558.0,0.907,0.91,4.48,64.5997
TOI-813 b,TOI-813,1.0,Transit,2020.0,Transiting Exoplanet Survey Satellite (TESS),83.89105,0.423,6.717694209999999,,0.0,610.0,G0 IV,5907.0,1.94,1.32,3.86,263.145
TOI-815 b,TOI-815,2.0,Transit,2024.0,Transiting Exoplanet Survey Satellite (TESS),11.197259,0.0903,2.94,7.6,0.2,686.0,K3 V,4869.0,0.77,0.776,4.51,59.7117
TOI-815 c,TOI-815,2.0,Transit,2024.0,Transiting Exoplanet Survey Satellite (TESS),34.976145,0.193,2.62,23.5,0.22,469.0,K3 V,4869.0,0.77,0.776,4.51,59.7117
TOI-824 b,TOI-824,1.0,Transit,2020.0,Transiting Exoplanet Survey Satellite (TESS),1.392977666666667,0.02177,2.926,18.467,,1253.0,K4 V,4600.0,0.695,0.71,4.605,63.9262
TOI-833 b,TOI-833,1.0,Transit,2022.0,Transiting Exoplanet Survey Satellite (TESS),1.0418777,0.0171,1.27,,,1118.0,,3920.0,0.6,0.61,4.67,41.7148
TOI-836 b,TOI-836,1.0,Transit,2023.0,Transiting Exoplanet Survey Satellite (TESS),3.81673,0.0422,1.704,4.53,0.053,871.0,K V,4552.0,0.665,0.678,4.743,27.5024
TOI-836 c,TOI-836,1.0,Transit,2023.0,Transiting Exoplanet Survey Satellite (TESS),8.59545,0.075,2.587,9.6,0.078,665.0,K V,4552.0,0.665,0.678,4.743,27.5024
TOI-837 b,TOI-837,1.0,Transit,2020.0,Transiting Exoplanet Survey Satellite (TESS),8.324898139999998,0.0859,9.169958736666667,205.95098875,0.0,1008.65,G0/F9 V,6027.2,1.0308,1.124,4.461399999999999,142.488
TOI-849 b,TOI-849,1.0,Transit,2020.0,Transiting Exoplanet Survey Satellite (TESS),0.76553607,0.01574,3.542,40.445,0.0,,G,5315.4,0.9445,0.9495,4.48,225.734
TOI-858 B b,TOI-858 B,2.0,Transit,2023.0,Transiting Exoplanet Survey Satellite (TESS),3.2797178,0.04435,14.06727078,349.6112477,0.15,1529.0,G0,5842.0,1.308,1.081,4.238,250.489
TOI-871 b,TOI-871,1.0,Transit,2024.0,Transiting Exoplanet Survey Satellite (TESS),14.362565,0.1054,1.664,,,621.0,,4929.0,0.719,0.758,4.604,68.0473
TOI-880 c,TOI-880,1.0,Transit,2025.0,Transiting Exoplanet Survey Satellite (TESS),6.3872703,0.0635,4.95,,,805.0,K,5050.0,0.83,0.87,4.53,60.6679
TOI-880.02,TOI-880,1.0,Transit,2024.0,Transiting Exoplanet Survey Satellite (TESS),2.57465215,0.034545477500000005,2.48396145,,,1123.9850000000001,K,4992.5,0.8234995,0.8377075,4.525,60.6679
TOI-892 b,TOI-892,1.0,Transit,2020.0,Transiting Exoplanet Survey Satellite (TESS),10.6265775,0.092,11.993619675,301.937743325,0.125,1397.0,F,6261.0,1.39,1.28,4.26,340.543
TOI-904 b,TOI-904,1.0,Transit,2023.0,Transiting Exoplanet Survey Satellite (TESS),10.8772,0.056,2.426,,,429.43,,3770.2,0.527,0.557,,46.0891
TOI-904 c,TOI-904,1.0,Transit,2023.0,Transiting Exoplanet Survey Satellite (TESS),83.9997,0.312,2.167,,,217.26,,3770.2,0.527,0.557,,46.0891
TOI-905 b,TOI-905,1.0,Transit,2020.0,Transiting Exoplanet Survey Satellite (TESS),3.7395180333333333,0.04666,13.125739,211.99261,0.024,1192.0,,5570.0,0.918,0.968,4.498,158.649
TOI-907.01,TOI-907,1.0,Transit,2024.0,Transiting Exoplanet Survey Satellite (TESS),4.5849129,0.055225481,9.6158851,,,1846.6,,6272.0,2.059789,1.069357,3.8399,312.529
TOI-908 b,TOI-908,1.0,Transit,2023.0,Transiting Exoplanet Survey Satellite (TESS),3.183792,0.041657,3.186,16.137,0.132,1317.0,G V,5626.0,1.028,0.95,4.45,175.748
TOI-912 b,TOI-912,1.0,Transit,2025.0,Transiting Exoplanet Survey Satellite (TESS),4.6780691,0.041,1.93,5.1,0.58,551.0,M3,3572.0,0.419,0.418,4.98,26.1072
TOI-913 b,TOI-913,1.0,Transit,2023.0,Transiting Exoplanet Survey Satellite (TESS),11.098644,,2.4528,,,712.01,,4969.0,0.7325,0.82,4.622,65.1769
TOI-942 b,TOI-942,1.0,Transit,2020.0,Transiting Exoplanet Survey Satellite (TESS),4.3248999999999995,0.048806666666666665,4.314,421.179,0.20833333333333334,,K2.5 V,4948.5,0.8935,0.822,4.314,152.601
TOI-942 c,TOI-942,1.0,Transit,2020.0,Transiting Exoplanet Survey Satellite (TESS),10.157734,0.08622666666666667,5.084333333333333,415.7875,0.165,,K2.5 V,4948.5,0.8935,0.822,4.314,152.601
TOI-954 b,TOI-954,1.0,Transit,2020.0,Transiting Exoplanet Survey Satellite (TESS),3.6849729,0.04963,9.550068,55.30242,0.14,1526.0,,5710.0,1.892,1.201,3.962,238.768
TOI-969 b,TOI-969,1.0,Transit,2022.0,Transiting Exoplanet Survey Satellite (TESS),1.8237305,0.02636,2.765,9.1,,941.0,K V,4435.0,0.671,0.734,4.55,77.2554
TOI-969 c,TOI-969,1.0,Radial Velocity,2022.0,Multiple Observatories,1700.0,2.52,,3591.4609991,0.628,96.4,K V,4435.0,0.671,0.734,4.55,77.2554
TRAPPIST-1 b,TRAPPIST-1,1.0,Transit,2016.0,La Silla Observatory,1.510854205,0.011368350000000001,1.109,1.0803333333333334,0.021805,390.925,,2552.2,0.11843783333333334,0.08705399999999999,5.25172,
TRAPPIST-1 c,TRAPPIST-1,1.0,Transit,2016.0,La Silla Observatory,2.4218677719999997,0.015567023999999999,1.07425,1.2813333333333332,0.022385000000000002,334.65,,2552.2,0.11843783333333334,0.08705399999999999,5.25172,
TRAPPIST-1 d,TRAPPIST-1,1.0,Transit,2016.0,La Silla Observatory,4.0494570875,0.022110076,0.787,0.37075,0.039185000000000005,286.73333333333335,M8.0 V,2552.75,0.1197,0.08771999999999999,5.2396,
TRAPPIST-1 e,TRAPPIST-1,1.0,Transit,2017.0,Multiple Observatories,6.0993106975,0.0289857125,0.916,0.6946666666666667,0.04505000000000001,250.5,,2548.3333333333335,0.11986666666666668,0.0872,5.2396,
TRAPPIST-1 f,TRAPPIST-1,1.0,Transit,2017.0,Multiple Observatories,9.208430997499999,0.038224402500000004,1.0453333333333334,0.8843333333333333,0.036535,218.35,,2548.3333333333335,0.11986666666666668,0.0872,5.2396,
TRAPPIST-1 g,TRAPPIST-1,1.0,Transit,2017.0,Multiple Observatories,12.352980566666666,0.046405550000000004,1.1346666666666667,1.2696666666666667,0.03154,197.95,,2548.3333333333335,0.11986666666666668,0.0872,5.2396,
TRAPPIST-1 h,TRAPPIST-1,1.0,Transit,2017.0,Multiple Observatories,19.076785125,0.06217262,0.75875,0.3285,0.00567,170.9,,2548.3333333333335,0.11860675,0.08791560000000001,5.25778,
TYC 0434-04538-1 b,TYC 0434-04538-1,1.0,Radial Velocity,2021.0,Multiple Observatories,193.2,0.66,,1938.763,0.08,,,4679.0,9.99,1.04,2.49,613.422
TYC 1422-614-1 b,TYC 1422-614-1,1.0,Radial Velocity,2014.0,Multiple Observatories,198.4,0.69,,794.5,0.06,,,4806.0,6.85,1.15,2.85,672.41
TYC 1422-614-1 c,TYC 1422-614-1,1.0,Radial Velocity,2014.0,Multiple Observatories,559.3,1.37,,3178.0,0.048,,,4806.0,6.85,1.15,2.85,672.41
TYC 2187-512-1 b,TYC 2187-512-1,1.0,Radial Velocity,2022.0,Calar Alto Observatory,691.9,1.22,,104.88337431,0.05,,M1.0 V,3734.0,0.495,0.498,4.68,15.4744
TYC 3318-01333-1 b,TYC 3318-01333-1,1.0,Radial Velocity,2018.0,Multiple Observatories,562.0,1.414,,1086.9786,0.098,,,4776.0,5.9,1.19,2.97,490.61
TYC 3667-1280-1 b,TYC 3667-1280-1,1.0,Radial Velocity,2016.0,McDonald Observatory,26.468,0.21,,1716.282,0.036,1350.0,,5130.0,6.26,1.87,3.11,477.516
TYC 4282-00605-1 b,TYC 4282-00605-1,1.0,Radial Velocity,2017.0,Roque de los Muchachos Observatory,101.54,0.422,,3426.2074,0.28,,,4300.0,16.21,0.97,2.0,464.128
TYC 8998-760-1 b,TYC 8998-760-1,1.0,Imaging,2020.0,Paranal Observatory,,162.0,,5689.1396363,,,K3 IV,4573.0,,1.0,,94.6177
TYC 8998-760-1 c,TYC 8998-760-1,1.0,Imaging,2020.0,Paranal Observatory,,320.0,12.3299,2097.6722652,,1240.0,,,,1.0,,94.6177
Teegarden's Star b,Teegarden's Star,1.0,Radial Velocity,2019.0,Calar Alto Observatory,4.90817,0.02555,,1.105,0.015,277.0,M7.0 V,2969.0,0.11349999999999999,0.093,5.19,3.83078
Teegarden's Star c,Teegarden's Star,1.0,Radial Velocity,2019.0,Calar Alto Observatory,11.412500000000001,0.044899999999999995,,1.08,0.02,209.0,M7.0 V,2969.0,0.11349999999999999,0.093,5.19,3.83078
Teegarden's Star d,Teegarden's Star,1.0,Radial Velocity,2024.0,Multiple Observatories,26.13,0.0791,,0.82,0.07,159.0,,3034.0,0.12,0.097,5.19,3.83078
TrES-1 b,TrES-1,2.0,Transit,2004.0,TrES,3.030070306615385,0.039317500000000005,12.188644000000002,241.546268,0.004,1143.5,K0 V,5235.446,0.8298,0.8976666666666667,4.545124444444444,159.65799999999996
TrES-2 b,TrES-2,2.0,Transit,2006.0,TrES,2.4706160903933334,0.035712941176470586,13.65205628,398.6152305882353,0.0016399999999999997,1421.5833333333333,G0 V,5842.2962962962965,1.0038404761904762,1.0097586206896552,4.441054545454545,215.32
TrES-3 b,TrES-3,1.0,Transit,2007.0,TrES,1.3061743367333334,0.022770000000000002,14.754231714285714,592.07123625,0.053250000000000006,1630.3333333333333,G4 V,5640.9,0.8185164545454545,0.9235000000000001,4.543157777777778,231.337
TrES-4 b,TrES-4,2.0,Transit,2007.0,TrES,3.5539358861538464,0.050845,19.76520051,256.487385648,0.00575,1804.8,,6222.416666666667,1.816727272727273,1.3658333333333335,4.03810909090909,515.98
TrES-5 b,TrES-5,1.0,Transit,2011.0,TrES,1.482215505625,0.0245175,13.4929135,569.06868,0.015,1480.0,,5171.0,0.8664,0.8946,4.523,360.313
UCAC3 113-933 b,UCAC3 113-933,1.0,Imaging,2024.0,Multiple Observatories,,6100.0,,6674.396547,,,M0,,,0.61,,52.5829
UCAC4 328-061594 b,UCAC4 328-061594,1.0,Imaging,2024.0,Multiple Observatories,,19000.0,,6674.396547,,,DC,,,1.19,,39.9089
UKIRT-2017-BLG-001L b,UKIRT-2017-BLG-001L,1.0,Microlensing,2018.0,Mauna Kea Observatory,,4.18,,407.0,,,,,,0.81,,6300.0
USco CTIO 108 b,USco CTIO 108,1.0,Imaging,2008.0,Teide Observatory,,670.0,,4449.62,,,M7,2700.0,,0.06,,144.019
USco1556 b,USco1556 A,1.0,Imaging,2019.0,Multiple Observatories,,3500.0,,4767.45,,2240.0,M3.0 V,3410.0,,0.33,,140.635
USco1621 b,USco1621 A,1.0,Imaging,2019.0,Multiple Observatories,,2880.0,,5085.28,,2270.0,M2.5 V,3460.0,,0.36,,137.901
UZ For b,UZ For,2.0,Eclipse Timing Variations,2011.0,Multiple Observatories,5840.0,5.9,,2002.2,0.04,,,,,0.7,,
UZ For c,UZ For,2.0,Eclipse Timing Variations,2011.0,Multiple Observatories,1916.25,2.8,,2447.2,0.05,,,,,0.7,,
V0391 Peg b,V0391 Peg,1.0,Pulsation Timing Variations,2007.0,Multiple Observatories,1170.0,1.7,,1017.056,0.0,,,29300.0,0.23,0.5,5.4,1195.98
V1298 Tau b,V1298 Tau,3.0,Transit,2019.0,K2,24.1381902,0.16979999999999998,9.9373488125,203.41018048,0.17866666666666667,672.5,K0,5010.0,1.3296666666666666,1.1075,4.246,108.199
V1298 Tau c,V1298 Tau,3.0,Transit,2019.0,K2,8.2479725,0.0833,5.26537704,76.27881768,0.27666666666666667,968.0,K1,5050.0,1.3375,1.0979999999999999,,108.199
V1298 Tau d,V1298 Tau,3.0,Transit,2019.0,K2,12.401666666666666,0.1093,6.32465164,98.52680617,0.20500000000000002,845.0,K1,5050.0,1.3375,1.0979999999999999,,108.199
V1298 Tau e,V1298 Tau,3.0,Transit,2019.0,K2,49.467475,0.27444999999999997,9.2236484075,344.843821595,0.33499999999999996,492.0,K1,4995.5,1.3683333333333334,1.1564999999999999,4.227,108.199
V2376 Ori b,V2376 Ori,1.0,Imaging,2025.0,Multiple Observatories,,71.0,87.20586985,6356.56814,,2100.0,M,,,0.45,,
V830 Tau b,V830 Tau,1.0,Radial Velocity,2016.0,Multiple Observatories,4.9285,0.057,,233.60505,0.0,,,4250.0,2.0,1.0,,130.111
VHS J125601.92-125723.9 b,VHS J125601.92-125723.9,2.0,Imaging,2015.0,Paranal Observatory,5800000.0,267.3333333333333,14.123315680000001,7643.7990215,0.68,1195.6666666666667,M7.5,2620.0,,0.06,5.05,
WASP-1 b,WASP-1,2.0,Transit,2007.0,SuperWASP,2.5199490290909092,0.03904428571428571,17.347282,282.68128444444443,0.003533333333333333,1813.25,F7 V,6142.166666666667,1.494,1.27775,4.2265,393.07199999999995
WASP-10 b,WASP-10,1.0,Transit,2008.0,SuperWASP,3.093547876666667,0.037662,12.534705200000001,1009.0935,0.04274,1097.3333333333333,K5 V,4678.75,0.698,0.751,4.512833333333334,140.998
WASP-100 b,WASP-100,2.0,Transit,2014.0,SuperWASP,2.849379275,0.04572,17.9335975,582.41725,0.011,2190.0,F2,6872.166666666667,1.672285,1.4371428571428573,4.11365,364.411
WASP-101 b,WASP-101,1.0,Transit,2014.0,SuperWASP,3.585713235714286,0.050585,15.877853333333334,159.65493666666666,0.02266666666666667,1560.0,F6,6390.0,1.2966666666666666,1.354,4.3309999999999995,201.224
WASP-102 b,WASP-102,1.0,Transit,2025.0,SuperWASP,2.709813,0.041,14.90794433,197.68926915,0.0,1671.0,,5990.0,1.375,1.08,4.2,535.689
WASP-103 b,WASP-103,1.0,Transit,2014.0,SuperWASP,0.9255444922857142,0.019828,17.450094802,468.79484165800005,0.075,2497.3333333333335,F8 V,6110.0,1.4302857142857144,1.2155714285714285,4.2188,375.647
WASP-104 b,WASP-104,2.0,Transit,2014.0,SuperWASP,1.7554085483333335,0.02919,12.744816499999999,403.63572,0.0075,1516.0,G8,5468.75,0.963,1.076,4.503,185.932
WASP-105 b,WASP-105,1.0,Transit,2017.0,SuperWASP-South,7.872887865,0.075,10.76064,572.094,0.0,900.0,K2,5070.0,0.9,0.89,4.2,169.272
WASP-106 b,WASP-106,1.0,Transit,2014.0,SuperWASP,9.2897087625,0.09116666666666667,11.96566104,586.7069738775,0.023799999999999998,1140.0,F9,6069.571428571428,1.4138,1.1877499999999999,4.297,352.181
WASP-107 b,WASP-107,1.0,Transit,2017.0,SuperWASP-South,5.72148341,0.05536666666666667,10.517427,35.040194,0.018333333333333333,726.1666666666666,K6,4427.857142857143,0.663375,0.689,4.544333333333333,64.7414
WASP-107 c,WASP-107,1.0,Radial Velocity,2020.0,Multiple Observatories,1088.0,,,115.0,0.28,,K6,4425.0,0.67,0.683,4.633,64.7414
WASP-108 b,WASP-108,1.0,Transit,2020.0,Transiting Exoplanet Survey Satellite (TESS),2.676,,14.762227585000002,283.50293904,0.0,1589.5,F9,6000.0,1.215,1.167,,258.777
WASP-11 b,WASP-11,3.0,Transit,2008.0,SuperWASP,3.722476174444444,0.0435025,11.2202,176.9243316666667,0.0116,976.0,K3 V,4870.0,0.7777142857142857,0.87525,4.4738,124.72999999999999
WASP-110 b,WASP-110,1.0,Transit,2021.0,Paranal Observatory,3.7784014200000002,,13.534844195000002,158.43746089,0.0,1158.0,G9,5396.0,0.853,0.814,4.2935,274.96
WASP-113 b,WASP-113,1.0,Transit,2016.0,SuperWASP-North,4.542168259076,0.05885,16.135341314999998,150.96925,0.0,1478.0,G1,5890.0,1.608,1.318,4.2,435.156
WASP-114 b,WASP-114,2.0,Transit,2016.0,SuperWASP-North,1.548820396,0.02851,15.008851,562.24127,0.012,2043.0,G0,5940.0,1.43,1.289,4.3,523.337
WASP-116 b,WASP-116,1.0,Transit,2025.0,SuperWASP,6.6132,0.065,13.67495645,203.41018048,0.0,1414.0,,6250.0,1.426,1.25,4.25,559.243
WASP-117 b,WASP-117,1.0,Transit,2014.0,SuperWASP,10.021047985714286,0.094615,11.589976333333333,90.220121,0.301,1001.0,F9,6030.150000000001,1.22,1.1548,4.277652000000001,157.963
WASP-118 b,WASP-118,1.0,Transit,2016.0,SuperWASP,4.0460424716666665,0.05419666666666667,14.6765765,164.31811,0.0,1741.0,F6,6410.0,1.7105,1.31975,4.1,376.6580000000001
WASP-119 b,WASP-119,1.0,Transit,2016.0,SuperWASP-South,2.4998019350000003,0.0363,15.6926,390.9309,0.058,1600.0,G5,5650.0,1.2,1.016,4.27326,302.448
WASP-12 b,WASP-12,3.0,Transit,2008.0,SuperWASP,1.0912978925333334,0.02323,20.707729108000002,466.719325,0.02867142857142857,2545.657142857143,,6267.642857142857,1.6386666666666667,1.358125,4.157486666666667,427.246
WASP-120 b,WASP-120,1.0,Transit,2016.0,SuperWASP,3.6112682175,0.0514,16.045670085,1541.4755,0.057,1814.5,F5,6450.0,1.87,1.393,4.035,381.174
WASP-121 b,WASP-121,1.0,Transit,2016.0,SuperWASP,1.2749251046666668,0.0255275,19.848883710000003,371.8598643633333,0.0,2495.6666666666665,F6 V,6540.0,1.4584285714285714,1.3499999999999999,4.242218333333334,269.898
WASP-123 b,WASP-123,2.0,Transit,2016.0,SuperWASP,2.9776428466666665,0.04263,14.952792975000001,285.72917,0.0,1510.0,G5,5740.0,1.285,1.166,4.286,197.996
WASP-124 b,WASP-124,1.0,Transit,2016.0,SuperWASP-South,3.3726500414285714,0.0449,14.4427836,187.04249542000002,0.017,1440.5,F9,6091.6,1.02,1.07,4.4398,448.637
WASP-126 b,WASP-126,1.0,Transit,2016.0,SuperWASP-South,3.2887968216666668,0.0449,10.76064,89.6462,0.18,1480.0,G2,5775.108,1.27,1.12,4.27358,216.52599999999998
WASP-126 c,WASP-126,1.0,Transit Timing Variations,2019.0,Transiting Exoplanet Survey Satellite (TESS),7.63,,,64.2,0.05,,,5800.0,1.27,1.12,,216.526
WASP-127 b,WASP-127,2.0,Transit,2016.0,SuperWASP,4.178062831428571,0.050199999999999995,15.0256645,54.778000500000005,0.0,1400.0,,5672.0025000000005,1.370072,1.048,4.1850724999999995,159.507
WASP-129 b,WASP-129,2.0,Transit,2016.0,SuperWASP-South,5.74813877,0.0628,10.42437,317.83,0.096,1100.0,G1,5900.0,0.9,1.0,4.53,301.462
WASP-13 b,WASP-13,1.0,Transit,2009.0,SuperWASP,4.3530111087500005,0.05504,15.8539494,150.904502,0.004,1531.0,,5895.166666666667,1.4645000000000001,1.0874000000000001,4.0915,227.537
WASP-130 b,WASP-130,1.0,Transit,2016.0,SuperWASP-South,11.550976025,0.1012,9.97601,390.9309,0.0,833.0,G6,5625.0,0.96,1.04,4.49,172.256
WASP-131 b,WASP-131,1.0,Transit,2016.0,SuperWASP-South,5.3220164400000005,0.06075,13.708595169999999,86.290627555,0.0,1460.0,G0,6020.0,1.53775,1.06,4.085500000000001,200.075
WASP-132 b,WASP-132,1.0,Transit,2016.0,SuperWASP-South,7.133515985714285,0.06713333333333334,9.967040536666667,133.1704291,0.028766666666666666,722.5,K4,4750.0,0.7451666666666666,0.7951666666666667,4.596,122.91
WASP-132 c,WASP-132,1.0,Transit,2022.0,Transiting Exoplanet Survey Satellite (TESS),1.01153512,0.018265,1.8455,21.805,0.065,1329.0,K4,4700.0,0.7555000000000001,0.7855000000000001,4.568,122.91
WASP-132 d,WASP-132,1.0,Radial Velocity,2024.0,Multiple Observatories,1816.6,2.71,,1639.99458012,0.12,107.0,K4 V,4686.0,0.758,0.789,4.56,122.91
WASP-133 b,WASP-133,1.0,Transit,2016.0,SuperWASP-South,2.1764233,0.0345,13.56289,368.6828,0.17,1790.0,G4,5700.0,1.4400000000000002,1.16,4.18,559.084
WASP-135 b,WASP-135,1.0,Transit,2015.0,SuperWASP,1.40137895,0.0243,14.5717,603.877,0.0,,G5 V,5675.0,0.96,0.98,4.47,298.214
WASP-136 b,WASP-136,1.0,Transit,2016.0,SuperWASP,5.21535638,0.0661,15.916761473333333,479.92209728499995,0.0,1686.0,F,6257.5,2.2075,1.41,3.9,275.587
WASP-138 b,WASP-138,1.0,Transit,2016.0,SuperWASP,3.63443585,0.0494,12.21781,387.7526,,1590.0,,6272.0,1.36,1.22,4.25,414.234
WASP-139 b,WASP-139,2.0,Transit,2016.0,SuperWASP-South,5.924265433333333,0.062,8.9672,37.18611,0.0,910.0,K0,5310.0,0.8,0.92,4.59,212.472
WASP-14 b,WASP-14,3.0,Transit,2008.0,SuperWASP,2.2437630210000004,0.03662,15.012799166666667,2472.2816142857146,0.08491428571428572,1981.0,,6478.75,1.3236666666666668,1.3078750000000001,4.252000000000001,161.997
WASP-140 b,WASP-140,2.0,Transit,2016.0,SuperWASP-South,2.2359840375,0.0323,15.188182744999999,775.5052,0.047,1295.0,K0,5270.0,0.87,0.9,4.51,117.598
WASP-141 b,WASP-141,1.0,Transit,2016.0,SuperWASP-South,3.3106619475,0.0469,13.56289,854.9627,0.0,1540.0,F9,5900.0,1.37,1.25,4.26,516.543
WASP-142 b,WASP-142,1.0,Transit,2016.0,SuperWASP-South,2.052869265,0.0347,17.14977,266.9772,0.0,2000.0,F8,6010.0,1.64,1.33,4.13,730.933
WASP-144 b,WASP-144,1.0,Transit,2018.0,SuperWASP-South,2.2783143425,0.0316,9.52765,139.8452,0.0,1260.0,K2 V,5200.0,0.81,0.81,4.53,355.513
WASP-145 A b,WASP-145 A,2.0,Transit,2018.0,SuperWASP-South,1.7690381266666666,0.0261,10.0881,282.8687,0.0,1200.0,K2 V,4900.0,0.68,0.76,4.65,91.29900000000002
WASP-147 b,WASP-147,1.0,Transit,2018.0,SuperWASP-South,4.602739166666667,0.0549,12.498035,87.40325,0.0,1404.0,G4,5702.0,1.429,1.044,,436.098
WASP-148 b,WASP-148,1.0,Transit,2020.0,SuperWASP-North,8.8037632,0.08332500000000001,8.401134517500001,97.09669423,0.2095,940.0,G,5478.0,0.912,0.981,4.4517500000000005,246.353
WASP-148 c,WASP-148,1.0,Radial Velocity,2020.0,Haute-Provence Observatory,34.522333333333336,0.20725,,127.1315752,0.29696666666666666,590.0,G,5484.0,0.9085000000000001,0.962,4.469,246.35299999999998
WASP-149 b,WASP-149,1.0,Transit,2025.0,SuperWASP,1.332813,0.024,15.24421375,314.96795134,0.0,1855.0,,5750.0,1.08,1.05,4.4,211.73
WASP-15 b,WASP-15,1.0,Transit,2009.0,SuperWASP,3.752095368888889,0.0503375,15.812125,176.51058833333332,0.036,1676.0,F7,6313.125,1.478,1.18,4.309749999999999,282.091
WASP-150 b,WASP-150,1.0,Transit,2020.0,SuperWASP-North,5.6442071,0.0694,11.99363,2688.8418,0.3775,1460.0,F8,6218.0,1.651,1.394,4.147,527.995
WASP-151 b,WASP-151,1.0,Transit,2017.0,SuperWASP-South,4.533471325,0.055,12.985615045,99.480538305,0.0015,1301.0,G1,5871.0,1.1536666666666666,1.0783333333333334,4.35,453.099
WASP-153 b,WASP-153,1.0,Transit,2017.0,SuperWASP,3.33260914,0.048,17.37395,123.9537,0.009,1700.0,G0,5914.0,1.73,1.336,4.1,610.176
WASP-154 b,WASP-154,1.0,Transit,2025.0,SuperWASP,3.811678,0.044,10.76062147,198.96058278,0.0,994.0,,4774.0,0.823,0.8,4.47,215.501
WASP-155 b,WASP-155,1.0,Transit,2025.0,SuperWASP,3.110413,0.043,13.45077684,276.8285425,0.0,1468.0,,5660.0,1.24,1.09,4.3,399.63
WASP-156 b,WASP-156,1.0,Transit,2017.0,SuperWASP,3.8361651966666668,0.04555,5.872309075,41.241119999999995,0.004666666666666667,952.25,K3,4925.4,0.77336,0.84784,4.58525,122.06599999999999
WASP-157 b,WASP-157,1.0,Transit,2016.0,SuperWASP,3.9516708088888888,0.0514,11.541240312,182.43442,0.0,1266.0,G2 V,5795.0,1.119682857142857,1.063939,4.434405714285714,334.037
WASP-158 b,WASP-158,1.0,Transit,2018.0,SuperWASP-South,3.6563319,0.0517,11.99363,886.7457,0.0,1590.0,F6 V,6350.0,1.39,1.38,4.3,524.993
WASP-159 b,WASP-159,1.0,Transit,2018.0,SuperWASP-South,3.8404104,0.0538,15.46842,174.8065,0.0,1850.0,F9,6120.0,2.11,1.41,3.94,715.383
WASP-16 b,WASP-16,1.0,Transit,2009.0,SuperWASP,3.118602905,0.04193333333333333,12.4815535,297.603516,0.00825,1389.0,,5690.0,1.0018333333333331,1.1182857142857143,4.445666666666667,194.134
WASP-160 B b,WASP-160 B,2.0,Transit,2018.0,SuperWASP-South,3.768494346666667,0.0452,12.21781,88.35674,0.0,1119.0,K0 V,5298.0,0.868,0.87,,288.326
WASP-161 b,WASP-161,1.0,Transit,2018.0,SuperWASP-South,5.4057642999999995,0.0673,12.811887,791.3967,,1557.0,,6400.0,1.712,1.39,4.111,343.08
WASP-162 b,WASP-162,1.0,Transit,2018.0,SuperWASP-South,9.6246698,0.0871,11.209,1652.716,0.434,910.0,K0,5300.0,1.11,0.95,4.33,310.841
WASP-163 b,WASP-163,1.0,Transit,2018.0,SuperWASP-South,1.6096884,0.0266,13.473218,594.3421,,1638.0,,5500.0,1.015,0.97,4.411,261.386
WASP-164 b,WASP-164,1.0,Transit,2018.0,SuperWASP-South,1.7771340150000001,0.02818,12.643752,676.9779,0.0,1610.0,G2 V,5806.0,0.932,0.9460000000000001,,327.506
WASP-165 b,WASP-165,1.0,Transit,2018.0,SuperWASP-South,3.4655069666666667,0.04823,14.12334,209.13214,0.0,1624.0,G6,5599.0,1.75,1.248,,602.236
WASP-166 b,WASP-166,1.0,Transit,2019.0,WASP-South,5.44354055,0.0641,7.06167,32.10083,0.0,1270.0,F9 V,6050.0,1.22,1.19,4.34,114.173
WASP-167 b,WASP-167,1.0,Transit,2017.0,Multiple Observatories,2.021958974,0.0365,17.71022,2542.64,,2329.0,F1 V,7000.0,1.79,1.59,4.13,423.552
WASP-168 b,WASP-168,2.0,Transit,2018.0,SuperWASP-South,4.1536577333333335,0.0519,16.8135,133.4886,0.0,1340.0,F9 V,6000.0,1.12,1.08,4.37,303.941
WASP-169 b,WASP-169,1.0,Transit,2019.0,WASP-South,5.611416975,0.0681,14.616536,178.30263,0.0,1604.0,F8,6110.0,2.011,1.337,3.958,627.066
WASP-17 b,WASP-17,1.0,Transit,2009.0,SuperWASP,3.7350027674999997,0.05109333333333333,20.994046666666666,166.81937666666667,0.04075,1751.0,F4,6576.727272727273,1.557769,1.3693333333333333,4.204144444444444,405.908
WASP-170 b,WASP-170,1.0,Transit,2018.0,SuperWASP-South,2.3447787266666666,0.0337,12.285064,508.528,,1422.0,,5600.0,0.938,0.93,4.466,305.603
WASP-171 b,WASP-171,1.0,Transit,2019.0,WASP-South,3.8186251,0.0504,10.98482,344.52772,0.0,1642.0,G0,5965.0,1.637,1.171,4.08,757.84
WASP-172 b,WASP-172,1.0,Transit,2018.0,SuperWASP-South,5.4774326,0.0694,17.59811485,149.379725645,0.0,1740.0,F1 V,6900.0,1.91,1.49,4.066666666666666,538.11
WASP-173 A b,WASP-173 A,2.0,Transit,2018.0,SuperWASP-South,1.386653164,0.02494,13.768380613333333,1149.4832072766667,0.0,1861.0,G3,5766.75,1.10725,1.05,4.40825,232.97999999999996
WASP-174 b,WASP-174,1.0,Transit,2018.0,SuperWASP-South,4.2337,0.055465,15.339502635,259.031187155,0.0,1509.0,F6 V,6399.666666666667,1.3223333333333334,1.28,4.304333333333333,410.149
WASP-175 b,WASP-175,1.0,Transit,2019.0,WASP-South,3.0652939166666666,0.04403,13.540472,314.6517,0.0,1571.0,F7,6229.0,1.204,1.212,4.359,539.36
WASP-176 b,WASP-176,1.0,Transit,2020.0,SuperWASP-North,3.899052,0.0535,16.869545,271.74465,0.0,1721.0,F9,5941.0,1.925,1.345,3.995,568.42
WASP-177 b,WASP-177,1.0,Transit,2019.0,SuperWASP,3.07172125,0.03957,17.71022,161.45764,,1142.0,K2,5017.0,0.885,0.876,4.486,176.818
WASP-178 b,WASP-178,1.0,Transit,2019.0,WASP-South,3.3448355333333333,0.055150000000000005,21.016875,487.86905,0.0,2436.0,A1 IV-V,9000.0,1.67,2.0,4.2605,427.67800000000005
WASP-18 b,WASP-18,2.0,Transit,2009.0,SuperWASP,0.9414345015833333,0.020311000000000003,13.403238607,3280.541104672727,0.007385,2408.5,F6,6411.461538461538,1.2595,1.261875,4.37534875,123.483
WASP-18 c,WASP-18,2.0,Transit Timing Variations,2019.0,Transiting Exoplanet Survey Satellite (TESS),2.1558,0.035,,55.2,0.015,,,6400.0,1.23,1.22,,123.483
WASP-180 A b,WASP-180 A,2.0,Transit,2019.0,SuperWASP,3.40926441,0.048,13.89916,286.047,0.0,1540.0,F7 V,6600.0,1.19,1.3,4.42,253.985
WASP-181 b,WASP-181,1.0,Transit,2019.0,SuperWASP,4.519504906666667,0.05427,13.271456,95.03117,,1186.0,G2,5839.0,0.965,1.04,4.487,437.49500000000006
WASP-182 b,WASP-182,1.0,Transit,2019.0,WASP-South,3.376986366666667,0.0451,9.52765,47.03884,0.0,1479.0,G5,5638.0,1.34,1.076,4.218,327.602
WASP-183 b,WASP-183,1.0,Transit,2019.0,SuperWASP,4.111768433333334,0.04632,16.47723,159.55066,,1111.0,G9,5313.0,0.871,0.784,4.452,325.377
WASP-184 b,WASP-184,1.0,Transit,2019.0,WASP-South,5.1817145,0.0627,14.90797,181.1631,0.0,1480.0,G0 V,6000.0,1.65,1.23,4.09,663.231
WASP-185 b,WASP-185,1.0,Transit,2019.0,WASP-South,9.38755,0.0904,14.01125,311.4734,0.24,1160.0,G0 V,5900.0,1.5,1.12,4.13,279.35
WASP-186 b,WASP-186,1.0,Transit,2020.0,SuperWASP,5.0267981,0.06,12.441979289999999,1341.2392387700002,0.33,,F,6340.666666666667,1.4666666666666668,1.2166666666666666,4.162,278.514
WASP-187 b,WASP-187,1.0,Transit,2020.0,SuperWASP,5.1478804,0.0653,18.38276,254.264,0.0,,F,6150.0,2.83,1.54,3.722,371.414
WASP-188 b,WASP-188,1.0,Transit,2025.0,SuperWASP,5.748916,0.072,14.81827249,458.6263913,0.0,1666.0,,6850.0,1.83,1.5,4.1,675.281
WASP-189 b,WASP-189,1.0,Transit,2020.0,CHaracterising ExOPlanets Satellite (CHEOPS),2.7240319,0.05053,18.14733975,632.47852993,0.0,3353.0,,8000.0,2.36,2.03,3.9,99.731
WASP-19 b,WASP-19,1.0,Transit,2009.0,SuperWASP,0.7889408800769231,0.016418571428571428,15.544114685,361.22933080555555,0.005342857142857143,2123.125,G8 V,5514.636363636364,1.010415,0.9603333333333334,4.41295375,268.325
WASP-190 b,WASP-190,1.0,Transit,2019.0,WASP-South,5.367760175000001,0.0663,12.89035,317.83,0.0,1500.0,F6 IV-V,6400.0,1.6000000000000003,1.3500000000000003,4.17,542.251
WASP-192 b,WASP-192,1.0,Transit,2019.0,WASP-South,2.8786709,0.0408,13.78707,731.009,0.0,1620.0,G0 V,5910.0,1.32,1.09,4.236,508.885
WASP-193 b,WASP-193,2.0,Transit,2023.0,WASP-South,6.246340999999999,0.0672,15.59729664,39.887465074999994,0.0685,1252.0,F9,6079.0,1.226,1.0385,4.282,362.087
WASP-194 b,WASP-194,1.0,Transit,2025.0,SuperWASP,3.183387,0.047,15.47960235,373.13054982,0.0,1693.0,,6405.0,1.409,1.29,4.27,476.831
WASP-195 b,WASP-195,1.0,Transit,2025.0,SuperWASP,5.051928,0.063,10.31226224,33.05415433,0.0,1522.0,,6300.0,1.578,1.3,4.14,484.852
WASP-197 b,WASP-197,1.0,Transit,2025.0,SuperWASP,5.167228,0.065,14.44837612,403.32424848,0.0,1665.0,,6050.0,2.112,1.36,3.9,483.675
WASP-2 b,WASP-2,2.0,Transit,2007.0,SuperWASP,2.1522222914285716,0.030953333333333333,11.8356002,283.596162,0.02946666666666667,1293.8333333333333,K1,5178.916666666667,0.8366666666666666,0.8755000000000001,4.493349,153.242
WASP-20 b,WASP-20,2.0,Transit,2015.0,SuperWASP,4.899638504,0.05936333333333333,15.6478678425,105.94195666666667,0.0195,1341.0,F9,5940.0,1.3619999999999999,1.2,4.26325,211.877
WASP-21 b,WASP-21,1.0,Transit,2010.0,SuperWASP,4.322506584444444,0.051405,12.811156514,92.678340066,0.024,1336.5,G3 V,5841.333333333333,1.1526666666666665,0.995,4.251956,258.426
WASP-22 b,WASP-22,1.0,Transit,2010.0,SuperWASP,3.532715215,0.047420000000000004,13.1481526,189.31939666666668,0.014960000000000001,1466.0,G1 V,6015.857142857143,1.2346,1.1765714285714286,4.4155999999999995,317.652
WASP-23 b,WASP-23,1.0,Transit,2010.0,SuperWASP,2.944427564,0.0373,10.783028999999999,280.161285,0.0635,,,5150.0,0.765,0.78,4.4,207.49
WASP-24 b,WASP-24,3.0,Transit,2010.0,SuperWASP,2.34121761,0.03631,14.80411175,355.90324799999996,0.0015800000000000002,1772.0,,6080.285714285715,1.3435,1.212,4.2635000000000005,322.114
WASP-25 b,WASP-25,1.0,Transit,2010.0,SuperWASP,3.764831192727273,0.0475425,13.467612870000002,176.712096925,0.02075,1213.5,,5726.888888888889,0.9154285714285715,1.002142857142857,4.51475,211.416
WASP-26 b,WASP-26,2.0,Transit,2010.0,SuperWASP,2.75659830125,0.03987,14.228753703999999,315.029923028,0.000975,1655.0,G0,5969.714285714285,1.3095714285714286,1.078,4.32,252.75899999999996
WASP-28 b,WASP-28,1.0,Transit,2014.0,SuperWASP,3.40883481875,0.044536,14.009102894,287.821768764,0.019333333333333334,1465.6666666666667,F8,6136.8,1.0918,1.0146666666666666,4.366,348.494
WASP-29 b,WASP-29,1.0,Transit,2010.0,SuperWASP,3.9227179775,0.045669999999999995,8.7711605,76.5166925,0.03966666666666666,970.0,,4800.0,0.8028571428571428,0.8140000000000001,4.5,87.5953
WASP-3 b,WASP-3,3.0,Transit,2007.0,SuperWASP,1.8468349592727273,0.03170833333333333,15.544868,622.0236688888889,0.0025666666666666667,2002.6666666666667,,6394.666666666667,1.3748799999999999,1.2773636363636365,4.25712,231.16099999999997
WASP-31 b,WASP-31,1.0,Transit,2010.0,SuperWASP,3.40515911125,0.04659666666666667,17.331981,152.9540025,0.015666666666666666,1577.5,,6280.25,1.2547925,1.163,4.30885,383.829
WASP-32 b,WASP-32,1.0,Transit,2010.0,SuperWASP,2.7186605314285717,0.03922,12.4140625,1058.3619,0.0116,,,6113.333333333333,1.074,1.0316666666666667,4.395,275.994
WASP-33 b,WASP-33,2.0,Transit,2010.0,SuperWASP,1.2198694257142857,0.025116666666666666,17.847562,845.6404225000001,0.0,2752.35,A,7362.444444444444,1.5502099999999999,1.6135000000000002,4.306728333333333,121.944
WASP-34 b,WASP-34,1.0,Transit,2010.0,SuperWASP,4.317680901666667,0.052250000000000005,12.852993333333332,182.9881975,0.03038,1250.0,,5700.0,0.925,1.0,4.5,132.096
WASP-35 b,WASP-35,1.0,Transit,2011.0,SuperWASP,3.1615724185714282,0.04315,14.721193333333332,225.7620433333333,0.009333333333333334,,,5990.0,1.0866666666666667,1.0633333333333335,4.4,202.218
WASP-36 b,WASP-36,2.0,Transit,2011.0,SuperWASP,1.537365162625,0.026494,14.5717542,733.609108,0.006333333333333333,1728.5,,5936.0,0.9581666666666666,1.0482,4.491333333333333,386.346
WASP-37 b,WASP-37,1.0,Transit,2010.0,SuperWASP,3.577476173333333,0.044649999999999995,13.002220000000001,559.3688,0.026,,,5809.818,1.003,0.92625,4.2895475,392.791
WASP-38 b,WASP-38,1.0,Transit,2010.0,SuperWASP,6.875880685714286,0.075715,12.557138,894.8905816666667,0.02587142857142857,1250.0,F8 V,6172.0,1.3763999999999998,1.3093333333333332,4.25,136.24
WASP-39 b,WASP-39,1.0,Transit,2011.0,SuperWASP,4.055754254,0.0485125,14.536128791666668,88.928154,0.012,1134.3333333333333,,5368.666666666667,0.9891571428571428,0.9214444444444445,4.411378571428572,213.982
WASP-4 b,WASP-4,1.0,Transit,2007.0,SuperWASP,1.3382198602000002,0.0229925,15.212076719999999,385.90747524500006,0.0033555555555555556,1668.8333333333333,G7 V,5477.0,0.9042548,0.9155555555555556,4.4873883333333335,267.206
WASP-41 b,WASP-41,1.0,Transit,2012.0,SuperWASP,3.0524016085714285,0.040355,13.132504399999998,294.180928,0.0365,1243.0,,5497.666666666667,0.8809999999999999,0.906,4.532666666666667,163.371
WASP-41 c,WASP-41,1.0,Radial Velocity,2015.0,La Silla Observatory,421.0,1.07,,1010.6994,0.294,241.0,,5545.0,0.87,0.93,4.53,163.371
WASP-42 b,WASP-42,1.0,Transit,2012.0,SuperWASP,4.981683596666667,0.055233333333333336,12.199221666666666,161.87908000000002,0.061,1021.0,,5246.0,0.8720000000000001,0.9,4.515,177.29100000000003
WASP-43 b,WASP-43,1.0,Transit,2011.0,SuperWASP,0.8124380391538462,0.01463,10.933194499999999,606.0974600000001,0.0008857142857142857,1388.35,K7 V,4308.727272727273,0.6392,0.636,4.5631288888888895,86.7467
WASP-44 b,WASP-44,1.0,Transit,2011.0,SuperWASP,2.423809426,0.034576,12.020475732,277.971467136,0.02266666666666667,1315.0,G8 V,5411.25,0.92,0.9456666666666665,4.498749999999999,364.512
WASP-45 b,WASP-45,2.0,Transit,2011.0,SuperWASP,3.126075466666667,0.0403025,12.1011484,318.844294,0.014333333333333332,1161.5,K2 V,5130.0,0.9253333333333332,0.8983333333333334,4.474333333333333,211.196
WASP-46 b,WASP-46,1.0,Transit,2011.0,SuperWASP,1.4303707157142858,0.023723333333333332,13.667577333333334,626.2217666666667,0.011,1636.0,G6 V,5610.0,0.858,0.9239999999999999,4.489,375.31
WASP-47 b,WASP-47,1.0,Transit,2012.0,SuperWASP,4.1591822264705876,0.051425,12.511909090909091,363.6843222222222,0.02788,1210.5,G9,5503.857142857143,1.1421106666666667,1.0362857142857143,4.326016,264.78
WASP-47 c,WASP-47,1.0,Radial Velocity,2015.0,La Silla Observatory,585.8385714285714,1.3876666666666668,,422.03486666666663,0.2733333333333333,233.15,G9,5547.333333333333,1.1458571428571427,1.0408000000000002,4.32628,264.78
WASP-47 d,WASP-47,1.0,Transit,2015.0,K2,9.030518608,0.0865,3.4853,14.071428571428571,0.0082,885.0,G9,5580.2,1.133233,1.033,4.3263475,264.78
WASP-47 e,WASP-47,1.0,Transit,2015.0,K2,0.7896356623076923,0.017015,1.76725,9.983749999999999,0.01,1992.0,G9,5542.636363636364,1.1339441666666665,1.029875,4.324078,264.78
WASP-48 b,WASP-48,1.0,Transit,2011.0,SuperWASP,2.1436342844444445,0.034132499999999996,17.724111999999998,298.83029,0.0028,1995.5,,5940.0,1.716,1.117,4.047750000000001,454.144
WASP-49 b,WASP-49,2.0,Transit,2012.0,SuperWASP,2.7817377414285716,0.03817666666666667,12.716601749999999,122.84011000000001,0.0065,1400.0,G6 V,5600.0,0.9747999999999999,0.9343999999999999,4.5,194.55300000000003
WASP-5 b,WASP-5,1.0,Transit,2008.0,SuperWASP,1.6283974925,0.0271075,12.846928125,503.3552325,0.01702,1735.2,G4 V,5765.068181818182,1.0725714285714285,0.9912222222222221,4.399856,309.137
WASP-50 b,WASP-50,1.0,Transit,2011.0,SuperWASP,1.9550949937,0.0294,13.096595762000002,477.80855245799995,0.0118,1394.84,,5400.0,0.8425714285714285,0.8917142857142857,4.52,184.848
WASP-52 b,WASP-52,1.0,Transit,2012.0,SuperWASP,1.74978153,0.02692,14.057222455,144.05582465999998,0.023,1313.0,K2 V,5024.857142857143,0.7893333333333334,0.8651428571428571,4.543634285714285,174.818
WASP-53 b,WASP-53,1.0,Transit,2017.0,Multiple Facilities,3.309843455,0.04101,12.038466,677.61356,0.03,1053.0,,4953.0,0.798,0.839,4.553,201.338
WASP-53 c,WASP-53,1.0,Radial Velocity,2017.0,Multiple Facilities,2840.0,3.73,,5196.5205,0.8369,,,4953.0,0.798,0.839,4.553,201.338
WASP-54 b,WASP-54,2.0,Transit,2012.0,SuperWASP,3.693624286,0.049875,18.255565666666666,194.08522666666667,0.06675,1759.0,F9,6100.0,1.811,1.17975,3.9979999999999998,251.30299999999997
WASP-55 b,WASP-55,2.0,Transit,2012.0,SuperWASP,4.465741799166667,0.05412,14.753469377142858,188.40781729999998,0.08533333333333333,1321.0,,5998.444444444444,1.086544,1.0905,4.389416,297.462
WASP-56 b,WASP-56,2.0,Transit,2012.0,SuperWASP,4.61708072,0.05536,11.672229333333334,171.62555666666665,0.027333333333333334,1216.0,G6,5600.0,1.0816000000000001,0.9735999999999999,4.387499999999999,321.084
WASP-57 b,WASP-57,1.0,Transit,2012.0,SuperWASP,2.8389278200000003,0.03800333333333333,11.268633333333334,207.54007000000001,0.0295,1294.5,G6,5600.0,0.8724000000000001,0.9369999999999999,4.5435,398.276
WASP-58 b,WASP-58,2.0,Transit,2012.0,SuperWASP,5.017199205714285,0.05615,15.581733333333332,292.2947566666667,0.014666666666666666,1270.0,G2 V,5839.0,1.18,0.9640000000000001,4.29688,290.404
WASP-59 b,WASP-59,1.0,Transit,2012.0,SuperWASP,7.9195850000000005,0.0697,8.686978346666667,273.6474084133333,0.10666666666666667,670.0,K5 V,4650.0,0.612,0.7193333333333333,4.635,115.93599999999999
WASP-6 b,WASP-6,1.0,Transit,2009.0,SuperWASP,3.360903286,0.041890000000000004,12.997656392857142,148.76623434500002,0.056400000000000006,1161.5,,5429.494545454546,0.84617625,0.88375,4.573531428571428,197.119
WASP-60 b,WASP-60,1.0,Transit,2012.0,SuperWASP,4.305003185714286,0.05389666666666667,10.71867125,169.1633625,0.021333333333333333,1399.5,G1 V,5934.166666666667,1.146,1.1004,4.297,431.052
WASP-61 b,WASP-61,1.0,Transit,2012.0,SuperWASP,3.8558984675,0.05165333333333333,14.291435,703.191925,0.0835,1624.4,,6280.0,1.3966666666666667,1.3283333333333334,4.258666666666667,488.66
WASP-62 b,WASP-62,1.0,Transit,2012.0,SuperWASP,4.411942571818181,0.05684,15.244362500000001,177.82386,0.07125,1475.3,,6268.875,1.2633333333333334,1.2385714285714287,4.3994125,175.631
WASP-63 b,WASP-63,1.0,Transit,2012.0,SuperWASP,4.378084516666667,0.055785,15.580553333333334,115.37049,0.102,,,5558.0,1.87,1.3,4.01,290.684
WASP-64 b,WASP-64,2.0,Transit,2012.0,SuperWASP,1.5732908808,0.0265,14.2468195,396.00771499999996,0.027,1689.0,G7,5437.5,1.058,1.004,4.392,369.926
WASP-65 b,WASP-65,1.0,Transit,2013.0,SuperWASP,2.311422298,0.0334,12.464204,491.03909999999996,0.008,1480.0,G6,5600.0,1.01,0.93,4.4,273.703
WASP-66 b,WASP-66,1.0,Transit,2012.0,SuperWASP,4.086051439999999,0.05460333333333334,15.608655,743.71455,0.039,,,6593.333333333333,1.7533333333333332,1.306,4.3,500.258
WASP-67 b,WASP-67,1.0,Transit,2012.0,SuperWASP,4.613784648571429,0.05149666666666667,14.1262375,133.168125,0.07166666666666667,1003.0,,5224.0,0.8720000000000001,0.8779999999999999,4.4415,189.469
WASP-68 b,WASP-68,2.0,Transit,2014.0,SuperWASP,5.0843026,0.062125,14.198346666666666,316.44990333333334,0.007666666666666666,1490.0,G0,5910.5,1.7149999999999999,1.3025,4.116666666666666,226.399
WASP-69 b,WASP-69,1.0,Transit,2014.0,SuperWASP,3.8681387557142854,0.0452675,11.292163200000001,83.8952,0.022,965.6666666666666,K5,4719.571428571428,0.8109999999999999,0.8266666666666667,4.535,49.9605
WASP-7 b,WASP-7,1.0,Transit,2008.0,SuperWASP,4.954646889,0.061936000000000005,13.852455833333332,329.11296500000003,0.0166,1474.5,,6426.666666666667,1.4523333333333335,1.291,4.283285714285714,162.303
WASP-70 A b,WASP-70 A,2.0,Transit,2014.0,SuperWASP,3.7130186125,0.04854,13.047138,188.628255,0.0265,1387.0,G4,5747.25,1.215,1.106,4.314,222.355
WASP-71 b,WASP-71,1.0,Transit,2012.0,SuperWASP,2.9036758485714285,0.046136666666666666,15.273470987500001,635.174937745,0.00475,2032.55,F8,6053.0,2.154,1.3934,3.9168,362.715
WASP-72 b,WASP-72,1.0,Transit,2012.0,SuperWASP,2.2167401985714283,0.037095,14.292617499999999,543.34111075,0.00425,2210.0,F7,6250.0,2.046666666666667,1.6648,4.04,434.754
WASP-73 b,WASP-73,1.0,Transit,2014.0,SuperWASP,4.087263357142858,0.055145,13.97374,701.2321233333333,0.005666666666666667,1790.0,F9,6047.666666666667,2.195734,1.54,3.9060680000000003,316.678
WASP-74 b,WASP-74,1.0,Transit,2015.0,SuperWASP,2.1377505466666666,0.03547,16.131987736,273.3338,0.01,1900.3333333333333,F9,5965.285714285715,1.586,1.3324285714285715,4.186833333333333,149.216
WASP-75 b,WASP-75,2.0,Transit,2013.0,SuperWASP,2.484229712222222,0.03764666666666667,14.282085999999998,340.545795,0.028,1710.0,F9,6081.857142857143,1.2729216666666667,1.14,4.275318,294.001
WASP-76 b,WASP-76,2.0,Transit,2016.0,SuperWASP,1.80988271125,0.03301,20.375692179999998,285.56919008,0.004540000000000001,2190.92,F7,6282.5,1.7316666666666667,1.4608333333333334,4.141216666666667,194.459
WASP-77 A b,WASP-77 A,2.0,Transit,2012.0,SuperWASP,1.3600296092000002,0.0237656055,13.906874376666666,576.87673907,0.004061428571428572,1679.6666666666667,G8 V,5509.9,0.94,0.969,4.371714285714286,105.166
WASP-78 b,WASP-78,1.0,Transit,2012.0,SuperWASP,2.17518054,0.03592666666666667,20.400305,292.1623025,0.023,2409.85,,6100.0,2.282,1.45,3.9466666666666668,754.258
WASP-79 b,WASP-79,1.0,Transit,2012.0,SuperWASP,3.662389769,0.05235,19.369784094,272.88516719,0.0132,1777.4666666666665,F5,6600.0,1.582,1.4175,4.143714285714286,246.69
WASP-8 b,WASP-8,2.0,Transit,2010.0,SuperWASP,8.163307786666667,0.08006666666666667,11.784028,721.844192,0.30629999999999996,950.0,G8 V,5600.0,0.962,1.094,4.5,89.9606
WASP-8 c,WASP-8,2.0,Radial Velocity,2013.0,SuperWASP,4323.0,5.28,,3003.37,0.0,,,,,1.04,,89.9606
WASP-80 b,WASP-80,1.0,Transit,2012.0,SuperWASP,3.0718724625,0.034412,10.8483666,174.42224000000002,0.015666666666666666,762.5,K7 V,4139.714285714285,0.5771666666666666,0.5755,4.649633333333333,49.7876
WASP-81 b,WASP-81,1.0,Transit,2017.0,Multiple Facilities,2.7164812866666668,0.03908,16.017661,231.69807,0.066,1623.0,,5870.0,1.283,1.08,4.258,398.50499999999994
WASP-82 b,WASP-82,1.0,Transit,2015.0,SuperWASP,2.70578579,0.04475,18.682536666666667,387.74676666666664,0.0,2195.0,F5,6484.0,2.14,1.595,3.9652000000000003,275.664
WASP-83 b,WASP-83,1.0,Transit,2015.0,SuperWASP,4.971271843333333,0.059,11.65736,96.143575,0.06,1120.0,G8,5504.0,1.05,1.11,4.44,271.103
WASP-84 b,WASP-84,1.0,Transit,2014.0,SuperWASP,8.523493961428573,0.077375,10.6944655,219.87205749999998,0.025666666666666667,787.3333333333334,K0,5304.4,0.7546666666666667,0.8456666666666667,4.4495000000000005,100.588
WASP-84 c,WASP-84,1.0,Transit,2023.0,Transiting Exoplanet Survey Satellite (TESS),1.4468849,0.02359,1.95,15.2,,1329.0,K0,,0.768,0.853,,100.588
WASP-85 A b,WASP-85 A,2.0,Transit,2016.0,K2,2.655814099,0.039,11.67479,402.05495,0.0,1452.0,G5 V,5613.893333333333,0.8996666666666666,1.09,4.49,141.887
WASP-87 b,WASP-87,2.0,Transit,2016.0,Anglo-Australian Telescope,1.6827944933333334,0.02946,15.524465,692.8694,0.0,,,6450.0,1.627,1.204,4.32,298.392
WASP-88 b,WASP-88,1.0,Transit,2014.0,SuperWASP,4.95400106,0.06434500000000001,18.15848,164.21056666666667,0.043333333333333335,1772.0,F6,6430.6,2.024,1.348,3.96,523.756
WASP-89 b,WASP-89,1.0,Transit,2015.0,SuperWASP,3.356420395,0.042749999999999996,11.65736,1859.3055,0.19293333333333332,1120.0,K3,5097.5,0.88,0.92,4.515,290.946
WASP-90 b,WASP-90,1.0,Transit,2016.0,SuperWASP,3.916256366666667,0.0562,18.27067,200.2329,0.0,1840.0,F6,6430.0,1.9799999999999998,1.55,4.033,466.433
WASP-91 b,WASP-91,1.0,Transit,2017.0,SuperWASP-South,2.7985796075,0.037,11.54527,425.8922,0.0,1160.0,K3,4920.0,0.86,0.84,4.3,149.942
WASP-92 b,WASP-92,1.0,Transit,2016.0,SuperWASP,2.1746771583333335,0.03582,15.223674500000001,255.85315,0.0,1871.0,F7,6280.0,1.341,1.19,4.259,575.889
WASP-93 b,WASP-93,1.0,Transit,2016.0,SuperWASP,2.7325384171428575,0.04385,16.54486776,467.2101,0.0,1926.0,F4,6700.0,1.524,1.334,4.197,370.284
WASP-94 A b,WASP-94 A,2.0,Transit,2014.0,SuperWASP,3.950194398,0.0552,18.756566666666668,149.16616,0.06466666666666666,1604.0,F8,6157.25,1.585,1.505,4.210666666666667,211.211
WASP-94 B b,WASP-94 B,2.0,Radial Velocity,2014.0,SuperWASP,2.00839,0.0335,,196.411,0.0,,F9,6040.0,1.35,1.24,4.26,208.696
WASP-95 b,WASP-95,1.0,Transit,2014.0,SuperWASP,2.1846691442857145,0.034155000000000005,13.636653333333333,399.82417333333336,0.005999999999999999,1570.0,G2,5730.0,1.15,1.1800000000000002,4.372,137.544
WASP-96 b,WASP-96,1.0,Transit,2014.0,SuperWASP,3.425257605,0.04535,13.672806462499999,152.55535043,0.055,1393.3333333333333,G8,5556.333333333333,1.0508333333333333,1.06,4.4168,352.464
WASP-97 b,WASP-97,1.0,Transit,2014.0,SuperWASP,2.072759885714286,0.03304,12.70481,424.08596333333327,0.006333333333333333,1555.0,G5,5645.0,1.0666666666666667,1.1320000000000001,4.438,151.068
WASP-98 b,WASP-98,2.0,Transit,2014.0,SuperWASP,2.9626408499999997,0.036443333333333335,12.494332,275.4497,0.035,1175.5,G7,5519.6,0.7081999999999999,0.7138,4.58875,281.742
WASP-99 b,WASP-99,1.0,Transit,2014.0,SuperWASP,5.7526131,0.0717,12.031026666666667,848.5936333333333,0.0033333333333333335,1480.0,F8,6162.0,1.73,1.4125,4.21,158.66
WD 0806-661 b,WD 0806-661,1.0,Imaging,2011.0,Spitzer Space Telescope,,2500.0,,2463.113628,,331.5,DQ,,,0.62,,19.2444
WD 1856+534 b,WD 1856+534,3.0,Transit,2020.0,Transiting Exoplanet Survey Satellite (TESS),1.4079405,0.0204,10.4,4386.054,0.0,163.0,,4710.0,0.0131,0.518,7.915,24.7359
WISE J033605.05-014350.4 b,WISE J033605.05-014350.4,1.0,Imaging,2023.0,James Webb Space Telescope (JWST),2560.0,0.97,,2622.08435775,,325.0,,415.0,,0.0131,,
WISEP J121756.91+162640.2 A b,WISEP J121756.91+162640.2 A,1.0,Imaging,2012.0,W. M. Keck Observatory,,8.0,10.468,6992.0,,450.0,T8.5,575.0,0.091,0.029,5.0,
WISPIT 1 b,WISPIT 1,2.0,Imaging,2025.0,Paranal Observatory,,338.0,,3305.4154328,,,K4 V,4670.0,,,,230.007
WISPIT 1 c,WISPIT 1,2.0,Imaging,2025.0,Paranal Observatory,,840.0,,1684.4905571,,,K4 V,4670.0,,,,230.007
WISPIT 2 b,WISPIT 2,1.0,Imaging,2025.0,Paranal Observatory,,55.5,17.93436912,1549.413484125,,,,4400.0,1.418,1.08,4.0,134.907
WTS-1 b,WTS-1,1.0,Transit,2012.0,United Kingdom Infrared Telescope,3.352057,0.047,16.7,1274.44,0.1,1500.0,F6 V,6250.0,1.15,1.2,4.4,2346.01
WTS-2 b,WTS-2,1.0,Transit,2014.0,United Kingdom Infrared Telescope,1.0187068,0.018555000000000002,15.277867,379.80685,0.175,2000.0,K2 V,5000.0,0.751,0.82,4.6,
Wendelstein-1 b,Wendelstein-1,1.0,Transit,2020.0,Haleakala Observatory,2.663416,0.0282,11.5609626,188.15536,0.012,2198.0,K7 V,4251.0,0.61,0.65,,305.3
Wendelstein-2 b,Wendelstein-2,1.0,Transit,2020.0,Haleakala Observatory,1.7522239,0.0234,12.9934728,232.33373,0.057,2470.0,K6 V,4591.0,0.66,0.73,,565.541
Wolf 1061 b,Wolf 1061,1.0,Radial Velocity,2015.0,La Silla Observatory,4.88725,0.036504499999999995,,1.635,0.075,,M3.5,3367.5,0.307,0.272,,4.30592
Wolf 1061 c,Wolf 1061,1.0,Radial Velocity,2015.0,La Silla Observatory,17.86945,0.08663499999999999,,3.83,0.15,,M3.5,3367.5,0.307,0.272,,4.30592
Wolf 1061 d,Wolf 1061,1.0,Radial Velocity,2015.0,La Silla Observatory,142.24,0.33694999999999997,,6.455,0.43500000000000005,,M3.5,3367.5,0.307,0.272,,4.30592
Wolf 1069 b,Wolf 1069,1.0,Radial Velocity,2023.0,Calar Alto Observatory,15.564,0.0672,,1.26,,250.1,M5.0 V,3158.0,0.1813,0.167,4.93,9.58341
Wolf 327 b,Wolf 327,1.0,Transit,2024.0,Transiting Exoplanet Survey Satellite (TESS),0.5734745,0.01,1.24,2.53,0.0,996.0,M2.5 V,3542.0,0.406,0.405,4.87,28.5321
Wolf 503 b,Wolf 503,1.0,Transit,2018.0,K2,6.00124,0.05709333333333333,2.0386666666666664,6.265,0.4095,794.6666666666666,K3.5 V,4716.0,0.6893333333333332,0.6880000000000001,4.62,44.526
XO-1 b,XO-1,1.0,Transit,2006.0,XO,3.9415232792307693,0.049164,13.71982975,286.2722214285714,0.006333333333333333,1168.6666666666667,G1 V,5747.375,0.9238476666666666,0.9991428571428571,4.501205,163.55300000000003
XO-2 N b,XO-2 N,2.0,Transit,2007.0,XO,2.615860531692308,0.036635714285714285,11.186562714285714,185.372415,0.01,1325.0,,5331.4,0.9814285714285714,0.9635999999999999,4.42691,154.273
XO-2 S b,XO-2 S,2.0,Radial Velocity,2014.0,Roque de los Muchachos Observatory,18.157,0.13219999999999998,,82.47540000000001,0.18,,,5399.0,1.01,0.981,4.43,151.398
XO-2 S c,XO-2 S,2.0,Radial Velocity,2014.0,Roque de los Muchachos Observatory,120.8,0.4756,,435.409,0.1528,,,5399.0,1.02,0.982,4.43,151.398
XO-3 b,XO-3,1.0,Transit,2007.0,XO,3.1915715175,0.04592,15.786677474000001,3602.573582125,0.27599625,1729.0,F5V,6505.454545454545,1.5587833333333334,1.2622727272727272,4.052028888888889,213.053
XO-4 b,XO-4,1.0,Transit,2010.0,Lowell Observatory,4.12506872375,0.054909999999999994,14.565380600000001,499.994995,0.001475,1630.0,F5 V,6165.166666666667,1.5285,1.2785714285714285,4.179,272.655
XO-5 b,XO-5,1.0,Transit,2008.0,XO,4.1877537799999995,0.04966,12.5477464,346.15774999999996,0.0085,1225.6666666666667,G8 V,5442.5,1.1,0.9415555555555556,4.450799999999999,276.211
XO-6 b,XO-6,1.0,Transit,2016.0,XO,3.76499423,0.0815,23.20263,1398.452,0.0,1577.0,F5,6720.0,1.93,1.47,4.04,235.47899999999998
XO-7 b,XO-7,1.0,Transit,2019.0,XO,2.86413935,0.04421,15.373130280000002,225.499819485,0.039,1743.0,G0 V,6250.0,1.48,1.405,4.247,234.14899999999997
YZ Cet b,YZ Cet,1.0,Radial Velocity,2017.0,La Silla Observatory,1.9861766666666665,0.015836666666666666,,0.7000000000000001,0.03,471.2,M4 V,3103.5,0.16466666666666666,0.134,5.17,3.71207
YZ Cet c,YZ Cet,1.0,Radial Velocity,2017.0,La Silla Observatory,2.290706666666667,0.016886666666666664,,0.8999999999999999,0.03,410.3,M4 V,3103.5,0.16466666666666666,0.134,5.17,3.71207
YZ Cet d,YZ Cet,1.0,Radial Velocity,2017.0,La Silla Observatory,4.656443333333333,0.02791666666666667,,1.1466666666666667,0.073,356.7,M4 V,3103.5,0.16466666666666666,0.134,5.17,3.71207
ZTF J1230-2655 b,ZTF J1230-2655,1.0,Transit,2025.0,Zwicky Transient Facility,0.23597766,,13.78704626,7024.0077947,,,,10000.0,0.0123,0.646,8.07,186.69
ZTF J1828+2308 b,ZTF J1828+2308,1.0,Transit,2025.0,Zwicky Transient Facility,0.1120067,,11.13051784,6356.56814,,,,15900.0,0.0131,0.61,8.05,201.827
alf Ari b,alf Ari,1.0,Radial Velocity,2010.0,Bohyunsan Optical Astronomical Observatory,380.8,1.2,,572.07,0.25,,,4553.0,13.9,1.5,2.33,20.21019
alf Tau b,alf Tau,2.0,Radial Velocity,2015.0,Multiple Observatories,628.96,1.46,,2056.3601,0.1,,K5 III,4055.0,45.1,1.13,1.2,20.4332
b Cen AB b,b Cen A,2.0,Imaging,2021.0,Paranal Observatory,1790000.0,556.0,,3464.3296363,0.4,,B2.5 V,,,5.5,,98.0935
bet Cnc b,bet Cnc,2.0,Radial Velocity,2014.0,Bohyunsan Optical Astronomical Observatory,605.2,1.7,,2479.0,0.08,,K4 III,4092.1,47.2,1.7,1.4,89.0472
bet Pic b,bet Pic,1.0,Imaging,2008.0,Paranal Observatory,7798.12619,9.20225,17.647425,3479.179292671429,0.08016666666666666,1631.0,,8038.68,1.54416,1.9024999999999999,4.35072,19.7442
bet Pic c,bet Pic,1.0,Radial Velocity,2019.0,La Silla Observatory,1207.59317,2.7000000000000006,,2896.37505199,0.308,1250.0,,,,1.795,,19.7442
bet UMi b,bet UMi,1.0,Radial Velocity,2014.0,Bohyunsan Optical Astronomical Observatory,522.3,1.4,,1938.7,0.19,,K4 III,4126.0,38.3,1.4,1.5,38.77472
eps CrB b,eps CrB,1.0,Radial Velocity,2012.0,Bohyunsan Optical Astronomical Observatory,417.9,1.3,,2129.461,0.11,,K2 III,4406.0,21.0,1.7,1.94,69.8683
eps Eri b,eps Eri,1.0,Radial Velocity,2000.0,Multiple Observatories,2603.02,3.455,,339.505588316,0.2988,,K2 V,5020.38,0.759106,0.8215316666666667,4.5901,3.2025999999999994
eps Ind A b,eps Ind A,3.0,Radial Velocity,2019.0,La Silla Observatory,16510.0,19.975,,1519.222374085,0.33,275.0,K2 V,4760.0,0.679,0.757,5.25,3.63857
eps Tau b,eps Tau,1.0,Radial Velocity,2006.0,Okayama Astrophysical Observatory,590.36,1.9026666666666667,,2322.4963115825,0.11349999999999999,,K0 III,4909.333333333333,13.024999999999999,2.6566666666666667,2.665,47.52852
gam Cep b,gam Cep,2.0,Radial Velocity,2003.0,Multiple Observatories,905.9547999999999,2.074666666666667,,1344.40799264,0.1028,,K1 III-IV,4831.5,4.74,1.3566666666666667,3.2595,14.1024
gam Lib b,gam Lib,1.0,Radial Velocity,2018.0,Okayama Astrophysical Observatory,415.03999999999996,1.2795,,341.03069314000004,0.185,,K0 III,4850.5,11.74,1.625,2.4850000000000003,47.4017
gam Lib c,gam Lib,1.0,Radial Velocity,2018.0,Okayama Astrophysical Observatory,965.5450000000001,2.2439999999999998,,1559.11089851,0.061,,K0 III,4850.5,11.74,1.625,2.4850000000000003,47.4017
gam Psc b,gam Psc,1.0,Radial Velocity,2021.0,Okayama Astrophysical Observatory,555.1,1.32,,425.89006538,0.204,,G7 III,4742.0,11.2,0.99,2.33,41.3107
gam1 Leo b,gam1 Leo,2.0,Radial Velocity,2009.0,Bohyunsan Optical Astronomical Observatory,428.5,1.19,,2790.43,0.144,,,4330.0,31.88,1.23,1.59,39.8883
iot Dra b,iot Dra,1.0,Radial Velocity,2002.0,Lick Observatory,517.1681,1.3245,,3038.38472791,0.7066,,K2 III,4527.333333333333,12.335,1.1725,2.54,31.32832
iot Dra c,iot Dra,1.0,Radial Velocity,2022.0,La Silla Observatory,25000.0,19.4,,4958.1231492,0.455,,K2 III,4504.0,11.79,1.54,2.48,31.32832
kap And b,kap And,1.0,Imaging,2012.0,Subaru Telescope,,58.0,,4197.73,,1790.0,B9 IV,10800.0,,2.5250000000000004,3.825,50.0177
kap CrB b,kap CrB,1.0,Radial Velocity,2007.0,Lick Observatory,1257.1327272727274,2.700909090909091,,592.6946845372727,0.10190909090909091,,K0 III-IV,4880.0,4.813346666666667,1.4525000000000001,3.35,30.065099999999997
mu Leo b,mu Leo,1.0,Radial Velocity,2014.0,Bohyunsan Optical Astronomical Observatory,357.8,1.1,,762.8,0.09,,K2 III,4538.2,11.4,1.5,2.4,32.6081
mu2 Sco b,mu2 Sco,1.0,Imaging,2022.0,Paranal Observatory,,242.4,,4576.7290608,0.56,,B2 IV,21700.0,5.6,9.1,3.8,
nu Oct A b,nu Oct A,2.0,Radial Velocity,2016.0,University of Canterbury Mt John Observatory,411.40000000000003,1.2553333333333334,,709.8167756333334,0.13033333333333333,,K0 III,4876.666666666667,5.553333333333334,1.5966666666666667,3.175,21.1999
nu Oph b,nu Oph,1.0,Radial Velocity,2012.0,Okayama Astrophysical Observatory,530.1533333333333,1.8183333333333334,,7178.07316468,0.1252,,K0 III,4900.333333333333,13.979999999999999,2.6550000000000002,2.6,46.2107
nu Oph c,nu Oph,1.0,Radial Velocity,2012.0,Okayama Astrophysical Observatory,3183.81,5.953333333333333,,7983.34730235,0.17466666666666666,,K0 III,4900.333333333333,13.979999999999999,2.6550000000000002,2.6,46.2107
ome Ser b,ome Ser,2.0,Radial Velocity,2013.0,Okayama Astrophysical Observatory,277.80499999999995,0.9690000000000001,,387.110853775,0.143,,G8 III,4747.0,11.645,1.5899999999999999,2.3449999999999998,76.7556
omi CrB b,omi CrB,1.0,Radial Velocity,2012.0,Okayama Astrophysical Observatory,187.42000000000002,0.7645,,416.35640792000004,0.148,,K0 III,4759.0,11.184999999999999,1.7149999999999999,2.36,84.7883
omi UMa b,omi UMa,2.0,Radial Velocity,2012.0,Okayama Astrophysical Observatory,1599.905,3.7954999999999997,,1231.7472569800002,0.1395,,G4 II-III,5158.5,13.969999999999999,2.9050000000000002,2.58,54.9149
pi Men c,HD 39091,1.0,Transit,2018.0,Transiting Exoplanet Survey Satellite (TESS),6.267931885714286,0.06810250000000001,2.057725,4.153222496,0.012833333333333334,1158.4,G0 V,5961.833333333333,1.17,1.07,4.4,18.2702
pi Men d,HD 39091,1.0,Radial Velocity,2022.0,La Silla Observatory,124.64,,,13.38,0.22,,,5998.0,1.19,1.07,,18.2702
psi1 Dra B b,psi1 Dra B,3.0,Radial Velocity,2015.0,McDonald Observatory,3117.0,4.43,,486.2799,0.4,,G0 V,6212.0,,1.19,4.2,22.7188
rho CrB b,rho CrB,1.0,Radial Velocity,1997.0,Fred Lawrence Whipple Observatory,39.79446,0.22385,,341.26101876250004,0.0347,614.0,G0 V,5747.8275,1.3476165,0.930607,4.167755666666667,17.4671
rho CrB c,rho CrB,1.0,Radial Velocity,2016.0,Multiple Observatories,102.42900000000002,0.41619999999999996,,27.109271340000003,0.064,448.1,G0 V,5738.1033333333335,1.352311,0.930607,4.167755666666667,17.4671
rho CrB d,rho CrB,1.0,Radial Velocity,2023.0,Lowell Observatory,282.2,0.827,,21.6,0.0,,,5817.0,1.34,0.95,4.25,17.4671
rho CrB e,rho CrB,1.0,Radial Velocity,2023.0,Lowell Observatory,12.949,0.1061,,3.79,0.126,,,5817.0,1.34,0.95,4.25,17.4671
tau Boo b,tau Boo,2.0,Radial Velocity,1996.0,Lick Observatory,3.31252124,0.0479975,,1434.64355002,0.011879999999999998,,F7 V,6432.918,1.4327915,1.3366666666666667,4.3141332,15.6521
tau Cet e,tau Cet,1.0,Radial Velocity,2017.0,Multiple Observatories,162.87,0.538,,3.93,0.18,,,,,0.783,,3.60304
tau Cet f,tau Cet,1.0,Radial Velocity,2017.0,Multiple Observatories,636.13,1.334,,3.93,0.16,,,,,0.783,,3.60304
tau Cet g,tau Cet,1.0,Radial Velocity,2017.0,Multiple Observatories,20.0,0.133,,1.75,0.06,,,,,0.783,,3.60304
tau Cet h,tau Cet,1.0,Radial Velocity,2017.0,Multiple Observatories,49.41,0.243,,1.83,0.23,,,,,0.783,,3.60304
tau Gem b,tau Gem,1.0,Radial Velocity,2013.0,Lick Observatory,305.25,1.17,,6149.74,0.031,,K2 III,4435.0,27.7576,2.3,1.96,112.537
ups And b,ups And,2.0,Radial Velocity,1996.0,Lick Observatory,4.616228857142858,0.058894522857142854,,219.96041936571427,0.0302,,F8 V,6137.82,1.61474225,1.27604925,4.161529,13.4054
ups And c,ups And,2.0,Radial Velocity,1999.0,Multiple Observatories,240.72853333333333,0.8277123333333334,,1275.3287582683333,0.23893333333333333,,F8 V,6117.093333333333,1.61474225,1.301399,4.148705333333333,13.4054
ups And d,ups And,2.0,Radial Velocity,1999.0,Multiple Observatories,1285.3461666666667,2.5283816666666667,,1616.2425900750002,0.2811166666666667,,F8 V,6117.093333333333,1.61474225,1.301399,4.148705333333333,13.4054
ups Leo b,ups Leo,1.0,Radial Velocity,2021.0,Okayama Astrophysical Observatory,385.2,1.18,,162.09248757,0.32,,G9 III,4836.0,11.22,1.48,2.46,52.5973
xi Aql b,xi Aql,1.0,Radial Velocity,2007.0,Okayama Astrophysical Observatory,136.86,0.6283333333333333,,716.3016459966666,0.0295,,K0 III,4810.5,11.43,1.74,2.635,56.1858
