planet_name,star_number_per_system,spectral_type,orbital_period_day,orbit_semi_major_axis_au,planet_rad_earth_rad,planet_mass_earth_mass,planet_equil_temp_k,stellar_effective_temp_k,stellar_rad_solar_rad,stellar_mass_solar_mass,stellar_surf_grav,stellar_luminosity_solar_lum,planet_orbital_velocity,habitable_zone_main_seq
11 Com b,2.0,GIII,324.62,1.226,61.63658057189193,5505.06616195,653.1371652238513,4808.0,13.76,2.09,2.38,90.77882429200622,1.3058788615447476,0
11 UMi b,1.0,KIII,516.219985,1.5266666666666666,57.0574212386774,4684.8142,728.3679219366965,4276.5,26.935,2.78,1.765,217.70966783694135,1.3496627765760878,0
14 And b,1.0,KIII,186.3,0.7616666666666667,30.026229664042432,1224.5504335033334,756.7253196096369,4850.5,11.275,1.78,2.59,63.13482583523821,1.5289824844287172,0
14 Her b,1.0,KV,1766.3784171428572,2.81475,42.72617118626999,2559.47216157,127.96343687301616,5296.985,0.9990845,0.904,4.418005750000001,0.7050327074068489,0.5668123252086852,0
16 Cyg B b,3.0,GV,799.375,1.6628333333333334,20.176910388854697,533.5145281766665,191.413504108464,5728.594,1.129135,1.0165992,4.342293199999999,1.2318952031907586,0.7820337656333902,0
17 Sco b,1.0,KIII,578.38,1.45,31.71616013226107,1373.01871824,712.6716420314522,4157.0,25.92,1.22,1.7,180.0030825234718,0.9174256921198172,0
18 Del b,2.0,GIII,988.075,2.5386666666666664,46.89336749914425,3109.015381083333,372.7064479137509,4979.5,8.65,2.1,2.8440000000000003,41.272902518199366,0.9096656404644132,0
1RXS J160929.1-210524 b,1.0,KV,348.3701733527401,330.0,18.647,3135.75,1750.0,4043.25,1.33258,0.85,3.99592,0.4257932894345991,0.0507606853231035,0
24 Boo b,1.0,GIV,30.3403,0.192,14.945784392043931,284.93389169,1517.776432934424,4854.5,11.415,1.02,2.35,64.92615785360877,2.305284103390886,0
24 Sex b,1.0,KIV,452.8,1.333,21.888056823890317,632.46,396.3316474627488,5098.0,4.9,1.54,3.5,14.550614492288496,1.075029222154519,0
24 Sex c,1.0,KIV,883.0,2.08,14.651142385611704,273.32,317.2796076249495,5098.0,4.9,1.54,3.5,14.550614492288496,0.8606046273975612,0
2M0437 b,1.0,MV,213.0095297054172,118.0,30.56950274566069,1271.313628,1450.0,3100.0,0.84,0.17,4.5,0.0584648981475414,0.0379628178388211,0
2MASS J01225093-2439505 b,1.0,MV,72.00778546128129,52.0,11.209,7786.5,1600.0,3419.5,0.36645,0.3765925,4.85804,0.016472887569599,0.085115596183877,0
2MASS J02192210-3925225 b,1.0,MV,327.5794729726669,156.0,16.14096,4417.837,5.272973367791133,3064.0,0.281,0.108,4.59,0.006243922926846,0.0263162838774834,0
2MASS J12073346-3932539 b,1.0,MV,175.07372177353523,50.5,32.340077743902185,1430.075,1200.0,2825.0,0.21887,0.024,5.03186,0.0027373865839048,0.021803936862632,0
2MASS J19383260+4603591 b,2.0,sdB,411.0,0.92,21.30089853354015,597.51891851,563.110019661188,29564.0,0.203,0.48,5.508,28.24455262693379,0.7224398420394743,0
4 UMa b,1.0,KIII,269.785,0.8734999999999999,41.2985816704767,2383.990036055,815.1441845394725,4415.0,18.11,1.234,1.8,111.80200248083229,1.188778957783668,0
47 UMa b,1.0,GV,1083.04,2.0958,24.67114714151889,812.2238312540001,177.94438105010727,5861.053333333333,1.1749385,1.0615,4.3115845,1.461580744934742,0.7118034116317747,0
47 UMa c,1.0,GV,2391.0,3.6,11.726609241760425,171.621,135.5286759056163,5850.58,1.1749385,1.032596,4.3115845,1.4511617026988388,0.5356596741445349,0
47 UMa d,1.0,GV,14002.0,12.7,19.57087064581732,500.570447285,72.15735166643725,5850.58,1.1749385,1.032596,4.3115845,1.4511617026988388,0.2851926592103205,0
51 Eri b,3.0,FIV,9100.0,10.4,49.38530129518748,3464.3296363,700.0,7295.0,1.48726,1.75,4.31078,5.620369007724939,0.4102771581776084,0
51 Peg b,1.0,GV,4.23053038,0.0522624999999999,10.937244742029726,148.36025617,1111.10806802491,5763.920000000001,1.181177,1.035,4.315911,1.3816294796297734,4.450922871380835,0
55 Cnc B b,2.0,MV,6.7994,0.044,1.8210406418080136,3.5,332.5006191772043,3286.0,0.274,0.26,4.86,0.0078534631811284,2.4312819156154006,0
55 Cnc B c,2.0,MV,33.747,0.13,2.2209740194374006,5.3,193.4403727875032,3286.0,0.274,0.26,4.86,0.0078534631811284,1.414457757317769,0
55 Cnc b,2.0,GV,14.648188499999998,0.1143397884615384,14.41189295912943,264.0747930992308,700.0,5235.98625,0.9630672857142856,0.93,4.423311375000001,0.6254564864183897,2.8524481974704403,0
55 Cnc c,2.0,GV,44.33322222222222,0.2401362222222222,6.841694652761471,55.65345195555556,425.5985401497095,5241.127142857143,0.9630672857142856,0.9275,4.412355857142857,0.6279164954729991,1.9656360387292848,0
55 Cnc d,2.0,GV,4982.236363636363,5.596636363636363,29.064586499499185,1144.0132926145454,88.15874959324842,5241.127142857143,0.9630672857142858,0.9300000000000002,4.412355857142858,0.6279164954729993,0.4077114548065732,0
55 Cnc e,2.0,GV,0.7365474,0.01544,1.962,8.286054462307693,1958.0,5238.453076923077,0.9602778888888888,0.9140769230769228,4.428805916666668,0.6230113237955972,7.695603941306263,0
55 Cnc f,2.0,GV,260.78125,0.7815125,6.34419149529778,47.52984875375,235.9179589622732,5241.127142857143,0.9630672857142858,0.9242857142857144,4.412355857142857,0.6279164954729993,1.0877025330275674,1
6 Lyn b,1.0,KIV,906.9835,2.1295,22.58802883656603,675.4694583925,311.82952021874524,4952.333333333333,5.135000000000001,1.4866666666666666,3.17,14.230174324708484,0.8356856866385235,0
61 Vir b,1.0,GV,4.2149350000000005,0.0498805,2.1822129172373885,5.108518675,1012.1775794687996,5581.285,0.997755,0.928036,4.3543875,0.8667113309313819,4.314117770301133,0
61 Vir c,1.0,GV,38.05835,0.2163,3.896199539507749,17.156950115,486.0644431418141,5581.285,0.997755,0.928036,4.3543875,0.8667113309313819,2.0717108284201657,0
61 Vir d,1.0,GV,123.01,0.476,4.473412910040556,22.9,321.6520086349452,5577.0,0.963,0.942,4.34,0.8049056986863508,1.4070092708034252,0
7 CMa b,1.0,KIII,764.6999999999999,1.847,21.13760594061653,587.9855,320.2614751752998,4804.173333333333,4.992143333333334,1.3895,3.2016666666666667,11.91073645882198,0.8675026533812114,0
7 CMa c,1.0,KIV,996.0,2.1790000000000003,14.902351316515304,283.20605,297.4344468578362,4826.0,5.034000000000001,1.3895,3.1775,12.33290944500349,0.7986852139419387,0
70 Vir b,1.0,GV,116.68995833333332,0.4764166666666666,40.72806622792604,2315.677210435,445.9383303831068,5498.372,1.9059715,1.096666666666667,3.9562938,2.978922000252052,1.5174655225661455,0
75 Cet b,2.0,GIII,694.26,2.006,25.505513450155096,870.6933104750001,446.5632949199132,4827.5,10.44,2.205,2.66,53.11044950266964,1.04860956906233,0
75 Cet c,2.0,GIII,2051.62,3.929,15.06885199222696,289.85950718,316.94827724746824,4809.0,10.38,1.92,2.69,51.70156213739529,0.6991728955952791,0
8 UMi b,1.0,KV,93.37,0.4806666666666666,19.03798159711738,472.5063905166666,919.270996497412,4847.133333333333,10.515,1.475,2.57,54.7580872310287,1.752060067087535,0
81 Cet b,1.0,GIII,979.135,2.258,27.90965708487991,1051.05854195,427.99096388896135,4759.5,11.105,1.23,2.38,56.776981559399935,0.738185603180738,0
91 Aqr b,3.0,KIII,181.4,0.7,27.473218921093203,1017.0,749.8509167457579,4665.0,11.0,1.4,2.52,51.41404965066561,1.4144577573177688,0
AF Lep b,1.0,FV,8378.75,8.671500000000002,30.884941698998745,1298.8852423075,1400.0,6123.333333333333,1.25,1.2063333333333333,4.4,1.9708858991904807,0.3730452667389277,0
AU Mic b,1.0,MV,8.463129820000002,0.06486,4.1050362975,19.918485714285715,596.5,3686.857142857143,0.749,0.5016666666666666,4.4448,0.0929990956754687,2.7815965205030926,0
AU Mic c,1.0,KV,18.859077000000003,0.11025,2.8506735533333334,14.24,456.5,3681.6,0.7484999999999999,0.5025,4.4585,0.0923463776526056,2.135274521254116,0
AU Mic d,1.0,KV,12.73596,0.0852742090579766,1.025017495201417,1.053,440.5196635302959,3678.0,0.744,0.51,4.404,0.0908829929333931,2.445970540687301,0
AU Mic e,1.0,KV,33.25,0.1706808119359723,4.301579651358471,21.1,325.73506412085004,3665.0,0.82,0.6,4.52,0.1088462498590558,1.8752460489435685,1
BD+03 2562 b,1.0,KIII,481.9,1.3,38.27846195961856,2034.112,828.3146232452423,4095.0,32.35,1.14,1.89,264.0304673028719,0.9366034075418702,0
BD+05 4868 A b,2.0,KV,1.271869,0.0208,2.3940586172202942,6.2,1820.0,4596.0,0.69,0.7,4.6,0.1905935114670406,5.802195214266655,0
BD+14 4559 b,1.0,KV,268.94,0.7785,16.046205784520325,330.5432,215.79734058852708,4936.0,0.905,0.49,4.43,0.4362019598014325,0.7934941248892028,0
BD+15 2375 b,1.0,KIII,153.22,0.576,16.20042641437007,337.21763,743.0803521479423,4649.0,8.95,1.08,2.61,33.57175965926694,1.369542834501403,0
BD+15 2940 b,1.0,KV,137.48,0.539,16.5539414310634,352.78,1015.5923370170852,4796.0,14.7,1.1,2.8,102.57492714367326,1.4288181027161575,0
BD+20 2457 b,1.0,KII,379.63,1.25,68.22905417947952,6807.63,1065.7649265541882,4198.0,49.0,2.8,1.64,669.0394812035526,1.496921386347587,0
BD+20 2457 c,1.0,KII,621.99,2.01,52.66857059744469,3963.17,828.2500834464939,4137.0,49.0,2.8,1.51,630.9923494370081,1.1804727626458584,0
BD+20 274 b,1.0,KIII,578.2,1.3,31.29160478962612,1334.886,635.4649541114319,4296.0,17.3,0.8,1.99,91.46167422973544,0.784599995536464,0
BD+20 594 b,1.0,GV,41.686548,0.241,2.38784117,19.274050000000003,546.0,5745.0,0.9880406666666668,1.67,4.46,0.9541125801547076,2.632841399284414,0
BD+37 3172 b,1.0,KIII,1887.76,4.65,48.73021886125228,3368.9811142,599.7728585682573,4500.0,50.24,3.75,1.5,928.62242379059,0.8981815740788065,0
BD+42 2315 b,1.0,KIII,123.05,0.54,11.830225274546851,174.80562385,1049.0850549371698,4500.0,17.85,1.38,2.0,117.22394854389113,1.5988865428867385,0
BD+48 738 b,1.0,KIII,392.6,1.0,15.053067686747136,289.2253,593.6146732680568,4414.0,11.0,0.74,2.24,41.21018228904766,0.8603810646902178,0
BD+48 740 b,1.0,KIII,733.0,1.7,20.299487629248237,540.311,453.1929779005264,4534.0,10.33,1.09,2.48,40.45913152282469,0.8008732209443585,0
BD+49 828 b,1.0,KV,2590.0,4.2,19.718599040138876,508.5,269.617897375189,4943.0,7.6,1.52,2.85,30.93709111348296,0.6016890843798207,1
BD+60 1417 b,1.0,KV,1661.999999999999,1662.0,14.68376472,4767.426105,1303.0,4993.0,0.797,1.0,4.5539,0.3542034255369291,0.0245334979820649,0
BD-08 2823 b,1.0,KV,5.599999999999999,0.0579999999999999,3.3756049639150083,12.7132,678.2813523429796,4781.0,0.71,0.5,4.279999999999999,0.2363096854963961,2.9366080797324776,0
BD-10 3166 b,1.0,KV,3.48761125,0.0440499999999999,12.234387972887111,187.5197,1009.9508556545196,5392.16,0.9398725,1.47,4.559966,0.6700061928591575,5.777775925684387,0
BD-11 4672 b,1.0,KV,1650.5,2.32,12.234233448421143,187.51475,91.44835522372652,4512.5,0.5795,0.611,4.371,0.1249296692599513,0.5132767550514772,0
BD-11 4672 c,1.0,KV,74.2,0.3,3.69646449816934,15.37,269.2632940672107,4550.0,0.639,0.651,4.642,0.1570135572369946,1.473346347859697,1
BD-13 2130 b,1.0,KIII,714.299995,1.88,47.81921326981704,3238.6877,588.4939134515305,4545.0,19.17,2.26,2.2,140.69207210708677,1.0966051444133391,0
BD-14 3065 b,3.0,FIV,4.2889731,0.0656,21.59,3932.0,2001.0,6935.0,2.35,1.41,3.85,11.46070769881429,4.636952217338359,0
BD-17 63 b,1.0,KV,653.942495,1.34,34.53043992455071,1639.99458012,138.90027898264668,4689.5,0.715,0.7404999999999999,4.225,0.221823776278196,0.7435070933648127,0
BD-210397 b,1.0,KV,1891.0,2.63,13.032583422685017,214.0,87.54283886927367,4051.0,0.747,0.679,4.67,0.1348279794990807,0.5081968828554698,0
BD-210397 c,1.0,KV,6324.666666666667,5.919999999999999,33.35601327885987,1525.5763536,58.3495682434942,4051.0,0.747,0.6866666666666666,4.67,0.1348279794990807,0.3406333090278002,0
BEBOP-3 b,2.0,FV,547.0,1.444,11.912248288498072,177.34825111,242.07525028006245,6033.0,1.414,1.083,4.203,2.3764132772396795,0.8661749420374933,0
Barnard b,1.0,MV,3.15375,0.02292,0.5921590021703603,0.3345,419.0,3195.0,0.185,0.162,4.9,0.0031997552237963,2.659041923260609,0
Barnard c,1.0,MV,4.1244,0.0274,0.592582349423517,0.335,400.0,3195.0,0.185,0.162,4.9,0.0031997552237963,2.4319643807279623,0
Barnard d,1.0,MV,2.3402,0.0188,0.5277969367394141,0.263,483.0,3195.0,0.185,0.162,4.9,0.0031997552237963,2.935983203019425,0
Barnard e,1.0,MV,6.7392,0.0381,0.4551571735574723,0.193,340.0,3195.0,0.185,0.162,4.9,0.0031997552237963,2.0623862445438568,0
CD Cet b,1.0,MV,2.2907,0.0185,1.9295371997728896,3.95,464.0,3130.0,0.175,0.161,4.93,0.002637201399404,2.950543744231444,0
CFHTWIR-Oph 98 b,1.0,MV,8040000.0,200.0,20.8487041,2479.0615746,1800.0,2320.0,0.245,0.0147,3.845,0.0015601773124728,0.00857469445292,0
COCONUTS-2 b,1.0,MV,402000000.0,7506.0,12.44196858,2272.4731100500003,434.0,3406.0,0.388,0.37,4.83,0.0181774046684993,0.0070221736682272,0
CoRoT-1 b,1.0,GV,1.5089655873333332,0.0262199999999999,17.1629388,348.97436,1882.3333333333333,6019.6,1.15275,0.9766666666666666,4.270333333333333,1.5654191627520753,6.1042431303165445,0
CoRoT-10 b,1.0,KV,13.2406,0.1056666666666666,10.763466333333334,875.0811,623.5,5075.0,0.7743333333333333,0.8946666666666667,4.651,0.3568534883473484,2.910292289022433,0
CoRoT-11 b,1.0,FV,2.994317606,0.043795,15.9058535,777.085875,1702.3333333333333,6420.6,1.3623333333333332,1.2600000000000002,4.2435,2.829821707444156,5.364731504981168,0
CoRoT-12 b,1.0,GV,2.828043936,0.0397224999999999,15.6195015,285.4083125,1423.0,5675.0,1.0886,1.0630000000000002,4.383,1.102782773474524,5.1739631276834,0
CoRoT-13 b,1.0,GV,4.03518,0.0510233333333333,11.291211,418.57623,1566.0,5945.0,1.01,1.089,4.394666666666667,1.143246902419899,4.62066528701102,0
CoRoT-14 b,1.0,FV,1.5121399999999998,0.0269266666666666,11.949523999999998,2403.8182333333334,1944.0,6036.666666666667,1.2033333333333334,1.1283333333333332,4.343999999999999,1.7252440040204322,6.474442766152288,0
CoRoT-16 b,1.0,GV,5.35227,0.0618,13.112265,169.08203500000002,1005.3184363649624,5650.0,1.19,1.098,4.36,1.2947250897445337,4.215818608643364,0
CoRoT-17 b,1.0,GV,3.7681,0.0474333333333333,11.383547666666669,773.3740333333334,1618.0,5740.0,1.59,1.041,4.2175,2.462247290409447,4.685527876498576,0
CoRoT-18 b,1.0,GV,1.90007496,0.0290999999999999,14.05794075,1072.663725,1509.0,5440.0,0.981,0.9325,4.43325,0.7561769997607497,5.661778954035878,0
CoRoT-19 b,1.0,FV,3.89713178,0.0515533333333333,14.086106666666666,355.4361166666667,1815.0,6090.0,1.65,1.21,4.081250000000001,3.3599043104472712,4.845507761730511,0
CoRoT-2 b,2.0,GV,1.742996421666667,0.028214,16.358675,1090.1411666666663,1534.6666666666667,5629.444444444444,0.9036,0.9738,4.446428333333333,0.7357062485822271,5.87594251085898,0
CoRoT-20 b,1.0,GV,9.242916,0.08972,10.76175,1396.53318,1042.0,5880.0,1.16,1.1324999999999998,4.260000000000001,1.4431621588919763,3.553443846483844,0
CoRoT-21 b,1.0,FIV,2.72474,0.04165,14.5717,711.9392,1720.1940788021066,6200.0,1.95,1.29,3.7,5.041106013742097,5.566245233693923,0
CoRoT-22 b,1.0,GV,9.75598,0.092,4.88,12.2,885.0,5939.0,1.136,1.099,4.361,1.4404553927476222,3.456845077093589,0
CoRoT-23 b,1.0,GV,3.6313,0.0481633333333333,12.255356666666666,948.1848333333334,1685.0,5900.0,1.61,1.134,4.154,2.818056191442961,4.853144730980151,0
CoRoT-24 b,1.0,KV,5.1134,0.056,3.7,5.7,1070.0,4950.0,0.86,0.91,4.55,0.3983891923309774,4.031824936836402,0
CoRoT-24 c,1.0,KV,11.759,0.098,5.0,28.0,850.0,4950.0,0.86,0.91,4.55,0.3983891923309774,3.047773175033663,0
CoRoT-25 b,1.0,FV,4.86069,0.0578449999999999,12.10786,89.467095,1330.0,6040.0,1.19,1.09,4.31,1.6909529636986758,4.341655100026555,0
CoRoT-26 b,1.0,GV,4.20474,0.05255,14.12167,174.8007,1600.0,5590.0,1.79,1.09,3.99,2.807004723672525,4.555141504336179,0
CoRoT-27 b,1.0,GV,3.57532,0.04715,11.2872315,3287.8795,1500.0,5900.0,1.08,1.05,4.4,1.268076363450125,4.719856393512299,0
CoRoT-28 b,1.0,GIV,5.20851,0.0596499999999999,10.704595,153.352975,1140.743393560016,5150.0,1.78,1.01,3.6,1.9996720240438923,4.115574302773485,0
CoRoT-29 b,1.0,KV,2.8505671666666665,0.0388,10.0881,268.56635,1027.7493505992245,5262.666666666667,0.9,0.97,4.31386,0.5574402462749232,5.000863359506552,0
CoRoT-3 b,1.0,FV,4.25679955,0.05739,11.3499609,6856.315725,1695.0,6694.5,1.55875,1.37,4.220333333333333,4.378399308307698,4.886716621144614,0
CoRoT-30 b,1.0,GV,9.06005,0.0844,11.309881,921.707,752.2702320613677,5650.0,0.91,0.98,4.4,0.7571229763558,3.4081350721434784,0
CoRoT-31 b,1.0,GIV,4.62941,0.0586,16.36514,266.9772,1399.978073284629,5700.0,2.15,1.25,3.85,4.377903581584719,4.619353331924992,0
CoRoT-32 b,1.0,SD,6.7183689,0.071,6.38913,47.6745,938.0,5970.0,0.79,1.08,4.67,0.7112812444345145,3.900835958633005,0
CoRoT-35 b,1.0,FV,3.22748,0.0429,18.83108758,349.6112477,1747.0,6390.0,1.65,1.01,4.01,4.072500731879283,4.852963498408525,0
CoRoT-36 b,1.0,FV,5.616531,0.066,15.80466279,216.12331676,1567.0,6730.0,1.52,1.32,4.16,4.252431071271,4.472908167217848,0
CoRoT-4 b,1.0,FV,9.20205,0.0904833333333333,13.22705,228.19940666666665,1066.0,6190.0,1.1625,1.16,4.402950000000001,1.780075280042821,3.581126670043608,0
CoRoT-5 b,1.0,FV,4.03790396,0.04966,14.6109085,148.9017025,1394.3333333333333,6100.0,1.1623333333333334,1.0,4.3114333333333335,1.6783037900415347,4.488194057353141,0
CoRoT-6 b,1.0,FV,8.886601924999999,0.0854666666666666,13.140119666666664,939.7051,1021.0,6090.0,1.031,1.0513333333333332,4.4275,1.3118263528879126,3.5078968793778382,0
CoRoT-7 b,1.0,GV,0.85362873375,0.0170232,1.652507333333333,4.07660518,1833.0,5266.75,0.8534892,0.8877142857142858,4.510008571428571,0.50287115574716,7.222557161249966,0
CoRoT-7 c,1.0,GV,3.698333333333333,0.0455,2.7684640787895227,8.4,928.5083189164836,5254.0,0.864273,0.9043333333333332,4.51853,0.5106837224510224,4.458959781637174,0
CoRoT-8 b,1.0,KV,6.2123515,0.0633225,6.92457725,69.28629,896.0,5080.0,0.7806666666666667,0.882,4.545,0.3641463583428466,3.7327615695241807,0
CoRoT-9 b,2.0,GV,95.2731274,0.403675,11.82283025,266.33974,416.5,5625.0,0.9533333333333333,0.96,4.518666666666667,0.8163370617085443,1.54239167872538,0
DH Tau b,1.0,MV,477.5394921787819,330.0,30.2643,3496.065,2200.0,4371.0,0.27,0.33,4.00103,0.0238748473914007,0.0316282369666443,0
DMPP-1 b,1.0,FV,18.57,0.1462,4.599523177344277,24.27,877.0,6196.0,1.26,1.21,4.41,2.0993100097821573,2.877358548508682,0
DMPP-1 c,1.0,FV,6.584,0.0733,2.9511156954684994,9.6,1239.0,6196.0,1.26,1.21,4.41,2.0993100097821573,4.063644259383649,0
DMPP-1 d,1.0,FV,2.882,0.0422,1.783272084014908,3.35,1632.0,6196.0,1.26,1.21,4.41,2.0993100097821573,5.355640827654037,0
DMPP-1 e,1.0,FV,5.516,0.0651,1.9711194500825997,4.13,1314.0,6196.0,1.26,1.21,4.41,2.0993100097821573,4.311984339175036,0
DMPP-2 b,1.0,FV,5.2072,0.0664,10.59751361491876,138.89171,1000.0,6500.0,1.78,1.44,4.1,5.074383440740692,4.6577072705598574,0
DMPP-3 A b,2.0,KV,6.6734,0.0662,1.5737916172823083,2.58,854.0,5138.0,0.91,0.87,4.3,0.5177844865802862,3.625814785080389,0
DMPP-4 b,1.0,FV,3.4982,0.04853,3.309705812539693,12.2,1383.8541728162936,6400.0,1.38,1.25,4.24,2.866605426815989,5.0760377685383125,0
DS Tuc A b,2.0,GV,8.138484,0.0787724040288856,5.665,413.179,850.0,5485.0,0.964,0.9845,4.6,0.7546584607048681,3.535865969875758,0
EPIC 201170410.02,1.0,KV,6.7987,0.0349,1.047,1.0615261230867454,420.4773693390367,3648.0,0.282,0.287,4.999,0.0126359350590422,2.8681589705716517,0
EPIC 201427007 b,1.0,GV,0.72091,0.014666903796378,1.5,1.6940204031852832,1828.5650406444288,5633.0,0.94,0.8099042531541133,4.4,0.7981868381141571,7.432289231607012,0
EPIC 201595106 b,1.0,GV,0.87716675,0.0177,1.3676880225,7.67,1956.0,5728.7925,0.9562435,0.988,4.4922025,0.8836478207539699,7.472515474841082,0
EPIC 201757695.02,1.0,KV,2.0478,0.0296,0.90819,0.8823273272250314,862.1626116068295,4520.0,0.655,0.727,4.659,0.1606668167464761,4.956742223164991,0
EPIC 201841433 b,1.0,KV,4.1694233333333335,0.035,1.1833333333333331,1.2446270281664655,868.0619913079345,5053.0,0.6282305,0.802,4.595,0.2308474476933862,4.787713410810162,0
EPIC 205950854 c,1.0,GV,8.049707333333332,0.0756684542413171,1.37,1.5056940606955262,960.6,5502.7,0.867,0.892,4.512148686984774,0.618345764135371,3.4339975425464817,0
EPIC 206024342 c,1.0,GV,0.9116662333333334,0.0195564430941119,1.3033333333333337,1.4111466642206272,1665.0909602715133,5686.0,1.02,1.2005446478618045,4.5,0.9757029429104372,7.836447125843763,0
EPIC 206024342 d,1.0,GV,14.642393000000002,0.1109534118967054,2.6,6.143973886253817,729.8748111938968,5936.666666666667,1.02,0.8499205224187032,4.35,1.1594735674541028,2.768176714746066,0
EPIC 206042996 b,1.0,KV,5.29808,0.0491701659510755,1.7,3.650021042300783,531.9544038610107,4114.0,0.5,0.565,4.8,0.0642520528738673,3.390379948568607,0
EPIC 206042996 c,1.0,KV,0.35489686,0.008536957781548,1.325,1.4417190657924497,1285.1123971158322,4003.5,0.5349999999999999,0.6590001849523655,4.8,0.0659715587259831,8.787517145349288,0
EPIC 206215704 b,1.0,MV,2.254912,0.0249396900558813,1.0,1.0,423.2718454049132,3297.0,0.25,0.407,4.9,0.0066259118817223,4.0404213998404765,0
EPIC 206317286 c,1.0,KV,17.509878,0.1241184582917185,2.291333333333333,4.832453890644628,471.61060246682416,4750.5,0.744,0.832,4.596,0.2529257292026911,2.5895151779531984,0
EPIC 211822797 b,1.0,KV,21.16900257833333,0.12525,2.0700000000000003,3.984223166442408,431.0,3941.442,0.5910219999999999,0.6003355,4.66914,0.0756341106992675,2.189692493004974,0
EPIC 211945201 b,1.0,GV,19.493356205,0.14865,5.998128192857143,19.0,837.4499999999999,6095.0,1.3846615000000002,1.1693333333333331,4.215475,2.3739519465491035,2.8051861900471398,0
EPIC 212297394 b,1.0,KV,2.289251,0.031940442027451,1.5443333333333331,2.887540943602615,1149.0,5171.0,0.7745,0.8294999999999999,4.55,0.3847962626174896,5.096977519495358,0
EPIC 212297394 c,1.0,KV,5.213581666666666,0.0553108734054024,2.28,4.787140889350649,866.0,5089.5,0.7881715,0.8305,4.56378,0.3739657067490786,3.8756053270364106,0
EPIC 212587672 b,1.0,FV,15.282993333333335,0.119307948331029,1.2566666666666666,1.3458173540108052,756.0,6004.0,0.97785,0.97,4.45,1.1148002679935758,2.851846607541304,0
EPIC 212587672 c,1.0,FV,23.22892694333333,0.1636364256060295,2.2936488325,4.84173660780421,658.0,6010.5,0.9564968,1.0833333333333333,4.50291,1.0712708774375834,2.573451838215857,0
EPIC 212624936 b,1.0,GV,0.578657,0.0125777207275824,1.2,1.2674639621271098,2010.0912276447805,5765.0,0.93,0.792763907370974,4.4,0.8571424293133951,7.94046516783131,0
EPIC 212624936 c,1.0,GV,11.8126535,0.0945528330397929,2.485,5.637936067981858,736.6662798307591,5765.0,0.939,0.8081819692115186,4.4,0.8738125562685117,2.924100462678424,0
EPIC 212737443 b,1.0,KV,13.604326513333334,0.098,2.586,6.081268643390812,536.0,4615.333333333333,0.6703566666666667,0.7126666666666667,4.638606666666667,0.1829422456146787,2.6971504292643185,0
EPIC 212737443 c,1.0,KV,65.55,0.28,2.69,6.554345520188984,316.0,4684.0,0.673,0.69,4.622,0.1956084104863976,1.5700754165195858,1
EPIC 220492298 b,1.0,GV,0.762406,0.0158507584991687,0.99,0.9870195456944256,1707.5846825696017,5620.0,0.89,0.9140248131212374,4.5,0.7089492142944691,7.595020532351783,0
EPIC 220554210 c,1.0,GV,0.7053353333333333,0.0151907620703723,1.6033333333333335,3.164157732468695,1815.000648891501,5499.0,1.0065,0.94,4.5,0.8310980955740239,7.867724245739826,0
EPIC 220674823 b,1.0,GV,0.5712738083333334,0.0129039999999999,1.7072962825,8.186666666666667,2204.833333333333,5547.8,0.9678254444444444,0.9316,4.483111111111111,0.7960990509770474,8.498211720927776,0
EPIC 220674823 c,1.0,GV,13.339028363636364,0.10736,2.7919001427272723,6.544,764.3333333333334,5553.555555555556,0.966178625,0.9316,4.491,0.7966896651266168,2.9462423813621874,0
EPIC 228836835 b,1.0,KV,0.7281215000000001,0.0118448571350905,1.185,1.246906404023547,932.0,3644.0,0.32,0.418179,4.90245,0.0161995622783779,5.942800899192141,0
EPIC 229004835 b,1.0,GV,16.139231,0.1237,2.147923185,10.4,759.0,5865.75,0.991831,0.96,4.430103333333333,1.0448631273927529,2.7862863714127517,0
EPIC 246851721 b,2.0,FV,6.18025145,0.07229,11.780659,953.49,1401.0,6202.0,1.586,1.317,4.157,3.3390526230568383,4.26902559949789,0
EPIC 248847494 b,1.0,KIV,3650.0,4.5,12.44199,4131.79,183.0,4898.0,2.7,0.9,3.52,3.764371714260875,0.4472908167217847,0
EPIC 249893012 b,1.0,GIV,3.5951,0.047,1.95,8.75,1616.0,5430.0,1.71,1.05,3.99,2.2807694603381115,4.727382079493165,0
EPIC 249893012 c,1.0,GIV,15.624,0.13,3.67,14.67,990.0,5430.0,1.71,1.05,3.99,2.2807694603381115,2.842483532594363,0
EPIC 249893012 d,1.0,GIV,35.747,0.22,3.94,10.18,752.0,5430.0,1.71,1.05,3.99,2.2807694603381115,2.1850344726832494,0
G 264-012 b,1.0,MV,2.30538,0.02279,1.550250635406919,2.5,587.0,3326.0,0.305,0.297,4.85,0.0102135920703218,3.6106138692343777,0
G 264-012 c,1.0,MV,8.0518,0.0525,1.8821581342203677,3.75,387.0,3326.0,0.305,0.297,4.85,0.0102135920703218,2.37888559729974,0
G 9-40 b,1.0,MV,5.7459792,0.04015,1.9625,4.0,448.3,3370.25,0.30605,0.2917333333333333,4.90875,0.0108423416254596,2.696033202114647,0
GJ 1002 b,1.0,MV,10.3465,0.0457,1.0375098475150415,1.08,230.9,3024.0,0.137,0.12,5.1,0.0014081798694519,1.620718192061298,0
GJ 1002 c,1.0,MV,21.202,0.0738,1.1584951354893591,1.36,181.7,3024.0,0.137,0.12,5.1,0.0014081798694519,1.2753736092932282,0
GJ 1061 b,1.0,MV,3.204,0.021,1.1625631135701755,1.37,326.3563406749165,2953.0,0.156,0.12,5.130754076899772,0.0016603239573991,2.390869983461736,0
GJ 1061 c,1.0,MV,6.689,0.035,1.3034528743675853,1.74,252.79453447262915,2953.0,0.156,0.12,5.130754076899772,0.0016603239573991,1.851959925778901,0
GJ 1061 d,1.0,MV,13.031,0.054,1.2670568453438988,1.64,203.5189354678024,2953.0,0.156,0.12,5.130754076899772,0.0016603239573991,1.490969389072616,0
GJ 1132 b,1.0,MV,1.6289298420000002,0.0154433333333333,1.2278786625,1.665409638,541.45,3259.75,0.2113999999999999,0.1837,4.959,0.0045272762122214,3.449522955538281,0
GJ 1132 c,1.0,MV,8.929,0.0476,1.5911985227525232,2.64,300.0,3270.0,0.2105,0.181,5.048996402086882,0.0045455355738741,1.95034209790035,0
GJ 1148 b,1.0,MV,41.384,0.1660353333333333,9.043789608454064,99.71774332333332,197.99847767015748,3310.523333333333,0.361226,0.344045,4.8705153333333335,0.0140615911685692,1.4397342958974473,0
GJ 1148 c,1.0,MV,534.24,0.9211,7.908963980362889,75.34769291,84.52030842981094,3322.285,0.3625795,0.358815,4.872943,0.0143695736592266,0.6242476094303526,0
GJ 1151 c,1.0,MV,389.7,0.5714,3.097195847346957,10.62,74.25259592888212,3280.0,0.1781,0.1639,5.09,0.0032939201256244,0.5356663221712538,0
GJ 1214 b,1.0,MV,1.580404169681053,0.0146866666666666,2.656676222222222,8.41,573.8,3070.25,0.2095656470588235,0.1641111111111111,5.008251875,0.003501265104674,3.343353961543104,0
GJ 1252 b,1.0,MV,0.5182395599999999,0.009155,1.1886666666666668,1.32,1089.0,3458.0,0.391,0.381,4.834393488444957,0.0196129680343162,6.452207081762496,0
GJ 1265 b,1.0,MV,3.6511,0.026,2.6055555960949337,7.4,356.57296261513915,3236.0,0.192,0.178,5.09,0.0036268229827144,2.616967391290631,0
GJ 143 b,1.0,KV,35.600765,0.19235,2.61,22.7,422.0,4640.0,0.695,0.745,4.613,0.2008775400535676,1.9683713040397144,0
GJ 15 A b,2.0,MV,11.4424,0.0722999999999999,1.6996336649131685,3.03,550.0,3638.89,0.3805703333333333,0.3775,4.886140666666667,0.0227842858820295,2.285410999718235,0
GJ 15 A c,2.0,MV,7600.0,5.4,5.554466411251433,36.0,38.798685936382896,3607.0,0.38,0.38,4.87,0.0219301505179128,0.2653199473085273,0
GJ 179 b,1.0,MV,2308.0,2.4523333333333333,14.492851067061904,267.18464957,54.06589507155398,3383.9266666666667,0.3807435,0.357,4.843225666666667,0.0170544852998255,0.3816096437876872,0
GJ 2126 b,1.0,MV,272.7,0.71,17.85417319249441,413.1769291,170.7659945296491,4159.0,0.728,0.65,4.527,0.1422683484846637,0.9569791768172063,0
GJ 238 b,1.0,MV,1.7446999,0.02123,0.566,0.4771570671716756,758.0,3485.0,0.4314,0.4193,4.790586608431587,0.024629821321557,4.444904332450848,0
GJ 251 b,1.0,MV,14.2375,0.0813,1.9236843380445263,3.925,343.5,3396.5,0.362,0.355,4.915,0.0156470858986699,2.0899884579636896,0
GJ 251 c,1.0,MV,53.647,0.196,1.9130999825625397,3.88,216.0,3342.0,0.36,0.35,4.87,0.0145050968772087,1.33653695209606,0
GJ 273 b,1.0,MV,18.6498,0.091101,1.6615954091745888,2.89,245.9358257191344,3382.0,0.293,0.29,4.966484784751809,0.0100767272544004,1.784482983018432,0
GJ 273 c,1.0,MV,4.7234,0.036467,1.0824137610270907,1.18,388.7168359469984,3382.0,0.293,0.29,4.966484784751809,0.0100767272544004,2.820486104177289,0
GJ 3021 b,2.0,GV,133.71,0.49,28.162278864444325,1071.04,350.0,5540.0,0.9,0.9,4.7,0.6845637968659433,1.3554958699990425,0
GJ 3090 b,1.0,MV,2.8531054,0.03165,2.13,3.34,693.0,3556.0,0.516,0.519,4.727,0.0381976163484907,4.050156507840742,0
GJ 3138 b,1.0,MV,1.22003,0.0197,1.3177049668144818,1.78,759.3122497842133,3717.0,0.5,0.681,4.873029130801819,0.0428154095903027,5.880515876719074,0
GJ 3138 c,1.0,MV,5.974,0.057,1.982501533616602,4.18,446.3916800623298,3717.0,0.5,0.681,4.873029130801819,0.0428154095903027,3.457093392853635,0
GJ 3138 d,1.0,MV,257.8,0.698,3.0804014569500966,10.5,127.56331831685772,3717.0,0.5,0.681,4.873029130801819,0.0428154095903027,0.9879178412602068,0
GJ 317 b,1.0,MV,694.322,1.1138,20.855190938586983,571.686077838,86.87062133526602,3499.5766666666664,0.417417,0.42381775,4.822436,0.0234472634839355,0.6169655973196334,0
GJ 317 c,1.0,MV,7210.2646,5.04,18.68722677001113,454.49462201,40.83769923996783,3499.5766666666664,0.417417,0.42381775,4.822436,0.0234472634839355,0.2900342499854774,0
GJ 328 b,1.0,MV,3935.5,4.305,23.96472119831167,764.374650785,60.47239811695612,3898.5,0.63,0.6699999999999999,4.64,0.0822547720397574,0.3945715859364244,0
GJ 328 c,1.0,MV,241.8,0.657,4.330735042005011,21.4,154.73692134169443,3897.0,0.63,0.65,4.64,0.0821282505910759,0.994830238649722,0
GJ 3293 b,1.0,MV,30.59935,0.143395,4.632041544055075,24.63,235.90013688444964,3466.0,0.404,0.42,4.848308587737762,0.0211332754526483,1.7117196057313178,0
GJ 3293 c,1.0,MV,123.1848,0.362875,4.520345193291753,23.405,148.29164151204532,3466.0,0.404,0.42,4.848308587737762,0.0211332754526483,1.0760218857633936,0
GJ 3293 d,1.0,MV,48.1345,0.19394,2.639015312650004,7.6,202.84368955933064,3466.0,0.404,0.42,4.848308587737762,0.0211332754526483,1.4718580705515107,0
GJ 3293 e,1.0,MV,13.2543,0.08208,1.7653449936653058,3.28,311.80029601381824,3466.0,0.404,0.42,4.848308587737762,0.0211332754526483,2.262460237660266,0
GJ 3323 b,1.0,MV,5.3636,0.03282,1.399913280975218,2.02,243.91009443822145,3159.0,0.119,0.164,5.501571952823707,0.0012652672774008,2.235772549513072,0
GJ 3323 c,1.0,MV,40.54,0.1264,1.4927154361408312,2.31,124.28694861767856,3159.0,0.119,0.164,5.501571952823707,0.0012652672774008,1.1392613685061288,0
GJ 3341 b,1.0,MV,14.207,0.089,2.466756520955649,6.6,317.53786532201275,3526.0,0.439,0.47,4.824990845012546,0.0267268712961241,2.2984174467569685,0
GJ 338 B b,2.0,MV,24.436,0.1415,3.0712626858843803,10.435,391.0,4009.5,0.58,0.64,4.68,0.0780021742251417,2.127094335418952,0
GJ 341 b,1.0,MV,7.57686,0.0591125604585644,0.88,4.0,447.51749024818827,3770.0,0.5066,0.48,4.72,0.0465142070467615,2.850071248882162,0
GJ 3470 b,1.0,MV,3.3366994,0.034566,4.28,13.701666666666668,606.875,3595.555555555556,0.5111562857142857,0.5299999999999999,4.71812625,0.0391797152564034,3.916411850188154,0
GJ 3473 b,2.0,MV,1.1980035,0.01589,1.264,1.86,773.0,3347.0,0.364,0.36,4.81,0.014918167075061,4.76062842908458,0
GJ 3473 c,2.0,MV,15.509,0.0876,2.607239701916636,7.41,329.1,3347.0,0.364,0.36,4.81,0.014918167075061,2.027562177772202,0
GJ 3512 b,1.0,MV,203.463,0.3375333333333333,10.87585200854859,146.62508428333334,80.69131411357036,3101.0,0.139,0.123,5.241697538492279,0.0016029741373247,0.6037667683403593,0
GJ 3512 c,1.0,MV,2354.0,1.5115,10.781397989221032,143.97626837,38.25421475220946,3111.0,0.139,0.123,5.241697538492279,0.0016237512369121,0.2853142506156897,0
GJ 357 b,1.0,MV,3.9306476666666654,0.0355,1.2085,1.84,521.5,3505.0,0.337,0.342,4.94,0.0153780667234819,3.1043727350686114,0
GJ 357 c,1.0,MV,9.1247,0.061,1.7959578199082034,3.4,401.2,3505.0,0.337,0.342,4.94,0.0153780667234819,2.3682258621289005,0
GJ 357 d,1.0,MV,55.661,0.204,2.375504743209404,6.1,219.6,3505.0,0.337,0.342,4.94,0.0153780667234819,1.2950094968563626,0
GJ 367 b,1.0,MV,0.32194225,0.007095,0.7084999999999999,0.5895,1555.0,3522.0,0.4575,0.4545,4.7765,0.0288954494016263,8.005080947364073,0
GJ 367 c,1.0,MV,11.5301,0.0768243742922305,1.9711194500825997,4.13,348.6972568512698,3522.0,0.458,0.455,4.776,0.0289586433672322,2.434059366486252,0
GJ 367 d,1.0,MV,34.369,0.1591188311411898,2.362422474797793,6.03,242.29098572696617,3522.0,0.458,0.455,4.776,0.0289586433672322,1.691297053923931,0
GJ 3779 b,1.0,MV,3.0232,0.026,2.704583986137273,8.0,443.1017417742088,3324.0,0.281,0.27,5.05,0.008648614714293,3.223073371303305,0
GJ 3929 b,1.0,MV,2.61625475,0.025445,1.12,1.75,568.4,3376.5,0.3175,0.311,4.865,0.0117555871492441,3.4966643914715734,0
GJ 3929 c,1.0,MV,15.04,0.081,2.301584086158904,5.71,317.0,3384.0,0.32,0.313,4.89,0.0120478963918334,1.9660956545262225,0
GJ 393 b,1.0,MV,7.02679,0.05402,1.292651315615128,1.71,485.0,3579.0,0.426,0.426,4.88,0.0267150407966746,2.808681499440124,0
GJ 3942 b,1.0,MV,6.905,0.0608,2.5613447892760366,7.14,590.0,3867.0,0.61,0.63,4.65,0.0746528183662976,3.219537359957535,0
GJ 3988 b,1.0,MV,6.9442,0.0405,1.867688657927736,3.69,348.0,3273.0,0.19734,0.1842,4.92,0.0040096283401786,2.133007022616244,0
GJ 3998 b,1.0,MV,2.65005,0.0295,1.54579317065232,2.4850000000000003,618.5534305797996,3724.0,0.495,0.51,4.76,0.0422803853685796,4.1586183353563735,0
GJ 3998 c,1.0,MV,13.7335,0.0895,2.45600127379906,6.54,355.1212904957314,3724.0,0.495,0.51,4.76,0.0422803853685796,2.387528444465464,0
GJ 3998 d,1.0,KV,41.78,0.189,2.369907695189611,6.07,245.73833237777689,3726.0,0.5,0.52,4.75,0.0432315952045047,1.6589975845721503,1
GJ 411 b,1.0,MV,12.9442,0.0787775,1.6347609458229249,2.7933116375,359.96500000000003,3650.7375,0.3755276666666667,0.3894365000000001,4.886679999999999,0.0224748165250786,2.2237820148843648,0
GJ 414 A b,2.0,KV,51.2125,0.23635,2.63,7.6,308.6,4162.965,0.674961,0.6723605,4.637469,0.1227603865788704,1.6869347182750438,1
GJ 414 A c,2.0,KV,747.2650000000001,1.412,8.4,56.155213445,124.7,4162.965,0.674961,0.6723605,4.637469,0.1227603865788704,0.6901742172281606,0
GJ 4276 b,1.0,MV,13.352,0.082,3.831844694958488,16.57,305.9718209630923,3387.0,0.407,0.406,4.97,0.0195586761156957,2.225517812283825,0
GJ 433 b,1.0,MV,7.3705,0.06,2.332675717044081,5.8724,410.9757176953276,3511.0,0.5,0.48,4.81,0.0340842056111757,2.8289155146355376,0
GJ 436 b,1.0,MV,2.6418144913809525,0.0288135714285714,4.137192233333334,22.681155906,663.5,3446.256875,0.4494285714285714,0.4431092666666666,4.785056266666667,0.0255624095413251,3.9222191348996,0
GJ 463 b,1.0,MV,3450.75,3.53,20.00574463690483,524.09904314,53.47094271531259,3545.75,0.48825,0.489,4.86,0.0338070129645564,0.3722563038044918,0
GJ 486 b,1.0,MV,1.4671202566666668,0.0172033333333333,1.3123333333333331,2.8633333333333333,701.1,3316.0,0.3304333333333333,0.3226666666666666,4.865550000000001,0.0118444702212981,4.331573948887828,0
GJ 508.2 b,1.0,MV,5300.0,4.85,21.13755524960394,587.98255295,49.86386768690421,3720.0,0.53,0.54,4.721664048182461,0.0482628927369141,0.3337344155993342,0
GJ 514 b,1.0,MV,140.43,0.422,2.200824093705142,5.2,202.0,3728.0,0.5,0.51,4.76,0.0433244914271773,1.0995218053064149,0
GJ 536 b,1.0,MV,8.708113333333332,0.0668033333333333,2.3723970490394293,6.083333333333333,451.0,3666.6666666666665,0.5184095,0.51791,4.731190000000001,0.0435834368901011,2.7848580657090025,0
GJ 536 c,1.0,KV,32.761,0.1617,2.3360181760335905,5.89,290.5,3641.0,0.529,0.528,4.713,0.0441249178427687,1.80732782666539,1
GJ 581 b,1.0,MV,5.368162857142857,0.0405880428571428,4.242613077855132,20.5,385.2639768401379,3445.5975,0.308627,0.3092013333333333,4.92521425,0.0120452511354988,2.7605562941958803,0
GJ 581 c,1.0,MV,12.919466666666665,0.0724138333333333,2.504003789422653,6.81,288.4341571120269,3445.5975,0.308627,0.3090416,4.92521425,0.0120452511354988,2.0662015677417847,0
GJ 581 e,1.0,MV,3.1496380000000004,0.02871866,1.5443042321939686,2.48,464.691499287139,3430.6666666666665,0.320468,0.3066235,4.919486666666667,0.0127636028185254,3.2681021018932896,0
GJ 625 b,1.0,MV,14.628,0.078361,1.6422156833195034,2.82,282.1959396886856,3499.0,0.31,0.3,4.94,0.0129237636658843,1.9569765721210104,0
GJ 649 b,1.0,MV,601.0666666666667,1.1265,8.6662640583624,91.21551364333334,101.31236641000696,3747.073333333333,0.500864,0.519917,4.75943,0.0443709018328271,0.6794795569897802,0
GJ 676 A b,2.0,MV,1053.289052,1.7974,35.471663989352614,1734.812186668,93.81071507849948,3734.0,0.69,0.6886666666666666,4.62,0.0830396071457347,0.6190947861758298,0
GJ 685 b,1.0,MV,24.16,0.1344,2.861378854245221,9.0,310.15698600050246,3816.0,0.54,0.55,4.72,0.0554767273788085,2.0232832881390093,0
GJ 687 b,1.0,MV,38.1435,0.1655825,3.9930019783348416,18.0599277275,221.58031481211668,3438.1,0.4183,0.410278,4.83968,0.0219350988828434,1.5743702740561665,0
GJ 720 A b,2.0,MV,19.466,0.119,3.491189179974453,13.64,401.0,3837.0,0.56,0.57,4.71,0.0609864144454191,2.1889655723639807,0
GJ 724 b,1.0,MV,5.101284,0.04685,3.1152784642234206,10.75,611.0,3799.0,0.52226,0.5271,4.88,0.0509730420646675,3.3548004644904736,0
GJ 740 b,1.0,MV,2.37756,0.029,1.680731835604771,2.96,829.0,3913.0,0.56,0.58,4.68,0.0659637437004535,4.472908167217848,0
GJ 806 b,1.0,MV,0.9263237,0.01406,1.331,1.9,940.0,3600.0,0.4144,0.413,4.98,0.0258785147104319,5.4207246744360456,0
GJ 806 c,1.0,MV,6.64064,0.0523,2.3188708006373404,5.8,490.0,3600.0,0.4144,0.413,4.98,0.0258785147104319,2.810600798929476,0
GJ 832 b,1.0,MV,3639.6666666666665,3.5501666666666662,15.67230840488878,314.65012293,51.62062615724034,3533.6666666666665,0.4607785,0.4477623333333333,4.7222625,0.029701376868629,0.3552011731723065,0
GJ 849 b,1.0,MV,1903.0442857142857,2.3565,15.00194200835594,287.1760634842857,61.3121018288177,3419.42,0.46079,0.4795241666666666,4.7899495000000005,0.0260438827287725,0.4511765422702982,0
GJ 849 c,1.0,MV,6269.333333333333,4.962,15.16077919376723,293.5675052633333,43.35785504937318,3514.84,0.459229,0.4786196666666666,4.795313999999999,0.0288782387073474,0.3106289109029164,0
GJ 86 b,2.0,KV,15.764606666666666,0.1123333333333333,31.01678345080665,1310.5006,548.4833258369945,5166.5,0.77,0.8333333333333334,4.612,0.3790155560497448,2.724143855405251,0
GJ 876 b,1.0,MV,61.05392666666668,0.21191775,24.471589091116137,798.5533553277778,158.02903362190318,3275.548,0.3,0.3335186666666667,4.872398199999999,0.0092954031730053,1.2547332008886596,0
GJ 876 c,1.0,MV,30.19364571428571,0.132647,13.8424120414719,242.73511336,214.19249232161516,3276.685,0.3447344,0.3328668,4.87255525,0.0122913013656745,1.5843878682931414,0
GJ 876 d,1.0,MV,1.937844857142857,0.0212137433333333,2.53742564746234,7.001354208571429,535.6046088041926,3276.685,0.3447344,0.3328668,4.87255525,0.0122913013656745,3.9618823012575777,0
GJ 876 e,1.0,MV,124.38666666666668,0.3435666666666666,3.8122852149084814,16.393717773333332,129.22138143293154,3271.0,0.3261119999999999,0.328389,4.87177,0.0109230918682541,0.9778309378718818,0
GJ 887 b,1.0,MV,9.262,0.068,1.9870344746812727,4.2,468.0,3688.0,0.4712,0.489,4.78,0.036852254613085,2.682099944674889,0
GJ 887 c,1.0,MV,21.789,0.12,2.639015312650004,7.6,352.0,3688.0,0.4712,0.489,4.78,0.036852254613085,2.019011490183795,0
GJ 9066 c,1.0,MV,769.6234999999999,0.875,7.59188095813897,69.171982735,55.36758009986308,3154.0,0.164,0.15,5.01,0.0023879449026056,0.4141108285647088,0
GJ 9689 b,1.0,MV,18.27,0.1139,2.958459989176196,9.65,453.04,3836.0,0.57,0.59,4.69,0.0631181055476554,2.276350471701423,0
GJ 9773 b,1.0,MV,2965.0,2.921,11.757943236012888,172.580825,50.36084857912645,3528.0,0.362,0.358,4.874287913138614,0.0182146695575945,0.350147249191201,0
GJ 9827 b,1.0,KV,1.2089769333333331,0.01933,1.5805,4.457142857142857,1099.085,4269.777777777777,0.6030666666666668,0.6148333333333332,4.683625,0.1084530047882395,5.640761784537128,0
GJ 9827 c,1.0,KV,3.64810465,0.0403866666666666,1.240285714285714,1.6316666666666666,760.4733333333334,4271.625,0.6037999999999999,0.6165999999999999,4.681285714285715,0.1089051821376845,3.908028652760912,0
GJ 9827 d,1.0,KV,6.2015886,0.0569085714285714,2.009875,3.02,642.6542857142857,4269.25,0.6038,0.6171666666666668,4.681285714285715,0.1086631813293578,3.29372527893915,0
GPX-1 b,1.0,FV,1.744579,0.0338,16.47720163,6261.2196179,2300.0,7000.0,1.56,1.68,4.27,5.242412696189813,7.051333810790749,0
GQ Lup b,1.0,KV,112.6247880443606,100.0,33.6,6356.0,2525.0,4360.0,1.94153,0.7,3.706631856504167,1.2221486098554393,0.0836804494211607,0
GSC 06214-00210 b,1.0,KV,333.233151752652,313.3333333333333,20.1762,4831.5375,2266.6666666666665,4277.333333333333,0.90484,0.8313333333333333,4.36628,0.2458814791217371,0.0515180340434898,0
Gaia-1 b,1.0,GV,3.052524,0.04047,13.77583728,533.95172376,1075.7594118836162,5470.0,0.952,0.949,4.457814343219416,0.7279692790214951,4.843301309039401,0
Gaia-2 b,1.0,GV,3.6915224,0.0467,14.81827249,259.66580852,1107.093647003404,5720.0,1.064,1.0,4.383938771643012,1.0873196109458014,4.628247164094959,0
Gaia-4 b,1.0,KV,571.3,1.1636202989481594,51.2960114189652,3750.3752026,119.78391418692688,4034.0,0.624,0.644,4.68,0.0925129660037546,0.7440673934451023,0
Gaia-5 b,1.0,MV,358.62,0.6888046767086534,67.38633660444839,6633.07885409,98.91877819319664,3447.0,0.345,0.339,4.83,0.0150762445594045,0.7016601137274604,0
Gl 378 b,1.0,MV,3.822,0.039435,3.414339410683943,13.02,830.0,3879.0,0.56,0.56,4.689634000554871,0.0637008199232208,3.769016814111311,0
Gl 410 b,1.0,KV,6.02,0.0531,2.7684640787895227,8.4,498.1796358896704,3842.0,0.543,0.55,4.87,0.0576393336257195,3.218911735161018,0
Gl 49 b,2.0,MV,13.8508,0.0905,2.2860984319445543,5.63,366.6205272742227,3805.0,0.511,0.515,4.69,0.0491077792200182,2.385911381545801,0
Gl 686 b,1.0,MV,15.531163333333332,0.0912333333333333,2.5001300485438858,6.788,379.0,3657.6666666666665,0.4246666666666667,0.424,4.859999999999999,0.0289602758631063,2.156160774333157,0
Gl 725 A b,2.0,MV,11.2201,0.068,1.6310287817830806,2.78,316.26334603475533,3433.0,0.351,0.33,4.87,0.0153532137612898,2.203319598769922,0
Gliese 12 b,1.0,MV,12.761413999999998,0.0669,0.929,3.87,314.8,3274.5,0.26535,0.2412,5.085,0.0072628656899917,1.8991119949749065,0
HAT-P-1 b,2.0,GV,4.464928177142857,0.0553385714285714,14.353121375,167.84878555555557,1313.8333333333333,5996.873846153846,1.1448571428571428,1.1310909090909091,4.393106,1.5208700149443917,4.521783534725225,0
HAT-P-11 b,1.0,KV,4.887815188157895,0.052791,4.727320250000001,25.28466716,820.0,4764.007058823529,0.7553138666666667,0.8165833333333333,4.59032,0.2636539917546348,3.933646194442591,0
HAT-P-11 c,1.0,KV,3374.2,4.115,25.23890893461972,851.78013076,79.52402026703783,4716.5,0.7115,0.8096666666666668,4.641778478805933,0.2247599950751913,0.4436527667464363,0
HAT-P-12 b,1.0,KV,3.212780681818181,0.038205,11.406949458333337,66.2126227142857,963.2,4651.885454545454,0.6993807272727272,0.7337272727272726,4.61093,0.2055101234426204,4.383108416037132,0
HAT-P-13 b,1.0,GV,2.9162423575000003,0.043232,15.496508216666667,281.36696382,1706.0,5653.0,1.6253333333333335,1.22,4.12,2.420419684545165,5.313151940696344,0
HAT-P-13 c,1.0,GV,441.6025,1.223,56.93601336639067,4664.004325,340.0,5653.0,1.658,1.32,4.13,2.518690732771339,1.0390793668641043,0
HAT-P-14 b,2.0,FV,4.627666772727273,0.060475,13.602063166666667,1093.3352,1602.0,6612.29,1.82,2.65,4.21916625,5.681201537110082,6.620792582511606,0
HAT-P-15 b,1.0,GV,10.86349153,0.09645,11.971196,625.95964,904.0,5578.4,1.0804000000000002,1.0119999999999998,4.37775,1.0141392928357318,3.239769587295108,0
HAT-P-16 b,3.0,FV,2.7759673334,0.04131,14.119528791666667,1335.3522667583336,1582.5,6156.0,1.237,1.215142857142857,4.349333333333333,1.9716221741223023,5.424516763844622,0
HAT-P-17 b,1.0,KV,10.338529918571428,0.0885333333333333,11.4471638525,177.283152222,796.0,5273.851428571428,0.8432803333333334,0.885125,4.526776666666667,0.4935661395522561,3.162451542840011,0
HAT-P-17 c,1.0,KV,5584.0,5.6,28.282274719002604,1080.6,82.75754708246288,5276.32,0.837894,0.8780000000000001,4.53733,0.4881940911810605,0.3960301300849977,0
HAT-P-18 b,1.0,KV,5.50802055125,0.05592,10.973626,61.658392500000005,846.5,4808.125,0.7427782499999999,0.7706666666666666,4.581185714285715,0.2645520953285321,3.712997784823347,0
HAT-P-19 b,1.0,KV,4.008782268571428,0.04641,12.225413516666668,90.36806291333336,995.6,4988.166666666667,0.8081160000000001,0.8343333333333333,4.548973999999999,0.3627447072858259,4.240714129160679,0
HAT-P-2 b,1.0,FV,5.631227253333333,0.0680524999999999,12.242118375,2914.4805482854545,1538.5,6321.2,1.5259999999999998,1.3237272727272726,4.1706666666666665,3.335777253586486,4.411153800007815,0
HAT-P-20 b,1.0,KV,2.87840290975,0.03605,10.168857,2305.88898,1004.5,4597.004285714285,0.6889784999999998,0.7502857142857142,4.609716,0.1901957568621952,4.56284470718059,0
HAT-P-21 b,1.0,GV,4.124484071428571,0.0497566666666666,12.0160385475,1361.3300904025,1325.0,5605.833333333333,1.21,1.24,4.313,1.2972429439825732,4.992984151183559,0
HAT-P-22 b,2.0,GV,3.212228303333333,0.0414825,12.217866,703.7767283333334,1346.3333333333333,5303.5,1.0553333333333337,1.13,4.3595,0.7905319997646736,5.220135122370033,0
HAT-P-23 b,1.0,GV,1.2128844082222223,0.0231399999999999,14.3924104,607.7038,2003.5,5904.888888888889,1.1802,1.1256666666666666,4.333857142857142,1.5193155770753135,6.975867285405325,0
HAT-P-24 b,2.0,FV,3.355244094285714,0.0465033333333333,14.2915805,226.165918,1637.0,6373.0,1.3283333333333334,1.2165714285714286,4.27,2.6114376783573925,5.115660894373987,0
HAT-P-25 b,1.0,GV,3.652821401428572,0.0465966666666666,13.133308333333334,180.41896,1192.0,5521.5,0.951,1.0075,4.495030000000001,0.7541872564871073,4.65071885441397,0
HAT-P-26 b,1.0,KV,4.23450580375,0.0476899999999999,6.90097514,19.56217102,1040.5,5079.557142857143,0.8136296666666666,1.12,4.530381428571428,0.3954092294961594,4.846970026833583,0
HAT-P-27 b,2.0,GV,3.0395802485714287,0.0400933333333333,11.49936,200.86409333333333,996.5993579213078,5287.0,0.8664486666666668,0.9342,4.516503999999999,0.5262750329059349,4.827906304240725,0
HAT-P-28 b,1.0,GV,3.257213965,0.043385,13.585154,200.705355,1384.0,5680.0,1.103,1.025,4.36,1.136146193293909,4.861464466897361,0
HAT-P-29 b,2.0,FV,5.723335533333334,0.06664,12.448638534,246.1573397683333,1270.6666666666667,6097.0,1.2376457142857142,1.23625,4.331167142857143,1.8990977299723253,4.307850688342603,0
HAT-P-3 b,2.0,KV,2.89972969,0.03876,10.092323,191.1915655555556,1162.0,5185.909090909091,0.84,0.937,4.569333333333333,0.4578761467114969,4.917596547809127,0
HAT-P-31 b,1.0,FV,5.005357428571429,0.0579999999999999,12.067146666666666,700.41063,1450.0,6074.166666666667,1.372,1.2364000000000002,4.22901,2.29903132885809,4.617857056264922,0
HAT-P-32 b,2.0,FV,2.1500083347,0.03421,20.3499725,216.1244,1800.2333333333331,6196.75,1.233875,1.156,4.293333333333334,2.0141327054221723,5.814031279287595,0
HAT-P-33 b,2.0,FV,3.4744750842857144,0.049925,19.511008,292.4036,1782.0,6448.333333333333,1.6675999999999995,1.82,4.15,4.313835104139677,6.038813832903396,0
HAT-P-34 b,1.0,FV,5.452651917142857,0.06772,13.988774333333334,1058.3739,1520.0,6461.142857142857,1.539908,1.3794285714285712,4.207443333333334,3.707804048329405,4.514047428072779,0
HAT-P-35 b,3.0,FV,3.646682733333333,0.04979,14.930388,335.62848,1581.0,6112.4,1.4154300000000002,1.222,4.227485,2.5090753894290363,4.954952822440789,0
HAT-P-36 b,1.0,GV,1.3273471553,0.0239239999999999,14.227928,574.0604526666667,1803.0425,5580.0,1.0724285714285713,1.028375,4.3853333333333335,1.000376307253625,6.557432703278513,0
HAT-P-37 b,1.0,GV,2.79744091,0.0379133333333333,13.402160333333336,377.0472333333333,1271.0,5500.0,0.8789999999999999,0.929,4.5175,0.6343345376402265,4.950930802424088,0
HAT-P-38 b,1.0,GV,4.640346261666666,0.052305,9.2472125,84.85880499999999,1082.0,5302.2,0.923,0.885,4.43124,0.6041122934285135,4.114101632978887,0
HAT-P-39 b,2.0,FV,3.543871233333333,0.050925,17.6091695,185.608635,1752.0,6430.0,1.625,1.404,4.16,4.049864308104084,5.2516166799160935,0
HAT-P-4 b,2.0,FV,3.056504583,0.0445239999999999,14.672472,207.06457875,1688.5,5866.714285714285,1.5981111111111113,1.2558888888888888,4.130999999999999,2.714460615432057,5.31194422128025,0
HAT-P-40 b,1.0,FV,4.457229966666667,0.06078,18.60708333333333,152.5584,1770.0,6080.0,2.1528,1.03,3.93,5.682134853445196,4.11730697938992,0
HAT-P-42 b,1.0,GV,4.641853841666666,0.0575,14.34776,305.7457,1428.0,5766.2,1.53,1.178,4.145555,2.3218358826117,4.527033485190835,0
HAT-P-43 b,1.0,GV,3.332677534285714,0.0443833333333333,14.115909666666669,221.20545,1357.0,5658.891666666666,1.0997,1.0444,4.368944000000001,1.112663443990081,4.851750480331704,0
HAT-P-44 b,1.0,GV,4.301195645999999,0.0507,13.922,111.871,1108.0,5250.04,0.949,0.9419999999999998,4.4310925,0.6138647902329342,4.311182976603798,0
HAT-P-44 c,1.0,GV,872.2,1.752,30.569345954084973,1271.3,158.0185148950164,5295.0,0.949,0.942,4.46,0.6351643766594534,0.733387299000887,0
HAT-P-45 b,1.0,FV,3.1289927220000004,0.0452049999999999,15.984017,278.41290000000004,1652.0,6143.75,1.319,1.259,4.23688,2.2238914326616803,5.27830658597609,0
HAT-P-46 b,1.0,FV,4.46313456,0.0577,14.392,156.684,1458.0,6609.0,1.3957133333333331,1.284,4.29836,3.334458465604026,4.718126592138192,0
HAT-P-49 b,1.0,FV,2.691552032857143,0.0437899999999999,16.499542333333334,603.8693666666667,2131.0,6820.0,1.870833333333333,2.22,4.1,6.793562061376048,7.121377344821404,0
HAT-P-5 b,1.0,GV,2.7884803450000004,0.04079,13.900467473333334,329.269582284,1528.0,5960.0,1.12425,1.0874,4.375,1.430871657785704,5.1640780270906825,0
HAT-P-50 b,1.0,FV,3.122008308333333,0.045285,14.437192,430.500735,1862.0,6280.0,1.698,1.273,4.072,4.023498064369113,5.302882445488669,0
HAT-P-51 b,1.0,GV,4.218024066,0.0505933333333333,14.164431913333331,98.20930698333332,1180.1,5449.8,1.0318,0.973,4.4004,0.8425644968989554,4.386162900989277,0
HAT-P-52 b,1.0,KV,2.753596603333333,0.03695,11.309881,259.826025,1218.0,5111.216,0.893,0.887,4.486445,0.4883033528027649,4.900377899319536,0
HAT-P-53 b,1.0,GV,1.9616244000000005,0.031595,14.773462,470.547315,1778.0,5956.0,1.209,1.093,4.31,1.650293571778486,5.882688945119069,0
HAT-P-54 b,1.0,KV,3.799878755555556,0.0411949999999999,10.581296,241.5508,818.0,4362.0,0.6401428571428571,0.645,4.658,0.1331025275956657,3.957606290918824,0
HAT-P-55 b,1.0,GV,3.5852382585714286,0.0461199999999999,13.779588816666667,186.2480635233333,1340.0,5807.333333333333,1.0266666666666666,1.0155,4.4198,1.075612380184613,4.693213362674967,0
HAT-P-56 b,1.0,FV,2.790850879,0.0431066666666666,17.101729666666667,676.9779,1840.0,6615.0,1.4368333333333334,1.3208,3.39,3.54668022505157,5.53632139011815,0
HAT-P-57 b,3.0,AV,2.46529612,0.0406,17.6709885,448.1403,2200.0,7207.5,1.5875,2.77,4.25075,6.101771247755025,8.261365786191886,0
HAT-P-58 b,1.0,FV,4.013836850000001,0.04994,14.93036229,118.2321674,1622.0,6078.0,1.53,1.031,4.082,2.8662594168532447,4.544436586494945,0
HAT-P-59 b,1.0,GV,4.141977233333333,0.05064,12.58768533,489.45574678,1277.8,5678.0,1.1038,1.008,4.356,1.1361931906972038,4.462296270494649,0
HAT-P-60 b,1.0,FIV,4.794857933333334,0.06277,18.28184752,182.43350562,1772.0,6212.0,2.197,1.435,3.9114,6.4487531353689045,4.782168453178854,0
HAT-P-61 b,1.0,GV,1.90231289,0.0301,10.07687365,335.9446262,1505.0,5587.0,0.938,1.004,4.496,0.7691485261257429,5.776417733421469,0
HAT-P-62 b,1.0,GV,2.64532328,0.03772,12.02723629,241.86741773,1512.0,5629.0,1.17,1.023,4.312,1.2330666962392511,5.208671386668655,0
HAT-P-63 b,1.0,GV,3.377728,0.04294,12.5428494,195.1466419,1237.0,5400.0,0.9661,0.925,4.435,0.7120476434773401,4.64210361836663,0
HAT-P-64 b,1.0,FV,4.0072331000000005,0.05387,19.08889413,184.34047606,1766.0,6457.0,1.735,1.298,4.072,4.694744413685614,4.909517839455852,0
HAT-P-65 b,1.0,GV,2.6054496125,0.039965,19.621338955,171.78667374,1874.0,5844.25,1.8115,1.23325,4.014225,3.4346435219134777,5.555979535184347,0
HAT-P-66 b,1.0,GV,2.972087425,0.04363,17.82231,248.86089,1896.0,6002.0,1.881,1.255,3.993,4.119565433672308,5.364191089418484,0
HAT-P-67 b,2.0,FIV,4.810103766666667,0.06505,23.370765,108.0622,1903.0,6406.0,2.546,1.642,3.854,9.79387114669381,5.025021334069832,0
HAT-P-68 b,1.0,KV,2.29840553,0.02996,12.016048,230.10892,1027.8,4508.0,0.6701,0.6785,4.615,0.1663813774082067,4.759693699404193,0
HAT-P-69 b,1.0,FIV,4.786960825,0.06555,18.786284,1137.8314,1930.0,7394.0,1.926,1.648,4.11,9.947643218317038,5.014957301023387,0
HAT-P-7 b,2.0,FIV,2.204735510631579,0.0372608333333333,16.228396785714285,562.4338937499999,2250.333333333333,6397.615263157895,1.9524822222222225,1.4975,4.0163030769230765,5.729760945886141,6.34062571532436,0
HAT-P-70 b,1.0,AV,2.7443221025,0.04739,20.96083,2154.8874,2562.0,8450.0,1.858,1.89,4.181,15.790944425235717,6.316296837746637,0
HAT-P-8 b,3.0,FV,3.0763469962500003,0.045615,16.030790875,437.1712264883333,1706.5,6200.0,1.578,1.278,4.1635,3.301190644871264,5.29403211223266,0
HAT-P-9 b,1.0,FV,3.9228292,0.0529175,15.6315514,237.608228,1536.6666666666667,6350.0,1.3236,1.28025,4.293,2.555631709638936,4.919519846959854,0
HATS-1 b,1.0,GV,3.4464570380000006,0.04443,14.594059,572.87625,1359.0,5870.0,1.038,0.986,4.4,1.1477226752947407,4.711674550918057,0
HATS-10 b,1.0,GV,3.312840033333333,0.04492,10.861521,176.55456500000005,1407.0,5880.0,1.105,1.101,4.392,1.3095549012047234,4.9516366605240805,0
HATS-11 b,1.0,GV,3.61917105,0.04842,15.904674600000002,266.97720000000004,1616.5,6138.5,1.479996,1.33,4.1398725,2.7903583055566394,5.241896141004863,0
HATS-12 b,1.0,FV,3.1427911166666664,0.0460249999999999,7.76,758.02455,1446.0,6333.333333333333,1.228206666666667,1.1871825,4.167666666666666,2.177519915211481,5.0796855461224215,0
HATS-13 b,1.0,GV,3.0440520433333336,0.04058,13.585308,180.368525,1244.0,5523.0,0.8870000000000001,0.962,4.524,0.6568062284631648,4.869748120543159,0
HATS-14 b,1.0,GV,2.766762432,0.03815,11.649887333333334,340.0781,1276.0,5361.5,0.93225,0.96775,4.484,0.644317423091551,5.037433231332358,0
HATS-15 b,1.0,GV,1.74748753,0.02712,12.385945,689.6911,1505.0,5311.0,0.922,0.871,4.449,0.6068158244833078,5.668122385100082,0
HATS-16 b,1.0,GV,2.6865026000000003,0.03744,14.5717,1039.3041,1592.0,5738.0,1.238,0.97,4.239,1.490641867248841,5.090880831363753,0
HATS-17 b,1.0,GV,16.2546495,0.1308,8.709393,425.25654,814.0,5846.0,1.091,1.131,4.416,1.2473105486258285,2.9410500443932124,0
HATS-18 b,1.0,GV,0.8378417,0.017505,14.941597,629.2239425,2064.74,5600.0,1.02,1.037,4.436,0.9179991974317326,7.698095679383999,0
HATS-2 b,1.0,KV,1.3541333638333333,0.02305,12.920196116666666,449.7226058633334,1563.5,5227.0,0.8936,0.8864000000000001,4.487500000000001,0.5347935621414966,6.202323192111191,0
HATS-22 b,1.0,KV,4.722815420000001,0.05025,10.682177,870.8542,858.0,4803.0,0.689,0.759,4.644,0.2266619602310103,3.887119023135804,0
HATS-23 b,1.0,GV,2.16051315,0.03397,20.84874,467.2101,1654.0,5780.0,1.199,1.121,4.328,1.4395924816064016,5.74552894434784,0
HATS-24 b,1.0,FV,1.3484969214285714,0.02501,16.559429333333334,746.9005,2116.5,6272.333333333333,1.1589999999999998,1.1848,4.378400000000001,1.8654054559411275,6.883996817375889,0
HATS-25 b,1.0,GV,4.298645115,0.05163,14.12334,194.82979,1277.0,5715.0,1.107,0.994,4.347,1.1728704124677385,4.38851021568378,0
HATS-26 b,1.0,FV,3.30239075,0.04735,19.61575,206.5895,1918.0,6071.0,2.04,1.299,3.936,5.07213864498621,5.238652220991932,0
HATS-27 b,1.0,FV,4.637043775,0.0611,16.8135,168.4499,1659.0,6438.0,1.74,1.415,4.107,4.666510377185256,4.813185489972301,0
HATS-28 b,1.0,GV,3.1810752,0.04131,13.383546,213.58176,1253.0,5498.0,0.922,0.929,4.476,0.6969002721273906,4.7430231402160965,0
HATS-29 b,1.0,GV,4.6058781600000005,0.05475,13.74222241,207.065727275,1221.0,5689.8,1.0716,1.0366,4.3924,1.0797998520034957,4.351996370307698,0
HATS-3 b,1.0,FV,3.5478507228571425,0.0485066666666666,14.384042,301.29935750000004,1648.0,6351.0,1.4032,1.2091999999999998,4.22,2.874070737833283,4.993710225661542,0
HATS-30 b,2.0,GV,3.1743513775,0.04354,13.170575,224.38798,1414.0,5943.0,1.061,1.093,4.425,1.2599216501704964,5.011189806257446,0
HATS-31 b,1.0,FV,3.3779472,0.0478,18.38276,279.6904,1823.0,6050.0,1.87,1.275,4.0,4.203340396700878,5.165544747553675,0
HATS-32 b,1.0,GV,2.8126542666666663,0.04024,14.000041,292.4036,1437.0,5700.0,1.097,1.099,4.396,1.1397314377958434,5.226907857011266,0
HATS-33 b,1.0,GV,2.5495616116666664,0.03729,13.361128,378.85336,1429.0,5659.0,1.022,1.062,4.445,0.9610598126179642,5.337538869129915,0
HATS-34 b,1.0,GV,2.1061608933333336,0.03166,16.02887,299.07803,1445.0,5380.0,0.98,0.955,4.435,0.7218901300489601,5.493146915812882,0
HATS-35 b,1.0,FV,1.82100047,0.03199,16.409976,388.38826,2037.0,6300.0,1.433,1.317,4.244,2.902314212613825,6.41742425548387,0
HATS-36 b,1.0,GV,4.175211675000001,0.053275,13.233278749999998,1022.14128,1279.5,6049.5,1.0939,1.161,4.4,1.4378812445243567,4.669059029900681,0
HATS-37 A b,2.0,GV,4.3315366,0.04913,6.792654,31.46517,1085.0,5326.0,0.877,0.843,4.478,0.5552565433147055,4.143004349367674,0
HATS-38 b,1.0,GV,4.3750315,0.05036,6.882326,23.51942,1294.0,5732.0,1.105,0.89,4.301,1.1826034262601353,4.204623628746844,0
HATS-39 b,1.0,FV,4.5776351,0.06007,17.59813,200.2329,1645.0,6572.0,1.6209999999999998,1.3790000000000002,4.158,4.397907580952311,4.792126801101397,0
HATS-4 b,1.0,GV,2.516727825,0.036215,11.43309,418.255235,1315.0,5403.0,0.926,1.0008,4.51,0.6556192452317127,5.257803940408248,0
HATS-40 b,1.0,FIV,3.264276166666667,0.04997,17.71022,505.3497,2101.0,6460.0,2.26,1.561,3.921,7.980623087630577,5.590128109778044,0
HATS-41 b,1.0,FIV,4.193656475,0.0583,14.90797,3082.951,1710.0,6424.0,1.71,1.4959999999999998,4.14,4.467907773496028,5.06648199205952,0
HATS-42 b,1.0,FV,2.292102435,0.03689,15.6926,597.5204,1856.0,6060.0,1.4799999999999998,1.273,4.201,2.650353341966595,5.875365086424802,0
HATS-43 b,1.0,KV,4.3888492,0.04944,13.22662,82.95363,1003.0,5099.0,0.812,0.837,4.539,0.3998913005118047,4.115271399521056,0
HATS-44 b,1.0,KV,2.74390025,0.03649,11.960003,177.9848,1161.0,5080.0,0.847,0.86,4.514,0.4286585788222946,4.855537112391633,0
HATS-45 b,1.0,FV,4.187620024999999,0.05511,14.414774,222.481,1518.0,6450.0,1.315,1.272,4.305,2.68522210796436,4.805110000084075,0
HATS-46 b,1.0,GV,4.742371375,0.05367,10.121727,54.98459,1054.0,5495.0,0.8530000000000001,0.917,4.542,0.5951942121417471,4.134222575464739,0
HATS-47 b,1.0,KV,3.922803233333333,0.04269,12.520453,117.27927,852.9,4512.0,0.6564,0.674,4.633,0.1602150680668482,3.974128036143468,0
HATS-48 A b,2.0,KV,3.131666986666667,0.03769,8.9672,77.23269,954.6,4546.0,0.7152,0.7279,4.5909,0.1960029406200915,4.395393635060346,0
HATS-49 b,1.0,KV,4.1480467,0.04515,8.574885,112.19399,834.8,4405.0,0.6977,0.7133,4.6036,0.1644413172116019,3.975412680478316,0
HATS-5 b,1.0,GV,4.763388555,0.05424,10.222804,75.48327,1025.0,5304.0,0.8708,0.9368,4.53,0.5384442608653249,4.156603362350258,0
HATS-50 b,1.0,GV,3.8297015,0.05046,12.66617,123.9537,1142.7618724055917,5990.0,1.117,1.168,4.411,1.4411310843509455,4.811968572788342,0
HATS-51 b,1.0,GV,3.348869405,0.04639,15.80469,244.09344,1553.0,5758.0,1.4400000000000002,1.187,4.198,2.0450384428128774,5.059273494951559,0
HATS-52 b,1.0,FV,1.3666554066666663,0.02498,15.490838,711.9392,1834.0,6010.0,1.046,1.111,4.445,1.2807109037313764,6.670153008478764,0
HATS-53 b,1.0,GV,3.85377776,0.04753,15.02006,189.10885,1312.0,5644.0,1.101,0.964,4.34,1.103602074666419,4.50432370578024,0
HATS-54 b,1.0,GV,2.54417965,0.037315,11.668559205,240.437795235,1527.0,5661.5,1.2735,1.0735,4.220000000000001,1.494905690815694,5.364562203177491,0
HATS-55 b,1.0,FV,4.204194866666668,0.05412,14.022459,292.72143,1367.0,6214.0,1.126,1.1955,4.4121,1.6961006737700737,4.700790324803224,0
HATS-56 b,1.0,FIV,4.3247771,0.06043,18.920792,191.33366,1902.0,6536.0,2.201,1.573,3.949,7.9319160520090675,5.102852889038894,0
HATS-57 b,1.0,GV,2.3506192,0.03493,12.767051,1000.21101,1413.4,5587.0,0.96,1.026,4.484,0.8056510946002754,5.420625097542182,0
HATS-58 A b,2.0,FIV,4.2180787,0.05798,12.273855,327.3649,1721.0,7175.0,1.433,1.461,4.292,4.882810304111092,5.020662018097708,0
HATS-59 b,1.0,GV,5.41609435,0.06112,12.621334,256.17098,1128.0,5670.0,1.036,1.038,4.422,0.995271564871486,4.121753239572573,0
HATS-59 c,1.0,GV,1422.0,2.504,53.13224738393306,4036.441,175.9,5670.0,1.036,1.038,4.422,0.995271564871486,0.6439564513755959,0
HATS-6 b,1.0,MV,3.3252689339999995,0.03623,11.186582,101.38777,712.8,3724.0,0.57,0.574,4.683,0.0560632474492461,3.981042034340304,0
HATS-60 b,1.0,GV,3.56081945,0.04708,12.923977,210.40346,1528.0,5688.0,1.46,1.097,4.148,2.001860970682526,4.827920062024746,0
HATS-61 b,1.0,GV,7.8179425,0.07908,13.394755,1080.622,1226.1,5542.0,1.664,1.076,4.028,2.343487167039408,3.6893324292561145,0
HATS-62 b,1.0,GV,3.2768837,0.04163,11.825495,56.89157,1237.0,5416.0,0.933,0.896,4.451,0.6719976590605758,4.640083365963571,0
HATS-63 b,1.0,GV,3.0566502666666664,0.04026,13.529263,305.1168,1398.3,5627.0,1.07,0.931,4.349,1.0298288780010094,4.809644079952375,0
HATS-64 b,1.0,FIV,4.908893099999999,0.06562,18.819911,305.1168,1793.0,6554.0,2.113,1.564,3.982,7.391193841830326,4.882870937676836,0
HATS-65 b,2.0,FV,3.105160165,0.04497,16.824709,260.93843,1634.0,6277.0,1.31,1.257,4.303,2.390236950724147,5.287874984430816,0
HATS-66 b,1.0,FV,3.14143905,0.04714,15.815899,1694.0339,1998.0,6626.0,1.841,1.411,4.057,5.861424201370283,5.471969925135613,0
HATS-67 b,1.0,FV,1.6091816533333334,0.03032,18.887165,460.8535,2193.0,6594.0,1.441,1.435,4.278,3.522196513298126,6.880758828511484,0
HATS-68 b,1.0,FV,3.586220575,0.05071,13.809488,410.0007,1741.0,6147.0,1.748,1.351,4.083,3.914042698121984,5.1624499383688365,0
HATS-69 b,1.0,KV,2.225255966666667,0.03211,10.592505,183.38791,1295.7,5137.0,0.8785,0.892,4.501,0.4821827222587176,5.271536991297794,0
HATS-7 b,1.0,KV,3.18531395,0.04012,6.310667,38.616345,1084.0,4985.0,0.815,0.849,4.545,0.3680151673625236,4.600959039461015,0
HATS-70 b,1.0,AV,1.888238645,0.03632,15.513256,4100.007,2730.0,7930.0,1.881,1.78,4.167,12.55336597816524,7.001838110304945,0
HATS-71 b,1.0,MV,3.795519366666667,0.03745,11.478016,117.5971,586.8,3405.0,0.4783,0.4861,4.7653,0.0275904686033243,3.60339509880229,0
HATS-72 b,1.0,KV,7.327949133333333,0.066517,8.0973816,39.855882,739.3,4656.1,0.7214,0.7311,4.5853,0.2194478461292782,3.315866591140369,0
HATS-74 A b,2.0,KV,1.73185606,0.02384,11.56766808,464.02947422,895.1,3776.9,0.5758,0.601,4.696,0.0605306191437625,5.021796324008113,0
HATS-75 b,1.0,KV,2.7886556,0.032742,9.90873894,156.05374784,772.3,3790.4,0.5848,0.6017,4.6831,0.0633351424068027,4.287581492859297,0
HATS-76 b,1.0,KV,1.9416423,0.02658,12.09449018,835.570882,939.8,4016.0,0.6259,0.662,4.665,0.0914270210839843,4.991447302650924,0
HATS-77 b,1.0,KV,3.0876262,0.03607,13.05846252,436.69623122,828.3,4071.0,0.6428,0.655,4.638,0.1018230251352197,4.262089475997875,0
HATS-8 b,1.0,GV,3.583893,0.046675,9.785457,44.972945,1324.0,5679.0,1.086,1.056,4.386,1.1006189225418077,4.757346450484487,0
HATS-9 b,1.0,GV,1.9153057,0.0307199999999999,13.747766933333333,262.3156933333334,1784.5,5456.25,1.5476839999999998,1.0533333333333337,4.073049999999999,1.904721481916785,5.856623317426315,0
HD 100655 b,2.0,GIII,157.57000499999998,0.72,20.04048829176832,526.00315,724.9550567043591,4876.0,9.68,2.34,2.84,47.52207029298227,1.803086926428998,0
HD 100777 b,1.0,GV,383.46667,1.04,16.766669913761096,362.3212802033333,225.34889221611283,5557.5,1.04,1.045,4.355,0.9257088464611974,1.002574050320467,0
HD 101581 b,1.0,KV,4.46569,0.046,0.956,0.943181470121054,834.0,4675.0,0.63,0.653,4.654,0.1700972959713274,3.768362373454435,0
HD 101581 c,1.0,KV,6.20401,0.0573,0.99,0.9870195456944256,747.0,4675.0,0.63,0.653,4.654,0.1700972959713274,3.3764028923796934,0
HD 10180 c,1.0,GV,5.759826666666666,0.06411,3.4395493100771453,13.221728,996.8729234875112,5911.0,1.109,1.06,4.39,1.3470905194221827,4.066914368685763,0
HD 10180 d,1.0,GV,16.3583,0.128595,3.2854623998059056,12.013974,703.8670694670985,5911.0,1.109,1.06,4.39,1.3470905194221827,2.8715466445271,0
HD 10180 e,1.0,GV,49.7465,0.2699,4.695691917977612,25.3426575,485.8489251315551,5911.0,1.109,1.06,4.39,1.3470905194221827,1.9821041660108945,0
HD 10180 f,1.0,GV,122.752,0.4929,4.522069473519677,23.423663,359.5201857482151,5911.0,1.109,1.06,4.39,1.3470905194221827,1.4667243685752571,0
HD 10180 g,1.0,GV,602.6233333333333,1.4245,4.507402081743047,23.265156,211.48105182217864,5911.0,1.109,1.06,4.39,1.3470905194221827,0.8627732864400263,0
HD 10180 h,1.0,GV,2213.5,3.3905,7.370966184906149,65.031839,137.07896421102947,5911.0,1.109,1.06,4.39,1.3470905194221827,0.55923718666573,0
HD 101930 b,2.0,KV,70.46,0.301,8.490824544250799,87.39875,349.10674873293846,5093.5,0.86,0.655,4.285,0.4466342198577344,1.4754088568090482,0
HD 102117 b,1.0,GV,20.780900000000003,0.15108,6.68441038545515,53.01293999999999,652.3845822124091,5623.776,1.236535,1.0333333333333332,4.294849999999999,1.3721915263597386,2.615722785085088,0
HD 102195 b,1.0,KV,4.10522125,0.0493666666666666,10.85513013029208,146.0418148575,881.0882716499232,5307.333333333333,0.8274999999999999,0.869,4.436000000000001,0.4874513913119736,4.19631392621398,0
HD 102272 b,1.0,KV,127.58,0.568,35.184872221151416,1705.6267333333335,833.2092031141658,4849.0,10.2,1.525,2.825,51.60584931584717,1.6388369151475355,0
HD 102329 b,1.0,KIII,778.0999899999999,1.92,40.03683203882047,2234.2964,439.0256278235241,4787.5,9.82,3.21,2.98,45.45147414739467,1.2932333206030298,0
HD 102888 b,1.0,GIII,252.06,1.05,36.18421273148235,1808.44363583,579.0700158515408,4990.0,8.6,2.42,2.87,41.14233489173724,1.5184063714039322,0
HD 102956 b,2.0,KIV,6.494833333333333,0.0805666666666666,15.34015021772553,300.8734666666667,1510.6548965339755,5011.0,4.453333333333334,1.67,3.41,11.219096091731348,4.553606745100469,0
HD 103197 b,1.0,GV,47.84,0.2495,5.082520051835553,29.90235,401.816678790851,5276.5,0.88,0.8500000000000001,4.425000000000001,0.5385660390685902,1.8460742809549973,0
HD 103720 b,1.0,KV,4.5557,0.0498,12.527927907198022,197.046,778.873299036154,5017.0,0.73,0.794,4.43,0.3029088584708785,3.993655175362027,0
HD 103891 b,1.0,FV,1906.5,3.2625,18.749639425285505,457.67290608,203.09954293532823,6072.0,2.22,1.28,3.79,6.010669523754839,0.626476390342928,0
HD 104067 b,1.0,KV,55.82275,0.26475,7.0420577163349085,59.114241655,344.59596452814264,4949.2525000000005,0.780594,0.8095143333333333,4.52107925,0.3280187822792388,1.7489172889474582,0
HD 104067 c,1.0,KV,13.8992,0.1058,3.4368436513820155,13.2,545.2065435955893,4952.0,0.78,0.82,4.56,0.3282476302258112,2.784447772638806,0
HD 10442 b,1.0,KIV,1042.875,2.17875,19.040040765223672,472.61321,191.7449030393109,4973.0,1.97,1.01,3.3966666666666665,2.129590688547342,0.6809762582535019,0
HD 104985 b,1.0,GIII,199.12833333333333,0.8150000000000001,35.783196363241174,1766.80811451,711.735256943432,4764.79,11.06,1.22,2.635,56.5685650512835,1.2237031978124662,0
HD 105779 b,1.0,GV,2412.0,3.38,12.719924640917876,203.41018048,123.8540139163261,5792.0,0.94,0.89,4.36,0.8921949689066688,0.5132295305625744,0
HD 106252 b,1.0,GV,1559.4,2.65586,47.39039105553404,3178.28407,154.04858119900115,5879.39,1.10893,1.04,4.363295000000001,1.318339282060174,0.6258771043286792,0
HD 106270 b,1.0,GIV,2135.0,3.662333333333333,48.68056026702501,3361.80978495,189.61208652499877,5571.333333333333,2.58,1.346666666666667,3.793333333333333,5.75394669637657,0.606493435109967,0
HD 106315 b,1.0,FV,9.553803571428572,0.0900475,2.3532477566666663,11.55,1096.25,6313.857142857143,1.2797658333333335,1.090043,4.251166666666667,2.335231165616757,3.4798535673287128,0
HD 106315 c,1.0,FV,21.05707709090909,0.1524499999999999,4.388783762222221,13.933333333333332,840.75,6316.818181818182,1.277536875,1.0793524444444444,4.267243333333334,2.3314722236486816,2.6612943340278337,0
HD 10647 b,1.0,FV,996.1,2.0225,15.249267090222236,297.16,184.25296546953427,6161.5,1.1,1.105,4.4825,1.5646637880830725,0.7392849375989954,0
HD 106515 A b,2.0,GV,3614.2869633333335,4.520333333333333,64.26413519864003,6006.9568923,115.03865229476268,5363.0,1.265,0.9026666666666668,4.4,1.1876872351296903,0.44694435457249,0
HD 106906 b,1.0,FV,579.6604270176231,650.0,51.65830927082586,3805.94925,1810.0,6494.895,2.12351,1.41,3.90453,7.199245915635776,0.0465830437424419,0
HD 10697 b,1.0,GV,1075.63665,2.1301666666666668,38.0273855976163,2006.3265445866664,212.23971299984265,5633.226000000001,1.83908,1.0905,3.96806525,3.055763881102483,0.7156176223763583,0
HD 107148 b,2.0,GV,48.056,0.269,7.403332440561992,65.63008331,488.1933955570237,5774.96,1.169193,1.1126075000000002,4.3955125,1.3641376165165704,2.034088458266194,0
HD 107148 c,2.0,GV,18.3267,0.1407,4.182342917299351,19.89605828,672.4505380997392,5752.92,1.169193,1.105215,4.345025,1.3434317320640357,2.8031821598073434,0
HD 108147 b,1.0,FV,10.89975,0.103,8.281213218559849,82.95,890.0,6260.365,1.20664,1.245,4.4756350000000005,2.0065219041585123,3.4772910868192346,0
HD 108236 b,1.0,GV,3.795951,0.046085,1.6005,3.150531712600536,1099.0,5706.666666666667,0.8843333333333333,0.9363333333333334,4.496666666666667,0.7441352247118763,4.508275317885737,0
HD 108236 c,1.0,GV,6.203612333333333,0.06355,2.0695,3.9823948569784178,932.0,5706.666666666667,0.8843333333333333,0.9363333333333334,4.496666666666667,0.7441352247118763,3.839126732767752,0
HD 108236 d,1.0,GV,14.175703666666664,0.11025,2.6295,6.277099788486771,708.0,5706.666666666667,0.8843333333333333,0.9363333333333334,4.496666666666667,0.7441352247118763,2.9147474239991835,0
HD 108236 e,1.0,GV,19.590637,0.13835,3.1015,8.589866068536987,636.0,5706.666666666667,0.8843333333333333,0.9363333333333334,4.496666666666667,0.7441352247118763,2.601960171507792,0
HD 108236 f,1.0,GV,29.54115,0.1758,2.017,3.7926363800178247,512.6048944701307,5660.0,0.877,0.869,4.49,0.7081981068200657,2.22369611252915,0
HD 108341 b,2.0,KV,1138.5,2.0145,28.67749012242299,1112.4,130.06050621823266,5122.0,0.79,0.843,4.45,0.385391675023235,0.647001273401871,0
HD 108863 b,1.0,KIV,441.4999966666666,1.39,24.957615000433638,832.0596066666667,401.2060976036795,4899.0,5.67,1.7200000000000002,3.11,16.614440684087114,1.1125814310585085,0
HD 108874 b,1.0,GV,395.5068716666667,1.0492857142857142,18.496930380929765,444.8752996057143,228.46155884806365,5563.4875,1.0761526666666663,1.0075963333333335,4.383631333333334,0.9954652148455584,0.9801022656573768,0
HD 108874 c,1.0,GV,1663.25,2.7194,16.07417527880547,331.748511114,142.46067869887642,5551.316666666667,1.089229,0.9791156,4.355447,1.0109094308321145,0.600143936272044,0
HD 109246 b,1.0,GV,68.27,0.33,14.27941656367819,259.0269,421.6842095436448,5844.0,1.045,1.105,4.46,1.142781654592239,1.830202537101421,0
HD 109286 b,1.0,GV,520.1,1.259,26.595935002356725,950.30693693,259.4,5694.0,1.089,0.98,4.44,1.1184471333345334,0.8824196220130284,1
HD 109749 b,2.0,GV,5.239963666666667,0.0616666666666666,8.515564806020413,87.93183333333333,1061.510740867487,5861.666666666667,1.23,1.165,4.3565,1.6024502107958267,4.347230917831416,0
HD 10975 b,1.0,KIII,283.8,0.95,10.747176120869105,143.02278315,672.65381924935,4840.0,11.16,1.41,2.48,61.31965260115204,1.2184921556889248,0
HD 109833 b,1.0,GV,9.188526,0.0880869692570332,2.888,7.501267602727818,803.473026551723,5881.0,1.0,1.08,4.45,1.0732343581526749,3.5021200382298776,0
HD 109833 c,1.0,GV,13.900148,0.116080887095149,2.59,6.099153334065219,699.9173775992556,5881.0,1.0,1.08,4.45,1.0732343581526749,3.050749175383633,0
HD 110014 b,1.0,KIII,885.9385,2.2533333333333334,51.47542033205976,3777.842033333333,548.9188487994376,4445.0,20.9,2.12,2.1,152.99226822353538,0.9701305786729438,0
HD 110067 b,3.0,KV,9.113678,0.0793,2.2,5.69,800.0,5266.0,0.788,0.798,4.54,0.4284160217228814,3.1727790996179706,0
HD 110067 c,3.0,KV,13.673694,0.1039,2.388,6.3,699.0,5266.0,0.788,0.798,4.54,0.4284160217228814,2.771843179478252,0
HD 110067 d,3.0,KV,20.519617,0.1362,2.852,8.52,602.0,5266.0,0.788,0.798,4.54,0.4284160217228814,2.420961460181423,0
HD 110067 e,3.0,KV,30.793091,0.1785,1.94,3.9,533.0,5266.0,0.788,0.798,4.54,0.4284160217228814,2.1147416529043097,0
HD 110067 f,3.0,KV,41.05854,0.2163,2.601,5.04,489.0,5266.0,0.788,0.798,4.54,0.4284160217228814,1.921092028581859,0
HD 110067 g,3.0,KV,54.76992,0.2621,2.607,8.4,440.0,5266.0,0.788,0.798,4.54,0.4284160217228814,1.7451908172846209,0
HD 110082 b,2.0,FV,10.18271,0.113,3.2,9.115593683842278,815.8341952146986,6200.0,1.19,1.21,4.2,1.8773728405154988,3.2728676799174217,0
HD 110113 b,1.0,GV,2.540736545,0.035,2.05,4.55,1371.0,5732.0,0.968,0.997,4.46,0.9075389880534608,5.338122563216803,0
HD 110113 c,1.0,GV,6.744,0.068,3.0804014569500966,10.5,990.0,5732.0,0.968,0.997,4.46,0.9075389880534608,3.8297295586774944,0
HD 111232 b,1.0,GV,1103.9703366666663,2.0078000000000005,41.02076934571596,2350.595740025,149.31370616873335,5500.0,0.9,0.8525,4.483333333333333,0.6650060966070707,0.651721356617032,0
HD 111591 b,1.0,KIII,1056.4,2.5,31.995914560730828,1398.452,354.9272790419144,4884.0,8.03,1.94,3.1,32.917251193576696,0.8810607299884203,0
HD 111998 b,1.0,FV,817.95,1.865,32.87007494060854,1479.4948267999998,234.43676657257228,6557.0,1.45,1.29,4.19,3.4869569780820497,0.8318220357614223,0
HD 112300 b,1.0,MIII,466.63,1.33,59.03855321559534,5031.22368281,1043.0089684269108,3657.0,65.8,1.4,0.8,694.7706736587028,1.026155509717912,0
HD 112570 b,1.0,KIII,2615.0,3.9,28.36196235072003,1086.97315194,306.094395222769,4750.0,9.85,1.15,2.51,44.31357104986507,0.5431147538140505,0
HD 112640 b,1.0,KIII,613.2,1.7,34.01401063584952,1589.15,806.965238418698,4155.0,39.0,1.8,1.7,406.7271621223045,1.0291691887756649,0
HD 113337 b,3.0,FV,320.793195,0.971,26.90453657580939,973.4985928033334,336.42073795951654,6675.3,1.5,1.4049999999999998,4.21,4.008256651053968,1.2031049985012623,0
HD 113538 b,1.0,KV,663.2,1.24,9.06079384907419,100.11,127.9203982373518,4573.5,0.5900000000000001,0.6425,4.035,0.1366433833928651,0.7199473001264978,0
HD 113538 c,1.0,KV,1737.5,2.435,14.321107063319928,260.61,91.2853662974638,4573.5,0.5900000000000001,0.6425,4.035,0.1366433833928651,0.5137621045001369,0
HD 113996 b,2.0,KIII,610.2,1.6,37.99111391568274,2002.329,671.6136104908256,4181.0,25.11,1.49,1.86,172.8637561738361,0.9651795839023712,0
HD 114082 b,1.0,FV,109.75,0.5109,11.2089807,2542.627256,460.561983483,6651.0,1.49,1.47,4.19,3.897715876802657,1.6965462361437669,0
HD 114386 b,1.0,KV,937.700005,1.69,17.11449273850443,378.2081,131.06491137732874,4820.0,0.76,0.64,4.405,0.2797081929370354,0.615490875016191,0
HD 114729 b,2.0,GV,1123.498,2.0902,15.127182185679064,292.20947780800003,200.4738709152268,5813.955,1.5115,0.95532775,4.07976275,2.342031958676153,0.6761721183358341,0
HD 114783 b,1.0,KV,495.34580000000005,1.1746,16.06071925355908,331.168354586,175.4065119786706,5115.246666666667,0.840033,0.8733083333333332,4.5225495,0.4334598423566032,0.8624100083307928,0
HD 114783 c,1.0,KV,4338.5,5.0,21.408997013648,603.8739733,85.23787670626366,5126.74,0.840622,0.888975,4.525599,0.4379822652484603,0.4217302522969499,0
HD 11506 b,1.0,GV,1521.65502125,2.715125,32.9710555979243,1489.01015638,173.19802679156078,6079.833333333333,1.34011,1.2315999999999998,4.33328,2.201595061035902,0.6736199019154595,0
HD 11506 c,1.0,GV,213.068972,0.7310000000000001,10.158263520251923,127.1313628,332.67815281483803,6059.5,1.34011,1.2333333333333334,4.305466666666667,2.172290510850592,1.299141721374131,0
HD 115954 b,1.0,GV,3465.0,4.765000000000001,43.52279998135983,2660.22376659,144.9,5957.0,1.213,1.18,4.15,1.6623476434883264,0.497719361304029,0
HD 116029 b,2.0,KIV,670.0,1.715,18.49865508300421,444.962,329.4781132628822,4885.0,4.744999999999999,0.83,3.19,11.503249928542395,0.6957960644653212,0
HD 117207 b,1.0,GIV,2613.118571428572,3.769,21.53980973636673,611.6112894614286,124.43640787678402,5701.291666666667,1.092,1.0402464,4.405111833333334,1.130389626937194,0.5254483420015995,0
HD 11755 b,1.0,GV,433.700005,1.085,37.30633865336807,1927.63895,761.5312034561856,4312.25,20.58,0.81,1.67,131.40028714026204,0.8641768426241689,0
HD 117618 b,1.0,GV,25.8135,0.174,6.849470435701575,55.78573,631.995638337588,5954.4275,1.19219,1.0885,4.36416,1.6030270331717935,2.5015810393541966,0
HD 118203 b,1.0,KV,6.134560942857143,0.0730766666666666,12.580959938,720.1126389385714,1396.5,5747.428571428572,2.043333333333333,1.2423333333333333,3.955428571428571,4.087545687950905,4.123867362203981,0
HD 118203 c,1.0,KIV,5086.5,6.24,50.551742285212526,3637.546118115,146.0,5765.0,2.035,1.245,3.955,4.104080999922956,0.4467528840957418,0
HD 11964 b,2.0,GV,1986.5,3.228333333333333,12.448259198899946,194.436153705,171.40326706049837,5332.533333333334,2.028605,0.91,3.896712666666667,2.985514251385674,0.5310146403520521,0
HD 11964 c,2.0,GV,37.9148,0.23025,4.635893600530899,24.67282799,640.8219814262252,5324.3,2.028605,1.0306715,3.832069,2.967118593829638,2.1160956680170155,0
HD 11977 b,1.0,KIII,666.3,1.903333333333333,38.40626263401294,2048.3316666666665,464.00269306215,4970.0,10.09,1.855,2.9,55.73111569275136,0.987391795413892,0
HD 120084 b,1.0,GIII,2098.27506,4.2968,36.26607342968957,1817.004995826,307.95736400461817,4888.75,10.37,2.3513333333333333,2.73475,55.11104912593432,0.7398769789720571,0
HD 121504 b,1.0,FV,63.33,0.33,18.27841131091336,433.96165,441.8125294415021,6051.0,1.07,1.4,4.615,1.3771017084055,2.060070257014264,0
HD 125390 b,1.0,GIII,1757.19717,3.28,77.27917524494983,8831.827540676666,277.1170704350073,4866.0,6.47,1.71,3.085,21.05653127383588,0.7221644694958169,0
HD 125595 b,1.0,KV,9.6738,0.08045,2.4228031302963857,6.3566,590.2347674182647,4799.5,0.74,0.29,4.245,0.2606977443250329,1.8989387581162789,0
HD 125612 b,2.0,GV,548.7089579999999,1.3322,27.3501031056403,1007.498116484,212.7851962722224,5892.25,1.0566666666666666,1.0877500000000002,4.4366666666666665,1.2075094139226388,0.9037635367537872,0
HD 125612 c,2.0,GV,4.154833333333333,0.0511333333333333,3.881078521096617,17.018080646666665,1078.6825312219785,5870.5,1.05,1.0705,4.41,1.17481320033006,4.576318760618972,0
HD 125612 d,2.0,GV,2888.57566,4.080666666666667,40.542872137977405,2293.724901816667,120.74805330726193,5870.5,1.05,1.0705,4.41,1.17481320033006,0.5122745253251243,0
HD 12648 b,1.0,GV,133.600005,0.54,21.72990738113566,622.9468,848.3734332325366,4835.4,10.11,0.67,2.18,50.13277973136067,1.1140777620344222,0
HD 126525 b,1.0,GV,960.41,1.837,7.9078598468835155,75.32571,166.89287470927684,5638.0,0.979,0.897,4.382,0.8688714352301831,0.6989025537266436,0
HD 12661 b,1.0,GV,261.1548028571429,0.8238428571428571,23.873214566145364,758.2873026642857,279.0224036270458,5686.363333333334,1.206428,1.0937065,4.3291456,1.3653094281297586,1.1523998424754194,0
HD 12661 c,1.0,GV,1698.28,2.8729,22.19766943280017,651.3020173599999,147.84648657597936,5679.795,1.183928,1.0262065,4.285242666666666,1.308793344364735,0.5977672394369696,0
HD 126614 b,3.0,GV,1249.6882575,2.3150000000000004,9.794427768429882,117.800260715,170.6311274634654,5520.943333333334,1.344897,1.0420816666666666,4.288080999999999,1.5077212572802705,0.6710430210857447,0
HD 128311 b,1.0,KV,450.1998333333333,1.0754,21.764029826597785,624.993014,169.9706327411894,4948.469999999999,0.7716565,0.83026475,4.5920235,0.3203477325604053,0.8788166324977861,0
HD 128311 c,1.0,KV,920.3676,1.74675,28.033455709230125,1060.8260385499998,133.3655103590331,4948.469999999999,0.7716565,0.8322118,4.5920235,0.3203477325604053,0.6903614666464967,0
HD 128356 b,1.0,KV,298.2,0.87,14.893855176518974,282.8687,195.3891360991968,4875.0,0.85,0.65,4.52,0.3661222996410193,0.8645140106107813,0
HD 128717 b,1.0,FV,3420.0,4.85,65.71058892500825,6293.0024586,127.73325508991928,6210.0,1.248,1.212,4.329,2.078190816586328,0.4999832147337736,0
HD 130322 b,1.0,KV,10.713376,0.0905999999999999,16.40922110167789,346.364880654,720.0,5356.3725,0.861209,0.8686666666666666,4.523148,0.5477596736949318,3.0969733163259194,0
HD 131496 b,1.0,KIV,887.3333333333334,2.07,20.86230973843801,572.094,287.8820535551338,4886.333333333333,4.37,1.5233333333333334,3.2133333333333334,9.767537435489134,0.8579999922520637,0
HD 13167 b,1.0,GIV,2613.0,4.1,27.921835395959487,1052.0173,175.56689380768273,5671.0,2.39,1.35,3.72,5.300590343060191,0.5739181241819528,0
HD 13189 b,1.0,KIII,471.600005,1.25,52.521776789522725,3940.11925,961.0891889984216,4179.7,40.19714999999999,2.24,1.62,442.4465567762296,1.3388871907385724,0
HD 132406 b,1.0,GV,942.6,1.9763333333333333,37.01352410137791,1896.152717576,193.16652764519267,5769.43,1.34743,1.011,4.192373333333333,1.8048200578447728,0.715353100731093,0
HD 132563 b,3.0,FV,1544.0,2.62,19.058031187561884,473.547,179.33739853159122,6289.0,1.29577,1.231,4.30327,2.3565251034031407,0.6855724623378884,0
HD 134606 b,1.0,GV,12.089,0.1046,2.875034141183062,9.09,752.2932387900895,5576.0,1.158,1.046,4.33,1.1630490452346711,3.1628236966644323,0
HD 134606 c,1.0,GV,58.883,0.3007,3.19189865147011,11.31,443.6967900967336,5576.0,1.158,1.046,4.33,1.1630490452346711,1.8654091908480683,0
HD 134606 d,1.0,GV,966.5,1.941,6.167159407978603,44.8,174.6385967959011,5576.0,1.158,1.046,4.33,1.1630490452346711,0.7342231244649298,0
HD 134606 e,1.0,GV,4.3203,0.0527,1.5019597863819705,2.34,1059.8580268293445,5576.0,1.158,1.046,4.33,1.1630490452346711,4.455900850241722,0
HD 134606 f,1.0,GV,26.915,0.1784,2.2860984319445543,5.63,576.0438918279999,5576.0,1.158,1.046,4.33,1.1630490452346711,2.4218285868454656,0
HD 134987 b,1.0,GV,259.506198,0.8156000000000001,19.80493848560212,513.1645065939999,284.05851638527594,5692.945,1.235,1.0981610000000002,4.303454666666666,1.4373803964008718,1.1605647712752138,0
HD 134987 c,1.0,GV,5480.0,6.21,14.785501850607456,278.584780275,103.52146219085328,5642.889999999999,1.2711515,1.096322,4.252364,1.4699102426058326,0.4202408328565625,0
HD 135694 b,1.0,GV,15.923465189333331,0.1215649999999999,2.6330044000000004,5.9,782.915,5706.666666666667,1.0763,0.9443333333333334,4.335,1.10226635897308,2.7876186837208343,0
HD 136352 b,1.0,GV,11.5789885,0.0957499999999999,1.5963333333333332,4.7075,908.0,5710.5,1.056,0.873,4.38875,1.0639328780883,3.0200401345502783,0
HD 136352 c,1.0,GV,27.5893215,0.1708249999999999,2.7936666666666667,11.1375,679.5,5710.5,1.056,0.873,4.38875,1.0639328780883,2.2610303457307905,0
HD 136352 d,1.0,GV,107.4024,0.42265,2.5345,9.14,432.15,5710.5,1.056,0.873,4.38875,1.0639328780883,1.4374464318967854,0
HD 136418 b,1.0,KIV,464.299995,1.3050000000000002,22.30489349965566,657.8946000000001,338.2874681180355,5030.0,3.59,1.405,3.5250000000000004,7.40202738231979,1.0377861974029066,0
HD 136925 b,1.0,GV,4540.0,5.13,14.487431189792648,266.97586188,112.89313749598148,5773.19,1.193078,0.875104,4.226014,1.41870117284055,0.4130913831175873,0
HD 137388 b,1.0,GV,330.0,0.89,7.488585781427996,67.21955,206.4761130196868,5210.5,0.85,0.77,4.404999999999999,0.4777990724573566,0.9303049745726548,0
HD 137496 b,1.0,GV,1.62116,0.02732,1.31,4.04,2130.0,5799.0,1.59,1.04,4.05,2.565054125258292,6.17093974895018,0
HD 137496 c,1.0,GV,479.9,1.2163,41.715490956244594,2434.56559762,370.0,5799.0,1.59,1.04,4.05,2.565054125258292,0.924849998642622,0
HD 13808 b,1.0,KV,14.1815,0.10519,3.1770071531990127,11.2,556.3059697233814,5035.0,0.781,0.771,4.539574337857427,0.3517141307891284,2.707789784362956,0
HD 13808 c,1.0,KV,53.753,0.2554,3.0035581681587487,9.96,357.0183195475942,5035.0,0.781,0.771,4.539574337857427,0.3517141307891284,1.7377677233665203,0
HD 13908 b,1.0,FV,19.382,0.154,14.691861051895728,274.91,835.2205000020276,6255.0,1.67,1.29,4.11,3.83029345498019,2.894739442738727,0
HD 13908 c,1.0,FV,931.0,2.03,34.433633673747444,1630.4,230.045364639538,6255.0,1.67,1.29,4.11,3.83029345498019,0.7973001029544494,0
HD 13931 b,1.0,GV,4358.8,5.2402500000000005,22.67234471045777,680.749845076,115.50960096281572,5832.6125,1.25,1.3,4.29373425,1.6224165693740893,0.4981620694046036,0
HD 139357 b,1.0,KIII,1126.1637966666667,2.5529999999999995,65.82322478634552,6315.5682755,403.9523282381912,4700.0,11.47,2.69,2.9,57.59809469658352,1.026657813096037,0
HD 1397 b,1.0,GIV,11.53567,0.105,11.4836205,124.27153,1373.65,5505.333333333333,2.337666666666667,1.324,3.813333333333333,4.503907849925574,3.551602287191764,0
HD 14067 b,1.0,GIII,2526.046958,4.8752,58.08438535931727,4862.7746271,311.87842328110344,4822.75,12.4,2.4,2.61,74.62978992027561,0.7017531752769346,0
HD 141004 b,1.0,GV,15.5083,0.1238,3.4905570330131748,13.63483866,799.4649237772197,5885.38,1.389372,1.051904,4.17384,2.0779015683213693,2.9154306480197136,0
HD 141399 b,1.0,KV,94.38833333333332,0.4183666666666667,10.796587068743085,144.40052332000002,412.75827448456016,5518.253333333334,1.4236179999999998,1.080543,4.2367745,1.6860999992465913,1.60737597834588,0
HD 141399 c,1.0,KV,201.94866666666667,0.6947666666666666,18.112820611868944,425.7855509666667,320.2984512892666,5518.253333333334,1.4236179999999998,1.080543,4.2367745,1.6860999992465913,1.2473160886881591,1
HD 141399 d,1.0,KV,1071.65,2.112933333333333,17.326579020928648,388.0697593466666,183.66712521312175,5518.253333333334,1.4236179999999998,1.080543,4.2367745,1.6860999992465913,0.71524217279007,0
HD 141399 e,1.0,KV,5000.0,4.798933333333333,12.952201163675786,211.2506647033333,121.8714469077688,5518.253333333334,1.4236179999999998,1.080543,4.2367745,1.6860999992465913,0.474595540090452,0
HD 141937 b,1.0,GV,653.2199899999999,1.5025666666666666,46.68180999153316,3079.7727,195.8544140593572,5891.333333333333,1.01,1.0950000000000002,4.535,1.1025212816549743,0.85381772918695,0
HD 142 b,2.0,GIV,341.886788,1.026,17.51553941376334,396.96768034,299.61063156084293,6173.0,1.47,1.2273333333333334,4.4025,2.8152024211488067,1.0939124580043893,0
HD 142 c,2.0,FV,10159.64279,9.811,49.38746907185882,3464.64746471,98.01903630465078,6245.0,1.47,1.221,4.62,2.948860922194061,0.3528386714048145,0
HD 142022 A b,2.0,GIV,1930.3333333333333,2.966333333333333,32.891635301041795,1481.5237718566666,131.40385244375918,5473.0,1.04,0.9566666666666668,4.3566666666666665,0.8706795038980083,0.5679960675818377,0
HD 142415 b,1.0,GV,386.299995,1.0550000000000002,19.98361375837319,522.88805,241.25395331199448,5992.5,1.04,1.05,4.485,1.2513785297315203,0.9977997796569826,1
HD 143361 b,1.0,GV,1051.7916666666667,2.002,29.565433651043524,1185.602454125,154.04686637496457,5506.333333333333,0.953,0.9572,4.454666666666667,0.7490755900871542,0.6915829731889507,0
HD 145377 b,1.0,FV,103.95,0.45,36.78700145598077,1871.9803,381.4117525442389,6030.0,1.095,1.16,4.48,1.4222873155913058,1.6058231765097368,0
HD 145457 b,1.0,KIII,176.24333333333334,0.723,24.19469404705708,779.7853672900001,714.368977184442,4761.0,9.9,1.6766666666666663,2.6733333333333333,45.18070101445935,1.5231027438509273,0
HD 145675 c,1.0,GV,15732.45889,11.924,35.32884859173197,1720.24625289,62.28070825671718,5314.94,0.995819,0.9396025,4.426953,0.7099767569906725,0.2807605484539989,0
HD 145934 b,1.0,KV,2757.1781100000003,4.739999999999999,22.61532876986916,677.1768031933333,222.8927589235699,4823.75,6.1552935,1.8728973333333327,3.1206025,18.40460700386645,0.628699042303744,0
HD 1461 b,1.0,GV,5.7720775,0.0634793333333333,2.569519217425257,7.1877077175,981.7274886820244,5741.0575,1.12896,1.02466,4.350747666666667,1.2422658480857278,4.018358656309126,0
HD 1461 c,1.0,GV,13.5046,0.1119,2.416647977339819,6.32289532,745.5980619940806,5730.115,1.152288,1.02532,4.3533465,1.2842964455478392,3.0275383643507974,0
HD 147379 b,2.0,MV,86.623,0.3246,4.350053695628044,21.6,226.722381076458,4115.515,0.5991519999999999,0.5866666666666666,4.629721,0.0923975875867478,1.344610297099487,0
HD 14787 b,1.0,KIV,676.6,1.7,16.632486410103493,356.28743,344.2900489109118,4946.0,5.01,1.43,3.23,13.47664380257366,0.9173150989433416,0
HD 147873 b,2.0,GV,116.596,0.522,34.46641997013125,1633.6462,507.1988320810473,5972.0,2.29,1.38,3.86,5.984667283072471,1.62621991674292,0
HD 147873 c,2.0,GV,491.54,1.36,23.45837659312981,731.009,314.22739289734574,5972.0,2.29,1.38,3.86,5.984667283072471,1.007500042181113,0
HD 148156 b,1.0,FV,1027.0,2.45,14.569435991069303,270.144,179.7534703691311,6308.0,1.21,1.22,4.56,2.079827562108808,0.705784078623522,0
HD 148164 b,1.0,FV,328.55,0.993,17.387583721206504,390.9309,284.128673593534,6032.0,1.34,1.21,4.266397801147906,2.13277370728046,1.1040609385218818,0
HD 148164 c,1.0,FV,5062.0,6.15,34.53052273369985,1640.0028,114.17003396796514,6032.0,1.34,1.21,4.266397801147906,2.13277370728046,0.4436394020339919,0
HD 149026 b,1.0,GV,2.875979126666667,0.04297,8.132222500000001,111.08895125,1630.0,6150.777777777777,1.4192000000000002,1.3297500000000002,4.281999999999999,2.586408991776465,5.563874259760225,0
HD 149143 b,1.0,GV,4.075955,0.052,18.67156442095491,453.6988500000001,1263.533274748149,5870.75,1.465,1.17,4.140333333333333,2.287385935653385,4.7442355449966485,0
HD 150010 b,1.0,KIII,562.0,1.4,23.940909629573667,762.7881768,572.8374155109723,4153.0,16.2,1.3,2.1,70.04346198606925,0.9637905024669404,0
HD 1502 b,1.0,KIV,430.15,1.286,26.317280416663024,929.61625,382.6673365555348,4998.0,4.585,1.535,3.29,11.76937869716091,1.092719490677427,0
HD 150706 b,1.0,GV,5894.0,6.7,24.737578961290737,816.801514505,91.49414289997398,5961.0,0.96,1.17,4.5,1.04401996384496,0.4179559512485434,0
HD 152079 b,1.0,GV,2638.306666666667,3.789,24.93792662086492,830.6883433333334,129.31152930830422,5816.5,1.1389999999999998,1.1235,4.362500000000001,1.332245395296191,0.5446270651364941,0
HD 152581 b,1.0,KIV,688.1666666666666,1.5433333333333332,21.316924956831414,598.45889,368.42664073979233,5092.333333333333,4.913333333333333,1.3,3.333333333333333,14.56497029413738,0.9179452777008816,0
HD 152843 b,1.0,GV,11.623555,0.1051,3.23,10.69,943.7826213832122,6310.0,1.43,1.15,4.19,2.9085689386984623,3.3084345395349146,0
HD 152843 c,1.0,GV,21.941052,0.1482,5.885,9.67,794.784213443941,6310.0,1.43,1.15,4.19,2.9085689386984623,2.786119900556369,0
HD 15337 b,1.0,KV,4.756183466666667,0.0523249999999999,1.703,7.076333333333333,1003.5,5129.0,0.85,0.84,4.46,0.4485992029967877,4.007375221402204,0
HD 15337 c,1.0,KV,17.179115333333332,0.1251499999999999,2.4793333333333334,6.792,649.05,5129.0,0.85,0.84,4.46,0.4485992029967877,2.591189648435899,0
HD 153950 b,1.0,FV,499.399995,1.28,25.94877822342014,902.61875,250.22831654071803,6100.0,1.31,1.185,4.345000000000001,2.131826131112455,0.9623414105295376,0
HD 154345 b,1.0,GV,3370.079834285714,4.2344,14.321385765578514,260.6206,100.15477197899186,5470.405,0.8632653333333334,0.71,4.50232325,0.5987649549592541,0.4095512142198932,0
HD 154391 b,1.0,KIII,5163.0,7.46,45.29944409514636,2892.2385037,213.22418191503,4909.0,8.56,2.07,2.89,38.17767773918531,0.5268545596233715,0
HD 154672 b,1.0,GIV,163.93566666666666,0.5966666666666667,34.15920908186169,1603.361,347.0860417915481,5713.666666666667,1.3391350000000002,1.13,4.201643333333333,1.714739581424529,1.3764115794595142,0
HD 154857 b,1.0,GV,408.7333366666667,1.2603333333333333,22.76955690510909,686.8645,305.8778179121765,5599.52,2.287325,1.839,3.849956666666667,4.614756648298485,1.2081563400213509,0
HD 154857 c,1.0,GV,3452.0,5.36,24.78344671041343,819.97,130.234339591082,5605.0,1.76,1.718,3.82,2.742948498093722,0.5662447245110385,0
HD 155358 b,1.0,GV,194.3,0.635,15.130064368819248,292.32585,352.82929134413706,5902.5,1.38,1.035,4.19,2.0739200286511257,1.2769041434835362,0
HD 156279 b,1.0,GV,132.46173,0.5007400000000001,46.63173797155879,3072.8725516120003,305.94292419765003,5454.746666666667,0.9580585,0.949938,4.456505333333333,0.7290750711903192,1.3775788675116445,0
HD 156279 c,1.0,GV,4637.363395,5.505666666666667,46.43321140312933,3045.5941350275,92.71254203194935,5458.24,0.966117,0.949907,4.449516,0.7432926003169139,0.4154421632215233,0
HD 156411 b,1.0,FIV,842.2,1.88,13.634566455211274,235.18,256.43418417369224,5900.0,2.16,1.25,4.07,5.0723054538005,0.8155508897276181,0
HD 156668 b,1.0,KV,4.643616666666667,0.05012,2.040699048172392,4.440562943333334,764.3956209053357,4867.87,0.7516533333333332,0.7823889999999999,4.574240333333333,0.2846301565942913,3.951671372276896,0
HD 156668 c,1.0,KV,811.3,1.57,5.21043352045125,31.49679513,139.65860460174136,4903.69,0.774528,0.785167,4.551151,0.3112118492863325,0.7073041021887604,0
HD 156846 b,2.0,GV,359.52487,1.0696666666666668,48.64927947031776,3357.2965333333336,337.15398251328065,6065.666666666667,2.01,1.38,4.03,4.906774800905367,1.1360312967210682,0
HD 158038 b,1.0,KIV,521.0,1.51,20.09849041825088,529.18995,347.1364902902312,4878.5,4.65,1.475,3.22,10.988565292780796,0.988513308115991,0
HD 158996 b,1.0,KIII,820.2,2.1,55.66844040061908,4449.62,807.4915588769251,4069.0,50.3,1.8,1.4,622.2667268435112,0.9259799628894506,0
HD 15906 b,1.0,KV,10.924709,0.09,2.24,4.628830040581171,668.0,4757.0,0.762,0.79,4.49,0.2667671802758705,2.9632430529149487,0
HD 15906 c,1.0,KV,21.583298,0.141,2.93,7.709895269457704,532.0,4757.0,0.762,0.79,4.49,0.2667671802758705,2.367439957312095,0
HD 159243 b,1.0,GV,12.62,0.11,16.69584722112986,359.13,792.2329189607425,6123.0,1.12,1.125,4.55,1.5819142311507457,3.198562951929965,0
HD 159243 c,1.0,GV,248.4,0.8,21.4094385006772,603.9,293.767828751202,6123.0,1.12,1.125,4.55,1.5819142311507457,1.186058886249162,0
HD 159868 b,1.0,GV,1131.725005,2.2175,22.622082978500888,677.59956,218.73286648774416,5548.0,2.096365,1.1385,3.92649,3.735678218378525,0.7166542606891038,0
HD 159868 c,1.0,GV,351.65,1.016,13.713973716818105,238.05172,325.6107758383526,5546.0,2.13,1.1385,3.955,3.850955656791566,1.0587529842962562,0
HD 1605 b,1.0,KIV,577.6666733333333,1.4873333333333332,15.921070852518575,325.17867333333334,305.3061449560371,4809.666666666667,3.645,1.32,3.4,6.378885842904973,0.9422318792539374,0
HD 1605 c,1.0,KIV,2130.0,3.552,28.89702611252411,1130.2723,198.64358114384933,4836.0,3.645,1.32,3.4,6.519737104665127,0.6097130225980785,0
HD 160691 b,1.0,GIV,660.0391666666667,1.5364,31.64581957854721,1366.6621501,220.1733974010188,5783.8533333333335,1.35409,1.09,4.2474300000000005,1.841000888252358,0.8424343828645281,0
HD 160691 c,1.0,GIV,3902.94175,4.982666666666667,31.99583782993584,1398.4449908,122.26047419620672,5783.8533333333335,1.35409,1.096666666666667,4.2474300000000005,1.841000888252358,0.4692252651178675,0
HD 160691 d,1.0,GIV,9.616175,0.0912666666666666,3.2274530042549667,11.5749,900.0,5785.8533333333335,1.35409,1.1033333333333333,4.20743,1.8435486098523897,3.477540999751619,0
HD 160691 e,1.0,GIV,308.6416666666667,0.9275,39.95531161279351,2224.798849,282.8069980978374,5772.280000000001,1.35409,1.105,4.186145,1.82630988531938,1.0916895769635253,0
HD 161178 b,1.0,GIII,279.3,0.85,12.034141223864948,181.16219199,696.5402975756033,4786.0,10.95,1.06,2.38,56.44284099633825,1.116910705807501,0
HD 16141 b,2.0,GV,75.50033333333333,0.3612999999999999,8.214731200079125,81.56430058333335,479.3180496490109,5774.006666666667,1.51429,1.1103850000000002,4.152312333333334,2.286741548482386,1.753387056894283,0
HD 16175 b,1.0,GV,989.125,2.1245,34.150863697608635,1602.542425325,218.58441495952815,6026.25,1.7,1.4,4.25,3.4196075769153,0.8119151291937139,0
HD 162020 b,1.0,KV,8.428199,0.077,47.02618048999625,3127.4472,650.0,4776.5,0.75,0.42,4.535,0.2626948175377296,2.3359001071631385,0
HD 163607 b,1.0,GV,75.2351,0.3613333333333333,13.992971840429592,248.28576266666667,494.7945031088622,5529.0,1.76,1.12,4.005,2.59717698292328,1.7608808952005428,0
HD 163607 c,1.0,GV,1284.4666666666667,2.3966666666666665,23.04928974038168,704.6188766666666,192.12109892628737,5529.0,1.76,1.12,4.005,2.59717698292328,0.6837229810327972,0
HD 164509 b,2.0,GV,281.285,0.8725,10.877600129233038,146.67434500000002,266.35464058224187,5890.5,1.085,1.125,4.44,1.271621808852221,1.1357128179922251,0
HD 164922 b,1.0,GV,1183.3200000000002,2.1268,9.444485142940362,109.17485440199998,159.4,5366.686,0.97920325,0.9152865,4.4202146,0.7136089459983284,0.6561304400202296,0
HD 164922 c,1.0,GV,75.774,0.3390666666666667,3.4630645151577526,13.41135372,400.5,5358.81,0.982271,0.923573,4.415024333333334,0.7138811773883975,1.650699613725139,0
HD 164922 d,1.0,GV,12.4582,0.1026499999999999,2.024635462879316,4.36782163,673.4138423321457,5391.715,0.9739065,0.923573,4.4290365000000005,0.7191708733400991,3.000068155986125,0
HD 164922 e,1.0,GV,41.763,0.2292,3.083224312701578,10.52012027,457.221903602686,5393.43,1.001813,0.921146,4.398073,0.7619445411992342,2.0050809581899167,0
HD 165155 b,1.0,GV,434.5,1.13,26.1666254544921,918.5287,201.7336407481401,5426.0,0.95,1.02,4.49,0.7018692541133841,0.9502455579660098,0
HD 1666 b,1.0,FV,270.0,0.94,38.33143729022165,2040.0,367.02999746101375,6317.0,1.93,1.5,4.06,5.32167043347688,1.2634460055598826,0
HD 167042 b,1.0,KIV,417.3025,1.286,19.69982396741256,507.48861292750007,380.9780897925286,4951.696666666667,4.63,1.39,3.328648,11.562931755956736,1.039828938755548,0
HD 167768 b,1.0,GIII,20.6532,0.1512,14.569697803095634,270.15414595,1575.4956277888236,4851.0,9.7,1.08,2.5,46.74750287617929,2.67307390419212,0
HD 168009 b,1.0,GV,15.1479,0.1192,2.9415164099152418,9.53485221,746.3525194042802,5778.33,1.209505,0.986073,4.265027,1.463236577723641,2.876678913925577,0
HD 168443 b,1.0,GV,58.11196857142857,0.2961999999999999,42.154519577556286,2488.423312095714,535.6965733408157,5530.755,1.6900596666666663,0.98375,4.0039412500000005,2.397902979501742,1.8227404419611344,0
HD 168443 c,1.0,GV,1753.6156571428571,2.878471428571429,62.74008732860103,5713.066751908571,171.84244130195452,5530.755,1.6900596666666663,0.98375,4.0039412500000005,2.397902979501742,0.584704444631809,0
HD 168746 b,1.0,GV,6.403874999999999,0.066485,8.024227435183567,77.66095914249999,900.0,5590.72,1.095729,0.9437135,4.42827325,1.05236677963542,3.7681938056060007,0
HD 1690 b,1.0,KIII,533.0,1.33,44.55451829509774,2793.7257,674.9870611948535,4383.5,19.18,1.86,2.08,121.8627850324597,1.1827845299580853,0
HD 169830 b,1.0,FV,226.74568,0.802,25.890866118972387,898.4136673025,345.0,6259.420000000001,1.5678545,1.3441697499999998,4.072942666666666,3.3856162960904093,1.294836277680525,0
HD 169830 c,1.0,FV,1883.804678,3.31175,41.73893496155643,2437.42605328,193.4154903212016,6239.13,1.935709,1.17,4.054414,5.0940843007010965,0.5944825926767219,0
HD 170469 b,2.0,GIV,1140.0,2.184333333333333,12.608407921198795,199.7008552933333,177.37601705657067,5805.873333333333,1.24,1.124934,4.299943333333334,1.5674851918096326,0.7177596645084908,0
HD 17092 b,1.0,KIII,359.899995,1.22,47.68428544600416,3219.6179,607.1538789993501,4488.0,13.58,6.73,3.0,67.12754785408129,2.349105927663901,0
HD 171028 b,1.0,GIV,550.0,1.32,23.45819694751587,730.9973,314.5553777399575,5671.0,2.47,1.53,3.84,5.661380512241719,1.0767967442892887,0
HD 171238 b,1.0,GV,1523.3333333333333,2.542666666666667,44.578656702552045,2796.8899816,139.36934072265487,5453.5,1.01,0.9315,4.43,0.809531714355175,0.6053711203146132,0
HD 17156 b,1.0,GV,21.21484634,0.1602966666666666,12.069715481666668,1031.2626521025,885.5,6061.5,1.4921166666666668,1.263142857142857,4.220166666666667,2.696595781190457,2.807624177074473,0
HD 173416 b,1.0,GV,322.815,1.106,21.088291075752885,585.12209729,663.4213361441089,4683.0,13.5,2.0,2.48,78.6419037149424,1.344969445540001,0
HD 174205 b,1.0,KV,582.0,1.7,31.29152974786704,1334.8793094,690.9840272500688,4308.0,26.6,1.8,1.8,218.65323226491296,1.0291691887756649,0
HD 175167 b,1.0,GIV,1203.0126733333334,2.38625,57.16829343417066,4703.8604236,195.6730119855425,5635.0,1.75,1.1206666666666667,4.09,2.770394579871611,0.6854175818781378,0
HD 175541 b,1.0,GIV,298.0199975,0.98875,12.588403774448192,199.03923271,428.6169011993032,5019.8575,4.384200333333333,1.4964139999999997,3.401663,10.950556417525537,1.230431999175167,0
HD 175607 b,1.0,GV,29.020000000000003,0.1648760490775534,2.858334687488587,8.98,450.5013260815462,5392.0,0.7,0.71,4.64,0.3716083501051712,2.075512591184041,0
HD 17674 b,1.0,GV,623.8,1.42,14.732765550075817,276.5121,218.23235355138664,5904.0,1.18,0.98,4.34,1.517886365252756,0.8308906074274498,0
HD 176986 b,1.0,KV,6.4899,0.06296,2.307362010852291,5.74,704.6638227288328,4931.0,0.782,0.789,4.44,0.3243720057017447,3.5406347371901643,0
HD 176986 c,1.0,KV,16.81955,0.11878,2.888619096958313,9.18,513.029897219062,4931.0,0.782,0.789,4.44,0.3243720057017447,2.577756111100816,0
HD 177830 b,2.0,KIV,408.54250250000007,1.1922,19.20770551751921,481.35309816000006,328.4129872617418,4879.6825,3.28439,1.585,3.5813656666666667,5.487386535137978,1.153227681717243,0
HD 177830 c,2.0,KIV,111.0315,0.50485,6.353294811428626,47.6725,447.7295443778436,4846.969999999999,2.62,1.394703,3.5520485,3.399176842504387,1.662396711923204,0
HD 178911 B b,3.0,GV,71.489,0.340975,40.37450409893136,2273.861719498,401.37168753418746,5625.025,1.0558815,1.08489,4.478988333333333,1.001424101150986,1.7840481358313005,0
HD 179079 b,1.0,GIV,14.47775,0.121,4.731147223165478,25.74423,846.3204699194903,5686.666666666667,1.63,1.1429999999999998,4.111000000000001,2.492850001952791,3.074010977205554,0
HD 179949 b,1.0,FV,3.09263725,0.0446725,15.11807242673183,291.8418173925,1332.766138746619,6172.1,1.266865,1.2150865,4.329054,2.08969229449902,5.216250665146752,0
HD 180053 b,1.0,KIV,213.72,0.843,22.93472547156664,697.31902,456.5908459888376,5131.0,4.06,1.75,3.54,10.25061626191157,1.441053886389364,0
HD 18015 b,1.0,GIV,2259.0,3.845,27.63769457995901,1029.76657155,205.7159834861945,5623.0,3.13,1.495,3.635,8.787207038697186,0.6236593076391936,0
HD 180314 b,1.0,KIII,395.5966666666666,1.412,68.02285602033815,6764.701884437501,509.16526977679376,4919.333333333333,9.2,2.5,2.973333333333333,44.47239411949942,1.3308454984803595,0
HD 180617 b,2.0,MV,105.9055,0.33935,3.310614294589997,12.207,168.6506266953046,3545.5,0.4669999999999999,0.4669999999999999,4.880000000000001,0.0309195788572529,1.173301153128439,0
HD 180902 b,2.0,KIV,489.6333333333334,1.39,19.807227068654285,513.28845,349.0768968476654,4994.333333333333,4.13,1.4833333333333334,3.44,9.52138338066392,1.0332061010014058,0
HD 181234 b,1.0,GV,7505.892524,7.493399999999999,46.417669228934486,3043.463926432,81.86826006027952,5381.61,1.0547115,0.988808,4.291515333333333,0.8371554315960245,0.3633218456476177,0
HD 181342 b,1.0,KIII,603.16,1.7005,24.599301604493785,807.2882,346.8884484388876,5002.4,4.973333333333334,1.8066666666666664,3.2980000000000005,13.896282983579946,1.0309217012241148,0
HD 181433 b,1.0,KIV,9.374337999999998,0.0800575,2.4228031302963857,6.3566,633.7478936612067,4942.9075,0.8004205,0.63,4.42967,0.3431280239738978,2.80571947508017,0
HD 181433 c,1.0,KIV,987.182,1.812275,12.70764546847017,203.0,134.28982364587702,4951.21,0.810841,0.79,4.422893333333334,0.3544921630712856,0.6603534937045425,0
HD 181433 d,1.0,KIV,2172.0,3.0,11.706287651803402,171.0,104.37452832090392,4951.21,0.810841,0.79,4.422893333333334,0.3544921630712856,0.5132487522824202,0
HD 181720 b,1.0,GV,956.0,1.815,9.974066448850094,122.361,208.34397035770823,5758.5,1.4449999999999998,0.975,4.165,2.0599801183323025,0.7330590794248003,0
HD 183263 b,1.0,GIV,627.7932537500001,1.502625,29.507073145136125,1180.71646233625,221.56071183356295,5893.498333333333,1.29162925,1.111511857142857,4.29586,1.8057526172098104,0.8602144405881872,0
HD 183263 c,1.0,GV,4575.829735,5.5464,45.796646803710445,2958.98246917,114.87064272990904,5869.996666666666,1.291819,1.07525,4.254560000000001,1.777643233851311,0.4403764802498386,0
HD 183579 b,1.0,GV,17.471281333333334,0.1318666666666666,3.523333333333333,20.4,756.3333333333334,5759.333333333333,0.973,1.020333333333333,4.473333333333333,0.934553977711054,2.7821369698347818,0
HD 184010 b,1.0,KIII,286.6,0.94,8.991947908183512,98.52680617,458.3254009932858,4971.0,4.86,1.35,3.18,12.94009429446024,1.198610123463297,0
HD 184010 c,1.0,KIII,484.3,1.334,8.851974925639647,95.3485221,384.73344303795807,4971.0,4.86,1.35,3.18,12.94009429446024,1.006152830850721,0
HD 184010 d,1.0,KIII,836.4,1.92,10.747176120869105,143.02278315,320.6913453156685,4971.0,4.86,1.35,3.18,12.94009429446024,0.8386702813533465,0
HD 18438 b,1.0,MIII,803.0,2.1,67.58684967225457,6674.396547,1015.9302667141784,3860.0,88.475,1.84,0.9,1559.1224005478373,0.9362120963037576,0
HD 185269 b,3.0,GIV,6.8383775,0.07775,15.879008711917328,323.38575000000003,1230.5408924991498,5983.5,2.0,1.3033333333333337,3.985,4.600139720564151,4.094987085685121,0
HD 18599 b,2.0,KV,4.1374362,0.049,2.6500000000000004,24.8,863.0,5114.0,0.7825,0.835,4.470000000000001,0.3757521179258042,4.128765163450507,0
HD 187085 b,1.0,GV,1002.87,2.075,14.09362248616396,252.03294,193.3809655785577,6096.0,1.27,1.2045,4.279,1.998375631485176,0.7620252035559719,0
HD 187123 b,1.0,GV,3.0966519285714287,0.0424316666666666,11.465771402997625,163.73927111285712,1223.7530822141111,5793.188,1.1515705,1.0280468,4.32997375,1.3401129424290523,4.923074199726875,0
HD 187123 c,1.0,GV,3456.8,4.60725,22.14032607648505,647.7905178560001,117.232652675436,5781.98,1.1519506666666668,1.0343085,4.328838333333334,1.330650346030721,0.4738917427824252,0
HD 18742 b,1.0,KIV,770.0,1.9066666666666665,27.78676672890507,1041.4093,329.0065473352805,5003.0,5.015000000000001,1.48,3.233333333333333,14.136885360577187,0.8811877571992864,0
HD 188015 b,2.0,GIV,460.0833333333333,1.1933333333333334,18.527847527466243,446.4308345933334,224.973150110974,5713.5,1.125296,1.085,4.412490333333334,1.2106882487975756,0.9536938171986448,0
HD 189733 b,2.0,KV,2.217556262764706,0.0311366666666666,12.938966888888892,363.9963766845455,1200.3333333333333,5014.433333333333,0.7656657692307692,0.8289851,4.570713,0.3325490870431545,5.160743659373468,0
HD 190007 b,1.0,KV,11.722064,0.092,3.765945710793144,15.98,547.7678181428182,4610.0,0.79,0.77,4.58,0.2528993622178915,2.893519629173656,0
HD 190360 b,2.0,GIV,3015.7671087500003,4.0925,20.862259707625224,572.0911326,150.0,5554.78,1.160424,0.9865571666666666,4.337383600000001,1.150245935376972,0.4910681505902226,0
HD 190360 c,2.0,GIV,17.11166,0.1292666666666666,4.165564508264378,19.7296043675,675.8395484343773,5546.67,1.167232,0.97658575,4.295639333333334,1.157000465270921,2.7490769752290785,0
HD 190647 b,1.0,GV,1084.21666,2.1236666666666664,21.6322664450932,617.1109166666666,186.5888224024876,5641.333333333333,1.4129999999999998,1.0845,4.1706666666666665,1.8142670845304187,0.7147375299972059,0
HD 190984 b,1.0,FV,4885.0,5.5,28.042138302834445,1061.5128485300002,128.06254207782237,5988.0,1.53,0.91,4.02,2.700224530135116,0.4068312784061198,0
HD 191939 b,1.0,GV,8.880329966666666,0.07936,3.403780865,9.915,850.9225,5380.5,0.9406666666666668,0.81305,4.351666666666668,0.6653526673765147,3.201347226996144,0
HD 191939 c,1.0,GV,28.580150333333336,0.17248,3.1718444000000003,7.2125,577.8775,5380.5,0.9406666666666668,0.81305,4.351666666666668,0.6653526673765147,2.1715220284115024,0
HD 191939 d,1.0,GV,38.3533198,0.21084,3.0779724,2.8,522.6825,5371.2,0.9398,0.81305,4.3420000000000005,0.6595474217309111,1.9640706565741872,0
HD 191939 e,1.0,GV,101.51075,0.4009999999999999,9.584096435325394,112.575,393.5,5357.25,0.9385,0.81305,4.327500000000001,0.6509176651454386,1.4241686606983803,0
HD 191939 f,1.0,GV,3182.6666666666665,3.9033333333333338,26.123202138948763,915.34581216,125.0,5348.0,0.94,0.81,4.3,0.6485017487293495,0.4556167409996018,0
HD 191939 g,1.0,GV,286.3,0.806,3.473997921755512,13.5,278.0,5348.0,0.94,0.81,4.3,0.6485017487293495,1.0026514183840405,1
HD 192263 b,1.0,KV,24.2442,0.1507899999999999,11.93268666401712,177.9848,486.0,4988.030000000001,0.735,0.7534000000000001,4.6131678,0.3000411044802709,2.235638197836986,0
HD 192310 b,1.0,KV,74.39066666666668,0.3217333333333333,3.945236853023563,17.61135372,355.0,5163.703333333334,0.7939609999999999,0.8314413333333333,4.534589666666666,0.4020993049936781,1.607839745312565,0
HD 192699 b,1.0,GIV,345.875,1.12325,23.59902748701764,740.19932,410.7569355039717,5141.666666666667,4.359999999999999,1.38,3.356666666666667,11.920061619429624,1.1086036740086531,0
HD 195019 b,2.0,GIV,18.21089971428572,0.1372,29.327082457761158,1165.7137467985715,765.1118823471832,5746.802857142857,1.4791066666666666,1.0748458333333335,4.140056,2.1408884297849995,2.799439053462508,0
HD 196050 b,3.0,GV,1360.3333333333333,2.5191666666666666,33.02169146963205,1493.7935129,177.17237491210784,5819.75,1.42,1.1933333333333334,4.285666666666667,2.0753141857238737,0.6883786929802135,0
HD 196067 b,2.0,GV,3553.566666666667,4.9433333333333325,47.990632283724096,3262.999642433333,144.5741385840499,6044.5,1.72,1.2366666666666666,4.165,3.5431396615444988,0.5002549138539606,0
HD 196067 c,2.0,GV,4.601088,0.0568852327997349,3.0663295100275074,10.4,1349.9136980923072,6072.0,1.71,1.16,4.09,3.5662281378158265,4.516522818385449,0
HD 19615 b,1.0,KV,402.0,1.1,43.84493630306344,2701.5414595,936.6906978765128,4263.0,32.3,1.1,1.4,309.1407279294664,1.0001726719013104,0
HD 196885 A b,2.0,FV,1335.2358333333334,2.533333333333333,25.948719305326318,902.6144666666668,186.55099994306775,6255.333333333333,1.37036,1.28,4.322946666666667,2.579651423693521,0.7109413917192648,0
HD 200964 b,1.0,KIV,611.2999966666666,1.602,19.713220719226467,508.21017,356.39158643995506,5075.0,4.805,1.415,3.4033333333333338,13.741078489229826,0.9399872179084736,0
HD 200964 c,1.0,KIV,838.75,1.955,16.15272631186784,335.14581,315.8769240298874,5073.0,4.609999999999999,1.415,3.41,12.628482013435502,0.85090254585474,0
HD 202206 c,2.0,GV,1321.7,2.5536666666666665,62.6143166767565,5689.157,149.20561256512312,5766.0,1.04,1.11,4.5,1.0726426982977038,0.6594082396293972,0
HD 202696 b,1.0,KIII,517.8,1.566,21.91996801971713,634.38868,414.1103643501752,5040.0,6.43,1.91,3.11,23.935028095195182,1.1045764731047991,0
HD 202696 c,1.0,KIII,946.6,2.342,21.21399149450456,592.43512,338.624622313562,5040.0,6.43,1.91,3.11,23.935028095195182,0.9032297262313153,0
HD 202772 A b,2.0,FIV,3.30891665,0.05208,17.317905,323.23311,2132.0,6272.0,2.591,1.72,3.848,9.320707400666452,5.7478274173507415,0
HD 20329 b,1.0,GV,0.926118,0.018,1.72,7.42,2141.0,5596.0,1.13,0.9,4.4,1.1234598601315715,7.072288786588844,0
HD 2039 b,1.0,GIV,1141.0,2.2100000000000004,36.41629048315743,1832.7702333333327,176.8907645052834,5945.0,1.19,1.105,4.38,1.587052189507714,0.7072288786588844,0
HD 204313 b,1.0,GV,1981.0692283333333,3.1253333333333337,31.120975239997858,1319.7181328366669,138.81778106162332,5770.6,1.1,1.03,4.388,1.2038132133388089,0.5741765141660035,0
HD 204941 b,2.0,KV,1733.0,2.555,8.081308341147531,78.82005,110.74594491346237,5041.0,0.75,0.6599999999999999,4.45,0.3258961024095012,0.508336740090694,0
HD 205739 b,1.0,FV,279.8,0.896,18.30757462240732,435.41,305.10902851596427,6176.0,1.33,1.22,4.29,2.308991218447971,1.1670807195916857,0
HD 206610 b,1.0,KIV,631.0666666666667,1.653333333333333,23.288382039203,719.9812266666668,379.5127683719105,4868.666666666667,6.109999999999999,1.5550000000000002,3.286666666666666,18.819688760289957,0.969973724279232,0
HD 207496 b,1.0,KV,6.441008,0.0629,2.25,6.1,743.0,4819.0,0.769,0.8,4.507,0.286134506435874,3.5669305604574144,0
HD 20782 b,2.0,GV,589.9578640000001,1.37018,18.994139753168263,470.23508,212.0859861585303,5782.052000000001,1.121206666666667,1.0333333333333334,4.3607000000000005,1.2606344328206325,0.8685731330998346,0
HD 207832 b,3.0,GV,161.33666666666667,0.5753333333333334,12.06779126170916,182.22253333333333,289.98826221131384,5732.333333333333,0.8955,1.035,4.491,0.7768671838331778,1.3414836706554805,0
HD 207832 c,3.0,GV,1155.7,2.112,13.546486661066965,232.0159,151.2263614087835,5710.0,0.901,0.94,4.502,0.77425472594098,0.6672551798229275,0
HD 207897 b,1.0,KV,16.2019095,0.11665,2.42201066,14.6,606.975,5088.0,0.78085,0.8104,4.5605,0.3666177517352106,2.636224115890021,0
HD 20794 b,1.0,GV,18.319666666666667,0.1244666666666666,1.4423194631625873,2.15,660.0,5384.5,0.93,0.8015,4.305,0.6522848208173553,2.538050259263149,0
HD 20794 d,1.0,GV,89.62966666666667,0.3588,1.6861559291320654,2.98,388.0,5384.5,0.93,0.8015,4.305,0.6522848208173553,1.4948600313248352,0
HD 20794 f,1.0,GV,647.6,1.3541,2.322693254572851,5.82,180.38672278728848,5368.0,0.93,0.79,4.39,0.6443261769390277,0.7639468782887933,0
HD 208527 b,1.0,MIII,875.5,2.1,47.16232247212276,3146.4,807.0868993099731,4035.0,51.1,1.6,1.4,621.020313985777,0.8730222813359977,0
HD 20868 b,1.0,KIV,380.850005,0.9485,17.522289915074648,397.2875,175.87885875063026,4798.5,0.775,0.39,4.24,0.2857032966009923,0.6413404318385926,0
HD 208897 b,1.0,KV,355.485,1.0565,17.834470552579972,412.22455898,427.8506006850957,4860.0,4.98,1.25,3.13,12.413481820104105,1.08791568890446,0
HD 209458 b,1.0,GV,3.522589272142857,0.0471833333333333,15.42301492307692,216.8531477423077,1456.6666666666667,6057.959375,1.16905,1.1210903846153846,4.362177999999999,1.6514348638468643,4.875295996030655,0
HD 210277 b,1.0,GV,441.28460000000007,1.1182,17.62368175732678,402.10732221,222.00742986112837,5540.166,1.0920865000000002,0.9869625,4.3955385,1.0080800910910188,0.9396488053051768,0
HD 210702 b,1.0,KIV,354.6725,1.15675,19.210701628137635,481.5100366,405.3280587262517,4943.333333333333,4.73,1.33,3.255,11.98648142403123,1.072459869827338,0
HD 211403 b,1.0,FV,223.8,0.768,35.7246260774128,1760.76937478,380.0,6273.0,1.206,1.2,4.3,2.0206245057444314,1.250215839876638,0
HD 211810 b,1.0,GV,1558.0,2.656,13.001834590841828,212.9461,149.48695504635418,5652.0,1.13,1.03,4.344502365299404,1.169109930998152,0.6228443955953447,0
HD 212301 b,2.0,FV,2.2457125,0.033,11.084136188642445,152.55515,1501.9457474648268,6247.5,1.16,1.41,4.51,1.83920817066676,6.537738875180823,0
HD 212771 b,1.0,KIV,375.7666633333333,1.19,23.893185874044555,759.6137,426.5745904626053,5064.333333333333,5.135,1.56,3.44,15.56180175016302,1.1451537575542747,0
HD 213240 b,2.0,GV,904.29667,1.9466666666666663,34.327054849606746,1619.8708001566663,213.42900811804896,5976.333333333333,1.51,1.336666666666667,4.303333333333334,2.609654385605656,0.8287828330041378,0
HD 213472 b,1.0,GV,17000.0,13.0,28.677483023715855,1112.3994245,77.15849907533158,5729.54,1.433902,1.048132,4.144921,1.987960788573671,0.2839953950251249,0
HD 213885 b,1.0,GV,1.008035,0.02012,1.745,8.83,2128.0,5978.0,1.1011,1.068,4.3827,1.3892071761504132,7.286963969163353,0
HD 213885 c,1.0,GV,4.78503,0.056798,4.187764478609627,19.95,1265.4,5978.0,1.1011,1.068,4.3827,1.3892071761504132,4.337046601238557,0
HD 214823 b,2.0,GV,1860.21106,3.165,65.39623727301287,6230.2470790925,199.2629530179176,6121.0,2.04,1.1849999999999998,4.05,5.241308259485191,0.6119941939593806,0
HD 215152 b,1.0,KV,5.759995,0.057638,1.3314408136735865,1.819,712.1477259704022,4935.0,0.73,0.77,4.4,0.2835856156085463,3.655660828965096,0
HD 215152 c,1.0,KV,7.282215,0.067393,1.2962627370843045,1.72,658.5930577120656,4935.0,0.73,0.77,4.4,0.2835856156085463,3.3807491837815817,0
HD 215152 d,1.0,KV,10.862495,0.08799,1.636912295684355,2.801,576.3786484839338,4935.0,0.73,0.77,4.4,0.2835856156085463,2.9587187757194777,0
HD 215152 e,1.0,KV,25.19835,0.15417,1.658014982389561,2.877,435.436275883046,4935.0,0.73,0.77,4.4,0.2835856156085463,2.2352206981873413,0
HD 21520 b,1.0,GV,25.1292,0.1726,2.697,17.7,637.0,5871.0,1.044,1.09,4.42,1.1618208573977946,2.513436035083377,0
HD 215497 b,1.0,KV,3.9340266666666666,0.0485,2.4228031302963857,6.3566,867.6866484706886,5111.5,0.85,0.67,4.355,0.4425080359712712,3.7174190146384953,0
HD 216437 b,1.0,GV,1315.856,2.4576,31.29152974786704,1334.8793094,180.2297250604038,5901.666666666667,1.394,1.175,4.2253333333333325,2.115018171280924,0.6915734596543037,0
HD 216520 b,1.0,KV,35.458,0.1966999999999999,3.053689756267353,10.310603035,412.0535926522645,5131.505,0.7713835,0.8056315000000001,4.542653,0.3701771143286354,2.0241422190043754,0
HD 216520 c,1.0,KV,154.43,0.528,2.927478924448487,9.44,248.25120162597327,5103.0,0.76,0.82,4.54,0.3514142010555861,1.2464215493665236,1
HD 216536 b,1.0,KV,148.600005,0.6094999999999999,16.11984475755642,333.7215,805.0870432849033,4639.0,11.165,0.81,2.36,51.79702242583271,1.153003534043683,0
HD 216770 b,1.0,GV,118.45,0.46,12.431096471200924,193.8763,311.2804474102894,5399.0,0.93,0.8200000000000001,4.37,0.6593394431177179,1.3353742403039073,0
HD 217107 b,1.0,GIV,7.1268581,0.0751928571428571,18.352877342260317,437.6648803214286,896.5613681366584,5604.966,1.1701425,1.03315775,4.301966999999999,1.212437294149609,3.707404811717285,0
HD 217107 c,1.0,GIV,4492.085714285714,5.357666666666666,24.875093384198877,826.32,107.4476027784542,5600.7075,1.19931,1.02815775,4.289289333333333,1.2697678529977368,0.4381441482390653,0
HD 21749 c,1.0,KV,7.78993,0.0695,0.892,3.7,701.0,4640.0,0.695,0.73,4.613,0.2008775400535676,3.24148496643814,0
HD 217786 b,2.0,FV,1307.4866966666666,2.3993333333333333,55.38595064818932,4402.55909376,176.00125791637075,5966.0,1.27,1.06,4.35,1.833286278805882,0.6647871601792911,0
HD 218566 b,1.0,KV,225.5233333333333,0.6882666666666667,7.33729509329001,64.41250819666666,217.6905582856861,4830.95,0.85,0.8217726666666666,4.599827,0.3530676051453842,1.0928799577237345,0
HD 219077 b,1.0,GV,5468.1721525,6.32875,49.59059940857816,3494.4968843325,119.4577890318006,5362.666666666667,1.91,1.0066666666666668,4.016666666666667,2.706947269555008,0.3988952436541962,0
HD 219134 b,1.0,KV,3.093054466666667,0.0384888,1.5803333333333331,4.255462297499999,972.55,4754.5233333333335,0.7764,0.7974946666666667,4.579815333333333,0.2763686873134827,4.5527278718532,0
HD 219134 c,1.0,KV,6.7648578,0.0647952,1.509,4.36,748.95,4765.628,0.776,0.7974946666666667,4.5697784,0.2786723291791677,3.5088714699983696,0
HD 219134 d,1.0,KV,46.74075,0.234895,1.61,15.70113895,410.5,4782.035,0.7708665,0.7974946666666667,4.570473,0.2788041262944568,1.8429009394786235,0
HD 219134 f,1.0,KV,22.772166666666664,0.14578,1.31,7.974156763333333,522.6,4809.713333333333,0.7684886666666667,0.7974946666666667,4.550630666666667,0.2835577712374282,2.3393214590500557,0
HD 219134 g,1.0,KV,94.2,0.3753,3.123063163874761,10.80622,285.3506069367985,4913.0,0.77,0.794,4.51,0.3099262466940999,1.4547754146952905,1
HD 219134 h,1.0,KV,2084.75,2.91325,9.398307867541282,108.0622,100.16707789602842,4809.713333333333,0.7684886666666667,0.7891210000000001,4.571630666666667,0.2835577712374282,0.5205445536255924,0
HD 219139 b,1.0,GIII,275.5,0.94,13.98273143232403,247.90615746,676.7768508700638,4831.0,11.22,1.46,2.48,61.52104640901522,1.2464862296576529,0
HD 219415 b,1.0,KIII,2093.3,3.2,15.747892242607117,317.83,186.0574241560697,4820.0,2.9,1.0,3.51,4.072621022507736,0.559113520902231,0
HD 219666 b,1.0,GV,6.036850599999999,0.08378,4.6160000000000005,17.1,995.6666666666666,5529.6,1.0358,0.94,4.4,0.8999461620327824,3.3501845600370648,0
HD 219828 b,1.0,GIV,3.8343274,0.0486749999999999,4.191103244356206,19.983256884000003,1367.624601985443,5864.5,1.61,1.1725,4.1433333333333335,2.7508414803706325,4.908834944769923,0
HD 219828 c,1.0,GIV,4754.29099,5.802333333333333,57.996001992163954,4847.32274866,126.47311413511308,5849.0,1.65,1.15,4.08,2.858802964944988,0.4452691093129242,0
HD 220074 b,1.0,MIII,672.0999899999999,1.6,60.46531510990487,5288.6912,895.1753740886033,3861.0,52.31,2.2,1.2000000000000002,545.5800691530258,1.172806415707654,0
HD 220197 b,1.0,GV,1728.0,2.729,7.290998781054845,63.566,138.0908434186163,5683.0,0.98,0.91,4.42,0.8987783977091804,0.5775557504883468,0
HD 220689 b,1.0,GV,2251.8,3.396333333333333,16.66785388481657,357.8726761333333,134.69600531845148,5921.0,1.069,1.032,4.333333333333333,1.2601594620121412,0.5513275297146827,0
HD 221416 b,1.0,KIV,14.2768,0.1228,9.17,60.5,1008.4064527400934,5080.0,2.943,1.212,3.584,5.175177182285169,3.1421514248605185,0
HD 221420 b,1.0,GV,10090.0,11.321333333333332,70.446655522411,7278.2705203,98.1773776271472,5838.5,1.947,1.32775,4.055,3.952090592152813,0.3425187498882197,0
HD 222076 b,1.0,KIII,872.02,1.83,19.89514280729846,518.06154595,297.1166926765241,4842.5,4.19,1.175,3.24,8.661565889590008,0.8014351246465021,0
HD 222155 b,1.0,GV,3756.0,4.906666666666666,21.67662339664465,619.75852827,139.48523552544435,5743.666666666667,1.76,1.1566666666666665,4.0633333333333335,3.024628892813562,0.4856079816596659,0
HD 222237 b,1.0,KV,14892.0,11.85,34.321629158716696,1619.335733665,47.15535141811164,4751.0,0.71,0.73,4.61,0.2304340586115098,0.2482431302334987,0
HD 222582 b,2.0,GV,573.29925,1.343,40.825485367151984,2327.26873679,214.74689569524304,5754.553333333333,1.1375085,1.01978225,4.342390333333333,1.2730504918774823,0.8715467784110321,0
HD 224018 b,1.0,GV,10.6413,0.0952,0.91,4.1,968.0,5784.0,1.147,1.013,4.32,1.3210821449811734,3.2625804724214333,0
HD 224018 c,1.0,GV,36.57669,0.217,2.42,10.4,641.0,5784.0,1.147,1.013,4.32,1.3210821449811734,2.160975483215027,0
HD 224018 d,1.0,GV,138.0731,0.53,2.4,4.2,411.0,5784.0,1.147,1.013,4.32,1.3210821449811734,1.382743965628341,0
HD 224538 b,1.0,GIV,1197.3839966666667,2.366333333333333,38.65127505709794,2075.73732612,199.4410494879219,6097.0,1.54,1.3033333333333337,4.19,2.9403299777359844,0.7422748990480231,0
HD 224693 b,1.0,GIV,26.7102,0.1915,13.322365241242238,224.0655,744.6920742652512,5965.5,1.815,1.32,4.38,3.743092062725105,2.6258962345953023,0
HD 22496 b,1.0,KV,5.09071,0.051,2.27440873404791,5.57,573.0,4385.0,0.674,0.684,4.69,0.1506912494562614,3.662839987712452,0
HD 22532 b,1.0,GIII,872.6,1.9,22.561239361078236,673.79622284,353.5195632341336,5038.0,5.69,1.57,3.09,18.713155886045858,0.909176097985245,0
HD 22946 d,1.0,FV,47.42489,0.2958,2.607,26.57,546.0,6169.0,1.117,1.098,4.47,1.6212697408808068,1.926979387876489,0
HD 23079 b,1.0,FV,705.734995,1.5653333333333332,24.66847479083153,812.0399656550001,200.44130401689216,5965.0,1.0750000000000002,1.1266666666666667,4.379,1.3126488744225138,0.8485340805067394,0
HD 23079 c,1.0,FV,5.748913,0.0659907408857041,2.746290244124905,8.26,983.2479969111516,5994.0,1.08,1.16,4.37,1.3508412542574038,4.193363169652199,0
HD 23127 b,1.0,GV,1213.0566666666666,2.3633333333333333,19.455492492569856,494.4225366666667,191.6448903313297,5808.0,1.565,1.208,4.1530000000000005,2.5004890928958425,0.7150657237482456,0
HD 231701 b,1.0,FV,141.61000333333334,0.5523333333333333,16.99946968417367,372.9150666666666,408.0919596634176,6158.666666666667,1.475,1.1749999999999998,4.32,2.8081524809121525,1.4587917227233522,0
HD 233604 b,1.0,KV,192.0,0.747,38.77495850856717,2089.644,742.0874295991543,4791.0,10.9,1.5,2.55,56.16264195099271,1.4172951879674731,0
HD 233832 b,2.0,KV,2058.0,2.827,20.75107582494265,565.7374,101.065881245657,4976.37,0.709182,0.7649999999999999,4.55267,0.2767297885593174,0.5202867875382298,0
HD 23472 b,1.0,KV,17.6670435,0.1186,1.936,8.32,543.0,4684.0,0.71,0.71,4.53,0.2177078520611244,2.4471568926495526,0
HD 23472 c,1.0,KV,29.711245,0.1673,2.0095,3.41,467.0,4684.0,0.71,0.71,4.53,0.2177078520611244,2.060422044970553,0
HD 23472 d,1.0,KV,3.97664,0.04298,0.75,0.55,909.0,4684.0,0.71,0.67,4.53,0.2177078520611244,3.948927675817402,0
HD 23472 e,1.0,KV,7.90754,0.068,0.818,0.72,723.0,4684.0,0.71,0.67,4.53,0.2177078520611244,3.1394815053468115,0
HD 23472 f,1.0,KV,12.1621839,0.0906,1.137,0.77,630.0,4684.0,0.71,0.67,4.53,0.2177078520611244,2.7198708747516447,0
HD 235088 b,1.0,KV,7.434140933333334,0.0712,2.034021406666666,4.175000000000001,779.475,5066.333333333333,0.7864666666666666,0.8483666666666666,4.581,0.3656162852563723,3.452445132003253,0
HD 23596 b,2.0,FV,1558.423824,2.8034,48.00006389009426,3264.34005664,181.51879317946816,6012.75,1.553925,1.16975,4.20111,2.8316693858302937,0.6460691091933238,0
HD 238090 b,1.0,MV,13.671,0.0932,2.5180353842632157,6.89,469.6,3933.0,0.57,0.578,4.7,0.0697485762493588,2.490754634151342,0
HD 238914 b,1.0,KIII,4100.0,5.7,37.11449937136216,1906.98,288.9881617907768,4769.0,12.73,1.47,2.37,75.20659858346646,0.5079210636314315,0
HD 240237 b,1.0,KIII,745.700005,1.91,59.145657451375456,5050.3187,1026.025342485668,4143.5,71.23,8.76,1.665,1341.7917317242625,2.1419550536315515,0
HD 24040 b,1.0,GV,3560.6666666666665,4.800400000000001,31.23189475589575,1329.5678805583334,124.53171241870449,5779.829999999999,1.3553620000000002,1.143485,4.209798666666666,1.839334512880667,0.4881479911715854,0
HD 24040 c,1.0,GV,515.4,1.3,7.308401150767477,63.88350981,241.96517972875807,5776.49,1.387296,1.10394,4.197486,1.9225791205379048,0.9216712544870628,1
HD 24064 b,1.0,KV,535.5999899999999,1.29,49.9134609606304,3542.21535,903.4614689744884,4052.25,39.0,1.61,1.44,367.9628616782724,1.1173598628901598,0
HD 25015 b,1.0,KV,6171.249,6.296,45.24462655582299,2884.92845034,75.96828885247871,5160.0,0.83,0.86,4.4,0.4381722212947156,0.3696509697963147,0
HD 25171 b,2.0,FV,1823.645,2.9955,15.229861940126169,296.370225,157.97195133076687,6142.5,1.205,1.0830000000000002,4.3465,1.8545758680607471,0.601387712417824,0
HD 25463 b,1.0,FV,7.04914315,0.076,2.58267907,8.6,1244.23,6286.5,1.4141,1.2205,4.227,2.8021138329362176,4.008086445420158,0
HD 25463 c,1.0,FV,3.04405,0.0438999999999999,1.431774765,4.199999999999999,1646.285,6286.5,1.4141,1.2205,4.227,2.8021138329362176,5.273653794043658,0
HD 25723 b,1.0,KIII,457.01,1.49,24.4131214091122,794.5710175,587.2811707903679,4766.0,13.76,2.12,2.5,87.64817340821213,1.193025647679267,0
HD 260655 b,1.0,MV,2.76953,0.02933,1.24,2.14,709.0,3803.0,0.439,0.439,5.2,0.0361679748554443,3.869467582663418,0
HD 260655 c,1.0,MV,5.70588,0.04749,1.533,3.09,557.0,3803.0,0.439,0.439,5.2,0.0361679748554443,3.040928152835819,0
HD 26161 b,1.0,FV,10942.29013,10.087,78.16774132771545,9045.39646322,93.32002053284025,6057.62,1.455981,1.126458,4.163476,2.5609987700650687,0.3342346533456652,0
HD 2638 b,3.0,GV,3.4488000000000003,0.0426666666666666,10.935740053488392,148.3176011666667,987.5957131854622,5189.0,0.94,0.8733333333333334,4.335,0.5747516675067236,4.52502147688248,0
HD 2685 b,1.0,FV,4.126896633333334,0.0568,16.14096,371.8611,2061.0,6801.0,1.5599999999999998,1.43,4.21,4.6712181109012665,5.018441140802372,0
HD 27631 b,1.0,GIV,2192.0466666666666,3.2373333333333334,19.12746778549595,477.16011164,126.7773707867718,5737.0,0.9615,0.9413333333333332,4.471666666666667,0.898520161806686,0.5393280315422803,0
HD 27969 b,1.0,GV,654.5,1.552,33.35601327885987,1525.5763536,261.0,5966.0,1.27,1.16,4.12,1.833286278805882,0.8646853881544633,1
HD 28109 b,1.0,FV,22.891047,0.1357,2.4445,6.2,874.1,6154.5,1.425,1.2435,4.19,2.613910316076504,3.027665938042376,0
HD 28109 c,1.0,FV,56.002655,0.308,4.18,8.5715,614.1,6154.5,1.425,1.2435,4.19,2.613910316076504,2.009659685681639,0
HD 28109 d,1.0,FV,84.274945,0.411,3.18,5.7405,533.75,6154.5,1.425,1.2435,4.19,2.613910316076504,1.7397104326650736,0
HD 28185 b,1.0,GV,382.994625,1.0435,36.99921658500196,1894.62116499,229.50225247454085,5633.75,1.0532205,1.0006062,4.464316666666666,1.0025793185273404,0.9794005691384132,0
HD 28254 b,2.0,GIV,1224.5,2.3,29.82838997028664,1207.7479466,184.23245547686463,5664.0,1.48,1.08,4.12,2.0225825661846626,0.6853666119891009,0
HD 28471 b,1.0,GV,3.1649,0.042,1.8749386105375596,3.72,1377.0,5766.0,1.08,0.98,4.38,1.1567404246435298,4.831292999921602,0
HD 28471 c,1.0,GV,6.1245,0.065,2.303511816344507,5.72,1066.0,5766.0,1.08,0.98,4.38,1.1567404246435298,3.88357184153938,0
HD 28471 d,1.0,GV,11.681,0.1,2.1412185690729304,4.91,945.0,5766.0,1.08,0.98,4.38,1.1567404246435298,3.131035717052493,0
HD 285507 b,1.0,KV,6.0881,0.06,15.35434659421399,301.4557,611.5187955575796,4503.0,0.673,0.7769999999999999,4.67,0.1670812694418895,3.5992322220656687,0
HD 285968 b,1.0,MV,8.778266666666665,0.0661633333333333,2.836829020085209,8.839369866666667,450.0,3623.245,0.4825604999999999,0.5,4.76629,0.0360067725968588,2.749484638758005,0
HD 28678 b,1.0,KIV,384.8000033333333,1.25,19.37380649533394,490.09386,454.5353797541865,4923.333333333333,6.48,1.635,3.203333333333333,22.134862273554432,1.143875757542144,0
HD 29021 b,1.0,GV,1363.65,2.287,32.23838799827526,1420.69297929,137.44442484050938,5560.0,0.85,0.855,4.44,0.6194793981212082,0.6115401269113274,0
HD 290327 b,1.0,GV,2443.0,3.43,24.342702609646796,789.78845,119.5194312613716,5528.5,0.975,0.87,4.415,0.7967614936328639,0.503718092710167,0
HD 29399 b,1.0,KIII,892.7,1.9625,20.02940416771685,525.395299495,303.1374268394884,4845.0,4.672499999999999,1.2654999999999998,3.226,10.793532302803952,0.803158437245824,0
HD 2952 b,1.0,KIII,311.7600033333334,1.1823333333333332,14.941777286024934,284.77425267,594.8305114371138,4847.0,10.83,1.94,2.6633333333333336,58.08163618229935,1.2811674082474327,0
HD 30177 b,1.0,GV,2454.460703333333,3.541333333333334,44.54423770389062,2792.378594003333,127.6311600194216,5572.1775,1.13,0.9745,4.35083,1.1044511356410929,0.52466549331283,0
HD 30562 b,1.0,FV,1156.55,2.3134999999999994,18.10356132893444,425.3307645725,200.39300423352609,5899.5,1.6235,1.197,4.1475,2.864542418718656,0.7194279516223511,0
HD 30669 b,1.0,GV,1684.0,2.69,10.97279857854206,149.37,127.35449324623664,5400.0,0.91,0.92,4.37,0.6317535250965557,0.5849149983454845,0
HD 30856 b,2.0,KIV,890.3333333333334,1.8966666666666667,19.403838722150905,491.68301,305.67047558613285,4949.333333333333,4.4,1.26,3.303333333333333,10.42274276789114,0.8152010881423088,0
HD 3167 b,1.0,KV,0.9596705709090908,0.01805,1.6525249927272727,5.17,1741.1666666666667,5333.2,0.8705999999999999,0.8664742857142856,4.508888888888889,0.5501468838485499,6.92969659560323,0
HD 3167 c,1.0,KV,29.84726728,0.18002,2.852366164,9.946000000000002,536.5,5341.222222222223,0.864936,0.8664742857142856,4.51375,0.5462863963959125,2.194282020770363,0
HD 3167 d,1.0,KV,8.476875,0.0769666666666666,2.0162281007099287,4.33,817.75,5270.75,0.87075,0.8496666666666667,4.47,0.5250086827392275,3.323134622875393,0
HD 3167 e,1.0,GV,99.36,0.39665,2.872763172778872,9.075,374.8,5280.5,0.8755,0.8445,4.47,0.5346903408153648,1.4593890441732134,0
HD 32518 b,1.0,KIII,157.445,0.592,26.40125542070861,935.82656577,771.6245356980628,4580.0,10.22,1.13,2.1,41.23381837002924,1.3818259757818865,0
HD 32963 b,1.0,GIV,2356.0,3.411666666666666,13.27720509967356,222.481,132.35987325975253,5720.026666666668,1.111044,0.960514,4.385383333333333,1.1856174444225065,0.5306932178841297,0
HD 330075 b,1.0,KV,3.38773,0.0395,11.830179168648344,174.8042,990.0,5008.5,0.84,0.47,4.24,0.398363128624844,3.4500498092187093,0
HD 33142 b,1.0,KIII,327.3000025,1.0735,18.2519735637934,432.650835705,401.5955102142723,5016.1,4.1850000000000005,1.47,3.44125,9.948223147182173,1.1703954559289826,0
HD 33142 c,1.0,KIII,822.1,1.955,14.89381945891678,282.86728223,297.6056953525184,5025.4,4.17,1.57,3.375,9.95049077936838,0.8962959402860132,0
HD 33142 d,1.0,KIII,89.9,0.452,7.290981296193406,63.5656814,618.9355122217715,5025.4,4.17,1.52,3.375,9.95049077936838,1.8341192141770493,0
HD 332231 b,1.0,FV,18.7120438,0.1442999999999999,9.395618025,75.82526,837.15,6098.75,1.27425,1.1363,4.28325,2.015405590782433,2.8066504132542334,0
HD 33283 b,2.0,GV,18.1857,0.1485999999999999,9.437840760419473,109.01439,861.4015249081461,6012.666666666667,1.855,1.38,4.165,4.035024623752767,3.0479309395172973,0
HD 33844 b,1.0,KIII,551.5100066666668,1.5670000000000002,21.993397235159428,638.8383,366.76560074340085,4877.0,5.39,1.7233333333333334,3.21125,14.746141695139883,1.0488783711172625,0
HD 33844 c,1.0,KIII,910.33,2.1755000000000004,19.64180943762479,504.3700860966667,310.3356075306872,4885.0,5.34,1.6003333333333334,3.2016666666666667,14.569029954989777,0.8578288849675241,0
HD 34445 b,1.0,GV,1053.425,2.08,13.488300312402842,229.9379229525,193.05339756264237,5845.1225,1.38,1.0975925000000002,4.193918249999999,1.994446964859328,0.7265472811038155,0
HD 34445 c,1.0,GV,214.67,0.7181,6.713724750647279,53.5,328.04869856866304,5836.0,1.38,1.07,4.21,1.9820251257679489,1.2208840203212297,0
HD 34445 d,1.0,GV,117.87,0.4817,5.146944224040187,30.7,400.5368328113945,5836.0,1.38,1.07,4.21,1.9820251257679489,1.49065983454025,0
HD 34445 e,1.0,GV,49.175,0.2687,3.8572020028879046,16.8,536.2866046631634,5836.0,1.38,1.07,4.21,1.9820251257679489,1.9958736273070208,0
HD 34445 f,1.0,GV,676.8,1.543,5.692850324153814,37.9,223.79368089659116,5836.0,1.38,1.07,4.21,1.9820251257679489,0.8328828312614943,0
HD 34445 g,1.0,GV,5700.0,6.36,9.90512489278315,120.6,110.2306135446577,5836.0,1.38,1.07,4.21,1.9820251257679489,0.4102402942431095,0
HD 35843 b,1.0,GV,9.8991,0.088,2.3265088640128013,5.84,733.5123185368091,5666.0,0.897,0.94,4.47,0.7440138443018647,3.268869437590412,0
HD 35843 c,1.0,GV,46.9622,0.25,2.54,11.32,479.0,5666.0,0.897,0.94,4.47,0.7440138443018647,1.939406766205701,0
HD 360 b,1.0,GIII,273.1,0.98,13.722779753078976,238.37130525,643.867063875799,4770.0,10.86,1.69,2.59,54.780124712370586,1.3134250603664996,0
HD 36384 b,1.0,MIII,490.0,1.3,38.84612272195732,2097.6674862,868.2926283706108,3940.0,38.4,1.14,1.1,318.81385449927564,0.9366034075418702,0
HD 3651 b,1.0,KV,62.2226,0.2922999999999999,7.644522786040287,70.178211044,367.1306991886132,5239.558,0.8728286666666666,0.8738504,4.49385975,0.5151414093790128,1.7293349591303604,0
HD 37124 b,1.0,GV,154.0245,0.5295880000000001,13.129118998007913,217.32634291,309.3496681151425,5698.64,0.949168,0.805682,4.391203,0.852434296940997,1.2336380227857306,0
HD 37124 c,1.0,GV,885.5,1.9194,13.246110845192955,221.393427866,162.49349397912297,5698.64,0.949168,0.805682,4.391203,0.852434296940997,0.6479986025177763,0
HD 37124 d,1.0,GIV,1975.0,2.9525,13.071141703824471,215.3254000525,131.01582900132684,5698.64,0.949168,0.805682,4.391203,0.852434296940997,0.522470604955269,0
HD 37605 b,1.0,KV,54.75101000000001,0.27262,24.776339151109298,819.4786,402.547415114513,5375.0,0.93,0.945,4.443104,0.6476936234263959,1.8621387238245564,0
HD 37605 c,1.0,KV,2631.6666666666665,3.777,27.916263671097152,1051.5786,106.98295222748196,5388.5,0.9055,0.98,4.511,0.6202093483706521,0.5094652063074298,0
HD 3765 b,1.0,KV,1211.0,2.108,6.802211799512191,54.98431441,128.53263429151272,5049.8,0.83061,0.851785,4.527285,0.4025138910705268,0.6357767978263729,0
HD 38283 b,1.0,GV,363.200005,1.02,9.786341992516622,117.5971,293.534784653069,5989.5,1.49,1.2275,4.19,2.563448895224378,1.0971996199399725,0
HD 38529 b,2.0,GIV,14.311254285714284,0.1286999999999999,12.814635350417266,206.58846455,1057.0542090612369,5552.368333333333,2.8370345,0.98,3.7315226,6.863286980434761,2.759934328782245,0
HD 38529 c,2.0,GIV,2139.4632075,3.629083333333334,48.24365713908085,3299.05886466,200.56991942001335,5588.842,2.842712666666667,0.98,3.63190325,7.073642507154173,0.51974408008813,0
HD 38801 b,1.0,KV,690.3579980000001,1.6586,48.57501768266357,3346.5945680000004,251.08935470256336,5250.2,2.30725,1.28675,3.84675,3.628963080135633,0.8809499635274486,1
HD 39091 b,1.0,GV,2092.3842788888887,3.268428571428572,55.85820776246857,4481.3805387,141.8248819731683,5981.666666666667,1.1175000000000002,1.0902500000000002,4.3986,1.4344114569601063,0.577654994276623,0
HD 40307 b,1.0,KV,4.311775,0.0472746666666666,1.9411852446629607,4.0,910.0,4933.48,0.716684,0.7766666666666667,4.52168,0.2729975538302423,4.053947120467296,0
HD 40307 c,1.0,KV,9.61935,0.0807433333333333,2.466756520955649,6.6,696.0,4933.48,0.716684,0.7766666666666667,4.52168,0.2729975538302423,3.101979903786603,0
HD 40307 d,1.0,KV,20.43565,0.13339,2.936367018912194,9.5,541.0,4933.48,0.716684,0.7766666666666667,4.52168,0.2729975538302423,2.413407626856137,0
HD 40307 f,1.0,KV,51.698933333333336,0.2481999999999999,2.0919135830492896,4.676666666666667,398.0,4933.48,0.716684,0.7766666666666667,4.52168,0.2729975538302423,1.7692590613822314,0
HD 40307 g,1.0,KV,197.0715,0.60345,2.554469051122997,7.1,255.0,4911.719999999999,0.716684,0.78,4.5475200000000005,0.268212906700796,1.1371078024164416,1
HD 40956 b,1.0,KIII,578.6,1.4,25.328914612906495,858.141,488.18968075187865,4869.0,8.56,2.0,3.02,36.9484715408861,1.195434991730868,0
HD 40979 b,3.0,FV,264.37499749999995,0.854475,30.851111972317327,1295.91351165,298.17521377212705,6135.6825,1.2273396666666667,1.2496765,4.363894999999999,1.9154503721043767,1.2095507779345158,0
HD 42012 b,1.0,KV,857.5,1.67,19.71911854618731,508.528,153.5749367111726,5405.0,0.82,0.83,4.45,0.5148732725801419,0.7051082475622491,0
HD 4203 b,1.0,GV,428.798,1.1568999999999998,21.454176628841967,606.54045151,257.3205948355912,5626.265,1.471813,1.1443015,4.205004,1.9474927713414765,0.9947118851300756,1
HD 4203 c,1.0,GV,7051.0,7.375,22.56110458306185,673.7878102533333,102.3933818922577,5603.530000000001,1.4977195,1.0857353333333333,4.114508,1.984255642808588,0.3837566880417711,0
HD 4208 b,1.0,GV,829.494,1.6592000000000002,14.161446761806117,254.57452036,168.89329236001865,5653.9525,0.9004659999999999,0.8843333333333333,4.4745855,0.7434180660275143,0.7301861852965358,0
HD 42618 b,1.0,GV,149.05,0.54385,3.6297695717495473,14.796098925,337.0,5721.825,0.9940305,0.9674435,4.4246505,0.9502274103042294,1.3339766356812783,0
HD 42813 b,1.0,GV,13.630827125,0.10925,3.419083295,9.1,737.8475,5285.25,0.9813,0.9205,4.401666666666666,0.6741485227764439,2.9031946680668206,0
HD 4308 b,1.0,GV,15.56,0.1175,3.6500611554202775,14.9695,679.2439401351821,5685.5,1.02,0.88,4.44,0.9753597933316862,2.7371423656939693,0
HD 4313 b,1.0,KIV,356.07,1.159,21.55407922860304,612.45841,419.9250009769938,4994.333333333333,4.983333333333333,1.6749999999999998,3.3633333333333333,13.862444647925718,1.2023770319725402,0
HD 43197 b,1.0,GV,318.36036,0.901,12.099496781442973,183.224554535,235.292179287695,5508.0,1.0,0.96,4.31,0.8257823122302608,1.0324004971623373,1
HD 43691 b,3.0,GV,36.97935,0.239,24.506164733977272,800.9132500000001,644.8591744070309,6146.5,1.6,1.35,4.28,3.2782446347776126,2.3770751818188582,0
HD 44219 b,1.0,GV,472.15,1.225,12.134535057316691,184.33523803,242.11057254581243,5752.0,1.32,1.1,4.21,1.7112490572295893,0.9477707080753952,1
HD 45184 b,1.0,GV,5.8856,0.06425,3.2907320535244597,12.05428263,969.4465982078428,5844.5650000000005,1.075139,1.022452,4.424751,1.2101183699163474,3.989880444356654,0
HD 45184 c,1.0,GV,13.13805,0.10975,2.990780493615722,9.8716486,741.7510889773941,5844.5650000000005,1.075139,1.022452,4.424751,1.2101183699163474,3.052770694086918,0
HD 45350 b,1.0,GV,948.6625,1.892,19.73503755593532,509.3863822875,185.28051300054256,5596.593333333333,1.261192,1.0066666666666666,4.267747666666667,1.4000619981345863,0.7295536961371587,0
HD 45364 b,1.0,KV,226.36,0.6803,7.082732789139208,59.830108725,252.7651679556741,5450.0,0.89,0.82,4.38,0.6269831542171215,1.0980741673117678,1
HD 45364 c,1.0,KV,344.14,0.8996,12.366899821765792,191.78964772,219.8076171817245,5450.0,0.89,0.82,4.38,0.6269831542171215,0.9548984464818856,0
HD 45652 b,1.0,GV,43.757666666666665,0.2323333333333333,10.378258820803245,132.95363,432.8735810726562,5279.333333333333,0.95,0.875,4.26,0.6290039839796511,1.940989780547308,0
HD 46375 b,2.0,KIV,3.023689333333333,0.04026,7.856489336302463,74.30663901,1019.1912110780092,5274.6900000000005,0.914196,0.9264155,4.5091605,0.580438546943096,4.797787460639164,0
HD 47186 b,1.0,GV,4.0845,0.05,4.437179503551289,22.51405,1066.0780718075018,5657.0,1.08,0.96,4.36,1.0717218273254183,4.382537070404489,0
HD 4732 b,2.0,KIV,365.97,1.1595,22.85430777553766,692.21860815,423.8210244300607,4928.5,5.215,1.565,3.165,14.39651980584177,1.1619749843903058,0
HD 4732 c,2.0,KIV,2958.1,4.6625,26.06873125315777,911.361294775,211.35301667994028,4928.5,5.215,1.565,3.165,14.39651980584177,0.579459026573243,0
HD 47366 b,1.0,KIII,360.8433333333333,1.2336666666666667,22.170604324575955,649.6434144566666,481.544299495109,4882.0,7.3,1.81,3.0133333333333336,27.159806440199294,1.2114775099127018,0
HD 47366 c,1.0,KIII,681.6933333333334,1.8876666666666668,19.253120585914758,483.73483545,389.2893366861007,4882.0,7.3,1.81,3.0133333333333336,27.159806440199294,0.9793808726186256,0
HD 47536 b,1.0,KIII,712.13,1.93,40.84840297271765,2330.0,619.3383274016987,4380.0,23.47,2.1,2.019015143097805,181.8915279463266,1.0432922393476445,0
HD 4760 b,1.0,KIII,434.0,1.14,55.47783033094639,4417.837,1007.9538175987786,4076.0,42.4,1.05,1.62,445.2031869044519,0.9598805857287012,0
HD 48265 b,1.0,GIV,773.6033333333334,1.7413333333333334,18.47885033517602,443.96695,245.81040170528257,5691.5,1.9755,1.296,3.945,3.674099206327492,0.8628524328916781,0
HD 48948 b,1.0,KV,7.34013,0.0652,2.1349488508165924,4.88,957.0,4593.0,0.679,0.686,4.61,0.1840836344389806,3.24424201187691,0
HD 48948 c,1.0,KV,38.06,0.1951,2.583553274875797,7.27,553.0,4593.0,0.679,0.686,4.61,0.1840836344389806,1.8754625963459304,0
HD 48948 d,1.0,KV,151.92,0.4894,3.093006567488101,10.59,349.0,4593.0,0.679,0.686,4.61,0.1840836344389806,1.1841454738644146,0
HD 4917 b,1.0,KIV,400.5,1.167,19.80735631325164,513.29545,403.4424074781122,4802.0,5.01,1.32,2.97,11.974404497059089,1.0637180323852846,0
HD 49674 b,1.0,GV,4.946736,0.05816,5.50089157515157,35.278096792,961.3420723690808,5618.8575,1.0354576666666666,1.015,4.455832,0.958841048961486,4.17826331833369,0
HD 50499 b,1.0,GV,2465.7,3.86725,19.121861200383343,476.8678431640001,147.90889966452795,6059.7,1.4013179999999998,1.2620613333333333,4.296448,2.3755695329802555,0.5713656014042267,0
HD 50499 c,1.0,GV,9509.95,9.56,26.871052313746222,970.96811713,94.58277754007318,6038.55,1.426477,1.281592,4.321172,2.427448718559741,0.3662021854013009,0
HD 50554 b,1.0,FV,1254.5666666666666,2.3174,33.221213683401515,1512.7194252333331,166.46396456471115,5964.2266666666665,1.0979467500000002,1.0516666666666663,4.396393,1.3685761448891551,0.6737728968572662,0
HD 52265 b,1.0,FV,119.27883333333334,0.5033333333333334,16.657357645735047,357.40182916,405.0,6089.288,1.3502205,1.1998835,4.2944756,2.2488749397326533,1.5442466871176437,0
HD 5278 b,1.0,FV,14.3391625,0.1202,2.45,7.8,943.0,6203.0,1.194,1.126,4.5,1.893675795718008,3.0612016969487383,0
HD 5278 c,1.0,FV,40.87,0.2416,4.02880262940209,18.4,559.1539995549851,6203.0,1.194,1.126,4.5,1.893675795718008,2.1592141332907984,0
HD 5319 b,1.0,GV,646.4599999999999,1.6459400000000002,20.328990257866224,541.9535159999999,313.21445268882263,4930.4,4.04,1.406666666666667,3.4075,8.653288814347464,0.9246206366738812,0
HD 5319 c,1.0,GV,878.4,1.9803333333333333,16.29740883572934,341.45053,284.48927865893324,4900.0,4.06,1.27,3.355,8.525625215290656,0.8009542231901152,0
HD 55696 b,1.0,GV,1766.5,3.1100000000000003,30.82434481158311,1293.564698945,170.42626547963096,6012.0,1.52,1.29,4.15,2.7080265224256195,0.6441539060286173,0
HD 5583 b,1.0,KIII,139.35,0.53,36.4570235478782,1837.0574,811.0863520045204,4830.0,9.09,1.01,2.53,40.34652537484563,1.3806949489941982,0
HD 5608 b,2.0,KIV,783.449995,1.9130000000000005,16.962532613032952,371.22357938,330.2210999403597,4866.75,5.3566666666666665,1.29,3.176,14.442262828110271,0.8213199161003636,0
HD 564 b,1.0,GV,492.3,1.2,9.264854476827136,104.88,219.5559571252372,5902.0,1.01,0.961,4.53,1.1105277575840298,0.8950474401054097,0
HD 56414 b,1.0,AV,29.04992,0.229,3.71,12.07286733326649,1133.0,8500.0,1.751,1.89,4.227711539567423,14.359451297597658,2.873347450736999,0
HD 5891 b,1.0,KIII,177.11,0.7,41.59771054311134,2420.22145,721.8977472502804,4790.0,9.67,1.92,2.785,44.165672914038325,1.6564433142588353,0
HD 59686 A b,2.0,KIII,299.36,1.086,39.73626770855874,2199.3836,658.4874364339765,4658.0,13.2,1.9,2.49,73.59285460547183,1.3229300206978178,0
HD 60292 b,1.0,KIII,495.4,1.5,38.563477821982914,2065.895,748.0002518245968,4348.0,27.0,1.7,1.9,233.76286424749125,1.0647651181210345,0
HD 60532 b,1.0,FIV,201.6,0.7645,16.082898598507075,332.1249,458.7107699462649,6170.0,2.57,1.47,3.815,8.588093277271382,1.3868992282138224,0
HD 60532 c,1.0,FIV,602.05,1.59,24.342749800871527,789.79165,318.07469517529216,6170.0,2.57,1.47,3.815,8.588093277271382,0.9616899758090176,0
HD 6061 b,2.0,GV,5.2546835000000005,0.0595,2.4388177850000003,10.4,1134.655,5927.0,1.0072,1.01345,4.441,1.123210082172869,4.127790665685522,0
HD 62364 b,1.0,FV,5138.0,6.15,62.90798326647264,5745.066284932001,121.0555708170202,6255.0,1.401,1.1823333333333337,4.215,2.6957236988520825,0.4385381629200954,0
HD 62509 b,1.0,KIII,591.98,1.65,24.949478934274225,831.4928,459.12576878304526,4875.3150000000005,8.9,1.715,2.78,40.14954132480468,1.0196827539188498,0
HD 63433 b,1.0,GV,7.107913633333332,0.0717666666666666,2.1413789825,21.755,926.775,5632.5,0.9164833333333332,0.98405,4.529333333333333,0.7584794080132015,3.703583829884737,0
HD 63433 c,1.0,GV,20.5442943,0.1455333333333333,2.635058202,16.3695,650.615,5643.571428571428,0.9164833333333332,0.9854714285714286,4.547,0.7644605833424923,2.602649973242308,0
HD 63433 d,1.0,GV,4.209075,0.0503,1.073,1.0959219831590452,1040.0,5688.0,0.912,0.99,4.52,0.7811202154247361,4.437195754153341,0
HD 63454 b,1.0,KV,2.8179736666666666,0.0376,12.31,79.4575,886.4707980320222,4831.0,0.77,0.42,4.2700000000000005,0.2897473350674495,3.342763925669379,0
HD 63765 b,1.0,GV,358.0,0.94,12.184494022098018,185.92495,207.2955074766152,5440.5,0.83,0.65,4.415,0.5415035314674725,0.8317019802098164,0
HD 63935 b,1.0,GV,9.058809,0.083,2.9528762200000003,10.65,868.11,5523.5,0.9594,0.9368,4.4125,0.7686820002879572,3.360155522084776,0
HD 63935 c,1.0,GV,21.4025,0.148,2.98225648,11.1,651.7950000000001,5523.5,0.9594,0.9368,4.4125,0.7686820002879572,2.5163298375588115,0
HD 64121 b,1.0,GIII,623.0,1.51,24.6917300261746,813.64072192,390.8225633195887,5078.0,5.44,1.64,3.19,17.654622492628693,1.0423376722552795,0
HD 6434 b,1.0,GV,22.00433333333333,0.1426666666666667,10.632216129428569,139.8439666666667,657.8518807207814,5764.666666666667,1.13,0.995,4.423333333333333,1.2651544185794683,2.6413458320188288,0
HD 65216 b,3.0,GV,594.049995,1.33525,17.429717478817608,392.9133875,185.8969109408736,5636.61,0.8833219999999999,0.8913333333333333,4.5006425000000005,0.7066427236521465,0.8171725408422661,0
HD 65216 c,3.0,GV,5370.0,5.75,22.097834939234662,645.1949,89.449262188651,5617.719999999999,0.886644,0.937,4.491285,0.7024715914276763,0.4037484397773616,0
HD 66141 b,1.0,KIII,480.5,1.2,37.11375438912057,1906.9,740.2483623852252,4323.0,21.4,1.1,1.78,143.5021271767857,0.9575924285154006,0
HD 66428 b,1.0,GV,2203.5171575,3.380857142857143,49.48491190107814,3478.94974302,134.7046690647242,5711.52,1.143765,1.060915,4.3636526,1.2490225031897124,0.5602758057113703,0
HD 66428 c,1.0,GV,10478.84437,9.408,20.661568983803043,560.64930995,80.7273303399809,5647.6,1.169119,1.0302875,4.322943,1.247564491460934,0.3309828909778801,0
HD 67087 b,1.0,FV,352.2,1.08,26.89794259132742,973.0,307.49186988075706,6330.0,1.55,1.36,4.19,3.460732937592053,1.1223609821202307,0
HD 67087 c,1.0,FV,2374.0,3.86,33.5065359946482,1540.0,162.6491742923263,6330.0,1.55,1.36,4.19,3.460732937592053,0.5936777680352064,0
HD 68402 b,1.0,GIV,1126.5,2.2095,26.93413278328859,975.7381,163.925306653619,5950.0,1.02,1.12,4.42,1.169925094126827,0.7120934521626957,0
HD 6860 b,1.0,MIII,663.87,2.03,77.90442709179096,8981.83078182,1005.765932257976,3802.0,86.4,2.49,0.541,1399.4770634371826,1.1077114339222274,0
HD 68988 b,1.0,GV,6.27661112,0.07052,21.53357343117065,611.24125792,1000.4783618823076,5925.136666666666,1.2228665,1.208533,4.374078,1.6536417700532355,4.1404551913926575,0
HD 68988 c,1.0,GV,14950.0,12.65,57.56416056869912,4772.193531105,75.16375380976564,5883.41,1.255733,1.1863325,4.309234,1.6951218508145434,0.3062900828586246,0
HD 69123 b,1.0,KIII,1192.15,2.481,26.91307048511084,974.144067455,346.3347021075502,4842.0,7.72,1.68,2.86,29.391624533938344,0.8230310932418046,0
HD 69830 b,1.0,GV,8.668225,0.0789499999999999,3.042660981430932,10.232928775,734.2886424562176,5402.79,0.886947,0.8748935,4.490299,0.6013918490600882,3.329480776880684,0
HD 69830 c,1.0,GV,31.5865,0.1871,3.125844059134528,10.82634031,476.9863866091359,5402.79,0.886947,0.8748935,4.490299,0.6013918490600882,2.162796635035233,0
HD 69830 d,1.0,GV,198.805,0.6375,3.778315683671764,16.089899215000003,258.40611306510726,5402.79,0.886947,0.8748935,4.490299,0.6013918490600882,1.171689355293318,1
HD 70642 b,1.0,GV,2118.5080000000003,3.2646,21.90419827516875,633.43519,128.06954592928295,5701.0,1.002,1.0515,4.437,0.951545274962748,0.5676290771348415,0
HD 7199 b,1.0,GV,615.0,1.36,8.416813039472391,85.8141,183.7093800357902,5378.5,0.965,0.8300000000000001,4.345,0.6991802763622248,0.7813481280035427,0
HD 72490 b,1.0,KIV,858.0,1.88,20.684022394943447,561.92344,324.96531920129047,4934.0,4.96,1.21,3.21,13.081266201321103,0.8023959805582112,0
HD 72659 b,1.0,GV,3424.939854,4.542,27.004790533245774,981.095534676,134.3717956291594,5919.245,1.42357,1.0660205714285715,4.1973462,2.232095481230437,0.4845451063708846,0
HD 72659 c,1.0,GV,35202.57366,21.819666666666667,65.0720471018438,6165.8710958,60.02094166876032,5929.0,1.36,1.0615,4.23,2.0506590929235897,0.2206027527404798,0
HD 72892 b,1.0,GV,39.460515,0.228,35.47379107135618,1735.02961474,533.5167215267891,5688.0,1.22,1.015,4.27,1.3978090958734624,2.1102824229198704,0
HD 73267 b,1.0,GV,1255.1378975,2.20225,29.56081239127712,1185.2151746275,144.04624255892736,5340.333333333333,0.9745,0.90175,4.3356666666666674,0.6929900510397068,0.6400070384518385,0
HD 73344 b,1.0,FV,15.609475333333334,0.1303,2.942,11.455,911.0,6286.866666666666,1.22,1.1949999999999998,4.332,2.086154699963833,3.0289125088031708,0
HD 73344 c,1.0,FV,65.94,0.3388,9.824204383309157,118.54999581,473.06196284395736,6148.0,1.22,1.19,4.36,1.9078531640499143,1.874462531866064,0
HD 73344 d,1.0,FV,5823.0,6.7,24.64553360842016,810.46243785,106.37812442730484,6148.0,1.22,1.19,4.36,1.9078531640499143,0.4215130873139824,0
HD 73526 b,1.0,GV,189.2333333333333,0.6533333333333333,25.67039757767551,882.4988,347.55203509453713,5601.0,1.53,1.095,4.12,2.0669739453060654,1.2948356117267628,0
HD 73534 b,1.0,GV,1743.6,3.0067500000000003,16.401028829449093,346.003572,186.9787093639152,4962.0,2.5966666666666667,1.1795,3.7066666666666666,3.66732412667399,0.6264339647229663,0
HD 73583 b,1.0,KV,6.3980527,0.0641166666666666,2.706666666666667,10.2,703.9,4534.666666666667,0.65,0.73,4.621,0.1602869028890093,3.374822579148004,0
HD 73583 c,1.0,KV,18.88012,0.12375,2.56,9.7,507.9,4546.5,0.65,0.716,4.6215,0.1619665550089306,2.405796514415301,0
HD 74156 b,1.0,GV,51.63936166666667,0.2889483333333333,20.711684112923376,563.4951919916667,554.52684958354,6012.342,1.494948,1.1823325,4.2696195,2.6200931356078696,2.0231808280361934,0
HD 74156 c,1.0,GV,2408.7484075,3.742428571428571,42.70297413331059,2556.568760635,154.3211548283246,6021.618333333333,1.494948,1.2008883333333331,4.267495600000001,2.636300573211791,0.5665647320960066,0
HD 7449 b,2.0,FV,1269.31039,2.3576,43.0321443214994,2597.92939882,160.0868704097411,6031.9,1.01,1.152,4.500652499999999,1.2115717247782674,0.6991432388373772,0
HD 74698 b,1.0,GV,15.017,0.121,4.48274896700153,23.0,778.3080779654721,5783.0,1.333,1.039,4.12,1.7830475212211043,2.9308262496601243,0
HD 74698 c,1.0,GV,3449.0,4.5,10.114909078446365,126.0,127.62564978298678,5783.0,1.333,1.039,4.12,1.7830475212211043,0.4805919597952592,0
HD 75289 b,2.0,GV,3.5090842500000003,0.0477999999999999,10.85234196607474,145.9634275,1260.0,6070.666666666667,1.23,1.2,4.3525,1.8435105211022769,5.011314496004314,0
HD 75784 b,1.0,GV,341.4666666666667,1.046,16.314335461379663,342.1921333333333,357.0224993817496,4883.666666666667,3.4,1.26,3.51,5.899724591835966,1.0977271716433856,0
HD 75784 c,1.0,GV,7900.0,8.4,34.61579185104566,1648.4782666666667,125.98585429748876,4883.666666666667,3.4,1.26,3.51,5.899724591835966,0.387365210160555,0
HD 75898 b,1.0,FV,420.5300025,1.193375,24.955597107229256,831.9190094625001,281.8894242247476,6041.75,1.58,1.278333333333333,4.236666666666667,2.984386225862369,1.0351626005955197,0
HD 76700 b,1.0,GV,3.97098,0.0500333333333333,7.519654696018339,67.80373333333334,1200.095816234974,5656.0,1.37,0.995,4.2295,1.7233305519251267,4.460225389818732,0
HD 76920 b,1.0,KIII,415.6455,1.135,28.84684610755872,1126.1740756333334,513.5859163180114,4675.333333333333,8.33,1.13,2.766,29.74610948919972,0.9979672167986834,0
HD 77338 b,1.0,GV,5.7361,0.0607,3.9316574390197374,17.4849,847.7201388471674,5355.5,0.925,1.37,4.6,0.6315000801791496,4.751611470092788,0
HD 77946 b,1.0,FV,6.5273225,0.0725,2.80073062,9.64,1128.86,6026.5,1.3137,1.18365,4.288,2.042409836324991,4.041267813162,0
HD 79181 b,1.0,GIII,273.1,0.9,12.719924640917876,203.41018048,691.1100673988075,4862.0,11.06,1.28,2.45,61.32815816203304,1.192775511258093,0
HD 7924 b,1.0,KV,5.3977466666666665,0.0573975,2.4228031302963857,6.3566,825.9,5138.026,0.7826040000000001,0.65,4.5552066,0.382965072590911,3.365775725797293,0
HD 7924 c,1.0,KV,15.299866666666668,0.11275,2.6818336776355785,7.86,583.6,5123.0650000000005,0.7809699999999999,0.817018,4.5724415,0.3769450261108555,2.692356226966473,0
HD 7924 d,1.0,KV,24.448966666666667,0.15415,2.437960870067319,6.44,499.0,5123.0650000000005,0.7809699999999999,0.817018,4.5724415,0.3769450261108555,2.3026028179057643,0
HD 79498 b,2.0,GV,1886.55,3.055,18.11507056996116,425.8961,136.546140609495,5744.0,1.05,1.07,4.37,1.0767779982267176,0.5919176165117764,0
HD 80606 b,2.0,GV,111.434494375,0.4556285714285714,11.405310416000004,1306.42963033875,405.0,5562.412857142857,1.046097,1.0121896666666668,4.3969492500000005,0.9399108091653604,1.4907350363972878,0
HD 80653 b,1.0,GV,0.7195810000000001,0.016605,1.613,5.66,2463.0,6019.5,1.2213333333333332,1.18,4.339,1.7571140268121097,8.43133892770241,0
HD 80869 b,1.0,GV,1725.2068900000002,2.8866666666666667,34.65294208112494,1652.17800239,203.2,5837.0,1.062,1.0733333333333337,4.18,1.1746207180637105,0.6098794132741636,0
HD 81040 b,1.0,GV,977.9647583333336,1.9535,40.66223888329964,2307.8617575450003,156.31691720283482,5727.5,0.885,1.01,4.52,0.7562001911543548,0.7191656953306084,0
HD 81688 b,1.0,KIII,183.975,0.7060000000000001,20.03474575818781,525.68818518,800.4065696600045,4775.0,12.065,1.085,2.2965,67.89503337432723,1.239902405448299,0
HD 81817 b,1.0,KIII,1034.150795,3.2665,74.32494182048906,8140.87840205,850.2702331943533,4140.0,83.8,4.3,1.3,1850.884215381329,1.1475401261867584,0
HD 82886 b,1.0,KIV,705.0,1.615,23.604283258741525,740.5439,360.12848072466664,5032.5,5.029999999999999,2.53,3.4,14.559985897275563,1.2518404519686914,0
HD 82943 b,1.0,GV,440.42,1.176612,20.080201535884903,528.184023674,242.87510686045232,5960.862,1.1880350000000002,1.08,4.35960625,1.5987648483822146,0.958231018355194,1
HD 82943 c,1.0,GV,219.6014,0.74167,20.83051388615916,570.273205672,305.9104304495363,5960.862,1.1880350000000002,1.08,4.35960625,1.5987648483822146,1.2069283965917468,0
HD 83443 b,1.0,KV,2.985641571428571,0.0398528571428571,9.927982175030172,121.18237686714284,1095.0927161895552,5437.526666666667,0.98312,0.95,4.3934805,0.7580686063655644,4.883228598901654,0
HD 83443 c,1.0,KV,8241.0,8.0,19.119458314196184,476.7426105,75.64033208325627,5442.0,0.94,1.0,4.39,0.6953119715761524,0.3536144393294422,0
HD 8535 b,2.0,GV,1313.0,2.45,13.094326275776629,216.1244,173.401059032149,6136.0,1.19,1.13,4.46,1.8010475400696364,0.6792523717785346,0
HD 85390 b,1.0,KV,791.84,1.471,5.564950103314681,36.142156666666665,154.8576167054097,5178.666666666667,0.8,0.759,4.3933333333333335,0.4129920154407829,0.7184383976285623,0
HD 8574 b,1.0,FV,227.1475,0.7592500000000001,21.551290247559745,612.29279169,333.0528909820369,6037.285,1.4053223333333331,1.1681955,4.212135,2.35401083720934,1.2406244850144603,0
HD 86081 b,2.0,FV,2.137614366666667,0.0332,19.3617793862132,489.4582,1607.5910354424486,5978.5,1.46,1.21,4.27,2.443230807216628,6.038076725623728,0
HD 86226 b,1.0,GV,1616.625,2.723333333333333,10.747201894201622,143.0235,176.0,5924.333333333333,1.0415,1.033,4.390000000000001,1.198854128528745,0.6159915346231598,0
HD 86226 c,1.0,GV,3.984507133333333,0.049,2.16,7.35,1311.0,5911.0,1.053,1.019,4.403333333333333,1.214480174707952,4.561041627623825,0
HD 86264 b,1.0,FV,1481.2637433333332,2.8320000000000003,46.71091208164628,3083.78680732,205.1633852419477,6210.0,1.88,1.3666666666666665,4.02,4.715979941074126,0.6947997611387513,0
HD 86728 b,1.0,GV,31.1515,0.1916,2.925994713906737,9.43,577.9974398826193,5610.0,1.237,0.967,4.25,1.359817713784948,2.246934790198183,0
HD 8673 b,2.0,FV,1639.345485,2.995,55.13998510781911,4361.79536797,183.4783964973049,6389.05,1.50225,1.28,4.19179,3.3738006913095697,0.653855160078313,0
HD 86950 b,1.0,KIII,1270.0,2.72,29.066710138841877,1144.188,350.4501354473125,4805.0,8.8,1.66,2.66,37.03639969079363,0.7813481280035427,0
HD 87646 b,3.0,GV,13.481,0.117,52.52798057883307,3941.092,851.578498640091,5770.0,1.55,1.12,4.1,2.3892219661433365,3.094504114275549,0
HD 87816 b,1.0,KIII,484.17,1.618,39.238227573390674,2142.16346318,477.1132264154063,4989.0,9.0,2.41,2.86,45.02242513664452,1.220658688225174,0
HD 87816 c,1.0,KIII,7596.0,10.14,52.12076549723003,3877.5065654,190.5863256413206,4989.0,9.0,2.41,2.86,45.02242513664452,0.4876009327992047,0
HD 87883 b,1.0,KV,3025.244236,3.8154,38.24545288911846,2030.4476595783333,91.7915474962552,4961.47,0.7942785,0.8139415,4.532873333333333,0.3429864338245073,0.4619569894298045,0
HD 88133 b,1.0,GV,3.415229733333333,0.0476516666666666,8.630138773065775,90.422635,1439.6659317484716,5418.666666666667,2.0458075,1.226,3.95322,3.2373460601242527,5.073190511377287,0
HD 88986 b,1.0,GV,146.05,0.58,2.49,17.2,460.0,5861.0,1.543,1.25,4.16,2.5206270213342266,1.4683040398662377,0
HD 89307 b,1.0,GV,2301.5,3.4123666666666668,22.453744764631256,667.10401369,135.6306317287411,5943.428,1.0808,1.0826666666666669,4.421682499999999,1.3077614939264832,0.5633710439540106,0
HD 89345 b,1.0,GV,11.81428188,0.1077,7.173790666666666,36.372910000000005,1070.0,5539.0,1.6902,1.1323333333333334,4.046749999999999,2.4126343415186,3.2430547336596662,0
HD 89744 b,2.0,FV,256.78,0.915,43.18920929760345,2617.786833333333,388.5732282677644,6277.053333333333,2.13257,1.709,3.96652,6.334607572172053,1.3668959864304555,0
HD 90156 b,1.0,GV,49.6895,0.25045,3.9845367877526536,17.98,436.3884371809689,5614.31,0.920286,0.847977,4.459786,0.7549549491582301,1.840375751390794,0
HD 9174 b,1.0,GIV,1179.0,2.2,16.554195134288655,352.7913,197.0259797350932,5577.0,1.67,1.03,4.03,2.4206130494618256,0.6843562784327635,0
HD 92788 b,1.0,GV,325.7896666666666,0.9583333333333331,29.12458396153892,1148.95451544,252.64032697511743,5750.541666666667,1.125,1.0964375,4.398003500000001,1.2417378324186523,1.0698148627739348,1
HD 92788 c,1.0,GV,9985.64875,9.38,27.637699591814677,1029.766961835,81.29076028522566,5723.125,1.1509775,1.1128749999999998,4.3640105,1.2751358143582752,0.3445059745328729,0
HD 93963 A b,2.0,GV,1.0381190666666666,0.02073,1.43651456,2.8,1942.115,5960.666666666667,1.0347,1.0872000000000002,4.4783333333333335,1.2125456318798575,7.243192955921162,0
HD 93963 A c,2.0,GV,3.64513935,0.047695,3.173880285,18.8,1278.225,5947.5,1.0370499999999998,1.0967,4.4675,1.2073329252500482,4.79603649489061,0
HD 9446 b,1.0,GV,30.052,0.189,13.2769481106698,222.472,540.3169384851776,5793.0,1.0,1.0,4.53,1.0104247229996597,2.3006157142483823,0
HD 9446 c,1.0,GV,192.9,0.654,20.97247416000724,578.426,290.4628607919734,5793.0,1.0,1.0,4.53,1.0104247229996597,1.2367619342399834,0
HD 94771 b,1.0,GV,2164.0,3.48,11.640576781910378,169.0,168.84618625108308,5631.0,1.903,1.2,3.94,3.2667021315348226,0.587321615946495,0
HD 94834 b,1.0,KIV,1576.0,2.74,17.5892215277377,400.4658,240.87158117914203,4798.0,4.2,1.11,3.22,8.387439591552685,0.6365920225553398,0
HD 94890 b,1.0,KIII,824.61,2.07,22.61209598886327,676.97450691,448.8971674884949,4867.0,10.71,1.74,2.6,57.74497220048727,0.9169896532681332,0
HD 94890 c,1.0,KIII,2492.19,4.33,44.8444118669584,2831.85110637,310.3759698231052,4867.0,10.71,1.74,2.6,57.74497220048727,0.6340239448228292,0
HD 95086 b,1.0,AIII,46.93424928653688,55.85,35.41409464399683,1728.9329060799998,1008.0,7595.0,1.48667,1.685,4.34161,6.598270538299509,0.1737254110202052,0
HD 95089 b,1.0,KIV,485.7,1.435,17.38741347193854,390.9229,375.04376935675145,4960.0,4.99,1.56,3.3200000000000003,13.521275045916775,1.0428247563063686,0
HD 95089 c,1.0,KIV,1822.5,3.33,29.48832757711674,1179.1493,246.30556247683967,4918.0,5.08,1.46,3.24,13.544761808441258,0.6622611746949104,0
HD 95127 b,1.0,KV,482.0,1.28,48.7962756308325,3378.5329,968.104929091813,4218.0,41.01,3.7,1.78,477.63450153211,1.7004773875636006,0
HD 95338 b,1.0,KV,55.084847,0.262,4.08087127,42.44,385.0,5154.5,0.869,0.839,4.49,0.4782726854990718,1.7898033587090196,0
HD 95544 b,1.0,GV,2127.847173333333,3.311666666666666,39.59026431464708,2182.5276708700003,156.5,5722.0,1.088,1.0633333333333337,4.07,1.1385157804950752,0.5667432936791177,0
HD 95735 c,1.0,KV,3068.0,3.02,3.486286820042864,13.6,52.704121661631966,3719.475,0.3687915,0.390873,4.89502,0.0233549117988234,0.3598233549428675,0
HD 95872 b,1.0,KV,4375.0,5.175000000000001,31.18446158737009,1325.3511,86.77976873916646,5312.0,0.84,0.7,4.43,0.5040582038398931,0.3678483623553146,0
HD 96063 b,1.0,KIV,361.8,1.05,16.374207935188387,344.82205,432.6559862314679,5084.0,4.625,1.195,3.465,12.821401245767005,1.0669996748666246,0
HD 96127 b,1.0,KIII,647.299995,1.41,67.52538440136568,6661.7168,988.0153849226808,4047.5,51.1,10.94,2.06,628.7515662859845,2.7859549450037604,0
HD 96167 b,2.0,GV,498.4849975,1.3285,13.517596768471574,230.9829525,280.32996582528915,5760.75,1.913333333333333,1.2833333333333334,4.04,3.61732258003392,0.983023594777165,0
HD 96992 b,1.0,KIV,514.0,1.24,16.766778844964712,362.3262,468.98757095512735,4725.0,7.43,0.96,2.76,24.68736447598667,0.8800346211451543,0
HD 97048 b,1.0,AV,97.09710284207188,130.0,24.41317995542137,794.575,53.34522349800193,10000.0,2.25,2.4,4.113668233049952,45.42081118824333,0.135896705588747,0
HD 97658 b,1.0,KV,9.4908466,0.0808,2.2654725,8.129459811428571,754.0,5166.671111111111,0.7332493999999998,0.7903546,4.592906444444445,0.3437451273483277,3.1280976085889254,0
HD 98219 b,1.0,KIV,435.8666633333334,1.27,21.877920966023098,631.84804,380.24631769078496,4954.333333333333,4.55,1.41,3.453333333333333,11.190604202684526,1.053859415089588,0
HD 98649 b,1.0,GV,5513.8192,6.109249999999999,46.70474214206971,3082.9355479,94.96846619710048,5774.5,1.005,0.9966666666666668,4.445,1.0075799485983978,0.4039764068280732,0
HD 98736 b,2.0,GV,968.8,1.864,23.604283258741525,740.5439,150.96890066697026,5271.0,0.93,0.92,4.4646439577987564,0.5990013648309152,0.7026611524294264,0
HD 99109 b,1.0,GV,439.8666633333333,1.1123333333333332,10.994869538067023,149.99862163999998,201.76270642924115,5292.636666666666,0.983152,0.76,4.404589333333333,0.6804864922815987,0.8267311550388495,0
HD 99283 b,1.0,KIII,310.4,1.08,15.520012944662817,308.29355479,638.2933904241777,4886.0,11.21,1.76,2.57,64.25618330367065,1.2767899046872009,0
HD 99492 b,2.0,KV,17.04742857142857,0.1216933333333333,4.942353773548483,28.20471414714285,513.9636164166103,4910.441428571428,0.8108463333333332,0.8351241666666666,4.588000714285714,0.342964449544005,2.6200954691086284,0
HD 99706 b,1.0,KIV,859.0,2.083333333333333,18.114570601226585,425.8715333333333,321.32579616588794,4895.0,5.46,1.6266666666666667,3.12,15.35627638175297,0.8837814592539809,0
HIP 107773 b,1.0,KIII,144.3,0.72,21.83571923634597,629.3034,804.8315606115111,4945.0,11.6,2.42,2.6,72.18899773515382,1.8336498984857357,0
HIP 111909 b,1.0,KIII,487.08,1.32,17.251688901048254,384.57237247,367.3971257145846,4891.0,4.53,1.28,3.09,10.536027737127096,0.9849019633689224,0
HIP 111909 c,1.0,KIII,893.63,1.97,14.237519129099471,257.44100967,300.7388999753423,4891.0,4.53,1.28,3.09,10.536027737127096,0.8062075403312452,0
HIP 113103 b,1.0,KV,7.610303,0.06899,1.829,4.363163036208731,721.0,4930.0,0.742,0.761,4.6,0.2918000336463393,3.321805806392908,0
HIP 113103 c,1.0,KV,14.245648,0.10479,2.4,5.277173334085132,585.0,4930.0,0.742,0.761,4.6,0.2918000336463393,2.6953017432203983,0
HIP 114933 b,1.0,KIII,1480.315,2.84,21.13755524960394,587.9825529499999,266.4307679353068,4823.5,5.27,1.39,2.99,13.488393021561889,0.6997182706022079,0
HIP 116454 b,2.0,KV,9.109078925,0.0824833333333333,2.4987449999999995,11.0833,729.4,5078.75,0.7275,0.7875000000000001,4.5873333333333335,0.3159244125593139,3.0904175646791883,0
HIP 12961 b,1.0,KV,57.435,0.25,9.594463377045606,112.82965,258.9052456996564,3943.5,0.6553995,0.655,4.62016,0.0932029035343569,1.6189208995129134,1
HIP 14810 b,1.0,GV,6.673961399999999,0.06944,29.760642608347663,1202.0220000000002,867.7972425992108,5515.6,1.0454633333333334,0.9925,4.3116675,0.907566617731142,3.781249944426381,0
HIP 14810 c,1.0,GV,130.25390000000002,0.5003333333333333,16.601611859129115,354.9065666666667,324.2254896895173,5524.333333333333,1.048195,1.0,4.313335,0.9181074679792668,1.4139865070107307,0
HIP 14810 d,1.0,GV,966.9,1.915,12.13472913888122,184.3414,164.3871563597347,5514.5,1.035,1.0,4.22,0.8887817202130198,0.7227541513177943,0
HIP 18606 b,1.0,KIII,674.94,1.61,13.896669696277446,244.72787339,341.3287362003917,4860.0,4.83,1.21,3.1,11.676943760303327,0.8670711398375274,0
HIP 29442 c,1.0,GV,3.53795795,0.04439,1.5655,4.5,1170.0,5289.0,0.98,0.8955,4.39,0.6742737761506937,4.492263335255917,0
HIP 29442 d,1.0,GV,6.4296625,0.0660999999999999,1.4540000000000002,5.119999999999999,959.0,5289.0,0.98,0.8955,4.39,0.6742737761506937,3.681349490435234,0
HIP 41378 b,1.0,FV,15.571792666666669,0.1282040366463535,2.7475,6.89,959.0,6248.333333333333,1.3079999999999998,1.159333333333333,4.237,2.339710360098669,3.007656922528462,0
HIP 41378 c,1.0,FV,31.703436666666665,0.2059429137058931,2.6435,4.4,757.0,6248.333333333333,1.3079999999999998,1.159333333333333,4.237,2.339710360098669,2.373043607688736,0
HIP 41378 d,1.0,FV,278.3618,0.8754007931688742,3.75,4.6,367.0,6236.0,1.3219999999999998,1.1549999999999998,4.224666666666667,2.371249139705553,1.148847829848706,0
HIP 41378 e,1.0,FV,369.0,1.0576943928044,5.215,12.0,335.0,6248.333333333333,1.3079999999999998,1.159333333333333,4.237,2.339710360098669,1.047126244112449,0
HIP 41378 f,1.0,FV,499.1199375,1.2920236316692415,9.7,12.0,294.0,6236.0,1.322,1.1549999999999998,4.224666666666667,2.371249139705554,0.9456506981267334,0
HIP 41378 g,1.0,FV,62.06,0.3223297273554901,2.5371908072556093,7.0,605.0,6320.0,1.273,1.16,4.294,2.3196099895860063,1.8973777270483807,0
HIP 5158 b,1.0,KV,345.69000000000005,0.89,17.675814432144822,404.5973333333333,181.2496691242941,4862.666666666667,0.7520445,0.78,4.421773333333333,0.2837101860347679,0.9363264288554818,0
HIP 5158 c,1.0,KV,9017.76,7.7,57.610137407911495,4780.1632,61.07419593925262,4813.0,0.754089,0.78,4.57532,0.2737779757638597,0.3183295261167088,0
HIP 54597 b,1.0,KV,3262.0,3.905,22.99091050048149,700.8940884,79.99966248125952,4799.0,0.66,0.745,4.43,0.2072911308479021,0.4368603217018926,0
HIP 56640 b,1.0,KIII,2717.4515075,4.016666666666667,39.32169580668025,2151.69831539,214.2366862036257,4769.0,4.93,1.75,2.91,11.279581284329335,0.6601780981568084,0
HIP 57274 b,1.0,KV,8.136074999999998,0.07,2.4228031302963857,6.3566,619.9403712156545,4553.333333333333,0.7892,0.29,4.434963333333333,0.2402048553055563,2.0357524349532983,0
HIP 57274 c,1.0,KV,32.03,0.178,10.26729757868512,130.0,367.7379001674875,4640.0,0.68,0.73,4.71,0.1923001387521757,2.02547278811652,0
HIP 57274 d,1.0,KV,431.7,1.01,11.587715521138811,167.4,154.37881611297297,4640.0,0.68,0.73,4.71,0.1923001387521757,0.8503069467576095,0
HIP 65 A b,2.0,KV,0.9809818566666668,0.01741,22.75427,979.390795325,1411.0,4590.0,0.7242,0.781,4.611,0.2088611346858234,6.6988632982439205,0
HIP 65426 b,1.0,AV,73.5138447653489,92.0,16.8135,2860.47,1500.0,8840.0,1.77,1.96,4.234131566193934,17.165064620919996,0.1459852930461804,0
HIP 65891 b,1.0,KIII,1082.02863,2.802,36.94830759710864,1889.17683021,361.9408687005173,5000.0,8.93,2.495,2.9,44.717012915127725,0.9437917864552434,0
HIP 66074 b,1.0,KV,310.9,0.799,34.01392906537052,1589.142035,162.03005051616532,4300.0,0.69,0.705,4.58,0.1460366472572673,0.9394986336362068,0
HIP 67522 b,1.0,GV,6.959479725,0.07475,9.99955045,426.52908544907217,1175.0,5675.0,1.38,1.22,4.0,1.7721949155670054,4.040632017542983,0
HIP 67522 c,1.0,GV,14.334892,0.1228,7.93595834,135.53470940950135,917.0,5675.0,1.38,1.22,4.244423685433347,1.7721949155670054,3.152504505384175,0
HIP 67537 b,1.0,KIII,2543.3823766666665,4.879,53.30400344236799,4063.7599060033335,269.76499714887746,4985.0,8.69,2.3786666666666667,2.85,41.83984369764022,0.6983551951242638,0
HIP 67851 b,1.0,KIII,88.99603666666667,0.4475,16.836949983932715,365.50266805,707.7621523366441,4846.4,5.804666666666667,1.4468,3.084,16.677135014609302,1.7983851766762828,0
HIP 67851 c,1.0,KIII,2713.0718166666666,4.1976,35.43378022717019,1730.9421289771428,231.09115819434632,4846.4,5.804666666666667,1.4468,3.084,16.677135014609302,0.5871900778893193,0
HIP 74890 b,1.0,KIII,817.385,2.1,22.763953498092427,686.5112707200001,308.48579601139573,4837.0,5.195,1.525,3.105,13.254559630467078,0.8523152487329703,0
HIP 75092 b,1.0,KIII,948.59,2.02,20.040540493286077,526.006013585,296.9935620681099,4891.0,4.53,1.28,3.09,10.536027737127096,0.7961672041387979,0
HIP 78530 b,1.0,BV,545.236661798777,740.0,71.19515210088058,7440.829999999999,2700.0,9912.666666666666,2.10876,2.5,4.13086,38.52176430828322,0.058133855722312,0
HIP 8152 b,1.0,GV,10.751012,0.0925,2.5481292150000003,8.35,824.98,5574.0,0.95515,0.92365,4.443,0.7901342134702894,3.1605148474575357,0
HIP 8152 c,1.0,GV,19.60546,0.1385,2.50221254,10.05,674.8399999999999,5574.0,0.95515,0.92365,4.443,0.7901342134702894,2.582877532722565,0
HIP 8541 b,2.0,KIII,1645.2659675,3.729,41.85594033234576,2451.7283316,265.61873095711263,4670.666666666667,7.335,2.009,2.7833333333333337,22.97235833567608,0.7341228816506769,0
HIP 90988 b,1.0,KIII,454.0293866666666,1.31,21.53796559509013,611.5018550666667,343.4152771487209,4883.5,3.94,1.4043333333333334,3.32,7.921493347781602,1.035558024521571,0
HIP 91258 b,1.0,GV,5.0505,0.0584999999999999,16.33118858416134,342.93135,899.4443983399033,5519.0,0.945,0.96,4.53,0.7433529054629466,4.051656954862855,0
HIP 94235 b,2.0,GV,7.712588999999999,0.0787,3.1035,379.0,1060.0,5988.215,1.08479,1.097,4.43247,1.357596580015091,3.734142881635936,0
HIP 9618 b,1.0,GV,20.772881666666667,0.1442666666666666,3.82612709,8.9,663.0933333333334,5602.666666666667,0.9585,0.936,4.4475,0.8121817436217054,2.5475921948964,0
HIP 9618 c,1.0,GV,52.56357366666666,0.2679666666666667,3.3705197533333333,7.0,486.7366666666667,5602.666666666667,0.9585,0.936,4.4475,0.8121817436217054,1.8692720890638173,0
HIP 97166 b,1.0,KV,10.288912,0.09,2.6100669,19.55,729.3299999999999,5207.0,0.8389,0.9161,4.4835,0.4641523455523482,3.19098799881381,0
HIP 97166 c,1.0,KV,16.636,0.124,2.8537617998921254,8.95,642.0,5207.0,0.8389,0.9161,4.4835,0.4641523455523482,2.718539095299993,0
HIP 97233 b,1.0,KV,1058.35502,2.496,66.9606163875581,6545.79854777,297.7337114755935,5020.0,5.34,1.81,3.26,16.247525700254368,0.8517104599755672,1
HN Lib b,1.0,MV,36.116,0.1417,2.2528057839531783,5.46,234.4,3347.0,0.299,0.291,4.76,0.0100659571208001,1.433298193019232,0
HR 2562 b,1.0,FV,21.483870961688243,23.65,12.44199,4195.3349724,1227.5,6597.0,1.334,1.334,4.3,3.024039401332657,0.2375403140064765,0
HR 5183 b,2.0,GV,27000.0,18.0,27.61046010170616,1027.6468977633333,171.0,5807.266666666666,1.542634,1.07,4.045467333333334,2.42830215012317,0.2438544135079463,0
HR 810 b,1.0,FV,316.7249975,0.9183333333333332,23.31147396649732,721.4741,277.38881932806555,6167.0,1.13,1.34,4.46,1.6570763942088194,1.2081676669294965,0
HR 858 b,2.0,FV,3.5856385,0.04844,2.0445,3.55,1562.0,6277.5,1.258,1.1745,4.281,2.2049463037880543,4.924922801615272,0
HR 858 c,2.0,FV,5.9733975,0.06805,1.959,3.8,1317.5,6277.5,1.258,1.1745,4.281,2.2049463037880543,4.155156921476646,0
HR 858 d,2.0,FV,11.2302555,0.1036499999999999,2.0825,7.1,1068.0,6277.5,1.258,1.1745,4.281,2.2049463037880543,3.3667963007256154,0
HR 8799 b,1.0,AV,169392.55666666667,68.65333333333332,13.0,2000.0,1200.0,7204.58,1.49338,1.5575,4.29656,5.390948513479555,0.1506462056241076,0
HR 8799 c,1.0,AV,73275.44666666667,39.60333333333333,12.1045,3000.0,1200.0,7204.58,1.49338,1.5575,4.29656,5.390948513479555,0.1983458604699141,0
HR 8799 d,1.0,AV,39313.77,25.485,11.54405,3000.0,1300.0,7204.58,1.49338,1.5575,4.29656,5.390948513479555,0.2472559166194606,0
HR 8799 e,1.0,AV,19407.8,15.963333333333331,11.601315,3178.3,1225.0,7269.72,1.49338,1.61,4.197706666666667,5.588577104868402,0.3176333761967855,0
HS Psc b,1.0,KV,3.986,0.0435,18.87379019103153,464.02947422,658.7906033050292,4203.0,0.65,0.69,4.66,0.1182916591655495,3.983409005571497,0
IRAS 04125+2902 b,2.0,KV,8.834978,0.077,10.73820351,514.4583115550199,854.0,4080.0,1.45,0.7,3.960184063105378,0.5227168581917084,3.0156340711489853,0
K2-10 b,1.0,GV,19.303945375,0.1372,3.778244265714285,26.1,676.0,5572.285714285715,0.9328225,0.9236376,4.45732,0.7526990733099234,2.595067928100619,0
K2-100 b,1.0,GV,1.6738444709090907,0.0339666666666666,3.4725,21.8,1600.75,6092.933749999999,1.2222260000000005,1.1615000000000002,4.346718571428572,1.8471353081160728,5.848683582685036,0
K2-101 b,1.0,KV,14.67556891,0.1124,1.996841196,5.405529078556543,618.0,4815.764,0.7461804999999999,0.81,4.56556,0.268681908295756,2.684938471615124,0
K2-102 b,1.0,KV,9.9151575,0.0821746608805885,1.3,1.4064566732378865,567.5236251102042,4666.5,0.739216,0.753,4.53373,0.2324864507920548,3.027634963135939,0
K2-104 b,1.0,KV,1.97426105,0.0236,1.814,4.276367003311909,798.0,3649.0766666666655,0.4902175,0.505267,4.755855,0.0382295708974189,4.627851873334249,0
K2-105 b,1.0,KV,8.266716199,0.0813,3.486700477142857,15.4,849.0,5480.0375,0.921663,0.9644913333333331,4.487694285714285,0.6873347127454771,3.4449178982800124,0
K2-107 b,1.0,FIV,3.3139281,0.04775,15.188744844000002,266.9772,1714.5,6074.75,1.775,1.3,4.105,3.8494634776896106,5.218671644395152,0
K2-108 b,1.0,GV,4.733881859999999,0.0577,5.760747188333333,59.4,1417.3333333333333,5492.166666666667,1.7635599999999998,1.10141,3.935543333333333,2.538897462772438,4.369800248374092,0
K2-110 b,1.0,KV,13.863232573333333,0.1022899999999999,2.553741655714286,16.53333333333333,606.0,4941.0,0.7088311428571429,0.73758975,4.58912,0.2686796946259679,2.6857515256642563,0
K2-111 b,1.0,GV,5.351707571428571,0.0585333333333333,1.6352340528571427,6.217499999999999,1212.3333333333333,5773.5,1.235,0.84,4.2828,1.520479068161852,3.788898738854193,0
K2-111 c,1.0,GV,15.6795,0.116145,3.1756496057026715,11.19,768.2148393260632,5775.0,1.25,0.84,4.25,1.55925745893904,2.68976518413519,0
K2-113 b,1.0,GV,5.8176449,0.06,11.903592499999998,410.0007,1138.0,5638.0,1.264,1.0179999999999998,4.3566666666666665,1.4483858856012235,4.119772627915554,0
K2-114 b,1.0,KV,11.390450671111113,0.0950979999999999,10.70830496714286,621.8852320466666,700.88,4965.0,0.8579786666666668,0.8516666666666666,4.504317142857143,0.4013468327832992,2.993119919017045,0
K2-115 b,1.0,GV,20.272871087,0.1404,11.882218336,293.991945535,665.6666666666666,5684.0,0.85652,0.9393333333333332,4.5270657142857145,0.6870386092721759,2.587029000149899,0
K2-116 b,1.0,KV,4.6553258,0.048,0.7409641066666666,0.6772302082943347,663.8435207744942,4376.925,0.6715565,0.694512,4.64,0.1485016857174822,3.804470687346905,0
K2-117 b,1.0,MV,1.29165,0.0189,1.972,5.24291554376171,868.0,3734.824,0.5106813333333333,0.5242185,4.73651,0.0455271412521206,5.267447959127875,0
K2-117 c,1.0,MV,5.4442642,0.0497666666666666,1.976,5.26890216151918,537.0,3765.373333333333,0.5086495,0.536,4.7485,0.0466615610719589,3.2823742905263504,0
K2-118 b,1.0,KV,50.92316,0.245,2.51,5.746191174990082,328.14828817656905,4726.29,0.718313,0.756446,4.603972505585128,0.2309929719217033,1.7574416197717957,1
K2-119 b,1.0,KV,7.727741040000001,0.0699,2.395,5.256304107592193,666.0,4635.7,0.7155393999999999,0.7266666666666666,4.574553333333333,0.2121378905334388,3.224809136232664,0
K2-12 b,1.0,GV,8.282188516666666,0.0813666666666666,2.383039121666666,5.2,1014.5,5785.4,1.054028,0.9702443333333334,4.29,1.116677359352527,3.453760983912122,0
K2-121 b,1.0,KV,5.18579921,0.0557999999999999,7.726241958571429,51.0,725.6666666666666,4591.795,0.6742482857142856,0.7160236,4.65588,0.1813257636091854,3.5827916461323785,0
K2-122 b,2.0,KV,2.219292315,0.0373,1.2233333333333334,1.2995956601295977,791.5,3924.393333333333,0.603432,0.6265296666666665,4.665204,0.0774883906625596,4.099127133544242,0
K2-123 b,1.0,KV,30.9545747825,0.1653333333333333,2.773333333333333,6.94550672226243,338.0,3957.111666666666,0.5996156,0.6064505,4.666836,0.0790949798947982,1.915545412102597,0
K2-124 b,1.0,MV,6.413757428571429,0.0503333333333333,2.7383333333333333,6.77991102940883,443.5,3556.34,0.369073,0.4073503333333333,4.847262499999999,0.0195491328561716,2.845320387429602,0
K2-125 b,1.0,KV,21.750264,0.121,2.18,4.396097721442908,270.1140440932599,3654.47,0.402049,0.494727,4.923629667932741,0.0258669620963714,2.022390913103863,1
K2-126 b,1.0,KV,7.386759165714285,0.0658,1.905080884,4.819353055419302,601.0,4324.166,0.6390375,0.6739999999999999,4.6530450000000005,0.1281008374974331,3.2010465182239867,0
K2-127 b,1.0,KV,3.5881296,0.04105,8.37,153.76565248237367,809.0,4666.28,0.66,0.7099665,4.514915,0.1852938057241236,4.159463634548985,0
K2-128 b,1.0,KV,5.675731,0.056,1.24670765,1.3319686762520475,658.148150877337,4545.255,0.714113,0.6991225,4.7,0.195279539074664,3.533927293463914,0
K2-129 b,1.0,MV,8.2396515,0.057,1.04,1.0523091364604007,352.4988238433931,3459.09,0.36001,0.360031,4.88153279562797,0.0166481670838861,2.513665615834864,0
K2-13 b,1.0,GV,40.01265033333333,0.21795,1.89,4.726795377909676,511.0,5644.333333333333,0.8300000000000001,0.87,4.33,0.6273308560027409,1.9982792265250264,0
K2-130 b,1.0,KV,2.4941623333333336,0.032,1.1772696466666666,1.2363423071148676,832.5513726507976,4442.235000000001,0.6836236666666666,0.6853484999999999,4.62,0.1632789304503665,4.628664768629209,0
K2-131 b,1.0,KV,0.3692566,0.00943,1.68542819,6.9,2142.5,5179.666666666667,0.758274,0.802914,4.59,0.3713209285429695,9.22897889610892,0
K2-132 b,1.0,KIV,9.1730955,0.0887999999999999,14.5717,156.2664166666667,1586.0,4898.25,3.915,1.08,3.436,7.91620753525752,3.4880313433387227,0
K2-133 b,1.0,MV,3.0712650000000004,0.03247,1.3250000000000002,1.44171906579245,559.3428122638452,3655.0,0.4625,0.4855,4.793787787654992,0.0342501792939236,3.8674833865646847,0
K2-133 c,1.0,MV,4.86802,0.0442049999999999,1.5415,2.874631703058899,479.3839708962137,3655.0,0.4625,0.4855,4.793787787654992,0.0342501792939236,3.314621199336996,0
K2-133 d,1.0,MV,11.02397,0.075935,2.0115,3.7730109892273833,365.7616831990941,3655.0,0.4625,0.4855,4.793787787654992,0.0342501792939236,2.528998678805169,0
K2-133 e,1.0,MV,26.5841,0.1346,1.73,3.809188737834525,296.0,3655.0,0.455,0.461,4.785500159636494,0.0331483692894645,1.8509850741457103,0
K2-136 b,2.0,KV,7.975397333333333,0.0707,1.018,4.3,581.5,4452.666666666667,0.677,0.741,4.625666666666667,0.1616396587778845,3.237981633910701,0
K2-136 c,2.0,KV,17.307157999999998,0.11789,3.02,18.1,447.5,4417.2,0.705,0.7206666666666667,4.6274,0.1697681976305804,2.4728838460896627,0
K2-136 d,2.0,KV,25.573855,0.1538,1.5216666666666665,3.0,396.5,4452.666666666667,0.677,0.741,4.625666666666667,0.1616396587778845,2.1953608757661107,0
K2-137 b,1.0,MV,0.179717,0.0058,0.64,158.915,1471.0,3594.5,0.29,0.463,4.907500000000001,0.0125962072478635,8.936171246634519,0
K2-138 b,1.0,GV,2.353173333333333,0.0338166666666666,1.5233333333333334,2.8200000000000003,1157.0,5343.0,0.854,0.927,4.5545,0.5332689386940038,5.236600618980139,0
K2-138 c,1.0,GV,3.55997075,0.04445,2.359666666666666,6.27,1012.0,5343.0,0.854,0.927,4.5545,0.5332689386940038,4.56750433697202,0
K2-138 d,1.0,GV,5.404943,0.05842,2.5033333333333334,7.92,888.0,5343.0,0.854,0.927,4.5545,0.5332689386940038,3.984135265375055,0
K2-138 e,1.0,GV,8.261426,0.07849,3.2633333333333336,13.54,757.0,5343.0,0.8614999999999999,0.927,4.5545,0.5426766186056906,3.43722282051228,0
K2-138 f,1.0,GV,12.757342,0.1050566666666666,2.814666666666666,1.63,653.0,5343.0,0.854,0.927,4.5545,0.5332689386940038,2.9710026731204584,0
K2-138 g,1.0,GV,41.966621,0.229895,3.0965,4.32,445.0,5331.333333333333,0.8453333333333334,0.9255,4.542666666666666,0.5179516093155937,2.0067738473539456,0
K2-139 b,1.0,KV,28.3819432,0.1793,9.310979135999998,123.00021,544.5,5378.333333333333,0.8884293333333334,0.954314,4.566666666666666,0.5925520276034072,2.307440370752708,0
K2-14 b,1.0,KV,8.36853556,0.0642333333333333,4.81,60.31129439218958,488.0,3876.105,0.45,0.4515,4.891,0.0410106837550123,2.651695376220882,0
K2-140 b,1.0,GV,6.5692171,0.0652666666666666,12.78326877,309.724594255,1011.0,5647.0,1.006,0.9925,4.4168,0.9233300337249996,3.900268678016439,0
K2-141 b,1.0,KV,0.28024285,0.007315,1.51325,5.13,2071.0,4535.25,0.68055,0.7073333333333333,4.608,0.1757983742977125,9.835124936481082,0
K2-141 c,1.0,KV,7.7485,0.0683,7.0,7.7,695.0,4584.5,0.681,0.708,4.62,0.1838027403406518,3.220188249914228,0
K2-146 b,1.0,MV,2.6473532222222222,0.0257666666666666,2.05,5.685,534.0,3378.5,0.335243,0.3305,4.9057200000000005,0.0131372655855523,3.582049609395641,0
K2-146 c,1.0,MV,3.98564,0.0327,2.39,7.295,442.5885877203245,3385.0,0.3399999999999999,0.3445,4.906,0.0136170294314972,3.246352840477575,0
K2-147 b,1.0,KV,0.9619225,0.015825,1.47286006,1.6542834733178593,1077.0,3712.3333333333335,0.578,0.573,4.795,0.0569289778990491,6.018391502468205,0
K2-148 b,2.0,KV,4.38394,0.0454,1.33,1.4487956497189585,617.1067177806558,4079.0,0.632,0.65,4.653,0.099206202990006,3.784458401569794,0
K2-148 c,2.0,KV,6.922555,0.0616,1.73,3.809188737834525,529.7827879954309,4079.0,0.632,0.65,4.653,0.099206202990006,3.2489371210329505,0
K2-148 d,2.0,KV,9.758115,0.0774,1.64,3.343635974779156,472.6261207517312,4079.0,0.632,0.65,4.653,0.099206202990006,2.8984190933989806,0
K2-149 b,1.0,MV,11.332,0.083,1.64,3.343635974779156,397.2490797499531,3745.0,0.568,0.595,4.707,0.0569368989219875,2.6779004032849407,0
K2-15 b,1.0,KV,11.8096345,0.0928,2.48,5.616402106587027,676.0,5145.666666666667,0.7549999999999999,0.765,4.571,0.3585505152860326,2.8716513684794225,0
K2-150 b,1.0,MV,10.593615,0.0727,1.855,4.516054246958194,331.9664767551717,3499.0,0.398,0.457,4.822,0.021302558373889,2.507643983075169,0
K2-151 b,2.0,MV,3.8354935,0.0369,1.3485,1.4750482817958062,566.0,3640.0,0.443,0.4549999999999999,4.8100000000000005,0.0309102727319572,3.512105063664678,0
K2-152 b,1.0,MV,32.6503,0.1725499999999999,2.55,5.921426498322847,337.0,3992.0,0.6205,0.642,4.6635,0.0877274593573542,1.9292344844794869,0
K2-153 b,1.0,MV,7.515639999999999,0.06075,2.0,5.426417309790687,497.0,3782.5,0.5125,0.531,4.7455,0.0482384490688629,2.956984876862947,0
K2-154 b,1.0,MV,3.676305,0.04065,2.11,4.131775014468452,715.0,4037.5,0.6395,0.661,4.6475,0.0975036983495419,4.033159883520943,0
K2-154 c,1.0,MV,7.95482,0.068,2.085,4.0392572456198135,552.0,4037.5,0.6395,0.661,4.6475,0.0975036983495419,3.1183241444763303,0
K2-155 b,1.0,KV,6.342825,0.0554,1.675,3.520433457190172,708.0,4088.5,0.5529999999999999,0.595,4.666,0.0766648201040701,3.277770818675754,0
K2-155 c,1.0,KV,13.852502333333334,0.0933,2.275,4.767214154385583,583.0,4032.0,0.5439999999999999,0.5766666666666667,4.688,0.0701729514379262,2.4865465062097174,0
K2-155 d,1.0,KV,40.70075,0.19115,1.77,4.027678251429298,381.0,4088.5,0.5529999999999999,0.595,4.666,0.0766648201040701,1.764600165680014,0
K2-156 b,1.0,KV,0.813144,0.0149,1.13138093,1.1740632940697795,1347.0,4505.666666666667,0.6177714999999999,0.6511315,4.666666666666667,0.1411178086901412,6.611746632549201,0
K2-157 b,1.0,GV,0.3652585,0.00962,0.99682696,1.14,2432.0,5415.333333333333,0.8719163333333334,0.9147545,4.5,0.5865975613492156,9.753033709338457,0
K2-157 c,1.0,GV,25.942,0.165,5.154959091832254,30.8,587.0,5334.0,0.86,0.89,4.45,0.5371539799006514,2.3228866348369794,0
K2-157 d,1.0,GV,66.5,0.309,4.510630817732033,23.3,429.1,5334.0,0.86,0.89,4.45,0.5371539799006514,1.697425599286734,0
K2-158 b,1.0,GV,10.061298,0.0887,2.63728488,6.312456310331779,794.0,5496.0,0.9210485,0.9263785,4.455,0.6944512202895083,3.232268334669901,0
K2-158 c,1.0,GV,5.90279,0.0622,1.28,1.3783926877168415,948.0,5503.0,0.95,0.92,4.45,0.7425660881618874,3.846570577104011,0
K2-159 b,1.0,GV,12.421564,0.1013,2.233769405,4.604397853223489,684.0,5422.0,0.8299574999999999,0.89285,4.565,0.5341209473441297,2.9693371562410222,0
K2-16 b,1.0,KV,7.61977148,0.06662,2.0740000000000003,3.99886395141254,684.0,4730.75,0.6566666666666667,0.68,4.5695,0.1937759099714847,3.1954139450315004,0
K2-16 c,1.0,KV,19.075146,0.1228,2.258,4.6997578442195,504.0,4730.75,0.6566666666666667,0.68,4.5695,0.1937759099714847,2.353587001947452,0
K2-160 b,1.0,GV,3.705871,0.0465971515646056,3.17824034,8.998182511051953,1014.337523385693,5649.0,0.913754,0.982829,4.61,0.7628422371968451,4.593400152709839,0
K2-161 b,1.0,KIV,9.283188,0.0860647826980267,6.11721229,73.13612044504936,1101.3021211599223,4972.0,2.568173,0.986876,3.63,3.616286927269415,3.386831102593652,0
K2-162 b,1.0,KV,9.4583185,0.0795,1.46315248,1.6401231706077268,631.0,4863.5,0.707813,0.763317,4.67,0.2514910884156617,3.0991592074518683,0
K2-163 b,1.0,KV,6.673117,0.0650886584160931,2.46610713,5.556773358386827,685.0482802150281,4937.0,0.762201,0.826112,4.71,0.3096573460458509,3.5632130419413444,0
K2-164 b,1.0,GIV,17.359515666666667,0.1386868311239551,3.24925008,9.383999214934748,942.7142141568336,5842.5,2.196069,1.180894,3.81,5.041696483856737,2.9185210462701154,0
K2-165 b,1.0,KV,2.354992,0.0326188344051752,1.27443657,1.3706093576758802,1043.69064976116,5185.0,0.803827,0.834847,4.46,0.4189961885579377,5.059926523986483,0
K2-165 c,1.0,KV,4.382745,0.049352173330108,1.55409035,2.932257349677708,848.5020002362803,5185.0,0.803827,0.834847,4.46,0.4189961885579377,4.113630583577268,0
K2-165 d,1.0,KV,14.101361,0.1075596799064504,2.64809498,6.361708424102256,574.7530189950896,5185.0,0.803827,0.834847,4.46,0.4189961885579377,2.786465554922888,0
K2-166 b,1.0,GV,8.5270845,0.0858,2.00661448,3.755618671276952,1140.0,5941.0,1.4031095,1.1163325,4.165,2.2004484039035703,3.607680959983645,0
K2-167 b,1.0,FV,9.977667083333332,0.0947,2.3697457883333333,6.5,1175.0,6056.833333333333,1.488,1.03256625,4.0295,2.6734877934442367,3.3026226676884973,0
K2-168 b,1.0,GV,15.85317725,0.1188824731465264,2.1336155775,4.2200804435087615,766.35,5517.233333333334,0.8614036666666666,0.8918695,4.46,0.6168629518090503,2.7394711079483605,0
K2-169 b,1.0,GV,6.380444333333333,0.0670122055279536,1.341428903333333,1.4650011230686792,818.0248890701018,5447.5,0.919053,0.986144,4.56,0.6673596115225112,3.8367914746275833,0
K2-17 b,1.0,KV,17.967928999999998,0.1149333333333333,1.944584665,5.066843962593967,487.0,4214.682,0.6145766,0.664238,4.754,0.106930387515038,2.4044394306711765,0
K2-170 b,1.0,GV,7.575554866666667,0.0745630462014081,1.5127251233333334,2.745455748554289,845.3965067973462,5748.5,0.980807,0.963657,4.34,0.9424864306811692,3.595625096431263,0
K2-170 c,1.0,GV,12.399859333333334,0.1035599541277879,1.910588233333333,4.853418273303738,717.3421423540801,5748.5,0.980807,0.963657,4.34,0.9424864306811692,3.050986595091754,0
K2-171 b,1.0,KIV,5.627619166666666,0.0595951466529713,2.542190683333333,5.887018943107741,1119.0801083152558,5141.0,1.717458,0.891587,3.95,1.8486407243718108,3.868578388390235,0
K2-172 b,1.0,GV,14.317347333333332,0.1128112341613542,1.718693596666667,3.7487306734363393,618.359604854835,5509.0,0.8644445000000001,0.934356,4.61,0.6175258901620525,2.8784255311649947,0
K2-172 c,1.0,GV,29.6259305,0.1845688386563369,3.21189699,9.18009247303753,483.93935405424446,5521.666666666667,0.8622793333333333,0.955678,4.585520000000001,0.6201068752992527,2.275891681538145,0
K2-173 b,1.0,GV,5.867547355,0.0621953620432359,1.60826194,3.187943045271575,870.7171119871015,5576.675,0.922167,0.932269,4.474795,0.737921806489761,3.872278683809087,0
K2-174 b,1.0,KV,19.56346668333333,0.126,2.610359802,6.190570995738705,455.0,4405.924000000001,0.6726666666666667,0.67210025,4.5769,0.1529810616147992,2.3099721287659976,0
K2-175 b,1.0,GV,9.525988,0.0906380702805219,2.03803688,3.86814613946376,948.3848415817532,5909.0,1.420038,1.094693,4.11,2.2056964401763413,3.4758884400353804,0
K2-176 b,1.0,GV,5.329439499999999,0.0584627501737548,1.520450485,2.7797924228875006,857.5904344029037,5428.0,0.88758,0.938545,4.63,0.613570147210772,4.007402026756448,0
K2-177 b,1.0,FV,14.155185,0.1220510362538067,2.1162048,4.154890864235193,775.2188245980424,6063.0,1.213565,1.210525,4.38,1.7855261216482756,3.1498591192369947,0
K2-178 b,1.0,GV,8.747954,0.0817117883986119,3.693954925,11.973855816116291,738.2323035438357,5525.0,0.887267,0.95109,4.55,0.6581541706606282,3.412270360055069,0
K2-179 b,1.0,KV,5.171840123333333,0.0551402254930681,2.316339425,4.9331483783161945,748.5300715635449,5043.49,0.738708,0.8361725,4.64737,0.3167817188132706,3.894831334193868,0
K2-18 b,1.0,MV,32.940376934,0.1479333333333333,2.243333333333333,8.1775,265.38,3464.4444444444443,0.409502,0.3917779999999999,4.748133333333333,0.0216738623073943,1.6276536064630656,0
K2-18 c,1.0,MV,8.962,0.06,2.624015989141604,7.51,363.0,3457.0,0.411,0.359,4.765232832387252,0.0216456689425284,2.4465076780618533,0
K2-180 b,1.0,KV,8.86624378888889,0.074825,2.6234874525,10.75062082,746.3,5276.571428571428,0.69485,0.7142203333333333,4.584362857142858,0.3357988927553651,3.090065791853414,0
K2-181 b,1.0,GV,6.894046046250001,0.071,2.8403526716666665,7.267872638564411,975.3333333333334,5568.5,1.05928,0.9876,4.394563333333333,0.9679753347374048,3.730236353545799,0
K2-182 b,1.0,KV,4.736962938888889,0.052285,2.7699685728571426,20.48833743,950.45,5166.314285714286,0.7934088571428571,0.855166,4.581531428571429,0.402352985450302,4.0449358711946015,0
K2-183 b,1.0,GV,0.4692803333333333,0.0115863160836049,1.1,1.1319063353632046,1928.0187402405145,5482.0,0.8716415,0.942219,4.6,0.6156328329422587,9.019412021867192,0
K2-183 c,1.0,GV,10.792071985714283,0.0932,2.3,4.867241422451982,787.0,5471.188,0.9394232,0.94305475,4.503416,0.7094780526892405,3.1815260331287742,0
K2-183 d,1.0,GV,22.6293196,0.1527,2.3,4.867241422451982,615.0,5494.333333333333,0.92,0.9361095,4.543333333333333,0.6920309535994291,2.476388575470215,0
K2-184 b,1.0,GV,16.99227731142857,0.1457,1.511572818,2.740355708375496,556.5,5238.3240000000005,0.7697758333333334,0.85,4.615084,0.4003020575698636,2.415764922712544,0
K2-185 b,1.0,GV,10.616376666666666,0.0935187923776686,1.21761591,1.2917052015458306,809.0,5755.0,0.9271745,0.9681095,4.53,0.8460462782368373,3.2180128936959878,0
K2-185 c,1.0,GV,52.712488666666665,0.271418393139064,2.5551731600000003,5.944271539153234,477.0,5788.0,0.9155,0.96,4.48,0.8439576166939506,1.8810093875111185,0
K2-186 b,1.0,GV,41.4701595,0.2359213768234045,3.3110388950000003,9.725952331560642,487.4523745100173,5784.0,1.019115,1.018617,4.45,1.0429161070184427,2.078245251777502,0
K2-187 b,1.0,GV,0.7739745,0.0164,1.345839925,1.4712667832617914,1815.0,5466.333333333333,0.89097825,0.9734995,4.573333333333333,0.6359288082821024,7.705856661849198,0
K2-187 c,1.0,GV,2.871662,0.0392,1.4,1.548696961867989,1173.0,5466.333333333333,0.8909782500000001,0.9734995,4.573333333333333,0.6359288082821026,4.984249992309032,0
K2-187 d,1.0,GV,7.150243502857143,0.072,2.4,5.277173334085132,865.0,5429.668,0.9007421666666668,0.942333,4.535487999999999,0.6326797564822377,3.618353018827468,0
K2-187 e,1.0,GV,13.6076638,0.1106,1.9,4.788051205850631,698.0,5466.333333333333,0.89097825,0.9734995,4.573333333333333,0.6359288082821024,2.967326170574036,0
K2-188 b,1.0,GV,1.742576,0.0289,1.30454311,1.4128497073934725,1692.0,5979.5,1.149601,1.0833055,4.335,1.5158059122910463,6.123525583827017,0
K2-188 c,1.0,GV,7.809459921666668,0.0785,2.78627826,7.007232443150959,1026.0,5943.200000000001,1.1990880000000002,1.0666666666666669,4.315855,1.6094346414377725,3.68684192477134,0
K2-189 b,1.0,GV,2.58812,0.0361,1.505585885,2.713947888203596,1200.0,5488.0,0.87332125,0.9058426666666668,4.55,0.6207179666346262,5.01011586340162,0
K2-189 c,1.0,GV,6.678992147142857,0.068,2.494859636,5.680513832211075,874.5,5480.0,0.8722992857142858,0.9259056,4.547232,0.6156630898515834,3.690658683772549,0
K2-19 b,1.0,GV,7.920143669333331,0.07564,7.308456999999998,32.4,848.6666666666666,5365.307692307692,0.8471164545454546,0.9075163,4.533316666666667,0.5335248075785679,3.4643873249284214,0
K2-19 c,1.0,GV,11.91383541666667,0.09972,4.402634761666667,10.8,740.3333333333334,5395.416666666667,0.8586186363636362,0.903145375,4.5217,0.56051911529296,3.009973556383454,0
K2-19 d,1.0,GV,2.508381771428572,0.0351999999999999,1.1626808242857145,11.333333333333334,1197.0,5430.142857142857,0.8389675,0.9030326,4.551666666666667,0.549066751174154,5.065885466318097,0
K2-190 b,1.0,GV,10.099819333333334,0.089823007596426,1.35673729,1.4867723997237758,746.4279860934525,5618.3,0.9642766666666668,0.9477985,4.41557,0.8312140352047911,3.248921335725602,0
K2-190 c,1.0,GV,21.574023,0.1466827317864288,1.09308317,1.122662380103136,569.4012954796797,5631.0,0.912206,0.904597,4.38,0.7506159840114116,2.4837796284887568,0
K2-191 b,1.0,KV,2.8582661375,0.0374107710542034,1.60444661,3.169521183529387,996.6296660057516,5066.666666666667,0.880375,0.854998,4.4953,0.458262780307656,4.781445431607634,0
K2-192 b,1.0,GV,4.1630795,0.049,1.5215913733333333,2.784884648599295,939.0,5212.333333333333,0.8212736666666668,0.8822063333333334,4.535363333333334,0.446677803019761,4.243869586098261,0
K2-193 b,1.0,GV,14.7867846,0.1184,3.861135395,13.0244249846606,739.0,5672.0,0.98185825,1.00215,4.45559,0.8952252558246908,2.9098158031403143,0
K2-194 b,1.0,FV,39.71572866666666,0.2390273469267265,3.63614929,11.620350857251257,576.7376439458992,6095.5,1.3014683333333334,1.155043,4.245925,2.0979464732642743,2.1986204577295942,0
K2-195 b,1.0,GV,15.8534774,0.1208,3.090065645,8.529795922493992,720.0,5725.31,0.9626666666666668,0.951682,4.475503333333333,0.8933831259745307,2.807291071666296,0
K2-195 c,1.0,GV,28.476743,0.1802451268357204,2.627909455,6.2698875980334,525.3094773266743,5712.0,0.9271835,0.963364,4.55,0.8210583720929978,2.312269361375308,0
K2-196 b,1.0,FV,48.324222,0.2729796724566829,3.59970536,11.400062018096358,581.9669706101068,6045.0,1.538801,1.162095,4.08,2.836873630833401,2.063624361282855,0
K2-197 b,1.0,GV,8.357197094,0.0806,2.5205098,5.791991844594017,848.0,5649.0,0.9253333333333336,0.998,4.52318,0.7822986180215874,3.5194332579914347,0
K2-198 b,1.0,GV,17.04308726,0.1214855678516541,4.195834236666667,42.223654703100216,715.8,5230.185,0.7738627499999999,0.8234893333333333,4.618733333333332,0.4020554355986847,2.6040038921713737,0
K2-198 c,1.0,KV,3.35930275,0.0414025033376664,1.423,1.5818539019189182,1229.9,5198.37,0.7692505000000001,0.839,4.5962,0.3876985485215777,4.502385363813689,0
K2-198 d,1.0,GV,7.449953725,0.0697987963728378,2.629,6.274832157935223,943.2,5219.58,0.7723253333333334,0.817367,4.613099999999999,0.397221406160531,3.422626960602031,0
K2-199 b,1.0,KV,3.225309185714285,0.0383499999999999,1.785838495,7.0,872.0,4575.4,0.6851511666666666,0.711227,4.6328875,0.1845775701613585,4.30721367883685,0
K2-199 c,1.0,KV,7.374441562499999,0.0665,2.764476065,12.5,662.0,4593.0,0.6826184285714286,0.7098405,4.64431,0.1860508459467828,3.267717835486781,0
K2-200 b,1.0,KV,2.849991,0.0372232612257837,1.3721993499999998,1.5088371621419026,963.357242317465,5125.42,0.7997943333333334,0.847104,4.627395,0.39606305443586,4.7712935846782445,0
K2-201 b,1.0,GV,1.059798,0.0200408531789594,1.43503356,1.5992658919204057,1495.657725670749,5507.0,0.8990805,0.956055,4.68,0.667032988533672,6.908095286459438,0
K2-201 c,1.0,GV,22.778339000000003,0.1549228617389517,3.337842005,9.87608851995002,537.9384242210863,5507.0,0.8990805,0.956055,4.68,0.667032988533672,2.484612507918918,0
K2-202 b,1.0,GV,3.4051255,0.043870278254287,2.3058280150000003,4.890701216796961,1017.8635763522732,5491.0,0.9168425,0.971461,4.55,0.6856225581908669,4.706547808930921,0
K2-203 b,1.0,KV,9.693333666666668,0.0824,1.335393313333333,1.4564378485823215,738.4,5013.0,0.7679980000000001,0.7932655,4.5,0.33419569144153,3.1032778492913105,0
K2-204 b,1.0,GV,7.056054,0.0738,2.992661823333333,8.026191594190307,1148.0,5769.0,1.2153325,1.042628,4.2515,1.467851866516475,3.759339041623592,0
K2-205 b,1.0,GV,26.6771315,0.1718291673531173,2.102263855,4.103039750249551,614.4376868786967,5890.0,1.1372870000000002,0.951027,4.25,1.3966615553443678,2.3530056208793804,0
K2-206 b,1.0,KV,18.294549,0.1255841651571874,2.79522879,7.050062797801717,502.3949474046198,5043.0,0.758046,0.789481,4.46,0.3334547002694635,2.507716190080756,0
K2-207 b,1.0,GV,12.488945,0.1032645095420974,2.60585269,6.17027806852612,671.4385062994264,5522.0,0.928579,0.941851,4.41,0.719305158322273,3.0205813892910136,0
K2-208 b,1.0,GV,4.191042666666667,0.04878,1.7010942833333331,3.65575648980128,1122.0,5541.0,0.872,0.903092,4.5615000000000006,0.6430954256843493,4.303482919073854,0
K2-209 b,1.0,KV,2.080615,0.0289120539766102,0.86850263,0.8325349594925365,950.0134818300828,4720.0,0.712365,0.74479,4.46,0.2259763510090098,5.076360187871145,0
K2-21 b,1.0,MV,9.32453956,0.073,1.654,3.413710065851124,500.0,4073.765,0.60569575,0.6580115,4.828,0.0906531277791269,3.002826886868613,0
K2-21 c,1.0,MV,15.500742383333334,0.1025333333333333,2.49,5.659509059821064,420.0,4068.412,0.60569575,0.6486743333333334,4.71678,0.0901775867914309,2.515682350490936,0
K2-210 b,1.0,GV,0.5702315,0.0130495039780025,0.83932173,0.7963555429317294,1804.674789798005,5448.0,0.870895,0.911717,4.574999999999999,0.5994732933212111,8.36003331885051,0
K2-211 b,1.0,GV,0.6695559999999999,0.01419,1.3615727175,1.4936646156783246,1873.0,5232.666666666667,0.8168635,0.866456,4.614333333333334,0.4488292085202472,7.815504958866535,0
K2-212 b,1.0,KV,9.7955126,0.0785,2.5465154080000003,5.906061782068024,542.0,4323.333333333333,0.6615,0.621964,4.6933333333333325,0.1371590386486494,2.815287678520433,0
K2-213 b,1.0,GV,8.13087,0.0809290517771754,1.51398464,2.751036703018773,906.2723818929549,5794.0,1.20424,1.069596,4.25,1.4663238911363583,3.636073412610194,0
K2-214 b,1.0,GV,8.596577400000001,0.0834,2.451135008,5.492850036329775,1003.5,5832.333333333333,1.26175,1.03,4.266666666666667,1.652744898045042,3.5148805541118024,0
K2-215 b,1.0,GV,8.269559000000001,0.0800312379975616,2.37690619,5.181110790398968,828.7565539699974,5704.0,1.027549,0.999987,4.41,1.0027969380562942,3.53543122694893,0
K2-216 b,1.0,KV,2.174793,0.0289,1.674741375,7.05,1020.6666666666666,4561.75,0.6969296,0.7064986666666666,4.5975,0.1887094258976653,4.945175806795824,0
K2-217 b,1.0,GV,14.073312,0.1178559190755193,3.469270365,10.628022814684115,805.3866708390802,5967.0,1.305859,1.102661,4.17,1.9395749857084303,3.0592874959347784,0
K2-218 b,1.0,GV,8.680217500000001,0.0839479201348369,2.679740745,6.5069321974336365,827.5937776829513,5757.0,1.0551155,1.047488,4.45,1.0971721465430768,3.5330073573915506,0
K2-219 b,1.0,GV,3.9010935,0.048844603745566,1.408812915,1.5613825506570869,1182.5076737883926,5753.0,1.255116,1.021545,4.23,1.5482285718958395,4.573992412552716,0
K2-219 c,1.0,GV,6.667535,0.0698236509979397,1.549198615,2.90978783660335,989.033463908059,5753.0,1.255116,1.021545,4.23,1.5482285718958395,3.825625541340651,0
K2-219 d,1.0,GV,11.138029,0.0983025040317369,2.70817228,6.6387291139872096,833.5467696736281,5753.0,1.255116,1.021545,4.23,1.5482285718958395,3.224196074584853,0
K2-22 b,2.0,MV,0.381073,0.01128,2.3,444.962,2100.0,3862.53,0.5683138,0.597646,4.721500000000001,0.0644991091122043,7.280185456447406,0
K2-220 b,1.0,GV,13.682683,0.1104,2.3789467280000003,5.189565075006348,759.5,5623.666666666667,1.0120000000000002,0.943212,4.426666666666667,0.9190288772751224,2.9234462003022004,0
K2-221 b,1.0,GV,2.399038,0.0351986246703948,1.82945136,4.365790748382032,1241.1552684585135,5716.0,1.0093495,1.010842,4.57,0.9757574478495908,5.359864071441396,0
K2-222 b,1.0,GV,15.3875108,0.12085,2.294651902,8.7,824.3333333333334,5973.75,1.08459375,0.9697485,4.33,1.3440400775943566,2.833225975710916,0
K2-223 b,1.0,GV,0.5055966666666666,0.0127,0.89657922,0.867691353427207,2271.0,5851.0,1.001078666666667,1.0635025,4.506666666666667,1.0537720018572672,9.15255571083147,0
K2-223 c,1.0,GV,4.563328333333334,0.0549,1.5631973666666668,2.974361205948488,1091.0,5851.0,1.001078666666667,1.0635025,4.506666666666667,1.0537720018572672,4.402081403929239,0
K2-224 b,1.0,GV,4.4788155,0.0516,1.611894965,3.2055432615944555,1002.0,5617.0,0.8399989999999999,0.9060905,4.59,0.630180678641871,4.191176223302397,0
K2-224 c,1.0,GV,10.095479999999998,0.0886,2.4577037500000003,5.520852077377095,764.0,5620.0,0.84,0.91,4.55,0.6315295614268114,3.2053748068340333,0
K2-225 b,1.0,GV,15.871948333333334,0.13745,3.2534291100000003,9.406944063024811,912.5,5665.0,1.7,1.376,4.1626666666666665,2.670467823527235,3.16454903020306,0
K2-226 b,1.0,GV,3.271092,0.041125,1.5219858633333334,2.7866466898174367,1153.5,5369.666666666667,0.8995,0.8739936666666667,4.521,0.6035058615078238,4.610798798121269,0
K2-227 b,1.0,GV,13.621832,0.1097644222791879,1.66551298,3.4719796647948256,655.2625969809666,5673.0,0.890666,0.950811,4.58,0.7371752271007348,2.943684660424205,0
K2-228 b,1.0,KV,2.698324,0.0338,1.29717168,1.402480062528814,914.0,4739.5,0.6745085,0.7260575,4.665,0.2059656582724464,4.635559307342276,0
K2-229 b,1.0,GV,0.5842061666666667,0.012994,1.0,2.543333333333333,1847.0,5232.333333333333,0.788313,0.84497,4.571666666666666,0.4178966033704734,8.06536818430822,0
K2-229 c,1.0,GV,8.327455,0.076335,2.088701205,14.15,759.0,5223.5,0.7915000000000001,0.85597,4.5675,0.418444712577306,3.349210167154913,0
K2-230 b,1.0,GV,2.860523,0.0409,1.94710282,5.0828685837012575,1529.0,5973.5,1.285622,1.1206,4.245,1.8881300896735285,5.235264629205791,0
K2-231 b,1.0,GV,13.8432355,0.1132066779694579,2.645,6.347588798926689,682.9942554321783,5695.0,0.9903,1.01,4.48,0.925546668106604,2.987443137389852,0
K2-232 b,1.0,FV,11.168451776666666,0.10133,11.534061,124.748275,1015.5,6065.333333333333,1.161,1.188,4.343666666666667,1.6367147007159313,3.4246341490954606,0
K2-233 b,1.0,KV,2.4675143333333334,0.03306,1.352,2.4,1096.0,4926.333333333333,0.71,0.7933333333333333,4.626666666666666,0.2663800677662363,4.899496034854693,0
K2-233 c,1.0,KV,7.060570000000001,0.0666433333333333,1.296,4.6,770.6666666666666,4926.333333333333,0.71,0.7933333333333333,4.626666666666666,0.2663800677662363,3.450837266997941,0
K2-233 d,1.0,KV,24.3660575,0.15218,2.453666666666667,10.3,510.0,4932.25,0.7333333333333334,0.7949999999999999,4.6475,0.2855439928505162,2.286018593429419,0
K2-237 b,1.0,FV,2.1805431575,0.03585,17.2898686125,442.179900675,1827.25,6215.571428571428,1.332,1.2718,4.278857142857143,2.375869302979309,5.95716753846864,0
K2-238 b,1.0,GV,3.20467545,0.046,14.5717,273.3338,1587.0,5630.0,1.59,1.19,4.11,2.2788601708457654,5.087091495415811,0
K2-239 b,1.0,MV,5.24,0.0441,1.1,1.1319063353632046,502.0,3420.0,0.36,0.4,4.9,0.0159074027086792,3.0122130444423165,0
K2-239 c,1.0,MV,7.775,0.0576,1.0,1.0,427.0,3420.0,0.36,0.4,4.9,0.0159074027086792,2.635686413887026,0
K2-239 d,1.0,MV,10.115,0.0685,1.1,1.1319063353632046,399.0,3420.0,0.36,0.4,4.9,0.0159074027086792,2.4169056329626235,0
K2-24 b,1.0,GV,20.88613677777777,0.1553,5.589552423333333,19.7,720.6666666666666,5626.375,1.1810247142857142,1.1050244,4.288142857142857,1.254072141446832,2.6679346653286977,0
K2-24 c,1.0,GV,42.357338125000005,0.2489333333333333,7.720877655555556,15.4,569.3333333333334,5626.375,1.1810247142857142,1.1050244,4.288142857142857,1.254072141446832,2.107266148293846,0
K2-240 b,1.0,MV,6.034,0.0513,2.0,5.426417309790687,586.0,3810.0,0.54,0.58,4.7,0.0551286391829784,3.3630265675324424,0
K2-240 c,1.0,MV,20.523,0.1159,1.8,4.196284380222969,389.0,3810.0,0.54,0.58,4.7,0.0551286391829784,2.2374186961547937,0
K2-241 b,1.0,GV,26.8199,0.1567,2.55,5.921426498322847,507.0,5262.0,0.75,0.71,4.54,0.3869151647143659,2.128970580447692,0
K2-242 b,1.0,MV,6.51389,0.0494,2.54,5.87738393536614,416.0,3459.0,0.37,0.38,4.89,0.0175831040525624,2.773979886813843,0
K2-243 b,1.0,FV,11.54182,0.1087,2.17,4.357862210180719,1035.0,6570.0,1.39,1.29,4.26,3.2298394047120613,3.4455223158673216,0
K2-243 c,1.0,FV,24.94598,0.1817,2.01,3.767666980868927,801.0,6570.0,1.39,1.29,4.26,3.2298394047120613,2.6649703130093534,0
K2-244 b,1.0,GV,21.069520500000003,0.1418,1.700035645,3.650207784061188,638.0,5702.5,0.9054515,0.86,4.475,0.7778241280936724,2.463122969407645,0
K2-245 b,1.0,GV,11.893415,0.0959,4.34,46.11563509487101,846.0,5867.5,1.103,0.855,4.37,1.293758654320111,2.9864052318807746,0
K2-246 b,1.0,GV,5.76918,0.0602,3.49,10.74900614645529,977.0,5610.0,0.94,0.87,4.43,0.7852302143752615,3.802212319477881,0
K2-247 b,1.0,KV,2.25021,0.0304,2.12,4.169059907296115,979.0,4667.0,0.69,0.74,4.63,0.2026465596038181,4.93462383410604,0
K2-247 c,1.0,KV,6.49424,0.0615,2.19,4.434491412331257,688.0,4667.0,0.69,0.74,4.63,0.2026465596038181,3.469391306884265,0
K2-248 b,1.0,GV,7.17256,0.0699,2.57,6.00997872089,886.0,5528.0,0.92,0.88,4.45,0.7091492405353059,3.548769011792132,0
K2-249 b,1.0,FV,12.409,0.1151,2.79,7.025026813516638,1061.0,6504.0,1.57,1.32,4.16,3.957412171200661,3.387070901103992,0
K2-25 b,1.0,MV,3.4845082520000004,0.0287,3.435,24.5,494.0,3190.2,0.2936832,0.28635,4.94034,0.0080152984880898,3.159240071679862,0
K2-250 b,1.0,KV,4.014245,0.04598,2.576286665,6.037942218461801,980.5,5087.5,0.8035000000000001,0.8045,4.537,0.3880425064277564,4.183632467564418,0
K2-251 b,1.0,KV,9.30075,0.0694,2.35,5.070244916795138,437.0,3717.0,0.49,0.52,4.76,0.0411199193705267,2.7377697497969016,0
K2-252 b,1.0,KV,13.81513,0.1041,1.74,3.863137496615764,639.0,5152.0,0.82,0.79,4.5,0.4250313575046423,2.7552636642162693,0
K2-253 b,1.0,FV,4.00167,0.0506,12.67,794.8816972541582,1238.0,6027.0,1.1,1.08,4.39,1.432451696669942,4.6207407553995,0
K2-254 b,1.0,KV,4.09639,0.0448,1.63,3.2941074006514026,791.0,4629.0,0.67,0.71,4.64,0.1849218282554236,3.981668976801594,0
K2-254 c,1.0,KV,12.11839,0.0923,2.19,4.434491412331257,551.0,4629.0,0.67,0.71,4.64,0.1849218282554236,2.773979886813843,0
K2-255 b,1.0,KV,1.96417,0.0274,2.9,7.560598852029191,1034.0,4676.0,0.69,0.71,4.62,0.2042142489059982,5.091302212744168,0
K2-257 b,1.0,KV,1.60588,0.0216,0.83,0.7848768506580982,789.0,3725.0,0.5,0.52,4.76,0.0431852031548059,4.907381035149197,0
K2-258 b,1.0,FV,19.0921,0.149,3.0,8.063626138566859,831.0,6351.0,1.31,1.21,4.29,2.504960559076656,2.850194744409687,0
K2-259 b,1.0,GV,15.4814145,0.1271,2.20831899,4.505234835139433,795.0,5993.5,1.1038875,1.14,4.404999999999999,1.4107872296109785,2.995398682071144,0
K2-26 b,1.0,MV,14.5667532,0.0953499999999999,2.6275,6.268031594982058,430.0,3742.0,0.5150526,0.545,4.736535,0.0466668138091938,2.3911833963205864,0
K2-260 b,1.0,FV,2.62668484,0.04216,17.906361644999997,498.99173002,2023.5,6465.6,1.7029999999999998,1.4393999999999998,4.152200000000001,4.547309123344181,5.844070306823162,0
K2-261 b,1.0,GIV,11.63351798888889,0.1056749999999999,9.612993308333332,65.53604917833333,1033.0,5508.0,1.6555,1.098857142857143,4.131875,2.263205273928809,3.225220959890648,0
K2-263 b,1.0,GV,50.81963125,0.2573,2.2913464725,14.85,470.0,5382.0,0.85,0.88,4.545,0.5438792313576647,1.849679260002,0
K2-264 b,1.0,MV,5.839886,0.05023,2.2505,4.6701425046361456,492.5,3620.0,0.473,0.4835,4.783,0.0344704071843642,3.103070439193303,0
K2-264 c,1.0,MV,19.661976000000003,0.11283,2.7190000000000003,6.689251033511578,328.5,3620.0,0.473,0.4835,4.783,0.0344704071843642,2.070431798570139,0
K2-265 b,2.0,GV,2.36899051,0.033675,1.66798633,7.3418362,1311.5,5425.285714285715,0.9145666666666667,0.9053333333333334,4.468653333333333,0.6501462251904624,5.185915514191977,0
K2-266 b,2.0,KV,0.658524,0.01306,3.3,11.26782377,1515.0,4285.0,0.703,0.686,4.581,0.1494871303727411,7.248788916653583,0
K2-266 c,2.0,KV,7.814,0.0679,0.705,0.29013072,664.5,4285.0,0.703,0.686,4.581,0.1494871303727411,3.1790851082056406,0
K2-266 d,2.0,KV,14.6976,0.1035,2.93,8.9,538.3,4285.0,0.703,0.686,4.581,0.1494871303727411,2.574938536487203,0
K2-266 e,2.0,KV,19.482,0.1249,2.73,14.3,490.1,4285.0,0.703,0.686,4.581,0.1494871303727411,2.3439903675337894,0
K2-268 b,1.0,KV,2.15195,0.0308,1.5066666666666668,2.718703957745966,1128.5,5087.0,0.7776666666666667,0.84,4.585,0.3633488321398191,5.223231428265821,0
K2-268 c,1.0,KV,9.327071977142856,0.0819,2.85,7.314846786449591,692.0,5061.495,0.7859183333333334,0.8394999999999999,4.569645,0.3637139330736775,3.202162618499764,0
K2-268 d,1.0,KV,4.528824,0.0505463625263779,1.67,3.4948471767778697,888.0,5106.0,0.7765,0.84,4.58,0.3677020168360285,4.077271890356989,0
K2-268 e,1.0,KV,6.1314915,0.0618600641414161,1.525,2.8001314445036054,801.0,5106.0,0.7765,0.84,4.58,0.3677020168360285,3.6856105637039502,0
K2-268 f,1.0,KV,26.269185,0.1631789039240012,2.415,5.3400159801155,492.0,5106.0,0.7765,0.84,4.58,0.3677020168360285,2.2692514477543275,0
K2-269 b,1.0,FV,4.144825,0.0531,1.3885464999999997,1.532246212545581,1429.0,6140.48,1.379637,1.17,4.166673333333333,2.4278888506495773,4.694838467111042,0
K2-27 b,3.0,GV,6.771314952222222,0.06866,4.888811884999999,30.066666666666663,909.6666666666666,5359.875,0.8815135714285715,0.8892240000000001,4.5077,0.5753955536102922,3.599388065183438,0
K2-270 b,1.0,KV,1.5431873333333332,0.0247,1.393333333333333,1.5391166458033505,1203.0,4877.0,0.77,0.85,4.59,0.3009416672477527,5.867268597271593,0
K2-270 c,1.0,KV,4.399751861666666,0.0497,3.015,8.140402918204705,848.0,4778.205,0.8028004,0.786,4.53674,0.3014144883035763,3.9774805318904582,0
K2-271 b,1.0,GV,8.562598752,0.077,6.723333333333334,91.4904165846382,893.0,5578.186666666666,0.99102,0.93,4.396333333333334,0.8531528803934877,3.475930591017396,0
K2-272 b,1.0,GV,14.452806695714283,0.1043999999999999,2.9800000000000004,7.96179336015631,701.0,5406.624000000001,0.8132836666666666,0.9066666666666668,4.554080000000001,0.5070824994627466,2.94746433886285,0
K2-273 b,1.0,KV,11.71892459375,0.0729,3.418333333333333,10.333498457287323,760.5,5126.932,0.8570514285714285,0.8586666666666667,4.521272000000001,0.4553379474151198,3.4326025581309776,0
K2-274 b,1.0,KV,14.12907760125,0.1013999999999999,2.231867363333333,4.596951533397155,622.0,5051.147999999999,0.7310648571428572,0.82,4.64216,0.3121490658693769,2.844218341137061,0
K2-275 b,1.0,KV,3.2808740771428573,0.0277,2.2537376,4.682915976488886,1035.5,4808.42,0.7235524000000001,0.776,4.5770800000000005,0.2510957756046964,5.293780868327233,0
K2-275 c,1.0,KV,8.4386519,0.08155,2.39,5.235474055790713,656.5,4812.183333333333,0.71483625,0.7773333333333333,4.617566666666668,0.2458508103936456,3.0879243131221736,0
K2-276 b,1.0,KV,18.715025,0.1291,3.5333333333333337,11.004004518160844,583.0,4991.0,0.833,0.8049999999999999,4.463115,0.3863048247058334,2.4975247634287863,0
K2-277 b,1.0,GV,6.327153825,0.06695,2.1612438,7.4,986.6666666666666,5700.833333333333,0.9735532,0.9966666666666668,4.469726666666666,0.8981783959623175,3.858998947378677,0
K2-278 b,1.0,FV,3.33390275,0.0488,2.736666666666667,6.772072744144339,1711.0,6152.0,1.69443,1.19,4.06734,3.6897965565956574,4.938994626667176,0
K2-279 b,1.0,GV,7.123653,0.067,1.151333333333333,1.2010508697631015,879.0,5491.99,0.8585,0.8674999999999999,4.485305,0.6015744741579424,3.59892108959909,0
K2-28 b,1.0,MV,2.2604369,0.019825,2.125,4.187761841522533,526.0,3201.55,0.28396675,0.2384516666666666,4.93,0.0076009169449221,3.468714590746554,0
K2-280 b,1.0,GV,19.8951135,0.14745,7.449156456666667,37.1,755.6666666666666,5687.5,1.3015,1.07,4.27,1.5902442484900785,2.6942909006359703,0
K2-281 b,1.0,KV,8.687747,0.0773,7.88,133.28066023781713,665.0,4812.0,0.755,0.82,4.59,0.2742118557488155,3.2575580469222114,0
K2-282 b,1.0,GV,4.16992125,0.0499,2.8025,7.084948217265386,1057.0,5511.0,0.97,0.95,4.484999999999999,0.7786727248422117,4.364017804907425,0
K2-283 b,1.0,KV,1.921074333333333,0.0291,3.516666666666667,10.905593092501858,1186.0,5060.0,0.84,0.89,4.56,0.415002286441829,5.531252607960101,0
K2-284 b,1.0,KV,4.79496445,0.04771,2.78,6.97726330074572,653.0,4140.0,0.607,0.63,4.67,0.0971110380826372,3.6344654977878887,0
K2-285 b,1.0,KV,3.471745,0.03817,2.59,9.68,1088.9,4975.0,0.787,0.83,4.4,0.340417325241682,4.6639399512177055,0
K2-285 c,1.0,KV,7.138048,0.0824,3.53,15.68,741.4,4975.0,0.787,0.83,4.4,0.340417325241682,3.174317945437583,0
K2-285 d,1.0,KV,10.45582,0.1178,2.48,6.5,619.9,4975.0,0.787,0.83,4.4,0.340417325241682,2.654858537637198,0
K2-285 e,1.0,KV,14.76289,0.18041,1.95,10.7,500.9,4975.0,0.787,0.83,4.4,0.340417325241682,2.145278730352411,0
K2-286 b,1.0,MV,27.359,0.1768,2.1,4.094648818362102,347.0,3926.0,0.62,0.64,4.7,0.0819359342559603,1.902934503209404,0
K2-287 b,1.0,GV,14.8932905,0.1206,9.41555196,100.91077012,804.0,5695.0,1.07,1.058,4.398,1.080518778608374,2.962403171074776,0
K2-288 B b,2.0,MV,31.3911315,0.164,1.9,4.788051205850631,226.36,3341.0,0.316,0.33,4.96,0.011162717082724,1.4187635747583265,0
K2-289 b,1.0,GV,13.15687325,0.107,9.1,332.87322359429373,753.0,5529.0,1.025,0.953,4.6415,0.8808945853834486,2.984898346800169,0
K2-29 b,2.0,GV,3.2588785325,0.04176,11.880757432,213.422845,1123.5,5342.58,0.8445164285714285,0.936364,4.567187142857143,0.5213269674671651,4.736058880736858,0
K2-290 b,3.0,FV,9.21165,0.0923,3.06,10.9,1230.0,6302.0,1.511,1.194,4.23,3.230965896661578,3.5972970111692257,0
K2-290 c,3.0,FV,48.36685,0.305,11.276254,246.00042,676.0,6302.0,1.511,1.194,4.23,3.230965896661578,1.9789153976731784,0
K2-291 b,1.0,GV,2.225118,0.03261,1.586666666666667,6.460000000000001,1278.0,5520.0,0.9015,0.9313333333333332,4.5,0.676982781652925,5.3450547501417,0
K2-292 b,1.0,GV,16.9841,0.13,2.63,24.5,795.0,5725.0,1.09,1.0,4.33,1.145103678788508,2.773979886813843,0
K2-293 b,1.0,GV,13.1225,0.1073345173100088,2.45,5.488018419043231,750.0,5532.0,0.947,0.958,4.52,0.7535611387255104,2.988051199469253,0
K2-294 b,1.0,GV,2.50387,0.0359296857656697,1.66,3.444004694910625,1425.0,5612.0,1.2,0.987,4.2,1.2815129272613015,5.242118701903104,0
K2-295 b,1.0,KV,4.024881495000001,0.0451,9.971491,106.47305,852.0,4444.0,0.71,0.74,4.63,0.176401692821771,4.05137620393885,0
K2-3 b,1.0,MV,10.054278485333334,0.0754249999999999,2.049692307692308,5.11,488.86,3886.0833333333335,0.5626812307692307,0.589184,4.733911111111111,0.0647833116673315,2.7953925077268647,0
K2-3 c,1.0,MV,24.64609628571429,0.1370875,1.6312307692307688,2.8085714285714287,362.96,3883.0,0.5636666666666666,0.5935,4.738999999999999,0.0648043438802653,2.081068700282648,0
K2-3 d,1.0,MV,44.559485142857135,0.2039857142857143,1.4756666666666665,2.2,296.24,3880.181818181818,0.5662379999999999,0.5951024,4.733911111111111,0.0652072939748039,1.7083268156057665,0
K2-30 b,1.0,GV,4.098441795555555,0.0472625,12.521029928333334,189.74451,1160.0,5471.25,0.88279325,0.9094,4.50552375,0.6265476365181625,4.387267487484297,0
K2-308 b,1.0,FV,3.38628,0.0454182705811094,9.916,417.2199268441103,1292.4130572609922,6100.0,1.24,1.09,3.94,1.9100844118632427,4.899738883952143,0
K2-31 b,2.0,GV,1.2578478042857142,0.0222899999999999,11.88154,568.31014,1688.0,5338.285714285715,0.78,0.9264,4.498489999999999,0.4432883444822578,6.447913800497114,0
K2-312 c,1.0,GV,921.2,1.961,35.321039911904386,1719.45168187,190.58576514011645,5959.0,1.22,1.18,4.3369843735177005,1.6838486498136436,0.7758489751645532,0
K2-315 b,1.0,MV,3.1443189,0.0234498817550961,0.95,0.9354933117266964,460.0,3300.0,0.196,0.174,5.094,0.0040874998731611,2.7244527448700118,0
K2-316 b,1.0,MV,1.133,0.0147,1.33,1.4487956497189585,841.0,3436.0,0.379,0.408,4.891,0.017963083576786,5.269220807750596,0
K2-316 c,1.0,MV,5.26,0.0582,1.83,4.368986059210935,423.0,3436.0,0.379,0.408,4.891,0.017963083576786,2.6481560479380226,0
K2-317 b,1.0,MV,6.22,0.0542,2.93,7.709895269457704,432.0,3387.0,0.379,0.403,4.885,0.0169601253006939,2.727268295136301,0
K2-318 b,1.0,KV,7.01,0.0911,1.66,3.444004694910625,456.0,3851.0,0.552,0.561,4.701,0.0601259677978891,2.48197399086416,0
K2-319 b,1.0,GV,26.68,0.1516,2.79,7.025026813516638,641.0,5440.0,0.898,0.954,4.512,0.6336334881765445,2.50899369923388,0
K2-32 b,2.0,GV,8.991845877272727,0.080422,5.168803244999999,17.225,796.0,5250.333333333333,0.854494875,0.8603333333333333,4.505321250000001,0.4978015925994379,3.271304147357715,0
K2-32 c,2.0,GV,20.660079,0.1400259999999999,3.089917954,8.5,603.25,5247.375,0.8548805714285714,0.8603333333333333,4.501285714285714,0.4971290609523454,2.4791569247773837,0
K2-32 d,2.0,GV,31.7171879,0.1863639999999999,3.446811198,6.7,523.0,5247.375,0.8548805714285714,0.8603333333333333,4.501285714285714,0.4971290609523454,2.1489551284550585,0
K2-32 e,2.0,GV,4.3490866666666665,0.04925,1.212,2.1,1066.0,5271.0,0.8525,0.843,4.49,0.5033275357259773,4.137953956166411,0
K2-320 b,1.0,MV,1.995,0.0142,2.62,6.234081182317099,698.0,3157.0,0.3,0.117,4.55,0.0080210400896414,2.87093753045162,0
K2-321 b,1.0,KV,2.29798745,0.02839,2.000621735,3.734336651729764,765.5,3802.5,0.589,0.5885,4.6665,0.0650724757812139,4.553711592752147,0
K2-322 b,1.0,KV,8.205,0.0594,1.92,4.911961996454932,635.0,4141.0,0.602,0.63,4.677,0.095610096051355,3.257257076066769,0
K2-323 b,1.0,KV,24.93,0.1275,2.1,4.094648818362102,318.0,3710.0,0.549,0.478,4.63,0.0512306867113492,1.9365728543769856,1
K2-324 b,1.0,KV,3.262,0.0331,2.43,5.403210905400344,707.0,3752.0,0.505,0.517,4.743,0.0453444277074857,3.952812903970405,0
K2-325 b,1.0,MV,6.93,0.0419,2.2,4.4730432104685045,423.0,3287.0,0.298,0.274,4.84,0.0093008190351844,2.5576626056011413,0
K2-326 b,1.0,KV,1.256,0.0198,2.28,4.787140889350649,1114.0,3924.0,0.688,0.507,4.462,0.1006891608120883,5.0611168988534665,0
K2-329 b,1.0,GV,12.4551225,0.1016,8.675766,82.6358,650.0,5282.0,0.822,0.901,4.566,0.4718751125188532,2.978451451264467,0
K2-33 b,1.0,MV,5.42457222,0.0409,5.04,1160.0795,850.0,3289.5,0.89715575,0.56,3.951585,0.0845561309696902,3.700899940862847,0
K2-330 b,1.0,FV,13.77345,0.1203389210499474,2.608738005,6.183265343603267,969.0,6204.326666666667,1.47936,1.2255,4.126896666666666,2.90948563543676,3.191747927943989,0
K2-331 b,1.0,GV,9.398977,0.0899755416729195,1.79,4.139628760503337,909.0,5994.0,1.06,1.1,4.43,1.3012733481512508,3.497108377918344,0
K2-331 c,1.0,FV,22.9962555,0.1633711986516328,2.6100000000000003,6.188949855554399,673.0,6002.0,1.0515,1.1,4.428,1.2873373458025266,2.595276168746986,0
K2-332 b,1.0,MV,17.704340000000002,0.0856516915399869,1.98,5.294964640268786,266.0,3290.5,0.284838,0.2674415,4.95365,0.0085336197243789,1.7673453091810702,0
K2-333 b,1.0,FV,14.759580333333332,0.1200672263275909,5.74,95.6665338693369,826.0,6006.666666666667,1.1973333333333331,1.06,4.308666666666666,1.674380371569556,2.971773307563876,0
K2-334 b,1.0,FV,5.113882266666667,0.0643605830769435,5.325,78.6491779356154,1380.0,6760.666666666667,1.436,1.36,4.256,3.8650651997114274,4.597634607639519,0
K2-335 b,1.0,FV,12.2819385,0.1114713238111132,2.402112103333333,5.28600069392104,949.0,6159.666666666667,1.3292366666666668,1.225,4.231216666666668,2.2820403455655662,3.315594793230745,0
K2-336 b,1.0,GV,21.19578025,0.1439087539018264,1.2890820333333333,1.391120408718118,569.0,5332.59,0.7933453333333333,0.885,4.564396666666666,0.4566328681847633,2.480293145104527,0
K2-337 b,1.0,GV,16.27217575,0.1260890557366416,2.4996212966666667,5.701130874665267,850.0,5821.666666666667,1.2828766666666669,1.01,4.223896666666667,1.696090428234695,2.83072039977926,0
K2-338 b,1.0,KV,3.850418,0.0423607658728319,1.0515,1.0674611062266648,783.0,4531.0,0.6284765,0.6839999999999999,4.6718150000000005,0.1493633979466281,4.019028936932195,0
K2-339 b,1.0,KV,19.507714,0.1282787374147008,2.015,3.78549429410578,508.0,4857.0,0.6479999999999999,0.74,4.59,0.2096584040691731,2.4022240215832387,0
K2-34 b,1.0,FV,2.995635823076924,0.044398,14.097773632,503.8400075,1675.75,6133.358181818182,1.4248193333333332,1.2089927777777778,4.173029090909092,2.577524250051808,5.219214354396134,0
K2-340 b,1.0,GV,29.735183666666668,0.1843306424230425,3.44,10.458298683345294,606.0,5498.0,1.13,0.945,4.313695,1.046804736331309,2.264603216875202,0
K2-341 b,1.0,GV,36.555034,0.2141147914867239,3.1192900433333333,8.683722610037677,598.0,5788.0,1.13,0.98,4.305,1.285762711857002,2.139758137563236,0
K2-342 b,1.0,FV,11.561283,0.1003962896612232,2.215,4.53116720133236,861.0,6030.0,1.248,1.01,4.3075,1.8475162596132035,3.1723189055502523,0
K2-343 b,1.0,KV,2.787142,0.0305570393989636,1.825,4.339916760690879,653.0,3804.0,0.4835,0.49,4.8,0.0439182311207152,4.005137099014107,0
K2-343 c,1.0,KV,7.676948666666667,0.0600432651816383,2.2533333333333334,4.6813200992076025,465.0,3797.0,0.4625,0.49,4.795,0.039891072490096,2.8572015254207668,0
K2-344 b,1.0,KV,3.355852,0.0350481507758027,1.5950000000000002,3.1241802113893686,722.0,4117.0,0.5205,0.51,4.74,0.0698320490688517,3.815289679662062,0
K2-345 b,1.0,KV,10.366569,0.0761330908442753,1.965,5.197621299806384,437.0,3727.0,0.5297005,0.547811,4.721550000000001,0.0485722460955053,2.682894699683977,0
K2-346 b,1.0,KV,26.198017,0.1552968296447171,2.2340434966666667,4.605471367727903,450.0,4756.0,0.7007283333333333,0.728,4.63946,0.2254013900861101,2.165505937039435,0
K2-347 b,1.0,KV,7.186958999999999,0.0638874903683338,2.495,5.681121074260104,640.0,4495.0,0.6235495,0.6735,4.672155,0.142413285196905,3.247400623768017,0
K2-348 b,1.0,KV,4.6885215,0.0515216570337669,3.53,10.984288732845984,908.0,5148.5,0.85,0.83,4.5225,0.4554603438780569,4.014385904100834,0
K2-348 c,1.0,KV,12.5505335,0.0993285294660063,2.635,6.302069337835431,655.0,5148.5,0.839,0.83,4.5225,0.4437482362947899,2.89119262380949,0
K2-349 b,1.0,KV,9.031492666666669,0.0691158191039165,1.38,1.5199972853761503,518.0,4829.5,0.49,0.54,4.690695,0.1171900370706455,2.795652156796369,0
K2-35 b,1.0,KV,2.39967406,0.0312,1.318,1.4318253043168456,979.0,4458.6775,0.62339375,0.701968,4.6285,0.1377967516900948,4.744127413039689,0
K2-35 c,1.0,KV,5.608895140000001,0.0551,1.9966666666666664,5.4043763538393845,751.5,4446.858333333333,0.67489375,0.690984,4.581466666666667,0.1597989195982387,3.541874593746343,0
K2-350 b,1.0,GV,4.163873,0.0503129974986103,1.54,2.8678112153554105,1158.0,5789.0,1.04,0.98,4.39,1.0898600336689903,4.414158524340268,0
K2-350 c,1.0,GV,19.99101466666667,0.1446339343344383,2.7750000000000004,6.953439433473839,687.0,5794.0,1.023,1.01,4.43248,1.0581691133531306,2.643020738527463,0
K2-351 b,1.0,GV,7.806398669999999,0.0776932857486328,2.785,7.001125763071556,934.0,5749.0,1.04316,1.0266666666666666,4.411373333333334,1.0665001869071764,3.6357831327412544,0
K2-352 b,1.0,GV,3.665912,0.0462171576091464,1.37,1.5056940606955262,1160.0,5791.0,0.95,0.98,4.47,0.9106496400756032,4.605602005579004,0
K2-352 c,1.0,GV,8.235685499999999,0.079277213704466,1.96,5.165410179989092,885.0,5860.5,0.9365,0.98,4.483499999999999,0.9282054081983871,3.516526000601731,0
K2-352 d,1.0,GV,14.870665,0.1175534742095551,2.23,4.58964653001982,727.0,5860.5,0.9365,0.98,4.483499999999999,0.9282054081983871,2.8878211139836747,0
K2-353 b,1.0,GV,15.466805,0.1159791730649929,5.55,87.6202899406256,735.0,5698.0,0.99,0.87,4.38,0.926936574823814,2.739331593322188,0
K2-354 b,1.0,MV,3.793653,0.0357340827929027,1.56,2.9595386771570484,543.0,3589.5,0.4159405,0.4229735,4.833365000000001,0.0257684383514585,3.441044141876467,0
K2-355 b,1.0,GV,5.7385647,0.0632,2.25,4.668171301876247,1066.0,5790.0,0.92,0.96,4.49,0.8534532952255728,3.898091789486734,0
K2-356 b,1.0,GV,21.0267366,0.1599,2.29,4.827112454467896,624.0,5568.0,0.86,0.9,4.52,0.6377987428268425,2.372859406961497,0
K2-357 b,1.0,GV,16.3488637,0.145,3.72,12.134771021542846,735.0,5794.0,1.0,0.98,4.43,1.0111225903468808,2.6001836356182317,0
K2-358 b,1.0,GV,11.2510285,0.0863,2.68,6.508128340564348,888.0,5650.0,0.91,0.93,4.49,0.7571229763558,3.283303732602369,0
K2-36 b,1.0,KV,1.4226191,0.022815,1.41818613875,4.433333333333333,1246.0,4910.714285714285,0.7317499999999999,0.7950662500000001,4.6238,0.279379142140431,5.904272681150535,0
K2-36 c,1.0,KV,5.340863496666667,0.05513,2.9725458225,7.9,801.75,4900.043333333333,0.7339974,0.79506625,4.6123014285714286,0.2786625300669549,3.798242132353043,0
K2-360 c,1.0,GV,9.79692,0.0883,3.680316097137036,15.23,912.0,5679.0,0.98,0.958,4.435,0.8962506344002794,3.294408021492665,0
K2-365 b,1.0,GV,23.4437512,0.1549198221023087,2.93826349,7.751261766221938,588.1768707080873,5620.5,1.0318606666666668,0.9025,4.408146666666666,0.9533047884704422,2.4140435157846403,0
K2-366 b,1.0,KV,15.937169,0.1162425919252581,2.023,3.814100894504565,586.626479579248,5087.5,0.94,0.825,4.406,0.5310840348515157,2.664522032512465,0
K2-367 b,1.0,KV,20.645009,0.1341705396164017,2.444333333333333,5.463926108501395,382.6198832314898,4372.0,0.625,0.756,4.726,0.1280473213406081,2.3741453209226155,0
K2-368 b,1.0,KV,5.025906333333333,0.0520789700110589,1.458,1.632618754808034,675.7894295152823,4671.0,0.663,0.746,4.667,0.1877398108303523,3.7854124356225385,0
K2-368 c,1.0,KV,9.659438,0.0805046004539274,1.3704999999999998,1.5064084801943722,524.7190925750712,4663.0,0.62,0.746,4.667,0.1630552890999503,3.044626676324501,0
K2-368 d,1.0,KV,20.2009925,0.1316541634008227,1.919,4.905722052095832,410.3173842554479,4663.0,0.62,0.746,4.667,0.1630552890999503,2.380822942296685,0
K2-369 b,1.0,GV,5.76176895,0.0567639822871249,1.3182776349999998,1.4322174125050078,889.993014330096,5592.0,0.8745,0.735,4.494,0.6709314169136493,3.5990031402754203,0
K2-37 b,1.0,GV,4.44279815,0.0510749999999999,1.5426201883333333,2.879731427939752,961.5,5279.8,0.81735075,0.881717,4.5555,0.4657755288316731,4.155615940288769,0
K2-37 c,1.0,GV,6.429632744285715,0.06537,2.591353273333333,6.105209684718645,850.0,5221.0,0.8254842,0.881717,4.540204,0.4542784686499242,3.673248827608353,0
K2-37 d,1.0,GV,14.091817166666669,0.11025,2.4919597733333334,12.5,654.5,5279.8,0.81735075,0.8817170000000001,4.5555,0.4657755288316731,2.8284616329348267,0
K2-370 b,1.0,GV,2.14084,0.0323341183424288,3.207,9.15351766207975,1194.7996749861718,5377.0,0.971,0.984,4.454,0.707112404144895,5.517495929666822,0
K2-371 b,1.0,KV,3.1149208240000004,0.0397872407980167,12.518,770.0464289453951,867.3301636645274,4943.0,0.74504,0.866,4.62918,0.2973113382165961,4.6661857044905615,0
K2-372 b,1.0,GV,9.844056,0.086902436491023,3.0583333333333336,8.364137325054914,728.4812689434884,5489.615,0.93075,0.9035,4.44755,0.7058679925212064,3.2249507445925296,0
K2-373 b,1.0,FV,11.02098,0.1017785313026131,2.1555,4.3027018340884045,954.3619393080174,6138.0,1.4965,1.158,4.156,2.852008586481376,3.3736589276652054,0
K2-374 b,1.0,GV,4.521953,0.0482091719447768,1.593,3.114630219194928,1018.1653502103107,5789.0,0.907,0.731,4.386,0.8289314597242614,3.894653599616338,0
K2-374 c,1.0,GV,16.43445,0.1139591213848592,2.213,4.523396800000327,662.2296219282692,5789.0,0.907,0.731,4.386,0.8289314597242614,2.533139612620636,0
K2-375 b,1.0,GV,14.453964499999998,0.1193093166295513,2.279441873333333,4.784914608796253,851.2270654497588,5828.693333333334,1.5476433333333333,1.0845,4.168733333333333,2.48036981520138,3.0154531338495203,0
K2-376 b,1.0,GV,5.776475,0.0610113168116567,1.736,3.8415042575197296,1044.714975428727,5937.0,1.149,0.908,4.275,1.4716282056368597,3.858448509224072,0
K2-377 b,1.0,KV,12.834181206666663,0.0973618970105793,1.7565,3.953133637105629,461.0188853958624,4257.0,0.694492,0.7475,4.6260200000000005,0.1421146812829831,2.771316126101438,0
K2-378 b,1.0,KV,2.060268666666667,0.0300929579177505,3.02,8.166071752813616,967.5034944058328,4838.5,0.731807,0.8565,4.63772,0.2633455294759029,5.335882146046281,0
K2-379 b,1.0,KV,8.777773499999999,0.0790716288633558,2.2255000000000003,4.572065435241335,563.408741485598,4603.0,0.7204999999999999,0.856,4.615,0.2090844428333971,3.2908002655119444,0
K2-38 b,1.0,GV,4.016187142857143,0.0503924999999999,1.68579,7.3,1237.25,5731.166666666667,1.1324,1.0548000000000002,4.3528,1.2412570390949171,4.575905977514893,0
K2-38 c,1.0,GV,10.56107,0.096035,2.4366666666666665,8.325000000000001,896.25,5726.0,1.10525,1.0485,4.3535,1.1781925489341842,3.304794285633605,0
K2-380 b,1.0,GV,9.401516,0.0869737494061893,2.3445,5.047722256087088,899.5200818240356,5911.0,1.225,0.993,4.194,1.6436368321064505,3.3795238200804367,0
K2-381 b,1.0,KV,7.938996466666667,0.070888214550911,1.0327412366666666,1.0427710703066675,565.1960884778139,4567.0,0.660326,0.754,4.656499999999999,0.1701886886195472,3.2619224961957034,0
K2-381 c,1.0,KV,16.0361368,0.1132739731346896,2.0270418625,3.8285926732427207,447.1615262488464,4614.666666666667,0.646884,0.754,4.656499999999999,0.1702566220081274,2.58045084131776,0
K2-381 d,1.0,KV,26.804473666666667,0.1595395960534672,1.566859936666667,2.9913940795863265,376.7488388935079,4567.0,0.660326,0.754,4.656499999999999,0.1701886886195472,2.17433478053977,0
K2-382 b,1.0,GV,21.699258333333333,0.1481881299134158,2.072,3.9915403792202415,522.7693121948722,5511.0,0.811,0.922,4.5975,0.5443186345583425,2.4947885134737326,0
K2-383 b,1.0,KV,1.8659886666666667,0.0302541051985305,1.7242041266666668,3.7781254968877778,1089.8726790530457,5180.0,0.8145625000000001,1.061,4.6675,0.4286054747440603,5.922983456205284,0
K2-384 b,1.0,MV,2.231527,0.0230947143051678,1.076,1.0999069664372838,570.2661784350064,3623.0,0.348,0.33,4.874,0.0187206823375832,3.780729942733515,0
K2-384 c,1.0,MV,4.195008,0.0351776123808174,1.1205,1.1594056678717692,430.7981206909623,3623.0,0.3025,0.33,4.874,0.0141453580241237,3.063365199361417,0
K2-384 d,1.0,MV,6.679341,0.0479660078564182,1.246,1.3309859008740184,368.9267894899831,3623.0,0.3025,0.33,4.874,0.0141453580241237,2.623403942020629,0
K2-384 e,1.0,MV,9.7155265,0.0615775006311119,1.2425,1.3261276083418374,325.6086629601176,3623.0,0.3025,0.33,4.874,0.0141453580241237,2.315372790212709,0
K2-384 f,1.0,MV,13.627486666666668,0.0771593109677421,2.001,3.735678289244983,322.19378387878527,3741.5,0.348,0.33,4.874,0.0212927294600892,2.06841549991204,0
K2-385 b,1.0,KV,2.3809235,0.0340248894406855,1.6295,3.291642416922223,920.6346739315372,4844.0,0.7475,0.927,4.64,0.2760125197592077,5.220552766165868,0
K2-386 b,1.0,GV,7.473417666666666,0.0725201697758481,2.53,5.833497152804332,852.6839179590813,5670.5,0.9973333333333332,0.911,4.424,0.922690263907986,3.544906349973511,0
K2-387 b,1.0,MV,28.735175,0.1522324953983628,6.514,84.8826984577403,293.3593566187153,3572.0,0.6245,0.57,4.66,0.0569640076715009,1.9353464875708797,0
K2-388 b,1.0,GV,6.339152666666666,0.0640258619405532,3.74,12.259028203055722,874.0,5348.0,0.9013333333333332,0.8713333333333333,4.444,0.5962471407421018,3.689686195161878,0
K2-389 b,1.0,GV,8.583499666666667,0.0781626039046064,2.210666666666667,4.514339316671515,932.0,5779.0,1.0873333333333333,0.8646666666666668,4.285333333333333,1.183112469880956,3.326594253663967,0
K2-389 c,1.0,GV,20.851337,0.1377486161818565,2.04,3.8752285237083406,657.6957905098582,5782.0,1.084,0.802,4.273,1.178313256536593,2.413340192376848,0
K2-390 b,1.0,GV,3.312792,0.0401878676944853,4.662,55.5870494742874,1104.9320724240088,5558.0,0.966,0.789,4.368,0.7989475559857876,4.431655612669337,0
K2-391 b,1.0,GV,4.622654,0.0494955402422647,1.371,1.5071229778900752,760.0567421906665,5543.0,0.566,0.757,4.973,0.2713327563881919,3.9114689696890728,0
K2-392 b,1.0,GV,15.398723,0.1143391572020133,1.85,4.486410592232827,706.2730590447891,5726.0,1.058,0.841,4.314,1.0796091585426153,2.7125358613895587,0
K2-393 b,1.0,GV,10.4123105,0.0894602058989876,2.352,5.078446750539418,795.8892529349042,5609.0,1.0955,0.881,4.321,1.0657525336874456,3.1386868762436864,0
K2-394 b,1.0,KV,5.0957685,0.0453129436153589,1.692,3.6082521181281697,713.2948297224018,4714.0,0.631,0.478,4.515,0.1764033714608451,3.2484620270533537,0
K2-395 b,1.0,KV,4.803352,0.0548085663603722,2.597,6.130511399079812,767.3795251744888,5007.0,0.783,0.952,4.628,0.345719391301734,4.168398558416656,0
K2-395 c,1.0,KV,8.491282,0.0801310824120914,3.395,10.199892141996546,634.6494732348589,5007.0,0.783,0.952,4.628,0.345719391301734,3.4474101309004057,0
K2-396 b,1.0,GV,0.673862,0.014808234603627,1.579,3.0482627374718474,1673.469742991774,5236.0,0.92,0.954,4.488,0.5707738348513313,8.027818189503275,0
K2-396 c,1.0,GV,25.76051,0.1680450069720858,3.124,8.708652230852023,496.7715330812184,5236.0,0.92,0.954,4.488,0.5707738348513313,2.383067615054237,0
K2-397 b,1.0,GV,3.572326,0.0447528231170382,2.417,5.348421621015865,1014.8486455411578,5387.0,0.966,0.937,4.435,0.7050696244776355,4.576511531417531,0
K2-398 b,1.0,GV,6.393025,0.066153788676025,2.274,4.763233532305255,1043.4199914913934,5946.0,1.239,0.945,4.227,1.7215993189973806,3.7801891167819073,0
K2-398 c,1.0,GV,18.787839,0.1357276531094097,5.098,70.19619298229281,728.4543554734977,5946.0,1.239,0.945,4.227,1.7215993189973806,2.639105297088808,0
K2-4 b,1.0,KV,10.004332781666667,0.0757333333333333,2.204,4.488508183609712,563.0,4090.546,0.5903397499999999,0.6350086666666667,4.711345,0.087542516656248,2.8961514848284327,0
K2-400 b,1.0,MV,3.865053,0.0347270069048827,1.163,1.2168964639819824,481.1874558169263,3578.0,0.382,0.374,4.847,0.0214574406870611,3.282291199935893,0
K2-401 b,1.0,KV,6.293099,0.0636828723748665,2.262,4.715588947507759,556.1705386496591,4213.0,0.675,0.87,4.719,0.1287843920477972,3.696777297250419,0
K2-402 b,1.0,GV,17.27474,0.1282935614586421,2.678,6.498903496408134,732.1005453161308,5716.0,1.28,0.944,4.197,1.5692013379069256,2.7130547026440985,0
K2-403 b,1.0,GV,33.589979,0.1878675158171328,5.333,78.95794441361977,485.2855744627003,5511.0,0.886,0.784,4.439,0.6496492446702485,2.043182541379024,0
K2-404 b,1.0,MV,13.115365,0.0892838955023336,2.53,5.833497152804332,377.8840070589483,3748.0,0.552,0.552,4.695,0.0539468802262551,2.486897911398557,0
K2-405 b,1.0,KV,3.435462,0.04505781517847,4.1875,42.00510554810318,823.1977435644719,4927.0,0.765,1.034,4.685,0.3094161438621611,4.791264964882624,0
K2-406 b,1.0,GV,22.549406,0.1448874886400736,4.602,53.73913398274212,604.0188495837839,5784.0,0.961,0.798,4.374,0.9273629958560318,2.3472588612581347,0
K2-407 b,1.0,GV,4.941907,0.05443290742879,1.283,1.3825939536193266,930.8808950679204,5563.0,0.927,0.881,4.45,0.7383895776737656,4.0237609561238425,0
K2-407 c,1.0,GV,9.22453,0.0825203987999903,1.36,1.4914221229127824,756.0390436062763,5563.0,0.927,0.881,4.45,0.7383895776737656,3.268001740164816,0
K2-408 b,1.0,GV,20.978959,0.1389395820951156,1.677,3.53069882273286,513.8725474943492,5335.0,0.784,0.813,4.559,0.4467449689611709,2.419397695521556,0
K2-409 b,1.0,GV,1.908084,0.0289167458141944,2.482,5.625011006988864,1517.272613482549,5742.0,1.228,0.886,4.204,1.4707516226893536,5.536268393777159,0
K2-411 b,1.0,GV,3.2141,0.0511,0.9898,0.9867603362954396,1201.2378701690914,5711.0,1.375,1.018,4.1693,1.8044459879569328,4.464146340651276,0
K2-412 b,1.0,GV,5.9382,0.0586,2.116,4.154126911368295,925.5209159020392,5590.0,0.977,0.893,4.412,0.83623089537855,3.9043784353685496,0
K2-413 b,1.0,KV,0.8094,0.0117,0.7599,0.6998152108433214,1290.944023681151,4116.0,0.7,0.808,4.656,0.1261790909865354,8.311659311043984,0
K2-413 c,1.0,KV,5.3301,0.0426,1.2327,1.312546247755421,676.5432146282104,4116.0,0.7,0.808,4.656,0.1261790909865354,4.355879578073063,0
K2-414 b,1.0,KV,4.3696,0.0487,1.219,1.293614328469147,682.7423543123575,4343.0,0.732,0.814,4.621,0.1710296195037313,4.089052681255972,0
K2-414 c,1.0,KV,6.669,0.0552,1.9287,4.966447173412083,641.286041724021,4343.0,0.732,0.814,4.621,0.1710296195037313,3.8407642235770023,0
K2-415 b,1.0,MV,4.0179694,0.027,1.015,7.5,412.4,3173.0,0.1965,0.1635,5.066,0.0035115208206147,2.461228755050621,0
K2-416 b,1.0,MV,13.102,0.088,2.66,1652.7077164,447.0,3746.0,0.554,0.548,4.691,0.0542226166310539,2.4958812998590503,0
K2-417 b,1.0,MV,6.535,0.063,3.31,699.2224954,558.0,3861.0,0.5776,0.569,4.67,0.0665186498441306,3.0058052762199576,0
K2-419 A b,2.0,KV,20.358990104,0.1208,10.675,196.0,377.0,3722.3333333333335,0.5398368,0.5442253333333333,4.71558,0.0501967811106176,2.122906632328576,0
K2-42 b,1.0,KV,6.6879684,0.0617,2.396666666666667,5.263256164083474,598.3332425507978,4544.5,0.6505000000000001,0.702,4.659,0.1619305842393416,3.373657250822742,0
K2-43 b,1.0,KV,3.4712102,0.0379199999999999,4.584,53.19225836301782,939.3,3847.33,0.566483,0.5899546666666666,4.698,0.0630814065739919,3.945028454988185,0
K2-43 c,1.0,KV,2.199167,0.0274572703365196,2.51,5.746191174990082,1093.7,3840.6,0.5760000000000001,0.571,4.673613168960495,0.0647636216747167,4.561045012429942,0
K2-44 b,1.0,GV,5.656618333333333,0.06255,2.5770343066666666,6.041271868392161,1211.0,5875.0,1.5846115,1.15,4.074,2.683903771158271,4.288547721703226,0
K2-45 b,1.0,KV,1.7292605499999998,0.0237,6.71,91.06099109555603,740.0713434222016,4212.033333333334,0.445,0.503,4.824,0.0559212756502651,4.6077064547794215,0
K2-46 b,1.0,FV,19.153769,0.13821,2.322281194,4.957219278195627,889.0,6262.25,1.297222,0.9875465,4.154,2.3218815814633,2.6735236336245265,0
K2-47 b,1.0,KV,31.646202,0.1779,1.89,4.726795377909676,413.3499087897781,4932.0,0.76,0.75,4.544,0.3066262320315925,2.0536084451387566,0
K2-48 b,1.0,KV,20.508297666666667,0.1344,2.4166666666666665,5.347020245975302,453.32148334943264,4813.5,0.725,0.77,4.603,0.2531685578608465,2.393981071288501,0
K2-49 b,1.0,KV,2.770600566666667,0.0309,1.93,4.974619111200722,657.9550568554605,4252.0,0.45,0.51,4.81,0.0593865233079147,4.063318189633124,0
K2-5 b,1.0,KV,5.735631239999999,0.0515,1.91,4.849773052826155,599.5,4035.25,0.5406666666666666,0.5533333333333333,4.766500000000001,0.0695393817199297,3.2784214768658946,0
K2-5 c,1.0,KV,10.933365,0.0791999999999999,1.96,5.165410179989092,483.5,4017.6666666666665,0.5406666666666666,0.5533333333333333,4.766500000000001,0.0683352279790475,2.6436612775397115,0
K2-50 b,1.0,KV,8.752622466666667,0.0705,1.59,3.100337571535927,511.5668115053531,4289.0,0.61,0.611,4.742,0.1129727511440702,2.9444286210895183,0
K2-52 b,1.0,FIV,3.535106875,0.05125,18.0,793.7422296487924,2004.0,7147.0,1.9173333333333336,1.4505,4.0595,8.605581533613936,5.320922282852867,0
K2-53 b,1.0,KV,12.2075197,0.09775,2.4775,5.605649764762419,665.0,4942.75,0.815833,0.8405,4.5025466666666665,0.3564240212603084,2.9328203416297534,0
K2-54 b,1.0,KV,9.7838,0.0716,2.6116925,6.196577412265383,560.0,3894.0,0.643,0.615,4.750500000000001,0.08528950316894,2.9312714002630256,0
K2-55 b,1.0,KV,2.84930495875,0.03493,4.226,44.0,900.0,4329.568571428571,0.68559625,0.6878625,4.593552,0.1481853281943427,4.438400701718983,0
K2-57 b,1.0,KV,9.007038999999999,0.0749,2.279762505,4.786193498739621,635.8,4411.666666666667,0.646,0.6910000000000001,4.6545,0.1418291988250442,3.037897376403921,0
K2-58 b,1.0,KV,7.052459216,0.0692,2.6535632575,6.386691603068596,723.8105384451919,5141.25,0.8341929999999999,0.873937,4.52546,0.436212214745172,3.554364805865589,0
K2-58 c,1.0,KV,2.5371233,0.035,1.6487802275,3.387483280881169,1025.300118015636,5181.666666666667,0.8334493333333333,0.873937,4.531000000000001,0.4492893701988361,4.997824769076398,0
K2-58 d,1.0,KV,22.88185875,0.1517,1.77055398,4.0307547964633486,492.4841288201621,5181.666666666667,0.8334493333333333,0.873937,4.531000000000001,0.4492893701988361,2.4006135707446417,0
K2-59 b,1.0,KV,20.694017666666667,0.1354,2.4,5.277173334085132,462.91393690186993,4915.0,0.7304999999999999,0.774,4.592,0.2793986987804713,2.3913113884287505,0
K2-59 c,1.0,KV,11.295736,0.0905,2.2833333333333337,4.800447250936003,566.22012174385,4915.0,0.7304999999999999,0.774,4.592,0.2793986987804713,2.924968374349484,0
K2-6 b,1.0,GV,30.9412702,0.189,2.562430484,5.976390618361749,615.0,5736.0,0.96,0.9434466666666664,4.534,0.895094496116693,2.234615254285462,0
K2-60 b,1.0,GV,3.002585885,0.043395,8.61393675,135.39558,1400.0,5586.8,1.12,0.99,4.108485,1.096423646082724,4.7771924243189625,0
K2-61 b,1.0,GV,2.5732353300000006,0.0392,2.060568662,3.949803334821117,1325.0,5840.0,1.0016002,1.006734,4.363894999999999,1.046959889553742,5.068615163696779,0
K2-62 b,1.0,KV,6.671603663333333,0.0636,1.992522534,5.377047953817068,666.0,4605.2,0.6823980000000001,0.6907156666666666,4.620855,0.1879140810721465,3.2960673671225686,0
K2-62 c,1.0,KV,16.197198000000004,0.1148,1.972139174,5.243818436073558,495.0,4617.75,0.6779823333333334,0.6770735,4.624666666666666,0.1875202928132818,2.4289688656327604,0
K2-63 b,1.0,FV,20.260169666666663,0.1627,3.22,9.224145742106186,753.8323281680051,6228.5,1.4495,1.4,4.15,2.837005413376497,2.933899447568346,0
K2-63 c,1.0,FV,25.45677166666667,0.189,3.516666666666667,10.905593092501858,699.4193329400496,6228.5,1.4495,1.4,4.15,2.837005413376497,2.722125223149228,0
K2-64 b,1.0,GV,6.5311127025,0.0619,2.07,3.984223166442407,788.9075117177682,5338.666666666667,0.82210125,0.8405,4.55139,0.4925742318225576,3.6855178449654815,0
K2-65 b,1.0,KV,12.648562044,0.1014,1.5204062475,2.7795950845843707,545.0410701758835,4907.666666666667,0.7606666666666667,0.7859585,4.5415,0.3011472142911915,2.7845550874101144,0
K2-66 b,1.0,FV,5.0693983,0.06026,2.665,18.65,1399.5,6050.0,1.69,1.11,4.0183333333333335,3.4330865929873244,4.292614712190206,0
K2-68 b,1.0,KV,8.054557275,0.0708,1.7870763900000002,4.123150675790539,605.2859567974539,4786.333333333333,0.688647,0.7406984999999999,4.686,0.2233031928959735,3.2350357749158043,0
K2-69 b,1.0,KV,7.0656258,0.0591,2.5966666666666662,6.129016430670013,478.3708486256628,4093.0,0.491,0.551,4.786,0.0607043499425223,3.053915688070233,0
K2-7 b,1.0,GV,28.681705,0.1848333333333333,3.7813082625,12.51756798985339,718.5,5729.0,1.565,1.053,3.9545,2.3671938438912603,2.387256154703421,0
K2-70 b,1.0,GV,13.980380866,0.1112,2.7750986875,6.9539092836425445,571.9426122013837,5210.75,0.8148118,0.8778656666666667,4.525153333333333,0.439142447780923,2.810196072021275,0
K2-71 b,1.0,KV,6.9858447,0.0559,2.15,4.281866017878096,441.9844539679484,3948.5,0.426,0.477,4.852,0.0395765212698921,2.9216505468646234,0
K2-72 b,1.0,MV,5.577305566666666,0.0385,1.1233333333333333,1.1632183375364404,412.9699248358488,3473.49,0.330989,0.2441825,5.048,0.0143080741823395,2.518847572985667,0
K2-72 c,1.0,MV,15.188067,0.0751,1.01,1.0130194546923372,269.1688909899977,3428.735,0.2814945,0.2441825,5.048,0.0098257420851155,1.8034839570682348,0
K2-72 d,1.0,MV,7.760039,0.04805,0.87,0.8344014082698132,336.5101263548644,3428.735,0.2814945,0.2441825,5.048,0.0098257420851155,2.254683340410814,0
K2-72 e,1.0,MV,24.162884,0.102,1.29,1.3924083640751608,230.9642422020058,3428.735,0.2814945,0.2441825,5.048,0.0098257420851155,1.5475053745464895,0
K2-73 b,1.0,GV,7.495420477142858,0.07619,2.58,9.2,968.0,5999.5,1.0604046666666669,1.0470384,4.395984,1.3070534305033334,3.707723179422628,0
K2-73 c,1.0,GV,1000.0,1.970031819532244,29.040101893155672,1142.0,186.1,5867.0,1.058,1.02,4.39,1.1899413003513175,0.7196783688625082,0
K2-74 b,1.0,GV,19.56651075,0.1402,2.31,4.907527724732375,646.2367354372757,5931.0,1.0123333333333333,0.973591,4.3420000000000005,1.137754653551026,2.6356591921064565,0
K2-75 b,1.0,GV,7.816749725,0.081,2.6146561975,6.209944568388456,1011.8494600102788,5939.0,1.4300073333333334,1.1667545,4.189,2.282546744707602,3.7959651519547184,0
K2-75 c,1.0,GV,18.292331500000003,0.1429,2.7165604925,6.677852508376756,761.8023346734111,5939.0,1.4300073333333334,1.1667545,4.189,2.282546744707602,2.857910419864865,0
K2-77 b,1.0,KV,8.200245733333334,0.07565,2.4595226300000004,603.877,806.0,5072.52,0.7878645,0.8492515,4.558254,0.3687126065376453,3.3511099641139657,0
K2-79 b,1.0,GV,10.994851000000002,0.09875,3.9194759549999993,9.2,973.5,5888.2,1.25975,1.0619875,4.272,1.7115468665723472,3.2799417754408657,0
K2-8 b,1.0,KV,10.353499445,0.0863,3.164,8.921734646840973,661.0,4896.6,0.7453952500000001,0.7799999999999999,4.543933333333333,0.2865771799670637,3.006885476935298,0
K2-8 c,1.0,KV,5.06405928,0.0538499999999999,2.388,5.227153005817173,839.0,4938.0,0.735,0.81,4.541,0.2881833400412686,3.8790434084617695,0
K2-80 b,1.0,GV,19.094316666666668,0.135,2.051091443333333,3.915358591175938,552.1971723132082,5409.0,0.855729,0.9065555,4.5845,0.5623805291301905,2.591822753932266,0
K2-80 c,1.0,GV,5.605013,0.0596,1.4563813233333331,1.6302628465861286,831.0706264048206,5409.0,0.855729,0.9065555,4.5845,0.5623805291301905,3.900758402324824,0
K2-80 d,1.0,GV,28.874576500000003,0.1787000979731952,2.4710575300000004,5.577986097013672,465.1146574712726,5377.0,0.813229,0.913111,4.65,0.4959931864111357,2.26086367417734,0
K2-81 b,1.0,KV,6.10199132,0.05845,2.056666666666666,3.935604311703965,633.3398803730387,4662.71,0.6558876666666666,0.745273,4.61822,0.1824325796895458,3.571415836907298,0
K2-83 b,1.0,KV,2.7471083333333333,0.03107,1.244,1.328209231669723,583.121046392402,3892.875,0.424,0.539056,4.863,0.0370427651512521,4.166019510515215,0
K2-83 c,1.0,KV,9.9985118775,0.073655,1.483,1.669104378222451,395.0935533823613,3877.9166666666665,0.4650003333333333,0.520321,4.77295,0.0438722862976042,2.658333989316682,0
K2-84 b,1.0,GV,6.421495,0.0665,2.46,5.5306567229520365,835.1176037306442,5652.0,0.883,0.95,4.481,0.713871213869542,3.780297368534095,0
K2-84 c,1.0,GV,27.8561,0.1768,2.095,4.076145255129223,512.1737671647606,5652.0,0.883,0.95,4.481,0.713871213869542,2.3184389068029083,0
K2-85 b,1.0,KV,0.68455552452,0.012815,1.28796006,3.2,1355.0,4346.887142857143,0.6822833333333334,0.6841617499999999,4.477015000000001,0.149118949149286,7.30794169488,0
K2-86 b,1.0,GV,8.776594666666668,0.077,1.96,5.165410179989092,675.870838497662,5305.5,0.76,0.7737475,4.5495,0.410603181400104,3.170510901460711,0
K2-87 b,1.0,GV,9.726882666666668,0.0907999999999999,6.873333333333332,96.40215731111142,979.0,5576.5,1.4545,1.0555,4.339,1.835541158951972,3.410053389220615,0
K2-88 b,1.0,MV,4.612306666666667,0.03825,1.23,1.3088101214257308,375.60640900810847,3580.575,0.256,0.258,5.022,0.0096645331657081,2.597581109057164,0
K2-89 b,1.0,KV,1.095989,0.01581,0.615,0.5315420787516727,669.951251380083,3684.0,0.318,0.347,4.835935,0.0167117748527735,4.68569252073063,0
K2-9 b,1.0,MV,18.4488386,0.0952,2.25,4.668171301876247,299.0,3668.75,0.31,0.27,4.816,0.0156201684120867,1.68437346802885,0
K2-90 b,1.0,KV,13.729377690000002,0.0962,2.4525,5.498663340318169,502.0,4293.7775,0.63766025,0.638,4.688653333333333,0.1240014272142455,2.5757148824349403,0
K2-90 c,1.0,KV,2.9004153333333336,0.0339,1.2266666666666668,1.3042010128285288,754.1109399430742,4278.99,0.640377,0.6333065,4.791,0.1233463738673123,4.322968864571116,0
K2-91 b,1.0,MV,1.4195414275,0.0172,1.1666666666666667,1.2218863874195702,585.4254960464191,3478.9666666666667,0.2962233333333333,0.319776,4.931365,0.0115326589692792,4.312545531907498,0
K2-95 b,1.0,MV,10.13430155,0.0525,3.31,9.72015495131937,428.5,3481.2,0.4178296666666667,0.4160943333333333,4.834326666666667,0.0230040495425934,2.8157314581734623,0
K2-97 b,1.0,KIV,8.40638975,0.0841333333333333,12.316863485,174.48779544,1532.5,4741.426666666667,4.286972857142857,1.1625,3.3031999999999995,8.33350056620938,3.7178119313152913,0
K2-98 b,1.0,FV,10.136881584444446,0.0967666666666666,4.800644608571429,34.00763955,1118.0,6188.0,1.51003,1.1892658333333337,4.154648571428572,2.9995922387858998,3.5063201256787155,0
K2-99 b,1.0,GIV,18.2496445,0.1572333333333333,11.679569869999998,290.60193803,1135.0,6072.545000000001,2.5929345,1.486139,3.76088,8.202682647987222,3.0749098584011,0
K2-99 c,1.0,FIV,522.2,1.43,43.59736943730649,2669.7586188,390.0,6069.0,2.55,1.44,3.783,7.914778416711905,1.0036636866058972,0
KELT-1 b,1.0,FV,1.2175011533333333,0.02466,12.442,8654.15,2046.944258750308,6542.68,1.4680533333333334,1.335,4.234233333333333,3.5432046356737588,7.3590047068167825,0
KELT-10 b,1.0,GV,4.166258725,0.05165,15.737422405,215.96494338,1377.0,5948.0,1.209,1.112,4.319,1.6414448326092017,4.640793184748678,0
KELT-11 b,1.0,GIV,4.736223766666667,0.0624225,15.206867983333334,63.0097158575,1712.0,5355.375,2.7408600000000005,1.4426666666666668,3.715666666666667,5.543998488183791,4.808254023150461,0
KELT-12 b,1.0,FIV,5.031624266666667,0.06708,19.95202,301.9385,1800.0,6279.0,2.37,1.591,3.889,7.833367002355391,4.870948600808046,0
KELT-14 b,1.0,GV,1.7100549660000002,0.0298049999999999,18.2874835,394.1092,1937.0,5740.5,1.5200000000000002,1.239,4.183,2.251002156059524,6.4486094310162505,0
KELT-16 b,2.0,FV,0.9689934504,0.020395,15.681377655,867.6737414849999,2435.0,6236.25,1.36,1.207,4.25925,2.509930722316797,7.694258344460536,0
KELT-17 b,1.0,AV,3.080174983333334,0.04881,17.093725,416.3573,2087.0,7454.0,1.645,1.635,4.22,7.495130660965752,5.788678885055854,0
KELT-18 b,2.0,FV,2.871710294,0.0455,17.59813,375.0394,2085.0,6712.5,1.90826,1.524,4.0566,6.632879975576482,5.788443107870904,0
KELT-19 A b,2.0,AV,4.6117265666666665,0.0637,21.40919,1293.5681,1935.0,7500.0,1.83,1.62,4.127,9.50685966176926,5.043857114162983,0
KELT-2 A b,2.0,FV,4.11378694,0.054965,14.668819999999998,503.11813666666666,1458.5383900925206,6194.25,1.8535,1.366,4.5,4.537639071775181,4.986056753187888,0
KELT-20 b,1.0,AV,3.474107312,0.0556,20.0136695,1074.90106,2261.0,8785.0,1.57375,1.76,4.295,13.23513573162761,5.627220357251484,0
KELT-21 b,1.0,AV,3.612767793333333,0.05224,17.777474,1242.7153,2051.0,7598.0,1.638,1.458,4.173,8.022593765485759,5.28387045975919,0
KELT-23 A b,2.0,GV,2.2552802672000003,0.03302,14.829507,298.12454,1561.0,5898.75,0.996,0.944,4.444956666666667,1.0775774343747735,5.347766626834175,0
KELT-24 b,2.0,FV,5.551493271428571,0.06773,14.071015286666666,1480.0236991766667,1441.0,6448.195,1.487445,1.3896,4.227176666666666,3.431818667714216,4.530324895777361,0
KELT-4 A b,3.0,FV,2.989591505,0.04317,19.049679095,286.36411315,1823.0,6206.333333333333,1.602,1.2006666666666663,4.108666666666667,3.4162941896136068,5.274668694951453,0
KELT-6 b,1.0,FV,7.845628883333333,0.07993,13.599235,145.853365,1313.0,6170.0,1.5898,1.42,4.0845,3.286362689892227,4.215647115479441,0
KELT-6 c,1.0,FV,1276.0,2.39,29.48832757711674,1179.1493,203.4167906239746,6272.0,1.529,1.126,4.12,3.245854286492916,0.6865074091985903,0
KELT-7 b,1.0,FV,2.734769108888889,0.04415,17.558898499999998,424.30305,2048.0,6736.0,1.7515,1.59125,4.264500000000001,5.666546373147739,6.004527502399015,0
KELT-8 b,1.0,GV,3.24406628,0.045605,19.95202,209.7678,1675.0,5745.5,1.46,0.81,4.095048,2.0840439691864105,4.215132814881941,0
KELT-9 b,2.0,AV,1.4811211125,0.03462,20.590933,845.4277999999999,4050.0,10170.0,2.362,2.52,4.093,53.54679088333928,8.533196029320361,0
KIC 10068024 b,1.0,FV,2.073549,0.0340044688514783,21.940922511824898,635.656814,1687.9057342555511,6118.4,1.574,1.22,4.092,3.114947784671974,5.990828697972535,0
KIC 10525077 b,1.0,FV,854.083,1.7675852136702337,5.5,85.57494320611977,186.69602121249957,6091.0,1.01,1.01,4.42,1.259757624494898,0.756041249018505,0
KIC 3526061 b,1.0,KIV,3552.0,5.14,63.03107416876546,5768.58558705,209.0741837970488,4829.0,5.86,1.42,3.09,16.753822255003683,0.5256995396052925,0
KIC 3558849 b,1.0,FV,1322.3,2.341901047141331,6.9,97.2909278117038,164.43313410206682,6175.0,1.01,0.98,4.44,1.3307008836100649,0.6469992115619503,0
KIC 5437945 b,1.0,FV,440.785090125,1.1557419999999998,6.967571428571429,99.56414948253096,308.0,6234.52375,1.3453333333333333,1.0490000000000002,4.144354285714286,2.4533685315011797,0.9528669857841624,0
KIC 5479689 b,1.0,GV,1.701531,0.0275735152504847,11.30284838716379,158.9142035,1260.4328027365918,5459.1,0.894,0.966,4.52,0.6368674997153037,5.919942371345795,0
KIC 8121913 b,1.0,GIV,3.294601,0.0491128939971315,22.45914940739007,667.4396547,1633.7374684982456,5975.3,2.233,1.456,3.896,5.703036547302646,5.445752613042719,0
KIC 8540376 b,1.0,FV,31.8099,0.1990638958125526,4.1,39.75262995826529,660.4465473096191,6474.0,1.26,1.04,4.31,2.502198275648616,2.286100949368626,0
KIC 8540376 c,1.0,FV,75.2,0.3532614038071328,2.4,5.277173334085132,495.7763759483712,6474.0,1.26,1.04,4.31,2.502198275648616,1.7161038214933233,0
KIC 9663113 b,1.0,FV,572.3836707142857,1.399212,4.6,53.67819957393424,240.5,6131.90125,1.0762,1.0386666666666666,4.290963333333333,1.4691171693517102,0.8617302142258354,0
KOBE-1 b,1.0,KV,8.5399,0.07006,2.830776520569124,8.8,594.4,4135.0,0.619,0.629,5.07,0.100501652697333,2.996851616587794,0
KOBE-1 c,1.0,KV,29.671,0.16071,3.3355562617271817,12.4,392.5,4135.0,0.619,0.629,5.07,0.100501652697333,1.9786949991363163,0
KOI-12 b,1.0,FV,17.855216634835717,0.1481428571428571,15.033079999999998,349.613,929.8,6761.437692307692,1.518142,1.4216363636363636,4.24815,4.321861466938943,3.098338671288729,0
KOI-1257 b,2.0,GV,86.64765798165,0.3623833333333333,10.54,460.83,511.0,5391.0,1.13,0.99,4.427428571428572,0.967662841271203,1.6531355813374284,0
KOI-13 b,3.0,AV,1.7635944487470587,0.03760125,16.948008,2645.4762125,2550.0,8518.741666666667,1.74,1.9583333333333333,3.9689090909090905,14.305075025435526,7.218004537847648,0
KOI-134 b,1.0,FV,67.5027485,0.36002,12.320407545,346.43296363,601.2,6100.9914285714285,1.7208333333333332,1.3641666666666667,4.074685,3.6810280701331406,1.946907808155096,0
KOI-134 c,1.0,FV,33.95,0.2305,7.631169440831472,69.92224954,671.7211198300081,6160.0,1.667,1.407,4.11,3.5899127893424776,2.4710786465780568,0
KOI-142 b,1.0,GV,10.924515116444445,0.0971363376599999,3.784125,9.852267166666666,769.0,5486.411111111111,0.9255057142857144,0.979,4.4886133333333325,0.6963081016067839,3.1752320331800625,0
KOI-142 c,1.0,GV,22.290527,0.1546855015,12.823029437209968,206.87139166666665,531.4324674881842,5468.5,0.8885000000000001,0.9875,4.528,0.6333993014229777,2.527078490938269,0
KOI-1599.01,1.0,GV,20.41296043,0.14658,1.9966666666666668,4.6,657.0,5816.857142857143,0.972,1.02,4.428445714285714,0.9704562735763248,2.638382217408412,0
KOI-1599.02,1.0,GV,13.61497802857143,0.1118821666666666,1.9,9.0,751.8,5814.166666666667,0.9633333333333332,1.02,4.447260000000001,0.9514652553128916,3.019914419488656,0
KOI-1783.01,1.0,FV,134.47712757600002,0.521535,8.476285714285714,71.0,382.0,6056.222222222223,1.13721,1.0515,4.3841975,1.5609119291854372,1.4201620167751998,0
KOI-1783.02,1.0,FV,284.07635841700005,0.8584916666666667,5.064714285714286,15.0,297.8,6056.222222222223,1.13721,1.0515,4.3841975,1.5609119291854372,1.1069081384440715,0
KOI-1831 d,1.0,GV,34.2014123698,0.1978566666666666,1.1564285714285714,2.23,471.1666666666667,5274.333333333333,0.8201428571428571,0.89825,4.561597142857143,0.467023954759362,2.1310726373604107,0
KOI-1833 d,1.0,KV,7.684429135999999,0.06325,2.202,11.02,590.8,4412.857142857143,0.594,0.592,4.645263333333333,0.1200444850777486,3.059888295726457,0
KOI-1843.03,1.0,KV,0.17689215,0.005,0.62,8.0,1654.0,3628.5,0.485,0.46,4.8,0.0365832122563716,9.59331925732043,0
KOI-217 b,1.0,GV,3.90508566497,0.0481166666666666,12.740875,806.6293874777444,1042.4,5502.272727272727,0.8794285714285713,0.96,4.514473333333333,0.636003409866846,4.467482230349979,0
KOI-2513.01,1.0,FV,19.00540180125,0.5,2.80224517,7310.053361,760.6,6156.155,1.074,1.0076,4.402,1.4864030802820882,1.4198225230342734,0
KOI-3503 b,1.0,FV,21.187225057142857,0.1451539999999999,1.19,9.2,696.6,6195.521428571429,1.255,0.8991666666666666,4.48639,2.0820384965328422,2.489319144972906,0
KOI-3503 c,1.0,FV,31.82522432,0.1896933333333333,1.21,10.36,621.3333333333334,6135.13,1.2727766666666664,0.888,4.44665,2.05915642051821,2.1639909132741324,0
KOI-351 b,1.0,FV,7.008241973755555,0.0732805946714285,1.2452500000000002,1.3299444931148388,1060.0,6105.362222222222,1.199,1.1264285714285711,4.356154285714285,1.7921483493508388,3.921320324124461,0
KOI-351 c,1.0,FV,8.719771218999998,0.0853163275857142,1.19,1.2537502996042365,985.0,6105.362222222222,1.199,1.1264285714285716,4.356154285714285,1.7921483493508388,3.6342160014545817,0
KOI-351 d,1.0,FV,59.73702621585,0.3072954078571429,2.7385,6.780695094154701,519.0,6097.939,1.2198842857142858,1.125625,4.348515,1.846117870182766,1.9142286585199355,0
KOI-351 e,1.0,FV,91.9401091636,0.4086831307142857,2.505,5.724462139646024,449.5,6097.939,1.2198842857142858,1.125625,4.348515,1.846117870182766,1.6598868839328385,0
KOI-351 f,1.0,FV,124.91728466125,0.4939761331833333,2.873142857142857,7.428116708281931,406.3333333333333,6077.2825,1.2152433333333332,1.1241666666666668,4.343846666666667,1.807399025485996,1.5088197239044163,0
KOI-351 g,1.0,FV,210.6018280430769,0.7074846005000001,7.510275555555555,15.0,341.0,6094.949166666666,1.1993333333333334,1.1497272727272725,4.354235555555555,1.780942959316936,1.275010922110215,0
KOI-351 h,1.0,FV,331.6081342307692,0.95999069315,10.752008181818182,203.0,293.0,6112.188333333334,1.1993333333333334,1.1324285714285711,4.363453333333333,1.8011777309226795,1.0862927517296352,0
KOI-3680 b,1.0,GV,141.24163523875,0.53263,11.010985,613.4119,345.0,5815.2775,0.9896666666666666,1.0103333333333333,4.449428571428571,1.0049616996857564,1.3775092148491332,0
KOI-4777.01,1.0,MV,0.412,0.008,0.4424999999999999,99.2,1180.0,3446.0,0.4,0.41,4.912985999999999,0.0202428158847029,7.160146674330986,0
KOI-4978 b,1.0,GV,0.941967,0.0178770023457901,0.7,0.6289664092534477,1505.3331578193447,5050.28,0.966,0.859,4.401860938561327,0.5446354819580946,6.933048165114393,0
KOI-55 b,1.0,BV,0.240104,0.006,0.759,0.44,6540.308280070943,27730.0,0.203,0.496,5.52,21.861572833422,9.093691085166594,0
KOI-55 c,1.0,BV,0.342887,0.0076,0.867,0.655,5811.216404847783,27730.0,0.203,0.496,5.52,21.861572833422,8.079956563479442,0
KOI-7368 b,1.0,KV,6.84296285,0.0678,2.22,4.550620840790351,805.0,5028.275,0.955178,0.8143333333333334,4.429729999999999,0.5232805086668887,3.4662608593242625,0
KOI-7913 b,2.0,KV,24.27843773333333,0.1456,2.185,4.415274798965931,432.0,4333.0,0.779486,0.729,4.529843333333333,0.1921592278550846,2.2379895826457097,0
KOI-94 b,2.0,FV,3.743176984192308,0.0495181058875,1.6003,10.5,1428.3333333333333,6163.75,1.3955466666666665,1.1825555555555554,4.220063,2.5220787305520056,4.887691070459869,0
KOI-94 c,2.0,FV,10.4236958704625,0.0980288183249999,3.849909090909091,15.6,1008.1666666666666,6166.5,1.398856,1.1826,4.215236666666667,2.5385797608109733,3.473897799474348,0
KOI-94 d,2.0,FV,22.342973884341173,0.1629734663875,10.274454545454546,106.0,785.3333333333334,6167.533333333334,1.4076177777777776,1.191111111111111,4.21268,2.572203695671732,2.7039127301600963,0
KOI-94 e,2.0,FV,54.31999776570667,0.2948166080625,6.1162,35.0,581.1666666666666,6166.5,1.407617777777778,1.1911111111111117,4.215236666666667,2.5704802994509355,2.0103660861899377,0
KOI-984 b,1.0,GV,4.287688554333332,0.0511,4.3,45.01452471997278,1000.4285714285714,5387.262222222223,0.85775,0.9664,4.547285714285714,0.5560114868264062,4.349536649107606,0
KOI-984 c,1.0,GV,21.512,0.1467,12.909568157270169,209.8,597.0,5295.0,0.818,0.928,4.54,0.4719112330187065,2.515555567668214,0
KPS-1 b,1.0,KV,1.706313926,0.0269,11.54527,346.4347,1459.0,5165.0,0.907,0.892,4.47,0.5252737857669186,5.759453432309206,0
Kapteyn c,1.0,MV,121.54,0.311,2.5371908072556093,7.0,139.24211430186253,3550.0,0.291,0.281,4.958742369494336,0.0120667201338274,0.9507097534616236,0
Kepler-10 b,1.0,GV,0.837469362031818,0.0168304315285714,1.462932047368421,3.24,2041.3636363636365,5670.913043478261,1.0652666666666666,0.9033333333333332,4.358128421052632,1.0529760111092774,7.327424906986107,0
Kepler-10 c,1.0,GV,45.2943211626,0.2399140019666666,2.3075625,11.29,535.3333333333334,5671.25,1.0649166666666667,0.9035,4.3569025,1.0525343235431748,1.9409362213985952,0
Kepler-10 d,1.0,GV,151.05,0.5379,3.327824107098463,12.34,387.0,5708.0,1.065,0.91,4.344,1.0802516125714587,1.3009029783953652,0
Kepler-100 b,1.0,GV,6.8870991406,0.0727504402428571,1.3155,4.01,1143.0,5847.285714285715,1.5181384615384614,1.093,4.104807272727272,2.417296241877393,3.876745148563,0
Kepler-100 c,1.0,GV,12.81587616946154,0.1101638605142857,2.266,7.05,929.2,5848.076923076923,1.5188166666666667,1.08,4.1229890909090905,2.420766297763317,3.1316072396235555,0
Kepler-100 d,1.0,GV,35.33308288006154,0.2165721504714285,1.5214545454545456,3.0,662.4,5848.076923076923,1.5188166666666665,1.08,4.1229890909090905,2.4207662977633166,2.233497945220998,0
Kepler-1000 b,1.0,FV,120.0184157186,0.5264166666666666,4.8635,62.07785208216106,493.0,6559.944545454546,1.536333333333333,1.339142857142857,4.168784444444444,3.921583161103317,1.5952311560407824,0
Kepler-1001 b,1.0,GV,14.30513920513,0.112795,3.03425,8.239437906040248,694.2,5561.727272727273,0.8490472222222222,0.92875,4.551546666666666,0.6188598334119165,2.8699839834916414,0
Kepler-1001 c,1.0,GV,9.18186998,0.0839933333333333,1.6782846842857142,3.5373020059903286,804.8,5609.0,0.8464214285714285,0.9333333333333332,4.5546114285714285,0.6362164725885867,3.3340412121855763,0
Kepler-1002 b,1.0,FV,4.3364361838444445,0.0554599999999999,1.6416666666666668,3.3519331722198187,1409.0,6043.043333333333,1.5688,1.2095,4.1531666666666665,2.944746031972578,4.670764682846349,0
Kepler-1003 b,1.0,GV,3.55486167782,0.0447049999999999,1.564625,2.9809936243907686,1170.4,5988.090909090909,1.2103816666666667,0.982,4.436137777777777,1.6900052895587994,4.68762301934376,0
Kepler-1004 b,1.0,KIV,5.287906401350001,0.068585,6.28,77.83310491595263,1807.0,4973.56,3.632297,1.11,3.3361666666666667,7.243058621917755,4.023665802110991,0
Kepler-1005 b,1.0,GV,6.4980190039800005,0.066995,1.638375,3.335557889469212,1029.2,5731.962,1.104666666666667,0.9936666666666666,4.330705555555556,1.181858706838789,3.851892417815834,0
Kepler-1006 b,1.0,GV,19.76175538227778,0.14692,1.54,2.8678112153554105,791.4,5328.0,0.74,0.78,4.371333333333333,0.3959224735364721,2.304527131459688,0
Kepler-1007 b,1.0,KV,5.185000363266667,0.0484,1.268333333333333,1.3620825474809803,656.4,4442.843333333333,0.7,0.73,4.671666666666667,0.1712891784791988,3.88430866122229,0
Kepler-1008 b,2.0,KV,12.43932954637,0.1001083333333333,1.28,1.3783926877168415,873.4,5065.619999999999,0.7434778571428572,0.8704285714285714,4.295178888888889,0.3265550155699318,2.9492150232300367,0
Kepler-1009 b,1.0,KV,11.350111278488887,0.08078,2.068714285714285,3.97952260238824,439.6,3882.7,0.5448000000000001,0.5592,4.671418888888889,0.0605200656793022,2.6315197931009022,0
Kepler-101 b,1.0,GIV,3.487688483818182,0.0471675,5.1076,51.1,1344.0,5649.34,1.5658333333333332,1.1243333333333332,4.177422000000001,2.240638378802259,4.883161615621714,0
Kepler-101 c,1.0,GIV,6.029716972,0.06777,1.0930000000000002,3.78,1413.0,5655.64,1.416,1.1243333333333332,4.20217888888889,1.8405320579535496,4.073838276871703,0
Kepler-1010 b,1.0,GV,34.26846432176667,0.1923,2.399714285714285,5.275979751681347,492.2,5205.4,0.819,0.8204,4.516888888888889,0.44184921164065,2.065847066084316,0
Kepler-1011 b,1.0,GV,5.7532184525888885,0.0624399999999999,2.837285714285714,7.252969240565648,906.6,5337.4,0.8320517500000001,0.88,4.530265555555555,0.5040916827363529,3.754783258987589,0
Kepler-1012 b,1.0,GV,5.50859335167,0.0594266666666666,1.3449999999999998,1.4700732316076124,942.6,5480.693636363636,0.8932608999999999,0.9491428571428572,4.4975644444444445,0.6459346821683497,3.9971467261672697,0
Kepler-1013 b,1.0,KV,18.930602412111107,0.1366,2.15,4.281866017878096,784.6,4924.4,0.76,0.9246666666666666,4.206202222222222,0.3047406047652133,2.6022093638851804,0
Kepler-1014 b,1.0,GV,16.57107135577778,0.12104,2.1781428571428574,4.388984878294359,617.0,5415.1,0.802878875,0.88,4.575496666666667,0.4972969968523166,2.6968193929030635,0
Kepler-1015 b,1.0,FV,16.00494194204,0.1351333333333333,3.55,11.102834617092432,957.2,6550.754545454546,1.81,1.293,4.192161111111111,5.4126794393520985,3.09380546020863,0
Kepler-1016 b,1.0,GV,1.9545287220666667,0.0308566666666666,2.239375,4.626376448836778,1493.4,5863.936,1.1075,1.0154285714285716,4.413345,1.3011704942880404,5.737532637934335,0
Kepler-1016 c,1.0,GV,105.65495960611112,0.440498,3.839571428571429,12.886566744118785,395.75,5823.304,1.1075,1.0,4.3852675,1.2654796632357197,1.5069644718487574,0
Kepler-1017 b,1.0,GV,7.23401383254,0.0722266666666666,1.99,5.360453171962905,1015.8,5514.090909090909,0.8738109999999999,0.984125,4.366851111111111,0.6333161349667576,3.6919119101012994,0
Kepler-1018 b,1.0,GV,49.1012491154,0.26182,2.803857142857143,7.091468476366018,477.6,5590.6,0.96023,0.9502,4.466188888888889,0.8081166805955762,1.9053777425907443,0
Kepler-1019 b,1.0,KV,1.4112292870666665,0.02116,1.4347142857142856,1.598803349661578,1063.4,4360.396,0.6378,0.6438571428571429,4.593405555555555,0.1319357864178969,5.51711340876965,0
Kepler-102 b,1.0,KV,5.286952863241667,0.0545819331375,0.4893636363636364,1.1,805.3333333333334,4865.833333333333,0.7352842857142857,0.7972222222222223,4.58476888888889,0.2719126019503657,3.822436024431648,0
Kepler-102 c,1.0,KV,7.071349078892858,0.0662995358625,0.5911818181818181,1.7,730.5,4862.0,0.734998125,0.7955,4.586288000000001,0.2708458155872126,3.464494146725281,0
Kepler-102 d,1.0,KV,10.31175882212857,0.0852373290624999,1.3131666666666666,3.0,644.6666666666666,4862.0,0.734998125,0.7955,4.586288000000001,0.2708458155872126,3.055485026014908,0
Kepler-102 e,1.0,KV,16.145711373221427,0.11494658415,2.431636363636364,4.7,554.6666666666666,4862.0,0.7349981250000001,0.7955,4.586288000000001,0.2708458155872127,2.6311586841414627,0
Kepler-102 f,1.0,KV,27.45368721498461,0.16371045965,0.8535454545454546,4.75,464.8333333333333,4862.0,0.734998125,0.7955000000000001,4.5862880000000015,0.2708458155872126,2.2047373630981344,0
Kepler-1020 b,1.0,GV,96.91513282628998,0.3819233333333333,2.175875,4.380306401983557,316.8,5207.326363636364,0.7506868571428571,0.8126666666666668,4.625764444444445,0.3717634284977348,1.4589590799268284,0
Kepler-1021 b,1.0,GV,13.474731898811113,0.10362,2.1341428571428573,4.222062187069107,642.2,5375.1,0.823,0.8633333333333333,4.569118888888888,0.507265952988022,2.886971155070029,0
Kepler-1022 b,1.0,KV,10.99469486187778,0.0808,2.36,5.111316873346865,512.0,4318.7,0.61,0.6242222222222222,4.644046666666666,0.1161346102306927,2.779962363761717,0
Kepler-1023 b,1.0,GV,62.13883961713001,0.3044566666666666,2.63,6.279367807142926,440.2,5390.090909090909,0.9209259,0.9216666666666664,4.430615555555555,0.6422787958946634,1.7402000641731383,0
Kepler-1024 b,1.0,GV,66.41613007723333,0.30458,3.664428571428572,11.792663201318378,371.2,5298.9220000000005,0.7608,0.860125,4.597497777777779,0.4094312288524258,1.680757578817631,0
Kepler-1025 b,1.0,FV,37.32287984575,0.2390449999999999,1.98,5.294964640268786,791.2,6160.233,1.1245660000000002,1.072888888888889,4.1880500000000005,1.6339858958665332,2.118910073807327,0
Kepler-1026 b,1.0,KV,36.515662237633336,0.1954799999999999,2.300428571428572,4.86896475179317,425.0,4878.9,0.71094075,0.7723749999999999,4.588359999999999,0.2569474623434802,1.9880986156957456,0
Kepler-1027 b,2.0,GV,1.90780767534,0.0295683333333333,0.89,0.8594230721991121,1741.8,5442.960909090909,0.82,0.933625,4.19129,0.5294907966015563,5.62014858355783,0
Kepler-1028 b,1.0,GV,2.5146228892125,0.03526,1.3261428571428573,1.4433358655555488,1220.8,5615.888888888889,0.8404735555555556,0.9253333333333336,4.5592325,0.6303938729460262,5.123691037009505,0
Kepler-1029 b,1.0,KV,4.417700556,0.04688,1.3133333333333332,1.425238210529982,836.6,4869.9325,0.7263054285714284,0.735625,4.59107,0.2662074449539855,3.961953942381287,0
Kepler-103 b,1.0,GV,15.965337295433333,0.1294420671666666,3.282823076923077,11.2680170675,873.6666666666666,5905.133333333333,1.4612,1.1054285714285716,4.148673333333334,2.3293138523021444,2.922823609110082,0
Kepler-103 c,1.0,GV,179.6086239678,0.6500191037333334,5.466075,58.47,389.5,5905.133333333333,1.4612,1.1054285714285714,4.148673333333334,2.3293138523021444,1.3042993156278668,0
Kepler-1030 b,1.0,KV,19.329526162188888,0.13306,2.3685714285714283,5.146646313235542,525.6,4988.315,0.735237,0.8325714285714286,4.614481111111112,0.300303255220553,2.5018540799179787,0
Kepler-1031 b,1.0,FV,1.2262213791285714,0.022625,0.842,0.7996606377215498,1832.75,6036.374285714286,1.02325,1.06675,4.388199999999999,1.2472628821310414,6.86771107069855,0
Kepler-1032 b,1.0,KV,3.29012362425,0.0362799999999999,1.6855714285714285,3.574893211077048,806.2,4503.333333333333,0.6169999999999999,0.77,4.651,0.1404741960456409,4.607726654184344,0
Kepler-1033 b,1.0,GV,7.560501165866666,0.07588,2.470857142857142,5.577126683504144,909.0,5726.5,0.9341666666666668,0.962,4.488396666666666,0.841968111182809,3.561220452305614,0
Kepler-1034 b,1.0,KV,12.124011364833333,0.0974199999999999,2.2281428571428568,4.582386966679367,663.8,5175.4,0.7846917500000001,0.8552857142857143,4.567447777777778,0.396336170786001,2.963510910131402,0
Kepler-1035 b,1.0,GV,2.7140761833,0.0362716666666666,1.2735,1.3693000817643783,1254.6,5748.5,0.97,1.0161428571428572,4.391554444444445,0.9218313236619344,5.293813199637715,0
Kepler-1036 b,1.0,GV,122.8801022155,0.4746266666666667,2.851875,7.323993051847851,331.8,5521.545454545455,0.868857142857143,0.9545555555555556,4.530497777777778,0.6295485216741123,1.4184026081893522,0
Kepler-1037 b,1.0,KV,1.0637888892249998,0.01964,1.463142857142857,1.6401091478368282,1605.6,5163.217777777778,0.7980195000000001,0.8765714285714286,4.4747925,0.4060678732999395,6.681868089223143,0
Kepler-1038 b,1.0,GV,148.4599050251111,0.52016,4.014714285714286,37.63038132254031,315.0,5300.7,0.7930322222222221,0.8816,4.508047777777778,0.445455596297743,1.3020938829623936,0
Kepler-1038 c,1.0,GV,7.127674721333334,0.0683,1.22724676,1.305002857039743,799.75,5324.166666666667,0.779686,0.844,4.576468333333334,0.4382640932098384,3.5158946663734363,0
Kepler-1039 b,1.0,KV,0.9348853046333334,0.01779,1.46,1.6355307451376273,1925.6,4730.4,0.7303008,0.74875,4.2444,0.2395989258348075,6.488666118601453,0
Kepler-104 b,2.0,GV,11.427573697061536,0.0933174353624999,2.687363636363636,14.772714905,913.8,5831.75,1.349,0.8464444444444444,4.28515,1.8884667447346857,3.012262506074154,0
Kepler-104 c,2.0,GV,23.66831854889231,0.1516864572625,3.13,7.14430805,716.8,5831.75,1.349,0.8464444444444444,4.28515,1.8884667447346857,2.3626577183296926,0
Kepler-104 d,2.0,GV,51.7553860157,0.2554926721875,3.58,5.54022107,552.4,5831.75,1.349,0.851,4.28515,1.8884667447346857,1.8253684495240825,0
Kepler-1040 b,1.0,GV,201.1208930037,0.6454483333333334,2.1725,4.367406254684449,305.6,5727.884545454545,0.9716467142857144,0.9824285714285717,4.453864444444445,0.9117665281138856,1.2339419648127468,0
Kepler-1041 b,1.0,FV,24.7576391017,0.16904,2.808428571428572,7.113452355816028,643.6,6036.1,0.9856666666666668,1.0625,4.32401,1.1571127900222555,2.507521764910272,0
Kepler-1042 b,1.0,KV,10.132016559511111,0.07748,1.91,4.849773052826155,586.0,4757.0,0.72,0.75,4.646,0.2381702148907269,3.1117937891405822,0
Kepler-1043 b,1.0,GV,38.50527525928888,0.21792,2.533,5.846646826979448,534.0,5865.0,0.9314202,0.9072,4.503222222222222,0.9209864072436692,2.040694338592818,0
Kepler-1044 b,1.0,FV,6.7740789477000005,0.07266,2.5905714285714287,6.101710320685412,1055.6,6080.874000000001,1.0600355555555556,1.0948,4.425065555555555,1.3784617940330737,3.882349968117376,0
Kepler-1045 b,1.0,GV,26.41047195346667,0.16244,2.4987142857142857,5.697200970084945,516.0,5375.4,0.802,0.8556666666666667,4.583511111111112,0.481816573141103,2.2955185178285684,0
Kepler-1046 b,1.0,FV,14.37508250777,0.1188133333333333,1.6771428571428573,3.531432738187396,772.2,6008.901,1.0393333333333332,1.058,4.460166666666666,1.2635131248369975,2.9845937671198466,0
Kepler-1047 b,1.0,GV,56.18875542871001,0.2883516666666666,2.3525,5.080498190139546,474.0,5693.243636363636,1.13,0.9942857142857144,4.26625,1.2036100751648924,1.857245654139103,0
Kepler-1047 c,1.0,GV,3.18897863995,0.042826,1.006,1.0078070101969805,1241.5,5699.902222222223,1.13,1.0072857142857143,4.283357142857144,1.209250734426669,4.850623483252574,0
Kepler-1048 b,1.0,KV,6.921014250377778,0.0593999999999999,1.6145714285714283,3.218546007953296,623.2,4467.717,0.6609999999999999,0.6921999999999999,4.5071377777777775,0.1561835865442493,3.4142676170126447,0
Kepler-1049 b,1.0,KV,3.273114858508,0.03402,0.89575,0.8666482449996665,634.0,3855.4,0.5023333333333334,0.5276666666666667,4.736838888888889,0.0500209133352432,3.939015224772783,0
Kepler-105 b,1.0,FV,5.412177296933334,0.0620575,2.53,10.8,1259.571428571429,6142.282857142856,1.15384,1.0833,4.291903636363636,1.7002010486706312,4.178806076746947,0
Kepler-105 c,1.0,FV,7.125970455000001,0.07366125,1.44,5.6,1124.8333333333333,6064.139999999999,1.063576,1.0577272727272726,4.321593999999999,1.372472918807801,3.790026905315658,0
Kepler-1050 b,1.0,GV,15.378806194744444,0.124155,1.6744999999999997,3.5178698716564334,836.4,5958.236,1.0458355555555556,1.0521250000000002,4.34478,1.236765779049384,2.911565381271337,0
Kepler-1050 c,1.0,GV,21.12841455223,0.15344,1.5942499999999995,3.1205969422359328,752.2,5950.276363636363,1.044678,1.053,4.354706666666667,1.2274485487680629,2.62011211146932,0
Kepler-1051 b,1.0,FV,25.96200874049,0.1831083333333333,3.4,10.228452728435103,806.4,6593.1727272727285,1.73,1.3281428571428573,4.235538888888889,5.07410990991196,2.693663395357816,0
Kepler-1052 b,1.0,GV,34.85374772071,0.2059966666666666,2.594875,6.120983934493309,524.8,5789.363636363636,0.9544852857142858,1.0151666666666666,4.512152222222222,0.918230345582536,2.220309729810232,0
Kepler-1052 c,1.0,GV,180.92379858,0.6185633333333334,2.3407500075,5.032393161893927,302.5,5785.8,0.8674999999999999,0.9363333333333334,4.5349475,0.7566281334334088,1.2305468127176884,0
Kepler-1053 b,1.0,KV,2.4143511795222223,0.0294599999999999,0.8534285714285714,0.8137993370582283,835.4,4358.366,0.6166203333333332,0.6853333333333333,4.678545555555555,0.1230893065757745,4.824024896759998,0
Kepler-1054 b,1.0,FV,4.306544866666666,0.05407,2.63,6.279367807142926,1156.0,6013.5,1.141,1.1496,4.3688375,1.527461948301645,4.611796939373481,0
Kepler-1055 b,1.0,GV,2.29503474299,0.0329166666666666,1.1563750000000002,1.2078925486244412,1296.0,5709.256363636364,0.8817571428571427,0.95125,4.528194444444444,0.741149809662347,5.376682530854841,0
Kepler-1056 b,1.0,GV,27.495624274988888,0.1647199999999999,3.01,8.114772366722283,595.4,5832.81,1.149842,1.0105,4.372388888888889,1.3730220287340107,2.477250792968925,0
Kepler-1057 b,1.0,GV,14.088262375777775,0.11384,3.36,10.001027628384074,722.2,5912.4,1.1,1.0028333333333337,4.524179999999999,1.326570861214436,2.968533272238717,0
Kepler-1058 b,1.0,KV,110.96486726555554,0.37252,2.72,6.693926164220876,242.0,4504.596666666667,0.69,0.73,4.680000000000001,0.1758780638029477,1.400108257251282,1
Kepler-1059 b,1.0,KV,3.764182752144445,0.044,1.711,3.707917163748943,891.2,4968.0,0.731,0.7994444444444444,4.609388888888889,0.2920457917006934,4.26326952921639,0
Kepler-106 b,1.0,GV,6.1649082046,0.0649139961285714,0.8432999999999999,5.3,1030.2,5879.181818181818,1.039,0.962875,4.404922222222222,1.1571469373272594,3.852039809658275,0
Kepler-106 c,1.0,GV,13.570771900291666,0.1097390515142857,2.4581000000000004,11.88172861,792.8,5879.916666666667,1.039,0.9742,4.406295,1.157725580505161,2.9800149682217483,0
Kepler-106 d,1.0,GV,23.980145851,0.1604885905999999,1.0566,8.1,655.2,5879.181818181818,1.039,0.962875,4.404922222222222,1.1571469373272594,2.4498407700110008,0
Kepler-106 e,1.0,GV,43.84443983574167,0.2399899060142857,2.6531,11.17,535.6,5879.916666666667,1.039,0.9742,4.406295,1.157725580505161,2.0151276345269284,0
Kepler-1060 b,1.0,GV,46.87812647537779,0.2427,2.5005714285714284,5.705248990665517,512.0,5707.2,1.0076666666666667,0.985,4.376915555555557,0.9665314783602158,2.0149218715346464,0
Kepler-1061 b,1.0,FV,2.75798579958,0.03945,1.986375,5.336658679620414,1517.2,6184.818181818182,1.0572997000000002,1.07725,4.405627777777777,1.4675530719909649,5.226485280140838,0
Kepler-1062 b,1.0,KV,9.304148840266668,0.07464,1.6829999999999998,3.5616008227655365,577.2,4457.3,0.677,0.6749999999999998,4.581227777777778,0.1623135023540085,3.007745287552599,0
Kepler-1063 b,2.0,GV,14.07970648125,0.11162,1.38,1.5199972853761503,739.8,5642.9325,1.14,0.95275,4.414333333333334,1.1822762732760626,2.922089095661637,0
Kepler-1064 b,1.0,KV,16.540811514633333,0.1150199999999999,1.4016666666666666,1.5510941826650726,548.2,5101.493333333334,0.6864,0.7586666666666666,4.628,0.2863081385922337,2.568702473116557,0
Kepler-1065 b,1.0,GV,3.6093119058,0.0455999999999999,3.448571428571429,10.50786607369757,1084.2,5582.0,0.91,0.959,4.505277777777779,0.7213266257015352,4.58671616779852,0
Kepler-1065 c,1.0,GV,2.3703026866666668,0.0344,1.5023333333333333,2.699664403536607,1256.0,5634.142857142857,0.8804000000000001,0.9586666666666668,4.518750000000001,0.7007471435062387,5.279947158942082,0
Kepler-1066 b,1.0,GV,1.93155908966,0.0289833333333333,2.402625,5.288145357359452,1474.4,5600.007272727273,0.8781017142857144,0.9581428571428572,4.431672222222222,0.6803523106312398,5.750636960719356,0
Kepler-1067 b,1.0,GV,0.7621301007875001,0.016,0.7351428571428571,0.6703216777611881,1812.0,5568.666666666667,0.91825,0.95775,4.513665714285715,0.7274725547494103,7.738220005203219,0
Kepler-1067 c,1.0,GV,5.425875447888888,0.059215,1.74682428,3.900210940783654,937.0,5570.333333333333,0.922,0.9572,4.5218325,0.7343049063959384,4.021244335488331,0
Kepler-1068 b,1.0,GV,16.9234199061,0.1325466666666666,3.537875,11.030894228740197,719.2,5808.090909090909,1.01053,1.0387499999999998,4.456321111111111,1.042610018419324,2.799923058627922,0
Kepler-1069 b,1.0,GV,23.89895502815,0.164995,1.6,3.1481307227984714,713.6,5636.789090909091,0.98,1.0041250000000002,4.165817777777778,0.8698996231012298,2.4673654674523906,0
Kepler-107 b,1.0,GV,3.180015095750001,0.0445855555555555,1.5584999999999998,3.655,1481.142857142857,5849.733333333334,1.4481885714285716,1.16,4.177919999999999,2.2033543973190994,5.101605677957556,0
Kepler-107 c,1.0,GV,4.901443294514285,0.0595411111111111,1.75925,9.695,1281.857142857143,5849.733333333334,1.4481885714285718,1.16,4.17792,2.2033543973191,4.414642207390478,0
Kepler-107 d,1.0,GV,7.958238413107693,0.0822911111111111,0.86,7.7,1090.857142857143,5852.928571428572,1.4257999999999995,1.16,4.1849572727272735,2.140424763917504,3.755151952433256,0
Kepler-107 e,1.0,GV,14.749138444878572,0.12407,3.0365,14.1,888.0,5849.733333333334,1.4481885714285714,1.16,4.177919999999999,2.203354397319098,3.05823312117692,0
Kepler-1070 b,1.0,FV,6.22160891775,0.0700383333333333,1.71775,3.743710828394982,1229.4,6328.443636363637,1.2337585714285717,1.1976666666666669,4.311663333333333,2.190472885115062,4.135947942181522,0
Kepler-1071 b,1.0,KV,6.17998991733,0.05755,2.38,5.193931509032368,714.4,5119.216363636363,0.8215544285714286,0.8597142857142857,4.6288688888888885,0.4158880806078868,3.8657110763659768,0
Kepler-1072 b,1.0,FV,1.569065145511111,0.02782,1.508375,2.726231646267045,1778.6,6093.892,1.256714285714286,1.1486666666666665,4.287297499999999,1.9540783195703253,6.426779953366631,0
Kepler-1073 b,1.0,GV,8.678891167766668,0.08062,2.1601428571428576,4.320327797563253,834.4,5710.5,0.9709726666666668,0.9626666666666668,4.484576666666666,0.899498415017344,3.4561418125469583,0
Kepler-1073 c,1.0,GV,4.025822642828572,0.0480749999999999,1.5291666666666668,2.818835725212648,1083.5,5698.0,0.994556,0.9308,4.477065714285715,0.9354877677200936,4.400920514885807,0
Kepler-1073 d,1.0,GV,2.5047570211666663,0.03505,1.289541898,1.3917655885722195,1268.5,5669.166666666667,1.116,0.9156,4.457621666666667,1.1542373905951575,5.111917836603348,0
Kepler-1074 b,1.0,KV,5.9460911924,0.05312,1.16725,1.2226806731314062,556.0,3948.0,0.567,0.57703975,4.697531111111112,0.0700752319157883,3.2964676361596874,0
Kepler-1075 b,1.0,KV,1.5237294428571428,0.0212,1.343,1.467232088430647,858.8,3893.125,0.5346,0.5566000000000001,4.718558571428572,0.0589035068748584,5.124820452243262,0
Kepler-1076 b,1.0,KV,6.1472854402125,0.06048,0.8083333333333332,0.7583464091624557,759.4,4923.2725,0.7407594285714286,0.8028000000000001,4.603666666666666,0.2892409127824717,3.643953066030372,0
Kepler-1077 b,1.0,GV,34.35121411196667,0.21028,2.676714285714286,6.4929765125218495,575.6,5943.614,0.9772857142857142,1.0399999999999998,4.458096666666666,1.069388079707109,2.224296453823072,0
Kepler-1078 b,1.0,GV,3.0072525771428573,0.03898,1.961,5.171842950948169,1131.0,5638.3575,0.8161666666666667,0.8732,4.455075714285714,0.6040292817981571,4.733811170194631,0
Kepler-1079 b,1.0,GV,13.245045792322223,0.1193,1.63,3.2941074006514026,1088.0,5722.974,1.551842857142857,1.08,3.914,2.317781139842693,3.009308001519716,0
Kepler-108 b,2.0,GIV,49.183940933,0.2845666666666666,8.21875,147.26165442906247,653.4,5725.078,2.1558333333333333,1.3476,3.980285714285714,4.4796681940247,2.176524057155352,0
Kepler-108 c,2.0,GIV,190.3206960420909,0.7017833333333333,7.48,117.80040591479064,415.8,5712.276363636363,2.1558333333333333,1.3476,3.980285714285714,4.439735098078844,1.3859704158523782,0
Kepler-1080 b,1.0,FV,77.2552202249,0.37676,3.28,9.553451497530078,541.4,6455.206,1.16,1.2003999999999997,4.158517777777778,2.096265336315079,1.785276890269902,0
Kepler-1081 b,1.0,GV,3.8569100406333328,0.04727,1.01,1.0130194546923372,1299.8,5336.856,0.8447269999999999,0.8995000000000001,4.278835,0.5193552671627867,4.362975423929319,0
Kepler-1082 b,1.0,GV,1.5432063199333337,0.0258183333333333,1.0441250000000002,1.057738330653354,1612.4,5960.202,1.22,0.977,4.3823875,1.6852076688114157,6.152592674503864,0
Kepler-1083 b,1.0,KV,33.41783470120001,0.18946,3.095857142857142,8.56019647975189,446.2,5068.8,0.7523333333333334,0.8156666666666668,4.588721111111112,0.3352208947815102,2.075260284561496,0
Kepler-1084 b,1.0,FV,2.053340420285714,0.03224,1.241428571428571,1.3246411959918003,1843.6,6202.41375,1.352405,1.032,4.184798571428572,2.428545923824563,5.658708416425188,0
Kepler-1085 b,1.0,GV,219.32164823311112,0.738002,6.454571428571429,83.05882147478225,313.0,5941.2,1.050433333333333,1.112,4.431917499999999,1.2334556224541635,1.227717957556683,0
Kepler-1085 c,1.0,GV,56.777030391111104,0.2987966666666666,3.119453915714286,8.68458941185807,488.8,5956.444444444444,1.02055,1.072,4.448167499999999,1.1762694183549292,1.894455910956714,0
Kepler-1086 b,2.0,KV,18.784246812688888,0.11814,2.194142857142857,4.450443693082761,419.6,4301.844,0.622946125,0.6446000000000001,4.676782222222221,0.1192365650568548,2.3362625712986373,0
Kepler-1086 c,2.0,KV,161.51590637712502,0.49805,2.843666666666666,7.2839927649935134,205.0,4300.16,0.6229461250000001,0.6901999999999999,4.67263,0.119049969260389,1.1774053076364692,0
Kepler-1087 b,1.0,GV,0.6938439927888889,0.01509,0.61,0.525931018511255,2103.2,5471.2080000000005,1.0627425,0.9522857142857142,4.3416825,0.907985368926746,7.94536766753607,0
Kepler-1088 b,1.0,GV,23.12746432048,0.1607883333333333,1.40125,1.5504947972550231,689.6,5939.323636363638,1.0599544444444444,1.056,4.384087777777777,1.2543311674029085,2.563183367778975,0
Kepler-1089 b,1.0,KV,5.132229436719999,0.0469,1.7379999999999998,3.8523119150829657,547.8,3743.5,0.518213625,0.5288474285714286,4.722347777777778,0.0473171800923876,3.3585650254692387,0
Kepler-109 b,1.0,GV,6.481633162021427,0.0689533504125,2.409333333333333,5.584686366666666,1175.3333333333333,5944.285714285715,1.3651054545454548,1.0513333333333332,4.195487272727274,2.0874734331812674,3.905417918452987,0
Kepler-109 c,1.0,GV,21.22260861544286,0.1521357812875,2.556083333333333,8.2,790.8333333333334,5944.285714285715,1.3651054545454546,1.0513333333333332,4.195487272727272,2.0874734331812665,2.629235675848394,0
Kepler-1090 b,1.0,GV,198.68019774377777,0.6253259999999999,2.587,6.085737483694291,290.25,5316.1,0.82,0.8620000000000001,4.40879625,0.4818258783746313,1.174290030309277,1
Kepler-1090 c,1.0,GV,42.426711222222224,0.2232033333333333,3.1628082642857143,8.91535094249215,483.8,5334.111111111111,1.006,0.8514999999999999,4.3960725,0.7350790461779138,1.953515997650577,0
Kepler-1091 b,1.0,GV,1.4347472511,0.02396,1.2578571428571428,1.3474750000101063,1483.6,5775.888888888889,1.0156000000000005,1.002,4.500255,1.0299367497947574,6.467931888949791,0
Kepler-1092 b,1.0,FV,58.60158997447778,0.30088,2.146,4.26674279209756,508.4,6096.848,1.026142857142857,1.04025,4.42681111111111,1.305350001480853,1.8597183915045876,0
Kepler-1093 b,1.0,FV,25.08248179083,0.1712383333333333,2.107428571428572,4.122213118159344,779.8,6368.283,1.31753,1.159,4.250033333333333,2.561535002136357,2.602053405100153,0
Kepler-1093 c,1.0,FV,89.72217902528888,0.397274,2.1348333333333334,4.224657959834416,508.0,6358.536666666667,1.30847125,1.137,4.2525375,2.511001310189908,1.6920381266255111,0
Kepler-1094 b,1.0,GV,78.09959848676668,0.36528,2.908428571428572,7.602404345143554,453.4,5931.322999999999,1.236838,1.077333333333333,4.351764444444445,1.6987199578205026,1.7176595390741014,0
Kepler-1095 b,1.0,GV,4.271031275312501,0.0515199999999999,1.24,1.3226599114912934,1109.4,5848.72,0.9123333333333332,0.9845714285714284,4.503245,0.8738567749070704,4.372307231580496,0
Kepler-1096 b,1.0,KV,2.892217087025,0.0335599999999999,1.249285714285714,1.3355504744026885,777.2,4273.453333333334,0.6133748571428571,0.6182,4.6752625000000005,0.1125790689709189,4.292679933589281,0
Kepler-1097 b,1.0,GV,187.7467485872222,0.58268,3.176285714285714,8.987671002200655,269.0,5270.1,0.7655676666666668,0.815,4.568646666666666,0.405632215871438,1.18287467172743,1
Kepler-1098 b,1.0,GV,2.5430728256625,0.03512,1.2381428571428568,1.320085265286275,1289.4,5741.333333333333,0.9796666666666668,0.9606666666666668,4.4264375000000005,0.9356158297459368,5.230992426401419,0
Kepler-1099 b,1.0,GV,2.168450318511111,0.03356,2.765857142857143,6.9099756249397695,1555.8,5987.2,1.0876666666666666,1.0239999999999998,4.44574,1.363881226250041,5.52476724544664,0
Kepler-11 b,1.0,GV,10.30401842,0.0910807233222222,1.850666666666667,1.9,849.4,5729.071428571428,1.0775714285714286,0.9775714285714284,4.35798,1.1223257653764147,3.2766948496067663,0
Kepler-11 c,1.0,GV,13.024839528231247,0.1065224827,2.9563333333333333,2.9,785.8,5729.071428571428,1.0775714285714286,0.9775714285714284,4.35798,1.1223257653764147,3.029902085330541,0
Kepler-11 d,1.0,GV,22.686810060158823,0.1548284074444444,3.268615384615384,7.137684945714286,653.0,5729.071428571428,1.0775714285714286,0.9775714285714284,4.35798,1.1223257653764147,2.513181826930156,0
Kepler-11 e,1.0,GV,31.9962592525,0.1940152341333333,4.077,7.744188907142856,582.2,5722.076923076923,1.0775714285714286,0.9539166666666666,4.358392727272727,1.1168548966927236,2.2177484595991297,0
Kepler-11 f,1.0,GV,46.68630892284119,0.2495538502888888,2.643307692307692,2.0,513.2,5729.071428571428,1.0775714285714286,0.9775714285714284,4.35798,1.1223257653764147,1.9795528296359304,0
Kepler-11 g,1.0,GV,118.37866178293334,0.4638722819222222,3.489363636363636,25.0,376.2,5729.071428571428,1.0775714285714284,0.9775714285714284,4.35798,1.1223257653764145,1.451944522480211,0
Kepler-110 b,1.0,GV,12.691067950881818,0.1080942857142857,1.83,4.368986059210935,1039.8,5954.499166666667,1.149,1.0931428571428572,4.126882,1.4890554230380466,3.1806221320839763,0
Kepler-110 c,1.0,GV,31.71982363240909,0.1991442857142857,2.21,4.511753043840018,766.4,5954.499166666667,1.149,1.0931428571428572,4.126882,1.4890554230380466,2.34330878159211,0
Kepler-1100 b,1.0,FV,6.4219938627,0.0687583333333333,1.75,3.9175345811567617,1030.2,6070.084,1.34,1.08675,4.435577500000001,2.1871483977050112,3.97628163989196,0
Kepler-1101 b,1.0,GV,81.31527974163333,0.35238,2.273571428571429,4.761528033593035,374.8,5470.25,0.7999403333333333,0.914375,4.56936,0.5140835870030783,1.611133507984309,0
Kepler-1102 b,1.0,GV,51.32859322266667,0.27328,2.66,6.416158879730343,546.0,5985.5,0.94,1.0286666666666668,4.359971111111111,1.0175301763332318,1.9404765239648671,0
Kepler-1103 b,1.0,FV,19.79196818539,0.1486933333333333,2.548375,5.914258984027205,734.0,6172.545454545455,1.057,1.1109999999999998,4.308522222222222,1.4551139745882162,2.733922912624848,0
Kepler-1104 b,1.0,FV,5.037281325877778,0.0618683333333333,1.259,1.3490667830282497,1278.0,6432.566000000001,1.3991866666666668,1.2677142857142858,4.3011425,3.007309799297852,4.527427117676806,0
Kepler-1105 b,1.0,KV,4.421562962466667,0.04588,1.8745714285714283,4.633198039602381,696.0,4203.6,0.662474857142857,0.662,4.626026666666666,0.1229459377415874,3.79920102798911,0
Kepler-1106 b,1.0,FV,1.252750106075,0.02332,1.620285714285714,3.2464110742025305,1866.2,6106.111111111111,1.04625,1.12,4.3928525,1.3652733188812682,6.931380213641041,0
Kepler-1107 b,1.0,KV,0.571038548,0.0126916666666666,1.3907500000000002,1.5354079649904326,1865.0,5168.67,0.8216314285714285,0.8648571428571428,4.524688571428571,0.4322740415390515,8.256345219164965,0
Kepler-1108 b,1.0,GV,4.5100648089625,0.0514,1.4562857142857142,1.6301237166460771,989.0,5459.111111111111,0.82842525,0.8884000000000001,4.534485,0.5468701766355073,4.158126518800321,0
Kepler-1109 b,1.0,GV,37.64665462434444,0.21968,2.348714285714286,5.064975625500146,565.2,5596.901,0.9537355555555558,0.93475,4.373028888888889,0.8008225563226284,2.063134117565134,0
Kepler-111 b,1.0,GV,3.341805847372727,0.0454585714285714,1.6688888888888889,3.4891762902076926,1321.6,5924.5,1.1602775,1.097888888888889,4.3455390000000005,1.4880598750583065,4.915257642502334,0
Kepler-111 c,1.0,GV,224.77986437758327,0.75176875,7.403007579999999,222.4798849,329.7,5923.692307692308,1.15858,1.0999,4.347671818181818,1.4829000249995612,1.2097884965577463,0
Kepler-1110 b,1.0,KV,9.693111949333336,0.07672,2.377,5.181499317473034,608.4,4779.36,0.707372,0.7525,4.626683333333333,0.2342418870954381,3.132376369653554,0
Kepler-1111 b,1.0,FV,8.7962087372,0.08676,1.799,4.190598358751897,931.0,6024.835000000001,0.9981986666666668,1.0790000000000002,4.481838888888889,1.1778892304026636,3.5271662857140016,0
Kepler-1112 b,1.0,FV,14.362723297466667,0.12616,2.6287142857142856,6.273536543302514,926.8,6604.328,1.396882857142857,1.34,4.297346666666667,3.3306144477165485,3.259616766370691,0
Kepler-1113 b,1.0,GV,42.30051235,0.23368,2.449142857142857,5.4843709811289925,527.2,5841.457777777778,1.0160142857142855,0.9928,4.4162675,1.0783865103130992,2.061555809138921,0
Kepler-1114 b,1.0,GV,14.974357997310005,0.11111,1.35,1.4771816328888263,718.0,5395.326363636364,0.8481671000000001,0.8242857142857144,4.46021,0.5469197114167189,2.724189387598783,0
Kepler-1115 b,1.0,AV,23.55417996642222,0.21272,1.7,3.650021042300783,1376.2,9241.0,1.73,1.6,4.160448888888889,19.582040173198305,2.7430316151397727,0
Kepler-1116 b,1.0,GV,41.69780714125555,0.23286,2.41,5.31902927848784,487.4,5641.8,0.8921666666666668,0.9588888888888888,4.512784444444445,0.7235234006956349,2.029605731108324,0
Kepler-1117 b,1.0,GV,4.790286550988888,0.0541416666666666,1.045625,1.0597141803517225,955.2,5491.104,0.8608326666666666,0.9332,4.5403775,0.6044578263255949,4.152374723100477,0
Kepler-1118 b,1.0,GV,38.67132203561111,0.20972,2.8625714285714285,7.376273840049747,528.8,5417.8,0.9981533333333332,0.9258,4.346233333333334,0.7701516465708353,2.101423805149412,0
Kepler-1119 b,1.0,FV,8.32648422111111,0.08116,1.7416666666666665,3.872172513026493,937.0,6026.666666666667,1.028333333333333,1.0562222222222222,4.30447888888889,1.251602329947438,3.608125334120448,0
Kepler-112 b,1.0,GV,8.408880102754544,0.0751842857142857,2.652,6.3795447398150005,906.2,5622.5625,0.9335617,0.8485,4.42481,0.7814713652861907,3.3599852297423283,0
Kepler-112 c,1.0,GV,28.57425593119091,0.1701671428571428,2.7328888888888887,6.754321865967135,602.2,5622.5625,0.9335617,0.8485,4.424810000000001,0.7814713652861907,2.2333822169538435,0
Kepler-1120 b,1.0,KV,2.949028696875,0.0367199999999999,1.4567142857142856,1.6307473936244865,1014.8,4966.035555555556,0.7206666666666667,0.7727999999999999,4.5761325,0.2833988074778435,4.588357035080932,0
Kepler-1121 b,1.0,FV,13.15137055644,0.1163466666666666,1.725,3.782382125893914,990.0,6229.168181818182,1.492002222222222,1.188125,4.15995111111111,3.0071079324877554,3.196164168798303,0
Kepler-1122 b,1.0,GV,42.191924445388885,0.2328,2.1595714285714283,4.318156606331353,486.4,5565.7,0.9082,0.9504285714285714,4.43085,0.7101204489758194,2.020892619015364,0
Kepler-1123 b,1.0,GV,4.3394615387125,0.05096,1.7129999999999996,3.7185015395828462,1026.6,5449.751111111112,0.8800463333333334,0.9166666666666666,4.5086625,0.6129253729536405,4.241954382697974,0
Kepler-1124 b,1.0,KV,2.8520903622,0.03104,1.28,1.3783926877168415,644.4,3743.555555555556,0.34,0.35,4.7889675,0.0203697085133128,3.358521631680079,0
Kepler-1125 b,1.0,GV,17.6701742675,0.13034,1.84,4.427468582926244,675.0,5812.0,0.919,0.9906666666666668,4.340325,0.8646160541729879,2.75740082273244,0
Kepler-1126 b,1.0,GV,108.5931098307,0.4317516666666667,1.678625,3.5390524238767256,379.4,5836.918181818182,0.9233275714285714,0.965,4.504498888888889,0.8878423993307091,1.4952769178572076,0
Kepler-1126 c,1.0,GV,199.66636974875,0.640144,1.5685000066666668,2.999039878887467,305.75,5829.925,0.9209724,0.89975,4.500237142857143,0.8790932625034736,1.1857607538250867,0
Kepler-1127 b,1.0,GV,5.123356275225,0.05514,1.96,5.165410179989092,928.4,5456.544444444445,0.8648868000000001,0.9186,4.5345275,0.594948228325821,4.082299122593449,0
Kepler-1128 b,1.0,GV,61.6179298725,0.30358,3.4368571428571424,10.4401517916772,418.6,5382.891111111112,0.8981666666666667,0.9771666666666666,4.4510525,0.6076676198388147,1.7944143248243252,0
Kepler-1129 b,1.0,GV,24.33980982069,0.1647516666666666,3.31425,9.743881718851666,694.8,5849.118181818182,1.013454,0.9887777777777776,4.377121111111112,1.0785977695033528,2.4502445071673757,0
Kepler-1129 c,1.0,GV,76.53674174650001,0.351414,2.8055714285714286,7.099708653931344,479.0,5834.629999999999,1.00606,0.9936,4.37301125,1.0524243726322302,1.6817879858855835,0
Kepler-113 b,1.0,KV,4.754000651166667,0.0499891771285714,1.9746,11.7,771.6,4706.166666666667,0.7201428571428572,0.7541666666666668,4.586671000000001,0.2282424279908581,3.884817814648195,0
Kepler-113 c,1.0,KV,8.925078260683332,0.0760384774714285,2.18,8.7,625.4,4706.166666666667,0.7201428571428572,0.7541666666666668,4.586671,0.2282424279908581,3.149865026232837,0
Kepler-1130 b,2.0,GV,5.452987868272728,0.059219045,0.8795555555555556,0.846334917223019,924.4,5391.181818181818,0.8632100000000001,0.9342,4.522105555555556,0.5647531871351079,3.972502834312768,0
Kepler-1130 c,2.0,GV,3.266617865333333,0.0420336838857142,0.68629948,0.6130102986494169,1097.6,5411.75,0.8687833333333335,0.9435,4.521235714285714,0.5808496271922737,4.738569004455073,0
Kepler-1130 d,2.0,GV,4.272266488333333,0.0502906596142857,0.65284034125,0.5744458258914414,1003.4,5411.75,0.8687833333333334,0.9435,4.521235714285714,0.5808496271922735,4.332137877217385,0
Kepler-1131 b,1.0,GV,3.5323259696875,0.04586,1.4577142857142855,1.63220285396707,1179.2,5864.295555555556,0.96392025,1.0305,4.490785,0.9859058851048764,4.741131017096301,0
Kepler-1132 b,1.0,GV,62.89169711611112,0.28844,2.225857142857143,4.573459592517239,375.0,5222.5,0.8013595000000001,0.8446666666666668,4.582113333333333,0.4286061754523995,1.7115512911534485,0
Kepler-1133 b,1.0,GV,11.555613610155556,0.0968,1.8715714285714284,4.615126741125941,717.2,5503.278,0.853,0.9302,4.532988888888889,0.5987888708565792,3.100455289379727,0
Kepler-1134 b,1.0,GV,17.132657116288886,0.1250199999999999,2.4771428571428573,5.604114512687823,607.2,5369.6,0.7879843750000001,0.87525,4.589787777777778,0.4631192156772544,2.6463744592234364,0
Kepler-1135 b,1.0,GV,76.95821254594443,0.34488,1.85,4.486410592232827,452.2,5760.933999999999,1.0306666666666666,0.962,4.228174444444445,1.0497790708319206,1.6704309000172763,0
Kepler-1136 b,1.0,KV,2.361723187075,0.02992,1.5137142857142858,2.7498381916434824,914.2,4474.777777777777,0.6495748571428572,0.6491666666666668,4.64185,0.1517868518643094,4.658780995554939,0
Kepler-1137 b,1.0,FIV,23.92110009215556,0.18544,2.492,5.66814918332341,990.0,6971.630999999999,1.7919524999999998,1.4745,4.088435555555556,6.805819179403012,2.8203023099865585,0
Kepler-1138 b,1.0,GV,3.17059755295,0.0401399999999999,1.6507142857142856,3.397187050148308,1182.6,5599.888888888889,0.8859999999999999,0.9498,4.5219125,0.6925879538384685,4.865218870232964,0
Kepler-1139 b,1.0,GV,0.8131684219444444,0.0163399999999999,1.069125,1.0907796589568834,1619.8,5287.2660000000005,0.8260432500000001,0.8902857142857142,4.550339999999999,0.4784318282219003,7.382673467835799,0
Kepler-114 b,1.0,MV,5.188584338106667,0.0495714285714285,1.1209090909090909,3.45,609.5,4392.818461538462,0.6880137142857142,0.5765555555555556,4.66424,0.1581455820290204,3.4109852956497337,0
Kepler-114 c,1.0,MV,8.041299195233334,0.0656699999999999,1.435,2.8,526.5,4375.136666666666,0.54,0.5749000000000001,4.670603636363637,0.095861421412506,2.959290705818833,0
Kepler-114 d,1.0,MV,11.776121130833332,0.0846133333333333,2.273,3.9,463.8333333333333,4375.136666666666,0.54,0.5749000000000001,4.670603636363637,0.095861421412506,2.6070642608785666,0
Kepler-1140 b,1.0,KV,24.0862486668,0.1494399999999999,2.849857142857142,7.31415015008867,500.8,4892.5,0.7575664999999999,0.758,4.552027777777777,0.2950222091063918,2.252558908321018,0
Kepler-1141 b,1.0,GV,2.3445153692888887,0.0341766666666666,0.8692500000000001,0.8334664241863892,1451.8,5853.9,1.1233555555555557,0.9913333333333332,4.3597025,1.3295525948091202,5.386665248569997,0
Kepler-1142 b,1.0,GV,18.30269305765556,0.1301,1.6632857142857147,3.460661585518924,686.2,5611.826,0.96,0.967,4.252405555555555,0.82006656094355,2.726776689930285,0
Kepler-1143 b,1.0,KV,2.888899826,0.03544,1.528285714285714,2.8148749787723824,964.6,4907.888888888889,0.6999167500000001,0.7725,4.603277500000001,0.2550125253335813,4.669575174629298,0
Kepler-1143 c,1.0,KV,210.6306999958333,0.6192333333333333,3.2273999999999994,9.264464251674468,231.3333333333333,4902.571428571428,0.7010556666666666,0.79,4.6072033333333335,0.2547361482095998,1.1296954158114163,0
Kepler-1144 b,1.0,GV,17.146439601966666,0.12806,2.244428571428572,4.646233142041499,706.0,5759.8,1.0426783333333334,0.9968,4.425673333333332,1.0735447738699473,2.7904371801901857,0
Kepler-1145 b,1.0,KV,3.9707714673,0.0444399999999999,1.4916666666666665,1.681796020125347,958.8,5124.0,0.7724,0.7479999999999999,4.5517325,0.3689868291667109,4.103351847896207,0
Kepler-1146 b,1.0,KV,2.3522640243375,0.03194,1.2742857142857142,1.3703984497630286,1013.4,4750.111111111111,0.7388170000000001,0.7766666666666665,4.5973375,0.2493323805260853,4.932020365480955,0
Kepler-1147 b,1.0,GV,10.62798002387778,0.09608,2.2632857142857143,4.72068287170438,871.2,5946.609,1.066,1.0481666666666667,4.346893333333333,1.2749166549669606,3.303495039069361,0
Kepler-1148 b,1.0,KV,1.1044620744,0.01884,1.611,3.201202287977364,1389.4,4992.444444444444,0.7521002857142857,0.7385,4.568125,0.3152784744171511,6.2619527252259095,0
Kepler-1149 b,1.0,GV,3.73090507505,0.04682,1.435285714285714,1.5996312172372984,1115.8,5751.32,0.9113333333333334,0.9844285714285712,4.43918,0.8152944568974791,4.586183043199135,0
Kepler-115 b,1.0,GV,2.40364980395,0.0354885714285714,1.0981111111111113,1.1293802056524045,1481.2,5991.283636363636,1.163322857142857,1.046,4.34504,1.564479559881122,5.429959214507984,0
Kepler-115 c,1.0,GV,8.990892226036364,0.0855028571428571,2.528777777777778,5.828143899150436,954.8,5996.723333333334,1.16417375,1.046,4.346004,1.5724668738521848,3.4982473403655976,0
Kepler-1150 b,2.0,KV,2.7878701192,0.03736,1.02,1.0260776390609916,1327.0,4755.111111111111,0.7019132,0.8608571428571429,4.2707025000000005,0.2259952686591884,4.801059561976714,0
Kepler-1151 b,1.0,GV,65.64776041912222,0.30676,2.22,4.550620840790351,463.0,5583.089,0.886869375,0.9226,4.469498888888889,0.6856577204626932,1.7345321122771202,0
Kepler-1152 b,1.0,KV,1.647158976922222,0.0223599999999999,0.947625,0.9324540992618432,841.0,3914.3333333333335,0.5336000000000001,0.5558000000000001,4.7112175,0.0599725777892956,4.986529074602051,0
Kepler-1153 b,1.0,GV,1.7558392025714284,0.02776,1.7345714285714284,3.833795470947736,1340.6,5531.0,0.838117857142857,0.9184285714285716,4.557622857142857,0.589813449752415,5.752914849544961,0
Kepler-1154 b,1.0,FV,5.1855949677875,0.06086,2.34,5.029329956535793,1153.8,6232.444444444444,1.39769,1.156,4.3522975,2.6445100971344933,4.359010619063183,0
Kepler-1154 c,1.0,FV,8.458072553700001,0.08465,2.0523333333333333,3.919864076330951,991.75,6241.75,1.39769,1.255,4.334054285714286,2.6603393948182394,3.851087317238505,0
Kepler-1155 b,1.0,GV,33.4698799477,0.20068,2.2550000000000003,4.687901067081665,610.2,5898.333333333333,1.0812000000000002,0.9733333333333332,4.354666666666666,1.269460444289639,2.20269180569886,0
Kepler-1156 b,1.0,GV,11.895200187288888,0.1013233333333333,1.2955,1.4001309071066104,806.4,5864.6,0.9504285714285716,1.0274285714285714,4.48939,0.9586992795145288,3.184901966222015,0
Kepler-1157 b,1.0,KV,4.4574214744875,0.04504,0.9401428571428572,0.9228943899431756,731.6,4524.888888888889,0.6418571428571428,0.6537499999999999,4.6200975,0.1549523918688914,3.810497175068,0
Kepler-1158 b,1.0,FV,13.539643121310002,0.1200383333333333,2.018625,3.798444020080818,975.0,6235.538181818181,2.1215,1.41,4.034504444444445,6.104803557747383,3.4278717260857867,0
Kepler-1159 b,1.0,FV,22.70816627125,0.16044,2.37,5.152545759539715,677.6,6094.797777777777,1.28,1.0765,4.3739275,2.028369125475768,2.590750999678197,0
Kepler-116 b,1.0,FV,5.9687218845909085,0.0683742857142857,3.072777777777778,8.439353748639357,1194.6,6307.0,1.3977085714285715,1.2098888888888888,4.287299000000001,2.7734122591200894,4.207279138846373,0
Kepler-116 c,1.0,FV,13.07150354123636,0.1151814285714285,2.132888888888889,4.217349957580802,920.4,6307.0,1.3977085714285715,1.2098888888888888,4.287299000000001,2.7734122591200894,3.2415781612641226,0
Kepler-1160 b,1.0,GV,7.9703681827374995,0.0758,1.917142857142857,4.894146001213092,844.4,5674.777777777777,0.8347999999999999,0.919,4.5780325,0.6484106931028555,3.4825562260331053,0
Kepler-1161 b,1.0,KV,10.712514829222222,0.07848,2.214142857142857,4.527836255775459,493.6,4261.544,0.57,0.6103333333333333,4.623606666666666,0.0961407417953022,2.789195986358485,0
Kepler-1162 b,1.0,GV,32.56353114433333,0.193,2.1228571428571428,4.179741871688,503.6,5393.4,0.8313655714285714,0.906375,4.553833333333333,0.5247161655512566,2.167455993078911,0
Kepler-1162 c,1.0,GV,59.28411211857143,0.2877,1.811600004,4.26257509979777,413.75,5389.571428571428,0.8354509999999999,0.902,4.543,0.5283828883245709,1.7709582455315358,0
Kepler-1163 b,1.0,FV,6.1178797149,0.0683133333333333,0.97525,0.9679451468639922,1160.8,6323.906,1.3386633333333335,1.17525,4.329385,2.5714270574908547,4.148464474362094,0
Kepler-1164 b,1.0,KV,3.976001979811111,0.0456416666666666,1.1421250000000005,1.1885781146133565,967.8,5188.4,0.7831859999999999,0.8148333333333332,4.5453725,0.3987984702214917,4.225991604957183,0
Kepler-1165 b,1.0,FV,9.4785208401875,0.090725,1.6001666666666663,3.1489309327026724,949.0,6145.888888888889,1.1976666666666669,1.1150000000000002,4.2511225,1.8361180187673003,3.506298849779613,0
Kepler-1165 c,1.0,FV,29.96856373875,0.19552,3.36093385,10.006309530963078,642.6,6179.125,1.0718333333333334,1.11525,4.319039999999999,1.5026308178302197,2.3887214293723145,0
Kepler-1166 b,1.0,GV,33.24086484883334,0.19532,1.8252857142857144,4.341574778782773,546.8,5476.825999999999,0.8549932,0.908,4.473434444444445,0.5901072432132798,2.15647560924608,0
Kepler-1167 b,1.0,KV,1.003937420675,0.0178,1.734142857142857,3.831484616830187,1422.2,4900.888888888889,0.75482125,0.7442857142857143,4.54922,0.2949018601654173,6.467475980488297,0
Kepler-1168 b,1.0,KV,55.82255963825556,0.26632,2.201857142857143,4.4802202322706375,377.4,5094.774,0.7451481111111111,0.8182222222222223,4.605705555555556,0.3356408057762144,1.7531082281810677,0
Kepler-1169 b,1.0,FV,6.110103379700001,0.068585,0.973,0.965043061005616,1129.4,6045.426,1.2286666666666668,1.1408571428571428,4.3117625,1.809112774333407,4.079209829069276,0
Kepler-117 b,1.0,FV,18.79590981226153,0.14621625,7.0284,30.6375,842.0,6218.54,1.5007142857142857,1.1575555555555557,4.20846,3.021618371179812,2.8141554599604786,0
Kepler-117 c,1.0,FV,50.79037584741539,0.28376375,12.341,584.78,604.0,6227.628461538461,1.5007142857142857,1.1585,4.222217272727272,3.0393216421927427,2.0208987052172955,0
Kepler-1170 b,1.0,KV,9.98968755077778,0.08812,2.543142857142857,5.89120910048588,692.6,5144.1,0.8156666666666667,0.8721111111111112,4.544392222222222,0.4179774860182899,3.146470392954376,0
Kepler-1171 b,1.0,FIV,1.4425923720555551,0.02872,2.702142857142857,6.610674606687709,2709.0,7139.7,2.0244,1.5059999999999998,4.025198888888888,9.55437674285569,7.242612537908505,0
Kepler-1172 b,1.0,GV,26.020223595055555,0.17076,3.3175714285714286,9.762443560430851,581.6,5702.729,0.87688275,0.9776,4.549003333333334,0.7296319432490467,2.3931091504085766,0
Kepler-1173 b,1.0,KV,0.7698540398555556,0.0156166666666666,0.890375,0.8598938533506408,1632.8,5136.704,0.7979917499999999,0.8659999999999999,4.56306,0.397763395771767,7.448001573714352,0
Kepler-1174 b,1.0,GV,6.8922525203000005,0.0717599999999999,1.7091428571428569,3.698104754039228,1003.2,5971.222222222223,1.0406666666666669,1.0635,4.3158075,1.2352818885075794,3.850370453812323,0
Kepler-1175 b,1.0,GV,37.94553439384444,0.2188,2.9661428571428567,7.891597408076341,516.6,5707.4,0.8652000000000001,0.95175,4.583798888888889,0.7126497139052308,2.085992621359704,0
Kepler-1176 b,1.0,GV,24.17402569375,0.1568,2.45,5.488018419043231,560.4,5567.495555555555,0.9469175,0.9436666666666668,4.51774,0.7729540048333398,2.4536423677592,0
Kepler-1177 b,1.0,GV,106.24880244211111,0.4368,2.178142857142857,4.388984878294357,393.0,5785.0,0.9898333333333332,0.994375,4.311448888888888,0.9845265965486584,1.50906785301664,0
Kepler-1178 b,1.0,KV,31.806445851885712,0.1596,1.07,1.0919403409667543,378.0,4851.1975,0.6747028571428572,0.8,4.620431428571429,0.2262094645277835,2.2392549038468217,0
Kepler-1179 b,1.0,GV,2.685056798322222,0.0347283333333333,1.320375,1.4351803536632295,1135.4,5222.0,0.8260000000000001,0.7815714285714286,4.537685,0.4551949282714591,4.744793878168491,0
Kepler-118 b,1.0,KV,7.518516224977778,0.0711,1.96,5.165410179989092,828.4,5185.3,1.094,0.8515714285714286,4.458548888888889,0.776282946632134,3.4613915132259003,0
Kepler-118 c,1.0,KV,20.1720226801,0.1372166666666666,6.678625,90.05510344264093,595.8,5178.363636363636,1.094,0.8585714285714287,4.466491,0.7721375463482265,2.501841357336291,0
Kepler-1180 b,1.0,FV,16.859827703633336,0.12648,1.8565714285714283,4.525394627080251,768.0,6185.6,1.105,1.105,4.341553333333334,1.6037687077615252,2.956277476291041,0
Kepler-1181 b,1.0,FV,4.893386686177778,0.06188,1.5542857142857145,2.933156847522973,1342.4,6541.183999999999,1.3231666666666666,1.31225,4.307082222222222,2.875705553943888,4.605832311537769,0
Kepler-1181 c,1.0,FV,8.9348886685,0.0928,1.6567999920000005,3.4278278616968745,1114.25,6651.88,1.3302,1.334,4.31193,3.108145641114031,3.7920923967859377,0
Kepler-1182 b,1.0,GV,11.173899841362502,0.09808,2.41,5.31902927848784,794.8,5898.444444444444,0.9343333333333336,1.0116666666666667,4.4344375000000005,0.948076778064451,3.212206641767985,0
Kepler-1183 b,1.0,GV,28.50546447837777,0.17904,2.8402857142857143,7.267547114954943,555.2,5649.3,0.89,0.957,4.371754444444445,0.7238497281250897,2.312362502919828,0
Kepler-1184 b,1.0,FV,53.59907848656667,0.28724,2.5907142857142853,6.102349646664141,530.4,6166.6,1.03381375,1.0782500000000002,4.442246666666667,1.3866203592615458,1.9378147547936069,0
Kepler-1185 b,1.0,GV,104.35173952183337,0.4382333333333334,1.33,1.4487956497189585,365.6666666666667,5738.714285714285,0.9186666666666666,1.0404,4.422289999999999,0.8212288143198444,1.5410703034525783,0
Kepler-1186 b,1.0,GV,16.076756449999998,0.1274799999999999,2.2840000000000003,4.803110622651314,719.2,5809.58,0.9868333333333332,1.0490000000000002,4.442015,0.9953055304734058,2.8690736752007595,0
Kepler-1187 b,1.0,FV,18.87061716743333,0.14048,2.5065714285714287,5.73128706304776,702.2,6024.4,1.0473333333333334,1.0675,4.439688888888889,1.296327999024929,2.7570946564971126,0
Kepler-1188 b,1.0,FV,17.136973526577776,0.13444,2.256428571428572,4.693545382058997,776.6,6092.3,1.0761666666666667,1.07925,4.310683333333333,1.4314429559009452,2.833816735442372,0
Kepler-1189 b,1.0,GV,3.7886185822125,0.04814,1.5521428571428573,2.923299586677839,1245.6,5761.006666666666,1.1460742857142858,1.0586666666666666,4.34292,1.298102236102732,4.690310137484242,0
Kepler-119 b,1.0,GV,2.4220835933,0.0343833333333333,3.791625,12.58253706579624,1211.2,5588.0,0.8610000000000001,0.94475,4.50492,0.6485175639002497,5.242753580046435,0
Kepler-119 c,1.0,GV,4.125105677500001,0.0489499999999999,0.944625,0.9286183595903046,1013.4,5614.777777777777,0.8291666666666666,0.9176,4.5278,0.6130611688900451,4.330373320115046,0
Kepler-1190 b,1.0,KV,10.45844389652222,0.08268,1.249857142857143,1.3363446812531714,598.6,4636.486,0.7013344285714286,0.7047142857142857,4.5965588888888895,0.2039369777382364,2.9199894862595457,0
Kepler-1191 b,1.0,GV,5.6001052228875,0.05936,1.5417142857142856,2.875606839067068,900.0,5378.555555555556,0.8526900000000001,0.8901999999999999,4.53088,0.5459273156721323,3.873217030890233,0
Kepler-1192 b,1.0,GV,25.20337671893333,0.16884,2.4655714285714287,5.554480143802616,596.6,5692.8,0.919121875,0.9793333333333334,4.509586666666667,0.7960489252797338,2.4088101949918976,0
Kepler-1193 b,1.0,GV,2.832647674211111,0.0399066666666666,1.305625,1.4143731216004118,1388.0,5945.356,1.2876666666666667,1.0525714285714287,4.3129675,1.8586953637373689,5.136627184410722,0
Kepler-1194 b,1.0,GV,16.22373535767778,0.12164,1.51,2.7334035328368,762.2,5659.757777777778,0.92,0.905,4.356333333333334,0.7792142470342728,2.72810491396659,0
Kepler-1195 b,1.0,KV,8.4964192646375,0.07308,2.1935714285714285,4.448241765346676,704.6,5072.0,0.7329645,0.7229999999999999,4.585217500000001,0.3189867993558365,3.145899636913605,0
Kepler-1196 b,1.0,GV,66.18442074472222,0.31654,2.2352857142857143,4.610338155413923,433.2,5777.7,0.9539691666666666,0.9856666666666666,4.498656666666667,0.9098681810656104,1.7649228257377876,0
Kepler-1197 b,1.0,KV,2.0323181101777776,0.0275483333333333,1.159625,1.212307635475305,986.8,4633.2,0.6671428571428571,0.71925,4.61437,0.1840143626349294,5.110545445698759,0
Kepler-1198 b,1.0,GV,7.6847951869,0.0752,1.6498571428571431,3.392884477602587,911.8,5532.666666666667,0.9165,0.9366666666666666,4.44883,0.7061432477685881,3.529869065557325,0
Kepler-1199 b,1.0,GV,15.04473097526,0.1162983333333333,1.234,1.3143459994942823,832.4,5890.728,1.1371666666666669,0.9126,4.273666666666666,1.3970565044085224,2.8017441302217123,0
Kepler-12 b,1.0,GV,4.437963217818751,0.055037,18.59719958333333,137.1422125,1375.857142857143,5956.941176470588,1.4669166666666669,1.1085,4.162617142857143,2.4310505086142458,4.488647037346603,0
Kepler-120 b,1.0,MV,6.312535865975,0.0562157142857142,2.1949,8.5,586.3333333333334,4283.083333333333,0.5807777777777777,0.5992857142857142,4.6482600000000005,0.1018441126052681,3.265600695980624,0
Kepler-120 c,1.0,MV,12.794547843508331,0.0900242857142857,1.720888888888889,3.760424785182168,463.1666666666667,4283.083333333333,0.5807777777777778,0.5992857142857142,4.6482600000000005,0.1018441126052682,2.5805489672889856,0
Kepler-1200 b,1.0,KV,1.1185502133125,0.0187,1.0391428571428574,1.0511818017979673,1168.6,4489.777777777777,0.6828333333333334,0.715,4.613827500000001,0.1699881554496685,6.184537135430561,0
Kepler-1201 b,1.0,FV,15.187255544022223,0.11924,1.973142857142857,5.250332554715503,792.2,6075.9,1.24,1.092,4.421404444444445,1.8800772316544767,3.026741416563868,0
Kepler-1202 b,1.0,GV,28.68530704937778,0.17904,2.600857142857143,6.147822880370947,546.4,5700.8,0.8845060999999997,0.9806666666666668,4.52961,0.7413695334293918,2.3407803131971625,0
Kepler-1203 b,1.0,KV,0.5879999496875,0.01132,1.0222857142857142,1.0290677770254086,1229.8,3981.444444444444,0.5963333333333333,0.584,4.63648,0.0801734665653137,7.183865524120176,0
Kepler-1204 b,1.0,GV,85.73557249147777,0.3871599999999999,2.989857142857143,8.01190575785179,447.4,5928.9,1.038792,1.046,4.419315555555555,1.1963094796680378,1.6439764260856586,0
Kepler-1205 b,1.0,GV,1.0783902494250002,0.0194799999999999,1.41,1.56309310172325,1635.6,5238.111111111111,0.8150729999999999,0.8497142857142856,4.45947,0.4487264708919212,6.605671426932686,0
Kepler-1206 b,1.0,KV,1.2169977422250002,0.0200799999999999,1.5751428571428572,3.0301258990926216,1299.2,4811.666666666667,0.7548814285714285,0.7451428571428572,4.5634025,0.2740497852732781,6.092743585101909,0
Kepler-1207 b,1.0,FV,13.6823393222125,0.11528,1.7082857142857144,3.6935811243252177,796.6,6016.333333333333,1.0206666666666668,1.0912,4.30253,1.224574676210899,3.0771607108429584,0
Kepler-1208 b,1.0,KV,11.0850599253125,0.09068,2.4194285714285715,5.358636889485035,661.6,5002.777777777777,0.7746305714285714,0.7925714285714286,4.558035,0.3372282615691541,2.9569122360489644,0
Kepler-1209 b,1.0,FV,25.36903362307,0.178575,1.4711250000000002,1.6517505063482327,763.0,6261.181818181818,1.272505,1.218375,4.278624444444444,2.2327191976848177,2.6124930520980745,0
Kepler-121 b,1.0,GV,3.17741637206,0.0391166666666666,2.5725,6.021091520480905,1009.2,5321.0,0.7048841999999998,0.8346666666666667,4.64855,0.3573538271089553,4.620091739618188,0
Kepler-121 c,1.0,GV,41.00811547679,0.2154666666666666,2.27,4.747326796000953,430.2,5321.0,0.7048842000000001,0.8346666666666667,4.648549999999999,0.3573538271089556,1.968527437341318,0
Kepler-1210 b,1.0,GV,8.0711831232375,0.0758399999999999,1.5902857142857143,3.1016971047682067,858.4,5670.888888888889,0.9173333333333334,0.9022857142857142,4.4964900000000005,0.780816086544149,3.4498313341015483,0
Kepler-1211 b,1.0,GV,11.01816583809,0.0984383333333333,2.726125,6.722595097521301,837.8,5903.636363636364,0.9881666666666667,1.0313,4.430072222222222,1.0642132122775831,3.237318036033628,0
Kepler-1212 b,1.0,FV,12.941281679444444,0.10876,1.8765714285714288,4.645268733341053,797.2,6077.151,1.0963333333333332,1.09,4.427068888888889,1.470873072602707,3.166311465079421,0
Kepler-1213 b,1.0,FV,5.349753450000001,0.06091,1.173875,1.2317098361739305,1121.6,6101.365555555556,1.1443333333333332,1.09975,4.38381,1.6281826826398191,4.249889806362356,0
Kepler-1214 b,1.0,KV,18.8264669325,0.1296,2.423714285714286,5.376686355832535,588.8,5136.333333333333,0.83177,0.8082857142857142,4.5025625,0.4320252760729872,2.497784318841836,0
Kepler-1215 b,1.0,GV,4.7670359009125,0.05284,1.2472857142857143,1.332771608830095,1046.8,5583.777777777777,0.9299754285714286,0.8813333333333334,4.45177,0.7543020739480896,4.084733033581319,0
Kepler-1216 b,1.0,GV,4.370380020825,0.0535599999999999,1.4450000000000005,1.6137200730497558,1153.8,5847.888888888889,1.0509857142857142,1.0125,4.421387500000001,1.158990630395722,4.348627578279295,0
Kepler-1217 b,1.0,FV,2.0323223837,0.0324799999999999,1.8658571428571429,4.580820457880431,1530.4,6055.0,1.0579925,1.0976666666666668,4.4333,1.349931147060465,5.814363933289287,0
Kepler-1218 b,1.0,GV,22.92226838851,0.1577633333333333,1.476625,1.65978288521042,698.0,5918.702727272727,1.1,1.0111111111111113,4.278867777777778,1.3322365085610397,2.53204481783845,0
Kepler-1219 b,1.0,GIV,16.10475515613,0.13046,2.119625,4.167658860722001,892.2,5943.802727272728,1.94,1.25,3.93429,4.214546573799557,3.0959312176501848,0
Kepler-122 b,1.0,FV,5.766178925845455,0.06347,2.126111111111111,4.19192321127006,1065.4,6037.083333333333,1.22976625,1.0468,4.376369,1.8023688493439989,4.061837939611673,0
Kepler-122 c,1.0,FV,12.466010347636365,0.10638,5.324222222222223,78.6191987695552,823.2,6037.083333333333,1.22976625,1.0468,4.376369,1.8023688493439989,3.1374502497102967,0
Kepler-122 d,1.0,FV,21.58751100874545,0.1532,1.8841111111111115,4.690940087354107,686.2,6037.083333333333,1.22976625,1.0468,4.376369,1.8023688493439989,2.614432648795599,0
Kepler-122 e,1.0,FV,37.99597041189167,0.2235014285714285,2.2104,27.7,568.2,6037.083333333333,1.2241614285714288,1.0440000000000005,4.376369,1.7859772219864278,2.1616485286093323,0
Kepler-122 f,1.0,FV,56.259746784,0.2896083333333333,2.008555555555556,36.0,498.6,6038.3,0.949,1.0439999999999998,4.3975575000000005,1.074189788807254,1.8989770064327955,0
Kepler-1220 b,1.0,GV,7.4269697554625,0.07038,1.416,1.57174551355912,922.4,5753.555555555556,0.9899548,0.9663333333333334,4.434675,0.9635312957595424,3.7060718352509134,0
Kepler-1221 b,1.0,GV,12.000954414644443,0.09168,1.643333333333333,3.3602425084449297,636.2,5208.166666666667,0.7233333333333333,0.87,4.590333333333333,0.3453872510485362,3.081039796676895,0
Kepler-1222 b,1.0,KV,1.9169485643777773,0.027735,0.7718750000000001,0.7141855639543468,1163.6,5141.4,0.752211,0.819,4.606825,0.3547274385765481,5.435041314825836,0
Kepler-1223 b,1.0,KV,16.301330171644445,0.11714,1.324142857142857,1.4405067404717231,548.0,4796.9,0.7953256666666666,0.79625,4.544156666666666,0.3004847985060298,2.607636772737106,0
Kepler-1224 b,1.0,FV,13.32354157802,0.1131916666666666,1.207375,1.277599793097621,856.8,6219.818181818182,1.1792714285714283,1.1875714285714285,4.38012,1.8673604711491576,3.2396465220273583,0
Kepler-1225 b,1.0,FV,7.010745692475,0.0747,2.026428571428572,3.826392091246897,1132.0,6166.435555555556,1.16475,1.1575,4.3035675,1.7599165553602163,3.9370885517811143,0
Kepler-1226 b,1.0,FV,17.292266083690002,0.1345749999999999,1.45,1.6209827860580857,751.8,6051.451818181818,1.02,1.0705555555555557,4.352743333333333,1.2517814531126168,2.820963029649292,0
Kepler-1227 b,1.0,GV,94.28905208111112,0.389925,2.172875,4.368838714368624,389.8,5679.4,0.9142857142857144,0.953,4.4844325,0.7803034845983854,1.5636188374542657,0
Kepler-1228 b,1.0,KV,0.5773701046333334,0.0124266666666666,1.4925,1.683017538569315,1765.0,5073.43,0.727679,0.7821428571428571,4.611292499999999,0.3147575992710323,7.9348861752800355,0
Kepler-1229 b,1.0,KV,86.82908142865999,0.2974333333333333,1.438,1.6035649381540724,204.0,3729.181818181818,0.48575,0.51125,4.764684,0.0409420610012229,1.3112841910618405,0
Kepler-123 b,1.0,FV,17.232304548491665,0.1328271428571428,2.724,55.3,781.8,6181.333333333333,1.252,1.0485,4.327588,2.053180653183352,2.8100612481284046,0
Kepler-123 c,1.0,FV,26.69515632111667,0.17784,1.4252222222222222,1.5850660384142117,675.8,6181.333333333333,1.252,1.0485,4.327588,2.053180653183352,2.4285356130833704,0
Kepler-1230 b,1.0,FV,9.956691785288887,0.09228,3.005571428571429,8.092102996544929,943.6,6046.7,1.100931111111111,1.0513333333333332,4.377165555555556,1.4537302502247755,3.3759142609389152,0
Kepler-1231 b,1.0,GV,10.41727994075,0.09304,1.389857142857143,1.5341266431773688,816.4,5712.0,1.0039685714285715,0.9958571428571428,4.4378775,0.9626820641171838,3.2721910653968385,0
Kepler-1232 b,1.0,GV,26.783854258170003,0.1678416666666666,1.837625,4.413537419606658,567.0,5342.0,0.8436631666666665,0.9031250000000002,4.493323333333333,0.5200481576817657,2.3200589742725795,0
Kepler-1233 b,1.0,FV,45.12616515557777,0.26302,2.3357142857142854,5.011843050240441,602.8,6357.067,1.163759,1.1812,4.373191111111112,1.9844634752693369,2.1195434134481035,0
Kepler-1234 b,1.0,KV,11.9401314267125,0.09558,2.548428571428572,5.914495210159483,625.8,4994.444444444444,0.7696666666666667,0.8108333333333334,4.56425,0.3307074304337382,2.913112575465009,0
Kepler-1235 b,1.0,GV,4.160574329266666,0.04891,0.73825,0.6740071324434321,980.8,5425.718,0.8601428571428572,0.9167142857142856,4.5295325,0.575254328394111,4.330052402205724,0
Kepler-1236 b,1.0,GV,31.057311794444445,0.181,1.9685714285714289,5.220701627881499,486.6,5347.4,0.7752732222222222,0.8543333333333333,4.591327777777778,0.4409304630188918,2.172948193985505,0
Kepler-1237 b,1.0,GV,84.57334335765556,0.3726400000000001,2.666857142857143,6.447621416516852,361.4,5326.9,0.9023906666666668,0.8875,4.506600000000001,0.5882706967061198,1.5435277055209649,0
Kepler-1238 b,1.0,FV,4.147848054285714,0.05398,1.735428571428571,3.8384196462461833,1311.6,6287.5,1.2982,1.2633333333333334,4.305698571428571,2.3631160605481747,4.838575493602724,0
Kepler-1239 b,1.0,FV,5.1910656521875005,0.06206,2.9,7.560598852029191,1166.4,6222.0,1.57,1.2226666666666668,4.309605,3.314432523256397,4.439388314013248,0
Kepler-124 b,1.0,KV,3.4104654244444443,0.0399157142857142,0.73,0.6642318835261686,932.8,5108.4,0.6643881428571429,0.7205,4.65620125,0.2696951777077627,4.249325738821839,0
Kepler-124 c,1.0,KV,13.821398529054546,0.1015042857142857,1.75,3.9175345811567617,585.6,5121.666666666667,0.680643875,0.743,4.657882999999999,0.2860058859442237,2.705996316912618,0
Kepler-124 d,1.0,KV,30.95066530637273,0.1736714285714285,1.11,1.1453016131561655,447.2,5121.666666666667,0.6806438750000001,0.743,4.657882999999999,0.2860058859442238,2.068736621349419,0
Kepler-1240 b,1.0,GV,4.866409233555554,0.0546349999999999,1.294375,1.3985504943947755,1066.2,5652.272,1.0274285714285714,0.9636,4.3482325,0.9666857997177208,4.200373461975691,0
Kepler-1241 b,1.0,GV,18.552585386911108,0.13316,2.6021428571428573,6.153598512414041,612.8,5432.7,0.8297147777777778,0.8951250000000002,4.553733333333334,0.5380348341607867,2.5931637031990564,0
Kepler-1242 b,1.0,KV,13.627990221977775,0.10492,2.26,4.7076702436527365,642.2,4956.8,0.8127306250000002,0.7949999999999999,4.50694,0.3577574482639841,2.7531470434809275,0
Kepler-1243 b,1.0,GV,16.83203013726667,0.1248999999999999,1.6654285714285717,3.471550336333284,687.8,5627.755,0.9134,0.952,4.504603333333333,0.7508489789064849,2.761291391649194,0
Kepler-1244 b,1.0,FV,3.704285967,0.04984,1.3307142857142855,1.449807242657919,1675.8,6688.448888888889,1.6231666666666664,1.35,4.0256075,4.730616383555662,5.205384941706413,0
Kepler-1245 b,1.0,GV,4.3540866965500005,0.0485199999999999,1.5594285714285714,2.9568942192952665,1043.6,5387.444444444444,0.8993333333333333,0.81,4.442333333333334,0.6113113371335458,4.086552637795655,0
Kepler-1245 c,1.0,GV,2.9365860660142857,0.0372,1.601,3.152933782753467,1189.25,5380.0,0.8932,0.808,4.4468000000000005,0.5996756042768345,4.661322963608305,0
Kepler-1246 b,1.0,KV,11.32274736825,0.08484,1.3314285714285714,1.4508189985074167,552.6,4553.595555555556,0.6595,0.66425,4.617055,0.1677788710583213,2.798597459788833,0
Kepler-1247 b,1.0,GV,13.712203169366669,0.10948,2.351714285714286,5.077274675544119,669.4,5441.4,0.803127,0.9125,4.580584444444445,0.5073421115907695,2.8875135186985554,0
Kepler-1248 b,1.0,FV,7.467243310675,0.0780599999999999,1.12,1.158733143787717,1035.4,6087.2325,1.2144,1.153,4.363666666666667,1.816740619017536,3.843929060193832,0
Kepler-1249 b,1.0,FV,24.33463666334444,0.1672,2.036,3.8608041373092177,646.6,6082.0,1.28,1.0877777777777775,4.347581111111111,2.011386136833972,2.5510968036245663,0
Kepler-125 b,1.0,MV,4.164042912757142,0.0411771428571428,2.627,6.265765516922773,599.5,3800.428571428572,0.5157777777777778,0.5390367272727272,4.72907,0.0497903754426718,3.6187289754271146,0
Kepler-125 c,1.0,KV,5.77410466385,0.0511666666666666,0.8250833333333335,0.77883804651036,538.8,3799.6666666666665,0.51525,0.5385892222222224,4.7319890909090905,0.0496486960213291,3.24496674665825,0
Kepler-1250 b,1.0,GV,2.607542903425,0.0391,2.1815714285714285,4.4021205422134,1420.8,5998.666666666667,1.08,1.0776666666666668,4.353995,1.3550529937416709,5.2508405472601,0
Kepler-1251 b,1.0,GV,45.090429959888894,0.24724,2.041857142857143,3.881934220879984,484.6,5693.06,0.900481375,0.9795555555555556,4.524564444444445,0.7642269747597509,1.990811553891518,0
Kepler-1252 b,1.0,GV,15.0540023555625,0.10884,1.67,3.4948471767778697,673.8,5568.222222222223,1.09,1.06,4.4690175,1.0247291314323574,3.121286615532725,0
Kepler-1253 b,1.0,GV,68.88643585931,0.3146566666666666,1.4455,1.614446005565465,484.0,5824.158181818182,1.1,0.902,4.238266666666666,1.2491306569170757,1.6934008909738572,0
Kepler-1254 b,1.0,KV,9.9911268936875,0.08366,1.554857142857143,2.9357887582892777,675.2,4994.473333333333,0.7436442857142858,0.7875000000000001,4.584625,0.3087302146317601,3.06860744998415,0
Kepler-1254 c,1.0,KV,3.600837263657143,0.042425,1.301,1.407863292165468,947.25,4979.4075,0.742585,0.7887142857142857,4.586714285714286,0.3041535369116944,4.3124484042303015,0
Kepler-1254 d,1.0,KV,5.72716820892857,0.057875,1.3306666666666669,1.4497397980596505,811.25,4979.4075,0.742585,0.7887142857142858,4.586714285714286,0.3041535369116944,3.692235006106393,0
Kepler-1255 b,1.0,FV,36.29189914418888,0.21898,2.2982857142857145,4.860350994954207,598.8,6016.4,1.2609533333333334,1.08,4.332348888888889,1.8691092571027788,2.221184509286186,0
Kepler-1256 b,1.0,FV,12.412828778211113,0.108955,1.463125,1.6400831258441892,964.4,6203.87,1.3703999999999998,1.1455,4.2335650000000005,2.4959466881530683,3.2430149312681285,0
Kepler-1257 b,1.0,GV,2.6683154643,0.03748,1.5015714285714286,2.696324950095239,1247.6,5674.673333333333,0.8886666666666666,0.964125,4.502174999999999,0.734735620270292,5.072731375795812,0
Kepler-1258 b,1.0,GV,0.9849407860333332,0.0194233333333333,0.977125,0.9703650867793598,1945.8,5868.904,1.0196311111111112,1.018571428571429,4.403815,1.1066340503933438,7.242839263064205,0
Kepler-1259 b,1.0,KV,0.6630870708,0.01414,1.5151428571428571,2.756174700709846,1674.6,5132.666666666667,0.782,0.8587142857142858,4.57,0.3807812878586918,7.794255233022127,0
Kepler-126 b,1.0,FV,10.4956809308,0.0980249158499999,1.5145454545454546,4.11726105,1008.0,6236.076923076923,1.3687142857142856,1.1929999999999998,4.230687272727272,2.5419166442423653,3.4892088612027283,0
Kepler-126 c,1.0,FV,21.869662828146154,0.1600778839,1.5930909090909091,1.27942148,788.6,6236.076923076923,1.3687142857142856,1.1929999999999998,4.230687272727272,2.5419166442423653,2.7304205158863573,0
Kepler-126 d,1.0,FV,100.28291604284615,0.4418479521375,2.5568181818181817,54.59018723,474.6,6236.076923076923,1.368714285714286,1.193,4.230687272727272,2.541916644242366,1.6434586538703713,0
Kepler-1260 b,1.0,GV,19.11874718745556,0.13538,1.8497142857142856,4.484720148276437,707.2,5878.0,1.171,1.034,4.244383333333333,1.4686623683700588,2.7641270338266875,0
Kepler-1261 b,1.0,KV,48.43105587427777,0.2442,2.4412857142857143,5.450989664236933,403.6,4982.765,0.7772640000000001,0.7932,4.560517777777778,0.3341246965308042,1.802575678294409,0
Kepler-1262 b,1.0,GV,9.7639371908625,0.09314,1.8121428571428573,4.265692378317552,913.8,5979.666666666667,1.0236,1.0051428571428571,4.4435,1.2018722420188823,3.2856459427312115,0
Kepler-1263 b,1.0,KV,4.551402749275001,0.05058,1.1135714285714289,1.1500944385603935,915.2,5194.611111111111,0.7877671428571428,0.8446,4.570869999999999,0.4054130609837778,4.087060909186949,0
Kepler-1264 b,1.0,GV,0.968525685125,0.018115,1.134125,1.1777665103592736,1808.2,5753.777777777777,0.95011725,0.96375,4.459401428571429,0.8876803256420666,7.295213566335522,0
Kepler-1265 b,1.0,KV,6.4944380060125,0.0609599999999999,1.4894285714285715,1.6785163839853148,723.2,4714.555555555556,0.6930010000000001,0.7237142857142859,4.5903575000000005,0.2128730112375243,3.446165080977589,0
Kepler-1266 b,1.0,KV,28.47491865897,0.1711183333333333,2.49025,5.6605887338214025,479.8,5082.818181818182,0.740277,0.830375,4.613801111111112,0.3281683259685002,2.203250340410598,0
Kepler-1266 c,1.0,KV,4.8663552800000005,0.05265,1.5880342314285714,3.090993258490385,864.6,5109.875,0.7594718333333333,0.8290000000000001,4.5932957142857145,0.3528208962955812,3.96874377547304,0
Kepler-1267 b,1.0,GV,13.03133570868889,0.1071799999999999,3.01,8.114772366722283,705.8,5585.7,1.099105,1.00025,4.443045555555555,1.0550636088862635,3.055430346020114,0
Kepler-1268 b,1.0,FV,40.9902616202111,0.24016,2.183428571428572,4.409243456842804,609.2,6055.1,1.09,1.0746250000000002,4.279362222222223,1.4329403942306411,2.1156952762667074,0
Kepler-1269 b,1.0,GV,37.332888678790006,0.2253683333333333,1.63,3.2941074006514026,613.6,5984.454545454545,1.15,1.0725555555555557,4.203136666666667,1.5218919552721872,2.1819180542641026,0
Kepler-127 b,1.0,FV,14.435937753216669,0.1248142857142857,1.4667,1.6452946275140643,883.8,6108.28923076923,1.366875,1.2405,4.235632727272728,2.3335968104473754,3.1531252360964137,0
Kepler-127 c,1.0,FV,29.393220487691664,0.2003714285714286,2.4569,5.517422131654771,697.4,6108.28923076923,1.366875,1.2405,4.235632727272726,2.3335968104473754,2.4886021443728423,0
Kepler-127 d,1.0,FV,48.630360384341664,0.28024,2.5603,5.966953134164321,589.4,6108.28923076923,1.366875,1.2405,4.235632727272727,2.3335968104473754,2.104303154041057,0
Kepler-1270 b,1.0,KIV,6.03338839388,0.0703916666666666,3.099375,8.57868731921198,1494.4,5064.401818181818,3.043195,1.3034,3.5576666666666665,5.465904475614629,4.303811267764875,0
Kepler-1271 b,1.0,FV,3.025581792755556,0.0421716666666666,1.334875,1.4557030078781197,1376.2,6129.2,1.177936,1.1038333333333334,4.3856625000000005,1.7569055361514705,5.11701103752578,0
Kepler-1272 b,1.0,GV,51.13124594253334,0.27074,2.555285714285714,5.944769049994629,541.8,5975.8,1.1537142857142857,1.042,4.270874444444444,1.5228972633697593,1.962151926739752,0
Kepler-1273 b,1.0,GV,28.6255408969,0.18456,2.394,5.252134962994841,566.8,5642.0,0.8257543999999999,0.9475,4.549332222222223,0.6199033313174214,2.266187306089494,0
Kepler-1274 b,1.0,FV,6.981529437077778,0.0794849999999999,1.28825,1.3899532600223767,1343.4,6128.75,2.1954622222222224,1.426,3.9255475,6.101398795772708,4.236353159182971,0
Kepler-1275 b,1.0,FV,3.656918229025,0.04798,1.271857142857143,1.3670041511140634,1323.6,6180.848888888889,1.221595,1.1544,4.3394625,1.9540552849874189,4.905948910079782,0
Kepler-1276 b,1.0,FV,12.57208875276,0.1073883333333333,1.11175,1.147649520474558,908.8,6289.363636363636,1.1057077777777775,1.1117499999999998,4.383837777777779,1.716316589972192,3.2181034575438128,0
Kepler-1277 b,1.0,GV,40.83644383555,0.2182783333333333,1.415,1.5703026797427757,481.8,5605.090909090909,0.8605200000000001,0.90675,4.547183333333333,0.6557562376344622,2.0385128413298284,0
Kepler-1278 b,1.0,FV,3.2394158723777777,0.0426283333333333,0.9572500000000002,0.9447849956434218,1224.2,6054.8,1.0699999999999998,1.0916666666666668,4.4232775,1.3805642223655012,5.061401998575542,0
Kepler-1279 b,1.0,FV,23.4774083007,0.1666166666666666,1.7058749999999998,3.680875930337715,738.4,6239.0,1.465666666666667,1.1015555555555556,4.188601111111111,2.9202512216748158,2.571692069967052,0
Kepler-128 b,1.0,FV,15.084700044705883,0.12577961965,1.3547142857142855,3.79,965.1666666666666,6076.454545454545,1.6629166666666666,1.1676923076923076,4.063244,3.3824535107611475,3.0474322206233966,0
Kepler-128 c,1.0,FV,22.802307278125,0.165636024075,1.333785714285714,3.38,841.0,6076.454545454545,1.6629166666666668,1.1676923076923076,4.063244,3.3824535107611484,2.6555947110785123,0
Kepler-1280 b,1.0,FV,66.55800962315,0.3413366666666666,1.87,4.605677452726106,556.6,6112.266363636364,1.32,1.1195555555555556,4.110596666666667,2.181960076353861,1.8113665235548368,0
Kepler-1281 b,1.0,GV,3.1160357804250003,0.0412,1.633333333333333,3.310568464335804,1115.6,5539.0,0.8540000000000001,0.9556,4.562666666666667,0.6159295663299457,4.81686468704891,0
Kepler-1282 b,1.0,GV,2.1319433006125,0.03328,1.5784285714285713,3.045571767353736,1370.0,5683.777777777777,0.9280611428571428,1.0417999999999998,4.5043825,0.8064758887496722,5.595971599650411,0
Kepler-1283 b,1.0,FV,12.946238605375,0.1069599999999999,1.7065714285714282,3.684543665993344,771.0,6089.444444444444,1.25,1.0046666666666666,4.2884275,1.9276161957518148,3.0653162215401024,0
Kepler-1284 b,1.0,KV,0.6640747661875,0.01424,1.2034285714285713,1.272173701667272,1687.2,5111.666666666667,0.8041666666666667,0.8550000000000001,4.559075,0.3961248492796504,7.7500239871120575,0
Kepler-1285 b,1.0,FV,14.79680062367,0.12583,0.97,0.9611767444219126,927.6,6113.837272727272,1.28,1.2032222222222222,4.161875555555556,2.053833769459856,3.092828280282532,0
Kepler-1286 b,1.0,GV,11.254051308355557,0.09888,2.388428571428572,5.228935560158692,885.8,5885.2,1.0965714285714283,1.0185,4.34691,1.2942214913138126,3.2099722041912218,0
Kepler-1287 b,1.0,GV,11.476857057475,0.09978,1.4838571428571428,1.670358606399454,809.4,5816.888888888889,0.932254,1.007,4.4900625,0.8927326812036069,3.1773713076809984,0
Kepler-1288 b,1.0,FV,2.7612004110222217,0.0423916666666666,1.12,1.158733143787717,1895.6,6346.197777777777,1.29,1.3633333333333333,4.042333333333334,2.421718621353317,5.6719940269868,0
Kepler-1289 b,1.0,GV,7.990228771725,0.0777,1.4371428571428573,1.602322469642215,926.6,5855.824444444444,1.145656,1.0376,4.392325,1.3846834798092784,3.6549333027350985,0
Kepler-129 b,1.0,GV,15.791765936078573,0.1310773117888889,2.2963333333333327,20.0,889.2,5756.947692307693,1.6732276923076923,1.1706666666666667,4.052301818181818,2.759110355017182,2.989013298127758,0
Kepler-129 c,1.0,GV,82.19943875040713,0.3937407730444444,2.408166666666667,43.0,512.8,5756.947692307693,1.673227692307692,1.1706666666666667,4.052301818181818,2.7591103550171816,1.7245921916133755,0
Kepler-129 d,1.0,GV,2290.785662,3.630565666,40.81701315036137,2326.25946205,157.8705230765732,5770.0,1.653,1.2065,4.082803646662981,2.7173076392456803,0.5765692797545268,0
Kepler-1290 b,1.0,GV,4.695059014025,0.05556,1.544,2.886020437450562,1094.2,5875.666666666667,0.9756666666666666,1.019625,4.454547499999999,1.017938134820926,4.28463768348644,0
Kepler-1291 b,1.0,GV,8.63038272355,0.07786,1.505285714285714,2.7126278339821823,739.0,5276.0,0.76557225,0.849625,4.59816,0.4074566061611728,3.30393447598192,0
Kepler-1292 b,1.0,GV,3.276459241875,0.0443,1.8298571428571428,4.36815391816362,1175.8,5683.666666666667,0.9645,1.0513333333333332,4.4882725,0.8709810630565799,4.872404526722175,0
Kepler-1293 b,1.0,FV,5.576548092122223,0.065755,1.0185,1.0241164529037885,1209.4,6350.944,1.1946666666666663,1.19975,4.285745,2.08322642508567,4.272243249519515,0
Kepler-1294 b,1.0,GV,115.68645749875,0.46834,3.368142857142857,10.047128495559862,373.6,5861.666666666667,0.9812,1.0161428571428572,4.3698250000000005,1.019739872346095,1.4732340317677417,0
Kepler-1295 b,1.0,GV,3.8137130729375,0.04638,1.4922857142857142,1.6827034142794506,1032.8,5472.111111111111,0.843,0.9163333333333332,4.541987499999999,0.5716953078511418,4.445661117846671,0
Kepler-1296 b,1.0,GV,8.384078845714287,0.0786,0.91,0.884614003536983,950.0,5432.1625,0.83,0.8491666666666666,4.227144285714286,0.5381917637906339,3.287457749282564,0
Kepler-1297 b,1.0,GV,1.681890753125,0.02796,1.1027142857142855,1.1355385988248432,1705.4,5998.666666666667,1.0931666666666666,1.0395,4.32208,1.3882942665765663,6.098438482669154,0
Kepler-1298 b,1.0,FIV,7.1281278649,0.0792833333333333,1.242625,1.3263010481713966,1278.2,6285.973636363636,2.1055,1.2876,3.989166666666667,6.209985161145094,4.03064470504814,0
Kepler-1299 b,1.0,GV,19.94004467738889,0.1364,2.6172857142857144,6.221815892790456,589.8,5561.7,0.9016666666666668,0.9301666666666668,4.5230877777777785,0.6979304010057912,2.611849719394268,0
Kepler-130 b,2.0,GV,8.457430382353847,0.0794828030375,1.0252727272727271,1.0329783673730462,975.8,5917.692307692308,1.1327142857142856,0.948875,4.3176109090909085,1.4116925609576545,3.455754633015529,0
Kepler-130 c,2.0,GV,27.50868096508462,0.1750977471374999,2.887,7.496333327225902,662.8333333333334,5917.307692307692,1.1477499999999998,0.9624285714285716,4.316338181818182,1.4490422994862484,2.344871015694753,0
Kepler-130 d,2.0,GV,87.51790454093845,0.377813939775,1.4575454545454547,1.6319571058736135,447.6,5917.692307692308,1.1327142857142856,0.948875,4.317610909090909,1.4116925609576545,1.585040988668182,0
Kepler-1300 b,1.0,FV,22.241926726240003,0.1602749999999999,1.399375,1.5477982247176407,830.8,6136.358181818182,1.8461983333333336,1.1673333333333331,4.073333333333333,4.336000919606708,2.699227778522064,0
Kepler-1301 b,1.0,GV,9.082364304525,0.0812,1.395857142857143,1.542741865810238,732.6,5279.777777777777,0.798,0.8722857142857142,4.565452499999999,0.4439746849386499,3.278131336387846,0
Kepler-1302 b,1.0,GV,8.8392195593125,0.079,1.542142857142857,2.877557696669263,775.6,5256.777777777777,0.855,0.8542857142857143,4.527925,0.5008417824774382,3.288993463117302,0
Kepler-1303 b,1.0,GV,7.5612642908125,0.07508,1.2662857142857145,1.3592245798032845,888.4,5800.888888888889,0.9285,0.994,4.49228,0.875854275111827,3.6392010087525697,0
Kepler-1304 b,1.0,GV,16.128804986250003,0.11552,2.29,4.827112454467896,645.6,5279.555555555556,0.8683333333333333,0.7816,4.469166666666667,0.5255962435892746,2.601588889672149,0
Kepler-1305 b,1.0,GV,13.563120316075,0.1109199999999999,1.827428571428572,4.35402183009601,731.4,5778.444444444444,0.9312857142857144,0.9875,4.4652725,0.8675599615696383,2.984273384722588,0
Kepler-1306 b,1.0,GV,16.295916842825,0.1243,1.8124285714285715,4.267333603540799,675.4,5655.315555555555,0.971,0.97,4.4856225,0.8652780376612933,2.793992826835669,0
Kepler-1307 b,1.0,FV,18.016246786122224,0.13732,2.422,5.36946311935388,767.8,6016.3330000000005,1.07,1.0512,4.465023333333333,1.3458134675370388,2.76726507956688,0
Kepler-1308 b,1.0,MV,2.1038533862,0.02362,0.52,0.4273703088987606,627.2,3515.222222222222,0.3865,0.35,4.84293,0.0204644457431198,3.850073845835949,0
Kepler-1309 b,1.0,KV,28.84308875317778,0.1679199999999999,2.3233333333333337,4.961487418773521,490.2,5163.5,0.785,0.7736666666666666,4.535333333333333,0.3930120704157894,2.1468451191722124,0
Kepler-131 b,1.0,GV,16.091970295825003,0.1269450412285714,2.1249,16.13,707.4,5756.25,1.0229811111111111,1.0426666666666664,4.446761,1.0308219782176575,2.8664202173711564,0
Kepler-131 c,1.0,GV,25.516951385466665,0.1725613144428571,0.8039999999999999,8.25,606.4,5756.25,1.0229811111111111,1.0426666666666664,4.446761,1.0308219782176575,2.458532811220873,0
Kepler-1310 b,1.0,GV,0.6793392235111112,0.0145866666666666,1.3335,1.453754011165166,1831.0,5551.0,0.858904,0.9155,4.560902499999999,0.6284402748521914,7.923665420073534,0
Kepler-1311 b,1.0,GV,11.172647022922222,0.0985699999999999,1.284125,1.384170188660219,954.6,5824.7,1.4,1.01725,4.13832,2.0241382389806097,3.21304238766559,0
Kepler-1311 c,1.0,GV,2.5357326054222225,0.036755,1.19775,1.264375388005833,1562.6,5824.7,1.4,1.01725,4.13832,2.0241382389806097,5.261754967020488,0
Kepler-1311 d,1.0,GV,197.51085842333333,0.6692566666666666,8.283910864285714,150.04375999836225,366.0,5817.888888888889,1.6783333333333337,1.015,4.11882,2.895396074932731,1.2317190322432356,0
Kepler-1312 b,1.0,GV,5.44832396168,0.0588883333333333,2.005125,3.750323735092856,938.0,5680.78,0.8911999999999999,0.9845714285714284,4.53074,0.7421165009300076,4.089629518548444,0
Kepler-1312 c,1.0,GV,1.116127776875,0.0204883333333333,0.9193324771428572,0.8964258742933995,1589.8,5691.1075,0.8855,0.9806,4.545888571428572,0.7379962202362308,6.919386864984993,0
Kepler-1313 b,1.0,GV,3.83308998935,0.0457316666666666,1.76,3.972381123339406,1340.0,5379.879999999999,0.8075330000000001,0.90075,4.294169999999999,0.4901181240198033,4.438830941915576,0
Kepler-1314 b,1.0,KV,5.4247489009,0.04752,4.976666666666668,65.91885017560179,578.8,3934.6666666666665,0.5913999999999999,0.5846,4.791529999999999,0.0752115042519306,3.5080532213124536,0
Kepler-1315 b,1.0,KV,0.8433804744444444,0.0160616666666666,1.473875,1.6557655717498705,1504.6,4781.724,0.7247004,0.790875,4.542492500000001,0.2463456356336488,7.018327069230851,0
Kepler-1315 c,1.0,KV,6.56606788511111,0.06325,1.66371269,3.4628296167816037,757.8,4777.137777777778,0.8196431428571429,0.792,4.5276175,0.3139138936388636,3.539217965707184,0
Kepler-1316 b,1.0,GV,87.97299978333335,0.3844083333333334,3.14875,8.840209208601433,397.2,5913.1,1.17203,1.0235,4.44649,1.5067049021037175,1.632008853901479,0
Kepler-1317 b,1.0,KV,0.568874424325,0.0129,1.490142857142857,1.6795629158528136,1776.4,5167.588888888889,0.7910485,0.8553333333333333,4.580935,0.4003574327636062,8.144188696686943,0
Kepler-1318 b,1.0,KV,213.25782810400003,0.6066,2.858857142857143,7.358099613290373,201.4,4499.8,0.671668,0.68625,4.628715555555555,0.1659479956177255,1.0638121831900982,0
Kepler-1319 b,2.0,MV,2.8870567516000003,0.02608,1.1429999999999998,1.189762015628362,497.0,3484.181818181818,0.488602,0.4939542,4.861743333333333,0.0315648384602162,4.352758093384893,0
Kepler-132 b,2.0,GV,6.178198921733332,0.06504,1.227,1.3046617547906956,1079.0,5929.025833333333,1.07275,0.9328333333333336,4.330125,1.2759106627143155,3.7877974378860175,0
Kepler-132 c,2.0,GV,6.414912640708333,0.0665075,1.3882222222222222,1.5317810406647006,1066.5,5929.025833333334,1.07275,0.9328333333333332,4.330125,1.2759106627143166,3.745775120046856,0
Kepler-132 d,2.0,GV,18.010153683016664,0.13254375,1.688777777777778,3.591508623668233,755.5,5929.025833333333,1.07275,0.9328333333333332,4.330125,1.2759106627143155,2.653367378036824,0
Kepler-132 e,2.0,GV,110.2868292068889,0.438394,1.1891666666666665,1.2526090501951996,406.5,5926.812222222222,1.0546,0.9408333333333334,4.3562,1.2312608063995565,1.4652071561219433,0
Kepler-1320 b,1.0,KV,0.8683863455625,0.0163,1.599142857142857,3.144017253322204,1390.0,4739.555555555556,0.7151959999999999,0.7658571428571428,4.61428,0.2315743623236647,6.855751468879468,0
Kepler-1321 b,1.0,KV,11.12847072953,0.08494,4.92,63.977743471248665,510.2,4084.1,0.53,0.6039999999999999,4.597813333333333,0.0701176025739922,2.6670878746176294,0
Kepler-1321 c,1.0,KV,2.22684249394,0.02906,2.4,5.277173334085132,872.4,4084.1,0.53,0.6039999999999999,4.597813333333333,0.0701176025739922,4.559798467799223,0
Kepler-1321 d,1.0,KV,5.72086684825,0.05458,2.724739636666667,6.716105628691299,636.6,4089.125,0.503,0.513,4.614609999999999,0.0634669117943789,3.06631594148836,0
Kepler-1322 b,1.0,GV,0.9628668449375,0.01844,1.5567142857142855,2.944352091379593,1668.2,5615.444444444444,0.8216666666666667,0.8874000000000001,4.52313,0.6023067463339401,6.938318592336573,0
Kepler-1322 c,1.0,GV,6.460054108714284,0.0654999999999999,2.15492527,4.300522325523332,885.0,5661.714285714285,0.8106666666666668,0.8868,4.548002857142857,0.60585162717401,3.680164029958296,0
Kepler-1323 b,1.0,FV,0.92990623212,0.0194516666666666,1.4632499999999995,1.640265281793449,2333.4,6201.540909090909,1.3240675,1.144,4.244342222222223,2.326529442699964,7.670251192684915,0
Kepler-1324 b,1.0,KV,4.1158475561375,0.0460799999999999,1.7062857142857142,3.6830386931387418,876.4,4752.222222222223,0.73293,0.7725714285714286,4.551435,0.2458112810202324,4.095322149245274,0
Kepler-1325 b,1.0,GV,33.878679382166666,0.2026199999999999,2.877571428571428,7.449885777821168,529.8,5584.6,0.918644875,0.9504,4.491228888888888,0.7364672703286768,2.166142594439933,0
Kepler-1326 b,1.0,FV,42.35154225285556,0.2628199999999999,3.960571428571429,13.669099829586298,747.0,6806.9,1.74,1.414,4.221570000000001,5.831574500928361,2.3199065080588968,0
Kepler-1327 b,1.0,GV,14.88794183965,0.1178183333333333,1.8622857142857143,4.559455703273921,831.4,5940.3240000000005,1.08511625,1.0105,4.369831111111112,1.3154759632880673,2.929116906077267,0
Kepler-1328 b,1.0,GV,4.521586116355556,0.0532333333333333,1.1045,1.1379297094327538,1108.0,5759.51,0.99,0.996625,4.3816525,0.967614540178392,4.327619228862839,0
Kepler-1329 b,1.0,KV,9.336481947966668,0.07456,2.1591428571428573,4.316528552182241,572.2,4456.2,0.6660437777777778,0.6709999999999999,4.623836666666667,0.1569473900682507,3.000428585484228,0
Kepler-133 b,1.0,GV,8.129982879463636,0.0804228571428571,1.9482222222222223,5.090001641337924,1054.2,5672.2525,1.489,1.012111111111111,4.10621,2.0592139244084264,3.5481284291054616,0
Kepler-133 c,1.0,GV,31.517786804118188,0.1982771428571428,2.8947777777777777,7.534751559653019,671.2,5672.2525,1.489,1.012111111111111,4.10621,2.0592139244084264,2.2597102429804043,0
Kepler-1330 b,1.0,GV,10.107606548588889,0.0913599999999999,1.65,3.3936013495609827,822.0,5588.1,0.9988,0.9625,4.270854444444444,0.8727776060143783,3.246364702191634,0
Kepler-1331 b,1.0,KV,0.7891615026,0.01416,0.95,0.9354933117266964,1229.8,4275.777777777777,0.6378604999999999,0.6402857142857142,4.64255,0.122011782298925,6.7255880598933615,0
Kepler-1332 b,1.0,GV,11.87458577729,0.0963083333333333,1.2705000000000002,1.3651081836416494,709.8,5569.801818181818,0.90616775,0.9475714285714286,4.52969111111111,0.7090323066885159,3.137249285100421,0
Kepler-1333 b,1.0,GV,109.64686355544444,0.43226,2.982,7.971949048721538,358.4,5535.658,0.8613921111111111,0.949,4.49158,0.6251275427790333,1.4819568742769371,0
Kepler-1334 b,1.0,GV,15.645914285488889,0.1227199999999999,2.298857142857144,4.862647290354305,707.8,5797.7,0.9366666666666668,0.999777777777778,4.474124444444445,0.8893709444949711,2.854756367865521,0
Kepler-1335 b,1.0,KV,6.264060082,0.0612,1.545142857142857,2.8912355693302283,798.8,4965.777777777777,0.7489146666666667,0.7837142857142857,4.548285,0.3059874710773907,3.5791356168681787,0
Kepler-1336 b,1.0,GV,23.1986959079,0.1574916666666666,1.884375,4.6925433626496655,630.4,5556.255454545454,1.3,0.95175,4.224995555555555,1.4451248636462803,2.4587118663099123,0
Kepler-1336 c,1.0,GV,5.777212693422222,0.0623533333333333,1.56975,3.004874926336308,1001.4,5566.954,1.3,0.952,4.266205,1.4562873783146535,3.908081576604551,0
Kepler-1337 b,1.0,KV,24.400285398611107,0.14368,2.4371428571428573,5.43342748061816,433.6,4525.8,0.6766666666666667,0.68075,4.599405555555555,0.1723537943332678,2.1770612578164434,0
Kepler-1338 b,1.0,GV,0.9351178469666668,0.0190116666666666,0.966625,0.956831424618974,2037.4,5905.8,1.1623750000000002,1.0245,4.3186275,1.474678380622692,7.342109711255191,0
Kepler-1339 b,1.0,GV,1.341556007811111,0.0233099999999999,0.71,0.6406721613609768,1810.6,5702.338,0.93,0.9444999999999998,4.26327,0.8204791918314571,6.366559883012937,0
Kepler-134 b,1.0,GV,5.317436259108334,0.061209324125,2.075,4.002528122097363,1222.2,5943.68,1.0493244444444445,1.031,4.323915,1.2329092422498624,4.10483329790136,0
Kepler-134 c,1.0,GV,10.10574915855,0.09389457855,1.348,1.4743373229128467,986.4,5943.68,1.0493244444444445,1.031,4.323915,1.2329092422498624,3.314240790520892,0
Kepler-1340 b,1.0,GV,0.6650265173222221,0.0151383333333333,1.55,2.913461902947319,2084.4,5986.3,1.42,1.0796666666666666,4.453977500000001,2.3232740877010687,8.446578035235685,0
Kepler-1341 b,2.0,KV,132.99635204519998,0.4537116666666667,2.660625,6.4190235392279655,238.8,4564.454545454545,0.6864285714285714,0.71,4.600515555555556,0.1835000133660609,1.2511638418265891,1
Kepler-1342 b,1.0,GV,2.2157122361875,0.0316399999999999,1.6791428571428568,3.541717008796434,1276.8,5369.555555555556,0.8991731428571429,0.8642857142857142,4.4656400000000005,0.6030174275134665,5.227396152612422,0
Kepler-1343 b,1.0,FV,3.3518340833499995,0.04492,2.1082857142857145,4.125399250915218,1297.0,6054.777777777777,0.9953333333333332,1.0425714285714287,4.41217,1.194592491093982,4.818457355121504,0
Kepler-1344 b,1.0,FV,4.768302369180001,0.056535,1.7973750000000002,4.181368276650078,1210.2,6006.258181818182,1.131,1.0644999999999998,4.360888888888889,1.4935887930506075,4.339993895169694,0
Kepler-1345 b,1.0,FV,44.61694102902,0.2648866666666666,2.4655000000000005,5.55417440839818,693.2,6462.226363636364,1.5357499999999995,1.2490000000000003,4.1031933333333335,3.690282085126271,2.1718316313708703,0
Kepler-1346 b,1.0,FV,3.4016525081875,0.0443999999999999,1.3595714285714284,1.4908111700433122,1247.8,6066.826666666667,1.21,1.012571428571429,4.462362499999999,1.7795366578034535,4.776352089193347,0
Kepler-1347 b,1.0,KV,14.009456231344444,0.1044,0.9866666666666668,0.9827014418007828,613.6,5167.259999999999,0.7716,0.7744,4.565666666666667,0.3808163143853756,2.724001903981004,0
Kepler-1348 b,1.0,GV,27.572164125055554,0.17604,1.734714285714286,3.834565938387986,591.4,5932.355,1.0266666666666666,1.0583333333333331,4.4348,1.1712707587913471,2.45233920685309,0
Kepler-1349 b,1.0,GV,2.1282334840000003,0.0337849999999999,0.671375,0.5957371933117096,1632.8,5964.094,1.3763333333333334,1.1496,4.237905,2.150379074555638,5.834268337675849,0
Kepler-135 b,1.0,FV,6.0025394937000005,0.0680228571428571,1.9337777777777776,4.998411637943357,1187.0,6186.849090909091,1.3662,1.150166666666667,4.2654377777777785,2.453558986864412,4.112708585224974,0
Kepler-135 c,1.0,FV,11.448636966,0.1044885714285714,1.1854444444444443,1.2475144000897562,957.8,6186.849090909091,1.3662,1.150166666666667,4.265437777777778,2.453558986864412,3.318340722577445,0
Kepler-1350 b,1.0,KV,4.49716988696,0.04144,2.2949999999999995,4.847157267394943,557.8,3750.6,0.5294292,0.5263602000000001,4.74064,0.049763237652738,3.5645657694423813,0
Kepler-1350 c,1.0,KV,1.7671470854222224,0.02236,1.624875,3.2688929198997423,759.4,3746.6666666666665,0.4865955,0.49544175,4.744355,0.0418606774653174,4.707988408317682,0
Kepler-1351 b,1.0,KV,0.91614106015,0.01568,0.5987142857142859,0.5133168340880195,1203.2,4372.553333333333,0.60752275,0.6188333333333333,4.672535,0.1210473825318986,6.283314588812624,0
Kepler-1352 b,1.0,FV,1.877880060011111,0.0299716666666666,0.83825,0.7950338697894722,1720.0,6133.562,1.185142857142857,1.0478571428571428,4.3179325,1.7835377057163382,5.913853694484382,0
Kepler-1353 b,1.0,KV,24.75442344712222,0.1516,1.9871428571428569,5.341693677666599,482.6,4785.2,0.7356261999999999,0.7641250000000002,4.556161111111111,0.2545684647874049,2.2454717091683745,0
Kepler-1354 b,1.0,FV,76.61370326749999,0.35434,2.731428571428572,6.747466096387959,464.6,6099.1177777777775,1.0671666666666668,1.036875,4.3428575,1.4139121699555357,1.710913665924748,0
Kepler-1355 b,1.0,GV,1.289589701975,0.02232,1.3854285714285717,1.527774938771839,1445.2,5406.777777777777,0.8166702857142857,0.8959999999999999,4.5708775,0.5113725820002537,6.336973539181493,0
Kepler-1356 b,1.0,KV,0.634002858425,0.01368,1.4088571428571428,1.5614462738154316,1682.4,5143.777777777777,0.75611225,0.8325714285714286,4.6122725,0.3590799780397998,7.802660068877028,0
Kepler-1357 b,1.0,GV,3.009125939175,0.0398,1.1914285714285715,1.2557072849611202,1177.0,5737.333333333333,0.895969,0.97,4.545045,0.780398000344569,4.93763877715959,0
Kepler-1358 b,1.0,GV,7.063168833774999,0.06588,1.1938571428571427,1.2590357756114212,829.0,5253.777777777777,0.8046405714285714,0.7713333333333333,4.521395,0.4425685006649124,3.422309152014144,0
Kepler-1359 b,1.0,KV,59.49711149888888,0.2766949999999999,3.0470000000000006,8.305344722303532,373.4,4718.9,0.7774722857142857,0.7959999999999999,4.52356,0.2689198003720579,1.6964101496599906,0
Kepler-136 b,2.0,FV,11.578914030727272,0.1058999999999999,2.0157777777777777,19.8,920.2,6177.307272727273,1.2895,1.1835999999999998,4.273725,2.1723478148986595,3.3437167609241767,0
Kepler-136 c,2.0,FV,16.399231082572726,0.1332833333333333,1.9135,4.871485995786446,820.0,6177.307272727273,1.2895,1.1836000000000002,4.273725000000001,2.1723478148986595,2.9805028360231685,0
Kepler-1360 b,1.0,FIV,40.52877153482222,0.25372,3.220428571428571,9.226478518493742,656.8,6468.95,2.082192,1.350142857142857,4.14095,6.811873505017211,2.307211959341664,0
Kepler-1361 b,1.0,KV,3.575541514255556,0.0429066666666666,0.894625,0.865233526373336,1042.2,5122.969999999999,0.7857688,0.832625,4.4948375,0.3815633576292488,4.405927222177398,0
Kepler-1362 b,1.0,KV,136.20542916522223,0.45992,2.435571428571429,5.426772985640087,251.2,4685.4,0.7043999999999999,0.7284999999999999,4.587314444444445,0.2145434387979749,1.2587764643699983,1
Kepler-1363 b,1.0,KV,2.941941468625,0.03624,1.2362857142857142,1.3175117773672356,977.8,4824.375555555555,0.7535545714285714,0.7362857142857143,4.5591775000000005,0.2759838703074702,4.508209362281621,0
Kepler-1364 b,1.0,FV,13.32200957651111,0.1239399999999999,2.0916666666666663,4.063831602660718,1134.6,6958.833333333333,1.5952,1.4307500000000002,4.140499999999999,5.353845969109788,3.398217056299587,0
Kepler-1365 b,1.0,GV,7.699921297133333,0.0764649999999999,0.9645,0.954097815683172,905.6,5747.154,0.9834,1.008,4.34113,0.9465893113841236,3.631398447781709,0
Kepler-1365 c,1.0,GV,4.774674394111111,0.0556516666666666,0.825375,0.77919598015356,1061.2,5747.154,0.9834000000000002,1.008,4.341130000000001,0.946589311384124,4.256632557089308,0
Kepler-1366 b,1.0,KV,2.164060676677778,0.027,1.39575,1.542587924964847,790.2,3949.6666666666665,0.5946666666666667,0.5708,4.660335,0.0772109364186442,4.598700054891809,0
Kepler-1367 b,1.0,KV,1.5740892203,0.02232,0.8741428571428571,0.8395704357598414,900.0,4086.0,0.5858333333333334,0.5935714285714286,4.6573075,0.0858284870644673,5.157798635077564,0
Kepler-1368 b,1.0,GV,0.6756493413375,0.0152399999999999,1.4380000000000002,1.6035649381540729,2060.8,5859.444444444444,0.9863333333333332,1.0526666666666666,4.45016,1.0288759944930634,8.31242875351665,0
Kepler-1369 b,1.0,GV,25.87311578011111,0.17348,2.857714285714286,7.352511816260335,665.6,5896.6,1.0246840000000002,1.005,4.403406666666666,1.1388759771456147,2.4073171406312457,0
Kepler-137 b,1.0,GV,8.436395420136364,0.0777685714285714,1.6233333333333333,3.261330438717433,757.6,5274.083333333333,0.8208571428571428,0.8998750000000001,4.550482,0.4677491033312491,3.4022327174798965,0
Kepler-137 c,1.0,GV,18.735754418,0.1321228571428571,2.143,4.255417007490124,581.0,5274.909090909091,0.8150000000000001,0.8998571428571429,4.55332,0.461386607890818,2.6101940166499835,0
Kepler-1370 b,1.0,FV,20.26420008775,0.1543383333333333,1.963875,5.190363493335908,786.0,6206.037272727273,1.3495625,1.217857142857143,4.264353333333333,2.4240042251018648,2.809546696589011,0
Kepler-1370 c,1.0,FV,7.441389516099999,0.07914,1.2788749999999998,1.3768179740580229,1097.8,6205.394,1.2818,1.2208333333333334,4.274015,2.185786957416178,3.9283045529964857,0
Kepler-1371 b,1.0,GV,3.4462019929333336,0.0402233333333333,0.7593749999999999,0.6991867408126939,1033.0,5359.886,0.8857305,0.8496666666666667,4.52558,0.5809185711855535,4.596849077526699,0
Kepler-1371 c,1.0,GV,2.0054126295,0.027995,0.640125,0.5599435230925532,1238.8,5357.77,0.875487,0.7527142857142858,4.53176,0.5666638629909917,5.186206765042619,0
Kepler-1372 b,1.0,GV,1.3115580424875,0.0238,1.2265714285714286,1.304069379166181,1646.4,5812.555555555556,0.9644,1.0439999999999998,4.464017500000001,0.9525169677063068,6.624250615797946,0
Kepler-1373 b,1.0,FV,1.2912349700222223,0.0243133333333333,1.117625,1.155539884808048,1859.8,6331.4,1.33,1.2016,4.287965,2.550305100438008,7.031252459104628,0
Kepler-1374 b,1.0,GV,10.652787210933331,0.09184,2.198571428571429,4.467526133432288,712.2,5472.3,0.7971445555555555,0.9074444444444444,4.619781111111112,0.5112621131315097,3.143902503410883,0
Kepler-1375 b,1.0,FV,3.3004214083375,0.0451199999999999,1.74,3.863137496615764,1463.8,6392.62,1.78,1.3138,4.18504,4.747286161983337,5.3970329217627055,0
Kepler-1376 b,1.0,GV,5.3087832854125,0.05964,1.0678571428571428,1.089098360021782,1040.6,5795.777777777777,0.9573333333333331,1.0006666666666666,4.465355,0.9278186823183412,4.096857735148341,0
Kepler-1377 b,1.0,GV,0.7409276872749999,0.0152399999999999,1.305,1.413493010055597,1879.6,5480.625,0.8610077142857142,0.8716666666666667,4.50896,0.6001009092663322,7.564107976758979,0
Kepler-1378 b,1.0,KV,11.953998553744444,0.0884,2.162,4.327387739372974,526.0,4316.9,0.6563178749999999,0.6612500000000001,4.612050000000001,0.1342166110752796,2.7354683483635176,0
Kepler-1379 b,1.0,GV,0.8818411926499998,0.01728,1.2911428571428571,1.39401223683046,1548.2,5219.311111111111,0.7797242499999999,0.8612857142857143,4.59317,0.4047852438841333,7.061171128869392,0
Kepler-138 b,1.0,KV,10.312695757142858,0.075125,0.6256,0.07,450.5,3858.692307692308,0.5257264545454546,0.5297818000000001,4.7281936363636365,0.0549756166742638,2.656019497194856,0
Kepler-138 c,1.0,MV,13.781115877058824,0.090775,1.5004375,2.3,407.1428571428572,3855.3333333333335,0.5273552142857143,0.5327045,4.722414615384616,0.05512442494566,2.422897478303073,0
Kepler-138 d,1.0,MV,23.08964167533333,0.12802625,1.4982666666666666,2.1,342.7142857142857,3853.571428571429,0.5238318333333334,0.5298029999999999,4.724355,0.0542909295286703,2.0346170434604094,0
Kepler-138 e,1.0,KV,38.23,0.1803,0.6677686947436944,0.43,292.0,3841.0,0.535,0.535,4.71,0.0558952165022389,1.7228759618919514,1
Kepler-1380 b,1.0,GV,10.3107521015125,0.09136,1.6074285714285712,3.1839138467559853,783.6,5602.888888888889,0.8953333333333333,0.9656,4.3339775,0.7087733789230758,3.2515884114573024,0
Kepler-1381 b,1.0,GV,25.384186381388886,0.17284,2.338142857142857,5.0217487548949205,647.8,5956.8,0.9567724444444444,1.03225,4.493481111111112,1.0340921546790194,2.444248182561047,0
Kepler-1382 b,1.0,FV,16.358312376666664,0.1332883333333333,1.88,4.666004488203737,778.8,6080.1,1.7462233333333332,1.1588333333333332,4.266439999999999,3.738800679155039,2.9490993589707277,0
Kepler-1383 b,1.0,FV,13.909345380488888,0.1138283333333333,1.326,1.4431337427175066,918.6,6205.046,1.4774,1.1478333333333333,4.188615,2.9031271745876537,3.1760637557029447,0
Kepler-1384 b,1.0,KV,15.362603523044443,0.11348,2.195,4.45374755250314,610.8,4965.166666666667,0.8288,0.8008000000000001,4.489333333333334,0.3745628141137537,2.65691311552184,0
Kepler-1385 b,1.0,GV,2.8887957986333337,0.04002,0.753875,0.6926106160044997,1233.8,5700.666,1.29,0.9868571428571428,4.320612499999999,1.576782012276711,4.966650342450988,0
Kepler-1386 b,1.0,GV,6.7397461354625,0.06914,1.2032857142857143,1.2719773820610418,943.0,5655.222222222223,1.0074085714285714,0.9971666666666664,4.4225225,0.9313219401448416,3.798342934772259,0
Kepler-1387 b,1.0,KV,2.2795264447875,0.0308,0.8957142857142858,0.866603325100922,1113.4,5008.406666666667,0.745,0.772,4.5672325,0.3133291029358545,5.0073537754235575,0
Kepler-1388 b,1.0,KV,12.285896906290908,0.08544,2.273,4.759254485357327,437.2,4146.0,0.5716967777777778,0.57801475,4.681634444444445,0.0866440072176202,2.601440065590473,0
Kepler-1388 c,1.0,KV,5.536444353245455,0.05018,2.049222222222222,3.90858182262352,570.6,4146.0,0.5716967777777777,0.57801475,4.681634444444445,0.0866440072176202,3.394525816816828,0
Kepler-1388 d,1.0,KV,20.957266467287504,0.1229333333333333,2.86,7.36368942108283,359.0,4221.875,0.555,0.603103,4.69319,0.08780056265574,2.2153170985346886,0
Kepler-1388 e,1.0,KV,37.632746426075,0.1815666666666666,2.170857142857143,4.361133339842359,295.6666666666667,4221.875,0.555,0.603103,4.69319,0.08780056265574,1.8228572843931727,1
Kepler-1389 b,1.0,KV,99.2529058874,0.3839816666666666,1.8425,4.442160965566088,311.2,5017.909090909091,0.745608625,0.7986666666666666,4.592987777777777,0.3162298428248195,1.4424558150012514,1
Kepler-139 b,1.0,GV,15.77116375133077,0.125543569475,2.612,6.143949235,762.8,5608.0,1.164807,1.0414,4.318954,1.2040092226531391,2.8806237329274813,0
Kepler-139 c,1.0,GV,157.0636765990769,0.581228994225,3.38,18.127898405,354.4,5608.0,1.164807,1.0414,4.318954,1.2040092226531391,1.338782834504037,0
Kepler-139 d,1.0,GV,7.305660949200001,0.0751347708714285,1.9285714285714288,4.65807623,984.8,5605.555555555556,1.131595,1.055857142857143,4.321051428571429,1.1343485864224865,3.7493594831592634,0
Kepler-139 e,1.0,GV,1975.8176865,3.23579639,17.622645476020082,402.0579076,129.73343078582604,5630.0,1.045,1.078,4.432208207517646,0.9843646525326712,0.5772896500745172,0
Kepler-139 f,1.0,GV,355.0,1.0060780468787485,5.554466411251433,36.0,232.66264439911083,5630.0,1.045,1.078,4.432208207517646,0.9843646525326712,1.0353055165272702,0
Kepler-1390 b,1.0,GV,6.480216860275,0.0654599999999999,1.075,1.098578267849418,888.2,5578.837777777778,0.9395,0.9456,4.4927675,0.7671112489678624,3.801375009108465,0
Kepler-1391 b,1.0,GV,54.40954268209,0.2828416666666666,1.67075,3.4986780980344223,473.6,5765.399090909091,1.1,0.9865555555555556,4.286842222222223,1.1994792002860275,1.8679449085810296,0
Kepler-1392 b,1.0,GV,15.141037855,0.11932,2.035,3.857202022120537,704.0,5808.0,0.8795999999999999,0.9584,4.541333333333333,0.7898901935491417,2.834599878401004,0
Kepler-1393 b,1.0,GV,2.4435790943625,0.03438,0.7166666666666667,0.6485035633477322,1252.4,5727.333333333333,0.8563333333333333,0.91625,4.537,0.7079219672820876,5.163320000888852,0
Kepler-1394 b,1.0,FIV,3.937668552222222,0.0541733333333333,1.39,1.5343316380775798,1653.8,6558.5,2.55,1.3942222222222225,4.0372925,10.794146357489083,5.0739736182095285,0
Kepler-1395 b,1.0,FV,3.784718087311111,0.0513066666666666,0.8,0.7481987582580971,1659.6,6227.786,1.2208233333333334,1.200875,4.145805,2.011547146431542,4.838792355340693,0
Kepler-1396 b,1.0,FV,18.220666445944445,0.13994,2.07,3.984223166442407,755.0,6067.873000000001,1.211094,1.095,4.362655555555556,1.7839861768870051,2.7977642007034578,0
Kepler-1397 b,1.0,FV,47.44955829595,0.2515183333333333,1.7657500000000002,4.004121843797466,511.4,6037.181818181818,1.072,1.03425,4.299379999999999,1.3696715735865703,2.028163326520443,0
Kepler-1398 b,1.0,FV,2.788159453833333,0.039215,0.872875,0.8379877530038558,1414.6,6081.639999999999,1.2427899999999998,1.0559999999999998,4.351640000000001,1.895693779202886,5.190161041027014,0
Kepler-1398 c,1.0,FV,4.138276904277777,0.051045,0.96025,0.9486360192683794,1240.0,6081.64,1.24279,1.056,4.35164,1.8956937792028887,4.549150857485553,0
Kepler-1399 b,1.0,GV,1.6386492997500002,0.02768,1.3130000000000002,1.4247679721718425,1591.6,5921.222222222223,0.9812857142857142,1.0252,4.4449075,1.0620042241448566,6.086901022250511,0
Kepler-14 b,2.0,FIV,6.790121720990908,0.0780166666666666,11.81929175,2555.2972,1444.0,6382.5,2.040671111111111,1.4118000000000002,3.97775,6.200106888222336,4.254689557639247,0
Kepler-140 b,1.0,FV,3.254274124981819,0.0448428571428571,1.451222222222222,1.6227592599336265,1329.6,6100.935833333333,1.1807322222222223,1.149571428571429,4.381568,1.7329199833729845,5.064030664144556,0
Kepler-140 c,1.0,FV,91.35181732424545,0.4137771428571429,1.6335555555555556,3.3116675906435877,437.6,6100.935833333333,1.1807322222222223,1.149571428571429,4.381568,1.7329199833729845,1.6670925718577256,0
Kepler-1400 b,1.0,KV,9.0668814772375,0.07828,1.7544285714285714,3.941768248699078,726.4,5057.444444444444,0.7651728571428572,0.7728571428571429,4.548377499999999,0.3436635286776441,3.1426729542631264,0
Kepler-1401 b,1.0,FV,11.200473557142857,0.098,1.4533333333333334,1.62582877198898,811.6,6028.833333333333,0.9403333333333332,0.9996,4.4976666666666665,1.0480611551747625,3.194295354363104,0
Kepler-1402 b,1.0,GV,2.0338779186,0.0305,0.76,0.6999349341926692,1343.8,5361.666666666667,0.8103999999999999,0.8891428571428571,4.292855,0.4869540214420251,5.400212332281233,0
Kepler-1403 b,1.0,FV,5.1949284953125,0.06352,2.178,4.388437962497883,1232.4,6294.0,1.2428333333333332,1.1843333333333332,4.3304,2.174816351883041,4.318736584551279,0
Kepler-1404 b,1.0,GV,15.931426067911111,0.11506,2.01,3.767666980868927,605.0,5298.1,0.8006666666666667,0.8412000000000001,4.572509999999999,0.4531833563122945,2.704347094225489,0
Kepler-1405 b,1.0,GV,28.22743903743333,0.17808,3.96,13.665352952733889,566.6,5807.1,0.9883333333333332,0.9978333333333332,4.477722222222223,0.9966299979836092,2.367535034529354,0
Kepler-1406 b,1.0,GV,11.62904959295,0.09978,1.1583333333333334,1.2105524763817364,880.8,5977.333333333333,1.105,0.98625,4.3415,1.3984415140002864,3.1444648348047517,0
Kepler-1407 b,1.0,GV,20.071054081388887,0.14948,2.404714285714286,5.29688590682943,747.0,5928.3,1.23193,1.0986,4.287177777777778,1.681831971390296,2.7114602167350945,0
Kepler-1408 b,1.0,FV,2.9979278338777777,0.0419633333333333,0.966125,0.9561880601662668,1522.2,6110.562,1.35,1.138,4.17824,2.27972261158407,5.208481496008346,0
Kepler-1409 b,1.0,KV,0.7648646037888889,0.0152216666666666,1.04,1.0523091364604007,1721.2,5155.034,0.8006150000000001,0.8202857142857142,4.511515,0.4061284664770073,7.342204125089774,0
Kepler-141 b,1.0,KV,3.10762895175,0.0403899999999999,0.69,0.6173107187508755,3343.4,4651.763636363636,0.8023697142857144,0.8941666666666667,4.566,0.270463997742797,4.70594985699371,0
Kepler-141 c,1.0,KV,7.0106263652,0.0693957142857143,1.41,1.56309310172325,2550.8,4668.05,0.80811025,0.8941666666666666,4.566,0.2782102185256888,3.590193834769856,0
Kepler-1410 b,1.0,KV,60.86678369721001,0.2486333333333333,1.6299999999999997,3.2941074006514013,258.5,3976.275,0.5412857142857143,0.5634285714285714,4.720428571428571,0.0657125970043788,1.5056178013159391,1
Kepler-1411 b,1.0,GV,86.11546245480001,0.3979,3.120142857142857,8.688234011081791,433.0,5971.2,1.040706666666667,1.022,4.4529266666666665,1.2353584611630886,1.602925959193206,0
Kepler-1412 b,1.0,GV,3.6146050091666666,0.0451466666666666,0.7815000000000001,0.7257844799101412,1251.0,5897.112,1.288,1.032,4.3024025,1.8000272530535526,4.781916489801027,0
Kepler-1413 b,1.0,GV,13.182947840025,0.1064799999999999,1.8304285714285715,4.371483043654005,644.4,5272.444444444444,0.81951725,0.9103333333333332,4.58255,0.4656440930297468,2.9244296971917563,0
Kepler-1414 b,1.0,KV,3.5157622771625,0.0428799999999999,1.23,1.3088101214257308,1117.6,5023.555555555556,0.8460857500000001,0.8217142857142858,4.410205,0.4090378049559487,4.378325186652055,0
Kepler-1415 b,1.0,GV,0.6364244053111111,0.0141266666666666,1.30075,1.407511607014977,1826.4,5241.3,0.867,0.937,4.521405,0.5089605471666107,8.145634715501082,0
Kepler-1416 b,1.0,GV,1.4951500971428573,0.0250199999999999,0.88,0.8468909145832229,1752.0,5710.13125,1.2001666666666666,0.9565714285714284,4.228115714285714,1.3739069938919657,6.184292663165018,0
Kepler-1417 b,1.0,GV,20.35054860371111,0.14317,1.149125,1.1980569284784983,696.0,5849.683999999999,1.0096666666666667,0.963,4.322455,1.0709655763376569,2.593953073184794,0
Kepler-1418 b,1.0,KV,22.47652094371111,0.1323399999999999,1.66,3.444004694910625,422.2,4614.166666666667,0.72,0.77,4.686166666666666,0.2108278367935704,2.4125414372052925,0
Kepler-1419 b,1.0,GV,42.521745596,0.23908,2.645285714285714,6.34889163500161,509.2,5828.2,0.9523333333333333,1.008222222222222,4.460579999999999,0.9388703143654554,2.053910396111424,0
Kepler-142 b,1.0,GV,2.0241443059636364,0.0310428571428571,1.9097777777777776,4.848396385579807,1593.4,5777.666666666667,1.1596225,1.0174999999999998,4.290836,1.344414060290701,5.726131927839181,0
Kepler-142 c,1.0,GV,4.761704322790909,0.0550142857142857,2.6862222222222223,6.536867489412866,1197.4,5777.666666666667,1.1596225,1.0174999999999998,4.290836,1.344414060290701,4.301346743260011,0
Kepler-142 d,1.0,GV,41.80899199929092,0.2340928571428571,2.16,4.319784951288089,580.4,5777.666666666667,1.1596225,1.0175,4.2908360000000005,1.344414060290701,2.0852018990377927,0
Kepler-1420 b,1.0,GV,6.699597009,0.06656,1.3072857142857142,1.416712317747399,797.0,5285.444444444444,0.7942,0.8764,4.5712525,0.4416473863158319,3.629271947012173,0
Kepler-1421 b,1.0,FV,6.9130472528333335,0.0754433333333333,0.8472500000000001,0.8061485009887818,1148.8,6374.826,1.354666666666667,1.2274999999999998,4.26541,2.719118158362847,4.034366045674034,0
Kepler-1422 b,1.0,FV,18.605017858425,0.14848,1.967857142857143,5.216080733746519,813.0,6408.0,1.2998333333333332,1.1720000000000002,4.32475,2.5559667635598964,2.8099902330164817,0
Kepler-1423 b,1.0,KV,23.9553925043625,0.15848,1.06,1.0786924147829346,749.8,4986.166666666667,0.75,0.9018333333333334,3.995333333333333,0.3119460860600691,2.385892623663622,0
Kepler-1424 b,1.0,GV,29.609353393333336,0.18318,1.1875714285714287,1.2504250420323135,565.2,5868.453333333334,1.07,1.0003333333333333,4.4991666666666665,1.218293779689406,2.3372669984244894,0
Kepler-1425 b,1.0,GV,14.45411945842222,0.1069249999999999,1.016875,1.0219928122042323,684.2,5553.076,0.84,0.9469999999999998,4.346955,0.6019811486974476,2.9765305477395603,0
Kepler-1426 b,1.0,FV,14.25629720025,0.11856,1.6133333333333333,3.212527254985252,791.4,6079.166666666667,1.0238,1.0776666666666666,4.456,1.284388182799193,3.015422101115535,0
Kepler-1427 b,1.0,GV,0.968973696325,0.0197,1.1166666666666667,1.1542519528940374,1828.0,5738.3275,1.0035,1.0613333333333337,4.462,0.9796386856601864,7.341212122307198,0
Kepler-1428 b,1.0,FV,10.67613204049,0.1016516666666666,1.64,3.343635974779156,1068.6,6293.009090909091,1.36,1.2032857142857143,4.042014444444444,2.6025621130836893,3.441138182236162,0
Kepler-1429 b,1.0,FV,4.4848988668375,0.05494,1.2695714285714286,1.3638112927293269,1189.4,6106.333333333333,1.0416666666666663,1.083625,4.421085000000001,1.3535347671688915,4.441914189312659,0
Kepler-143 b,1.0,GV,16.007506160000002,0.1244814285714285,2.2892222222222225,4.823997908945567,782.2,5909.051,1.3072,0.9906666666666668,4.309345,1.869153126921224,2.821541726948337,0
Kepler-143 c,1.0,GV,27.082427387,0.1767785714285714,3.37,10.057656792118616,656.8,5902.456363636364,1.3072,0.9906666666666668,4.295613333333334,1.860823013855211,2.36768514393132,0
Kepler-1430 b,1.0,KV,2.460512542825,0.03112,1.1316666666666666,1.1744487799133942,987.6,4781.166666666667,0.6512,0.77,4.594,0.1988172973431969,4.975085541648803,0
Kepler-1431 b,1.0,GV,5.8660168284375,0.06464,1.5275714285714286,2.811665975292093,1059.8,5906.091111111112,1.0691428571428572,1.0468,4.35834,1.2478486029371327,4.024909939001377,0
Kepler-1432 b,1.0,FV,23.9107008663875,0.16812,2.2104285714285714,4.513415567210807,715.2,6197.111111111111,1.1095,1.0768333333333333,4.3060675,1.6289268979074285,2.5312762168466607,0
Kepler-1433 b,1.0,FV,4.135924793825001,0.0521,1.7752857142857146,4.057089144024218,1211.0,6073.142857142857,1.0778333333333334,1.11675,4.417166666666667,1.4179047561888094,4.630566258777809,0
Kepler-1434 b,1.0,FIV,8.0532936387,0.0843333333333333,1.108125,1.1427872302250188,1216.6,6255.354,2.0512,1.47,3.997645,5.77980829673231,4.175745464987633,0
Kepler-1435 b,1.0,FV,4.4534300105,0.0560933333333333,0.923875,0.9021882775819114,1398.0,6443.237999999999,1.3424,1.2411428571428569,4.2723025,2.7865730418404957,4.704681696297851,0
Kepler-1436 b,1.0,FV,9.705667142857145,0.0894,1.31,1.4205374392835255,958.4,6031.875,1.1248333333333334,1.0553333333333332,4.252372857142857,1.5027112485897542,3.436378969331263,0
Kepler-1437 b,1.0,GV,10.929540435875,0.0954599999999999,1.4822857142857144,1.668059354183758,771.2,5711.0,0.8744999999999999,0.9574,4.539833333333333,0.7298911843446275,3.167458843268732,0
Kepler-1438 b,1.0,GV,2.3194191665,0.03332,0.94,0.9227120870469744,1288.6,5517.75,0.8687999999999999,0.9205,4.3987225,0.627736746552542,5.256956508204955,0
Kepler-1439 b,1.0,MV,8.07354969333,0.05902,1.53075,2.8259626277957755,425.6,3566.8,0.416807,0.4438746,4.79538111111111,0.0252275392148469,2.742871919528357,0
Kepler-144 b,1.0,FV,5.885249652416667,0.0656524999999999,1.3524999999999998,1.4807387982946492,1167.6666666666667,6194.856923076924,1.21224,1.1017777777777775,4.310165454545455,1.9417449830317972,4.097286701549271,0
Kepler-144 c,1.0,FV,10.104659579091669,0.094065,1.3344,1.4550296499801374,974.8333333333334,6194.856923076924,1.21224,1.1017777777777775,4.310165454545455,1.9417449830317972,3.423008348792993,0
Kepler-1440 b,1.0,GV,39.85927334435,0.2268683333333333,1.26,1.3504599488179263,575.4,5754.545454545455,0.96,0.9938333333333332,4.242455555555555,0.9067267231281186,2.093364346747311,0
Kepler-1441 b,1.0,GV,39.44157693853333,0.22378,1.4762857142857144,1.6592871211706488,531.4,5638.539,1.0,0.9818,4.303675555555556,0.9068933233816812,2.094960616974934,0
Kepler-1442 b,1.0,FV,81.41638970384444,0.389088,3.927428571428572,13.452585499064762,496.5,6435.7,1.6107457142857144,1.3186,4.24841625,3.993254447585495,1.84122812973132,0
Kepler-1443 b,1.0,FV,2.418109477675,0.036286,0.9195714285714284,0.896728782957199,1579.5,6340.666666666667,1.2545000000000002,1.1860000000000002,4.28176,2.282290233176285,5.718047784953657,0
Kepler-1444 b,1.0,GV,33.42033885001111,0.203672,2.0682857142857145,3.9779563318160047,551.75,5783.729,1.0392542857142857,1.0051428571428571,4.4420175,1.0843394061284255,2.2218933816853093,0
Kepler-1445 b,1.0,FV,10.6005164032,0.0950739999999999,0.9807142857142856,0.9750014285693864,930.0,6105.024444444444,1.297032,1.0365,4.30958,2.0967220418649357,3.3023929929574227,0
Kepler-1446 b,1.0,KV,0.6899678500333333,0.01469,0.82,0.7726058782791295,2112.75,4836.4220000000005,0.7038760000000001,0.7864999999999999,4.3740775,0.2432085938410552,7.318354613657378,0
Kepler-1447 b,1.0,GV,56.674665092625006,0.289825,3.083,8.492776536140953,481.5,5715.666666666667,0.969944125,0.9925,4.436075000000001,0.900846625769447,1.8508546714905103,0
Kepler-1448 b,1.0,GV,12.27063887345,0.1058,1.6656666666666666,3.4727614438340804,811.0,5945.807777777778,0.9223575,1.03275,4.5021375,0.9539637587312048,3.124854151007384,0
Kepler-1449 b,1.0,FV,13.227454920828572,0.1176,1.9226666666666663,4.9286247393710045,867.0,6122.125,1.2268333333333334,1.2056,4.277231428571429,1.8970105899999303,3.202380575014285,0
Kepler-145 b,1.0,FV,22.95067667352858,0.1725027801,2.334363636363636,35.55,886.6,6111.616666666666,1.862375,1.303,3.9700218181818174,4.341587343805382,2.7488379785578707,0
Kepler-145 c,1.0,FV,42.88237961798571,0.2616701228714285,3.928090909090909,79.4,719.6,6111.616666666666,1.862375,1.303,3.9700218181818174,4.341587343805382,2.231876311147996,0
Kepler-1450 b,1.0,KV,54.5092229845375,0.239425,1.7715000000000003,4.036011753243465,309.5,4477.623333333333,0.6395938571428571,0.6655,4.656363750000001,0.1475328208199668,1.6674939459877136,1
Kepler-1451 b,1.0,GV,35.62231938857143,0.2098,3.35,9.94454994706373,521.5,5740.625,0.90623275,0.9761428571428572,4.5140457142857136,0.8002138572745292,2.1573913465083496,0
Kepler-1452 b,1.0,FV,42.91377342296667,0.252888,2.323571428571429,4.962453524617112,655.5,6036.090000000001,2.1401566666666665,1.41,3.9988325,5.4551137271205326,2.361676615737796,0
Kepler-1453 b,1.0,GV,47.1611054946875,0.262,2.625833333333333,6.260479510903157,503.0,5794.666666666667,0.9391845,1.0299999999999998,4.50583375,0.8922889553044543,1.9830924023953056,0
Kepler-1454 b,1.0,GV,47.0316066719125,0.24065,1.7625,3.9861631189392,450.75,5443.444444444444,0.82125975,0.8905000000000001,4.53485125,0.5313076958691072,1.923973176244628,0
Kepler-1455 b,1.0,KV,49.2770742199,0.21468,1.952375,5.116515575329974,277.0,3926.4,0.568901875,0.566374875,4.695874444444445,0.0690148811476068,1.624542884696377,1
Kepler-1456 b,1.0,KV,18.137409002614284,0.1132,1.2286666666666666,1.3069660277359811,433.0,4218.0,0.6044999999999999,0.5992,4.641382857142856,0.1037788280437895,2.3011115532487683,0
Kepler-1457 b,1.0,GV,51.11077280154444,0.2662219999999999,1.942142857142857,5.051333696978744,478.0,5895.3,1.01,0.978,4.41991125,1.105493616124699,1.9170014461125364,0
Kepler-1458 b,1.0,GV,47.98716019373333,0.249338,2.874428571428572,7.434433652086717,493.0,5577.9,0.8569999999999999,0.9112,4.4928325000000005,0.6378732500185363,1.9119987487457997,0
Kepler-1459 b,1.0,KV,62.8691859528625,0.2883,1.36,1.4914221229127824,370.0,4822.0,0.7902710000000001,0.7644,4.50842,0.3029359148822743,1.6285946432261915,0
Kepler-146 b,1.0,FV,31.15877938650909,0.1961314285714285,3.3562222222222218,9.979673809147515,641.4,6040.6325,1.120841,1.0706666666666669,4.360652999999999,1.500747150788281,2.336837585113838,0
Kepler-146 c,1.0,FV,76.73252908443332,0.3574657142857143,2.974,7.931363090846903,475.2,6031.086153846153,1.1215345454545456,1.0719999999999998,4.361185454545455,1.4931288607412223,1.7320290821709965,0
Kepler-1460 b,1.0,KV,29.9632546368,0.1614,2.0145,3.783709769037244,391.0,4422.0,0.6444,0.6545,4.6256875,0.1424543995285565,2.014086155638961,0
Kepler-1461 b,1.0,KV,29.34942778083749,0.17105,1.9745,5.259148293529666,451.75,4923.888888888889,0.7195,0.779125,4.62758625,0.2730136890349758,2.13460250463482,0
Kepler-1462 b,1.0,GV,65.64888880521251,0.3094,3.82,12.76204846415666,390.0,5459.666666666667,1.0,0.937,4.57082125,0.7971762707352223,1.7405424700680905,0
Kepler-1463 b,1.0,GV,25.158650173057143,0.1694,1.8963333333333328,4.7655366827177,619.0,5838.125,0.938,1.0022857142857142,4.435702857142857,0.9170416998519436,2.4328428200983745,0
Kepler-1464 b,1.0,GV,31.7786270836,0.184372,1.8732857142857144,4.625448093744608,564.0,5703.2,1.01,1.005,4.24015,0.9682934728859354,2.3351271400860654,0
Kepler-1464 c,1.0,GV,5.3278535773375,0.056042,1.0892857142857144,1.1175947433908158,1023.0,5708.666666666667,1.057,0.8731428571428571,4.2784,1.0645806410500105,3.947851642895878,0
Kepler-1465 b,1.0,KV,31.82768273142857,0.177625,1.77,4.027678251429298,477.5,4683.0,0.7143165714285714,0.7000000000000001,4.475562857142857,0.2201749629690882,1.985509450444832,0
Kepler-1466 b,1.0,GV,31.17498400382222,0.191322,1.4061428571428571,1.5575366639656747,585.0,5828.506000000001,0.991,1.00275,4.46825,1.0168716755713485,2.289754194357702,0
Kepler-1467 b,1.0,GV,47.0568906072125,0.2385749999999999,3.0308333333333337,8.221818863319017,412.5,5301.651111111111,0.7974506,0.8301999999999999,4.59808625,0.4507565083610051,1.865751855720062,0
Kepler-1468 b,1.0,GV,8.2398407069875,0.0808,1.9406666666666668,5.041970602569864,961.0,5858.398888888889,1.05,1.0267142857142857,4.21330875,1.1651563413257908,3.565283801595033,0
Kepler-1468 c,1.0,GV,3.5455251216857144,0.046075,1.3183333333333336,1.4322960791031345,1273.25,5868.8825,1.05,1.026166666666667,4.25514,1.1735189493278402,4.720100695011909,0
Kepler-1468 d,1.0,GV,19.59061004571428,0.14395,3.33187146,9.842550529657444,720.0,5865.151428571428,1.496,1.0315,4.211997142857143,2.376128670084237,2.677341473618489,0
Kepler-1469 b,1.0,GV,21.863521139675,0.14645,2.5306666666666664,5.836418090576385,554.0,5343.888888888889,0.864,0.88525,4.53318125,0.5461941111675058,2.4590268096894987,0
Kepler-147 b,1.0,GV,12.61114524223,0.10961,1.3723333333333334,1.509028687222573,905.4,5966.24909090909,1.4365,1.0913333333333333,4.206222222222221,2.345884552262435,3.155939036229212,0
Kepler-147 c,1.0,GV,33.416208238872734,0.2098785714285714,2.754,6.853800805982668,654.6,5959.675833333334,1.4602,1.0882857142857143,4.19305,2.4132654140268954,2.277521043610746,0
Kepler-1470 b,1.0,KV,16.295089837357143,0.11585,1.1451666666666669,1.192694750061818,579.25,4937.75,0.7978212499999999,0.7824,4.530357142857143,0.3394825375876232,2.599210099324523,0
Kepler-1471 b,1.0,GV,3.638995978528571,0.0435,1.3853333333333335,1.5276384098008813,1174.25,5671.4725,0.8715505714285714,0.951,4.466971428571428,0.7051124067172113,4.6764965035138575,0
Kepler-1471 c,1.0,GV,11.604480703333332,0.0942,1.700799992,3.654213503482125,798.25,5701.481666666667,1.166,0.85,4.4214,1.2889553679250916,3.00440859294641,0
Kepler-1472 b,1.0,FV,38.130894824600006,0.233175,1.8118333333333327,4.263914804772387,628.0,6271.0,1.2355999999999998,1.154,4.29216625,2.118326271284908,2.225035250074436,0
Kepler-1473 b,1.0,GV,14.4273453575,0.116012,1.310142857142857,1.4207388273836368,783.0,5930.455555555556,1.1383333333333334,1.015,4.376905714285714,1.4380731532213236,2.958397645311397,0
Kepler-1474 b,1.0,GV,36.4334849047,0.220175,2.296,4.851170951310201,594.75,5781.698888888889,1.082394,1.0025000000000002,4.3655225,1.1745796756034994,2.134190449560684,0
Kepler-1475 b,1.0,FV,82.17634929847499,0.373,2.92,7.659976155834851,441.0,6191.444444444444,1.214518,1.086,4.405478749999999,1.9447585205101416,1.706614694401103,0
Kepler-1476 b,1.0,GV,10.358605495585715,0.0932,1.6723333333333332,3.506773733965363,860.0,5758.75,1.008,1.0,4.471862857142857,1.0025910311282908,3.2761745160206,0
Kepler-1477 b,1.0,KV,11.55546268242857,0.0911,1.18,1.240071166142943,674.0,5121.625,0.7984000000000001,0.766,4.468114285714286,0.3935156541401094,2.900214905908879,0
Kepler-1478 b,1.0,GV,26.084035144142856,0.1681,1.5903333333333334,3.101923727839876,598.0,5992.625,1.06,0.952,4.426757142857143,1.3000797310159786,2.3801789029942624,0
Kepler-1479 b,1.0,GV,14.532596497355556,0.1165219999999999,1.864142857142857,4.570558019413963,746.0,5875.6,1.1110250000000002,1.027,4.43512,1.3199163284263529,2.969314784093302,0
Kepler-148 b,1.0,KV,1.7293678207599998,0.0271,1.8025,4.210519345371489,1281.2,5177.545454545455,0.8410768888888889,0.8452,4.531319,0.4560967004908987,5.585603231576191,0
Kepler-148 c,1.0,KV,4.18005587608,0.0487833333333333,3.4486250000000003,10.508176218971562,954.4,5177.545454545455,0.8410768888888889,0.8452,4.531318999999999,0.4560967004908987,4.163120601435892,0
Kepler-148 d,1.0,KV,51.84688955356667,0.25952,8.691571428571427,168.1368781842979,412.8,5168.1,0.8365213333333333,0.8452,4.529687777777777,0.4478860394260727,1.804967190123358,0
Kepler-1480 b,2.0,KV,22.126861854875,0.1525,1.67,3.4948471767778697,721.0,5186.757777777778,0.801888,0.9404,4.32844375,0.4175429414084141,2.4836841875090263,0
Kepler-1481 b,1.0,KV,5.942240942257143,0.05885,1.223,1.299135331709518,797.75,4855.32,0.7828159999999998,0.7742,4.537088571428571,0.305548861838779,3.627674680800814,0
Kepler-1482 b,1.0,GV,12.253843763457144,0.09672,1.0428333333333333,1.056037586708529,654.0,5437.225,0.903425,0.8966666666666666,4.542046666666667,0.6400048706264955,3.045315918828116,0
Kepler-1483 b,1.0,FV,9.5085084257,0.0913749999999999,1.52,2.7777832486775824,985.5,6245.125,1.3822,1.2033333333333331,4.311634285714286,2.607331005165772,3.629562360960248,0
Kepler-1484 b,1.0,GV,30.4547131775,0.1939,2.322,4.956078872676168,624.0,5957.57375,0.9712,1.01225,4.141808750000001,1.066067997829225,2.285230291575432,0
Kepler-1485 b,1.0,FV,19.915665777744444,0.147364,1.4868571428571429,1.6747501162194782,726.5,6023.2,1.211,1.0882500000000002,4.34487625,1.7317582799672506,2.717963506227229,0
Kepler-1486 b,1.0,GV,54.6500742731625,0.2885,2.422,5.36946311935388,522.25,5897.555555555556,1.2533333333333334,1.058142857142857,4.284083750000001,1.7049482170836898,1.9154650296900133,0
Kepler-1487 b,1.0,FV,7.31938218817143,0.078475,2.1631666666666667,4.331825623479012,1183.25,6273.0,1.63,1.1775,4.211745714285715,3.6911883708271658,3.8742690725581936,0
Kepler-1488 b,1.0,GV,39.819030328588894,0.230686,2.052857142857143,3.92176515450844,608.0,5850.627,1.31,1.0148750000000002,4.10559875,1.8040230634937573,2.0978316913013737,0
Kepler-1488 c,1.0,GV,6.158277668857143,0.066438,1.65156749,3.401473048581693,1133.25,5868.87,1.524,1.002,4.163321666666667,2.472166645500637,3.884190928214504,0
Kepler-1489 b,1.0,GV,82.293991429575,0.3603999999999999,1.8578333333333328,4.532903481849004,406.0,5765.0,0.9285,0.9535,4.3991975,0.8543796835539795,1.6268328805590095,0
Kepler-1489 c,1.0,GV,0.680741,0.0150277043979096,0.51,0.4167170105874194,1800.9105043289112,5565.53,0.957,0.977,4.465892715726157,0.7883876960264752,8.064472104351259,0
Kepler-149 b,1.0,GV,29.198972702,0.1798657142857142,4.425666666666668,48.52934262115069,566.6,5432.270909090908,0.92593,0.9246,4.422515555555555,0.6698411775125968,2.267658933291313,0
Kepler-149 c,1.0,GV,55.328750075609086,0.2752428571428572,1.8206666666666669,4.314815957783861,458.0,5427.9558333333325,0.93295,0.9255,4.420646,0.6778784204569956,1.8340246431687957,0
Kepler-149 d,1.0,GV,160.019313866,0.5589557142857143,4.296444444444445,44.91744174833027,321.2,5427.9558333333325,0.93295,0.9255,4.420646,0.6778784204569956,1.2869879935440316,0
Kepler-1490 b,1.0,GV,92.4365622583375,0.372675,2.7871666666666663,7.011478147573864,348.75,5543.333333333333,0.7710323333333333,0.8251999999999999,4.607201249999999,0.5036386013836532,1.488296510718315,0
Kepler-1491 b,1.0,GV,16.58609545432857,0.1276,1.6898333333333333,3.5969884998983908,726.5,5714.2075,0.99,0.9955,4.309265714285714,0.937528042088934,2.7936389615740973,0
Kepler-1491 c,1.0,GV,61.56941074,0.3057666666666667,2.2014999825,4.478839544837738,476.0,5712.066000000001,1.389,0.991,4.2679860000000005,1.842753347635732,1.8005979104845675,0
Kepler-1492 b,1.0,KV,16.7525135157375,0.1262,1.49,1.679353597437351,801.0,4701.555555555556,0.6776974,0.77,4.26373875,0.2013389400881841,2.470533055664004,0
Kepler-1493 b,1.0,GV,15.02185102,0.109875,1.41,1.56309310172325,726.25,5719.617142857144,1.29,1.06,4.3744,1.597854047847337,3.1065508911744297,0
Kepler-1494 b,1.0,GV,91.07995604512502,0.3982,3.3435,9.907920708034792,415.0,5802.0,0.9944,1.00575,4.402231250000001,1.0053631877247895,1.589532370857004,0
Kepler-1495 b,1.0,GV,85.27314245142858,0.3677,3.164,8.921734646840973,443.0,5903.8,1.0536,0.9348,4.3632,1.2099513839651088,1.594731309693817,0
Kepler-1496 b,1.0,GV,64.65879287955,0.3244,1.9633333333333327,5.186871128404689,499.0,5990.564444444444,1.3648783333333334,1.084,4.2915325,2.1525274938639694,1.8283073379371413,0
Kepler-1497 b,1.0,GV,8.741970085914286,0.082825,1.7339999999999995,3.830714514847695,904.5,5781.0,0.986,0.99225,4.4188,0.9742166717011675,3.461822653136753,0
Kepler-1498 b,1.0,GV,48.05154730565,0.2455999999999999,1.33,1.4487956497189585,480.0,5333.0,0.8692500000000001,0.836,4.403999999999999,0.5483597672342759,1.8452870820240344,0
Kepler-1499 b,1.0,KV,44.2015606497,0.22213,1.1878571428571427,1.25081614301015,409.0,5000.117,0.7803333333333334,0.8140000000000001,4.5467775,0.3414843733577493,1.9146243508640364,0
Kepler-15 b,1.0,GV,4.942783011953845,0.0574233333333333,11.684821909090909,210.71869,1063.3333333333333,5577.199285714286,1.1094285714285714,1.018375,4.364023636363637,1.0684475183000328,4.211963986053751,0
Kepler-150 b,1.0,GV,3.4280567412700003,0.0438371428571428,1.2746666666666666,1.3709310649701492,1178.0,5671.0,0.92083475,0.961875,4.486715555555556,0.7868498010519952,4.685038695310813,0
Kepler-150 c,1.0,GV,7.381980616209091,0.0729614285714285,3.579111111111112,11.276461561864748,913.4,5659.083333333333,0.919113,0.9627777777777776,4.489165999999999,0.777341805178301,3.633217090135637,0
Kepler-150 d,1.0,GV,12.56094292190909,0.1041171428571428,2.7953333333333337,7.050563792209507,764.4,5659.083333333333,0.919113,0.9627777777777776,4.489166,0.777341805178301,3.0414234621657226,0
Kepler-150 e,1.0,GV,30.82637326713636,0.1894328571428571,2.936333333333333,7.741590141764171,566.4,5659.083333333333,0.919113,0.9627777777777776,4.489165999999999,0.777341805178301,2.2548121065998514,0
Kepler-150 f,1.0,GV,637.2093,1.24,3.64,11.643743476761728,191.53086167248844,5528.0,0.905339,0.97,4.51122,0.686727510760951,0.8846062603295559,0
Kepler-1500 b,1.0,GV,15.0329888073,0.1152,1.2,1.2674639621271098,802.0,5935.875,1.0,1.0533333333333337,4.329657142857143,1.1138554579480768,3.0243472764536152,0
Kepler-1501 b,1.0,FV,14.556503951400002,0.122144,1.56,2.9595386771570484,853.75,6225.222222222223,1.1598625,1.1929999999999998,4.388811428571429,1.8126848328523264,3.1257852441858787,0
Kepler-1502 b,1.0,FV,41.7085521798375,0.2482,3.18,9.00765051896825,611.75,6567.333333333333,1.728238,1.3242857142857145,4.25468375,4.98486257656082,2.3102817235918645,0
Kepler-1503 b,1.0,KV,96.1692833380875,0.37575,2.3091666666666666,4.904164525247063,323.25,5123.950000000001,0.7703333333333333,0.7682500000000001,4.438445,0.3670005915827976,1.4301341387353426,1
Kepler-1504 b,1.0,GV,82.30485353965,0.35975,2.13,4.206503421828465,414.5,5597.314444444444,0.81,0.9177142857142856,4.23690875,0.5778015583456255,1.5974538810445431,0
Kepler-1505 b,1.0,GV,30.860927776099995,0.1883159999999999,0.93,0.9099715891387324,600.0,5717.487,0.86,0.9732857142857144,4.36255375,0.7091000168706052,2.273796261237505,0
Kepler-1506 b,1.0,GV,14.032785373214285,0.1168,1.32,1.4346504885762243,783.0,5906.5,0.9868,1.038,4.329502857142857,1.0633321984032482,2.981619632344763,0
Kepler-1507 b,1.0,GV,16.05057296141111,0.117872,0.8288571428571428,0.7834721978572073,663.0,5374.4490000000005,0.8204345714285715,0.9056,4.51408125,0.503864242381192,2.7722849330603383,0
Kepler-1508 b,1.0,GV,20.70567203333333,0.144225,1.33,1.4487956497189585,733.0,5823.285714285715,1.2509866666666667,1.14,4.233231666666666,1.6146098863299678,2.8119470327377964,0
Kepler-1509 b,1.0,GV,25.433572158475,0.17265,2.040666666666666,3.8776350652010487,656.5,5902.333333333333,1.0457999999999998,1.0505714285714287,4.29254125,1.1909185369787454,2.467200732988728,0
Kepler-151 b,1.0,GV,15.22896037952,0.1149833333333333,2.981,7.966870437907579,641.2,5405.388181818183,0.8184285714285714,0.874,4.562811999999999,0.5130491418632309,2.757485599036532,0
Kepler-151 c,1.0,GV,24.67462204505,0.1587833333333333,2.1675,4.348328056448281,545.4,5405.388181818181,0.8184285714285713,0.874,4.562812,0.51304914186323,2.346541518935482,0
Kepler-1510 b,1.0,FV,84.70430754065,0.393825,3.328333333333333,9.822701521743266,489.0,6156.555555555556,1.372298,1.120142857142857,4.263246250000001,2.4273808534461647,1.686786241835113,0
Kepler-1511 b,1.0,FV,23.2383485036,0.1753,1.68,3.5461299571857388,903.0,6571.614444444444,1.29,1.3415,4.09054875,2.7845663630973565,2.766810176918326,0
Kepler-1512 b,1.0,KV,20.359741594090004,0.1228883333333333,1.234714285714286,1.3153351162654956,404.0,4334.082,0.7123891428571428,0.7045,4.698,0.1606619113241985,2.3947498549108337,0
Kepler-1513 b,1.0,GV,160.8845588097,0.547222,8.67025,48.30991786,346.0,5543.154545454545,0.9388014,0.9489999999999998,4.402606666666667,0.7465609253320288,1.3171229456466833,0
Kepler-1513 c,1.0,GV,841.4,1.7104567068783276,8.356898789985532,84.54235626,165.93315061070527,5491.0,0.95,0.943,4.46,0.7361101995849927,0.7426339291365909,0
Kepler-1514 b,1.0,FV,217.8320055655,0.7418616666666668,12.419572,1678.1424,444.38,6248.521818181819,1.28986375,1.1931428571428573,4.115287777777777,2.275551598386732,1.2684102455237831,0
Kepler-1514 c,1.0,FV,10.514189701111112,0.0983299999999999,1.1758241,1.2343691656038849,1220.2,6254.304444444445,1.3043183333333332,1.1864,4.08594875,2.3354636851802737,3.4741417427590733,0
Kepler-1515 b,1.0,FV,214.31161004333336,0.7508700000000001,9.676428571428572,391.2286942812893,387.5,6455.4580000000005,1.505475,1.2946666666666666,4.226932499999999,3.5313859560340983,1.3133231229942937,0
Kepler-1516 b,1.0,GV,7.259310818724999,0.0718,1.809,4.247663485531135,967.0,5859.0,1.0036,0.98525,4.26030125,1.0648909771996178,3.70498098694338,0
Kepler-1517 b,1.0,FIV,5.546083704675,0.078,9.76,400.1778259197693,2335.25,7187.064444444444,1.900222,1.58,3.80279875,8.643799609312017,4.501489340886235,0
Kepler-1518 b,1.0,FIV,5.111769303999999,0.0593,2.7298,6.73982431281069,1351.0,6570.996666666666,1.88,1.54,4.184112000000001,5.911947054766582,5.096922120164537,0
Kepler-1518 c,1.0,FV,9.6309775094,0.0904999999999999,2.9862499975,7.993550234001998,1094.0,6516.996,1.345,1.06,4.209512,2.927684250131457,3.42297421000787,0
Kepler-1519 b,1.0,GV,240.79875797825,0.75455,7.06,102.72286922800876,297.75,5753.111111111111,0.91,0.9794285714285714,4.3081025,0.8139236756278724,1.1395079427648702,1
Kepler-152 b,1.0,KV,18.207965803754547,0.1264671428571428,3.043222222222222,8.28579084725776,561.6,5151.25,0.7564826000000001,0.8384444444444443,4.602627,0.3615249264767764,2.5752730092477862,0
Kepler-152 c,1.0,KV,88.25530237316363,0.36254,2.670333333333333,6.463599018549579,331.8,5151.25,0.7564826,0.8384444444444443,4.602627,0.3615249264767763,1.5210173376655671,0
Kepler-1520 b,1.0,KV,0.6535535854285713,0.0129,5.77,96.97702843091876,1436.25,4571.125,0.6749999999999999,0.694857142857143,4.6034942857142855,0.1784800938127096,7.340538012212529,0
Kepler-1521 b,1.0,KV,47.148427685677774,0.2480319999999999,2.5,5.702772103471755,559.75,5025.339,0.7107184285714286,0.8116,4.3482875,0.2890323529003235,1.8092231892077024,0
Kepler-1522 b,1.0,GV,1.8478898473125,0.0288749999999999,1.6556666666666668,3.4221093973579007,1380.75,5730.1577777777775,0.9228,0.94725,4.45846375,0.8237043182083857,5.728570925983264,0
Kepler-1523 b,1.0,GV,0.938750077475,0.018774,1.5408571428571427,2.8717074660628463,1766.0,5640.211111111112,0.9313333333333332,0.9726666666666668,4.484102857142857,0.7875562514562047,7.199106421861289,0
Kepler-1524 b,1.0,GV,70.96733655452857,0.3257,3.54,11.043486327994351,454.5,5889.5775,1.25,1.071,4.407182857142857,1.6867333810309415,1.8136807357730849,0
Kepler-1525 b,1.0,GV,2.4166009027000004,0.0355539999999999,0.8857142857142858,0.8540469465995097,1317.5,5695.735555555556,1.026,1.0272,4.455954285714285,0.9939941795566148,5.375987562595315,0
Kepler-1526 b,1.0,KV,3.9086350557,0.0418,2.193166666666667,4.446682378842282,787.75,4537.222222222223,0.6855,0.6807500000000001,4.604676250000001,0.1786754852170039,4.036274257598225,0
Kepler-1527 b,1.0,FV,160.130593657125,0.5886,4.534333333333333,51.70113616763727,366.0,6043.0,1.32,1.0604285714285715,4.24436,2.084721711287535,1.3424730169955317,0
Kepler-1528 b,1.0,GV,1.7911109579285716,0.0296,1.3476666666666663,1.473863394271958,1548.25,5947.875,1.0052,1.062,4.476025714285714,1.134598333190866,5.990890570168537,0
Kepler-1529 b,1.0,KV,5.3390529413875,0.0525,1.967833333333333,5.215926745529723,817.0,5003.666666666667,0.7586758,0.7392500000000001,4.5755550000000005,0.3237097597957274,3.753107455219472,0
Kepler-153 b,1.0,GV,18.87021630946364,0.1278685714285714,2.775888888888889,6.957671966572907,623.2,5325.833333333333,0.8412857142857143,0.791,4.53288,0.5108897206831216,2.487604416194388,0
Kepler-153 c,1.0,GV,46.90248386603636,0.2345428571428571,2.446,5.471006870058141,459.8,5325.833333333333,0.8412857142857144,0.791,4.5328800000000005,0.5108897206831217,1.836758761192366,0
Kepler-1530 b,1.0,GV,2.5904168691777776,0.036786,1.64,3.343635974779156,1484.0,5494.671,0.822644,0.92,4.38891625,0.5534526783854188,5.001814882191921,0
Kepler-1530 c,1.0,GV,5.3232223875,0.059488,1.65,3.3936013495609827,1167.0,5494.671,0.822644,0.92,4.38891625,0.5534526783854188,3.933274111324593,0
Kepler-1530 d,1.0,GV,9.20775289375,0.0857519999999999,3.27870115,9.546264927506035,972.0,5554.7675,1.303,1.015,4.31846,1.450247831683916,3.441009535792332,0
Kepler-1531 b,1.0,FV,1.1385449000125,0.021828,1.2403333333333333,1.323122149989565,2444.75,6370.25,1.4278,1.1183333333333334,4.1788114285714295,3.011969094585869,7.159021164097284,0
Kepler-1532 b,1.0,GV,1.0936646016571427,0.020525,1.3206666666666669,1.435592502167052,1677.25,5776.375,0.8691737142857142,0.9534,4.547871428571428,0.7546134409334637,6.816649671992443,0
Kepler-1533 b,1.0,FV,308.547330909375,0.930792,3.146,8.825545631221637,306.0,6381.251111111112,1.598652,1.2343333333333335,4.285251428571429,3.802078338173552,1.1517676909779666,0
Kepler-1534 b,1.0,GV,5.716689442716667,0.0599,1.9275,4.958910882830212,955.0,5589.0,0.87725,0.88125,4.496,0.6737100752264781,3.83628742105946,0
Kepler-1535 b,1.0,GV,138.944437059125,0.5176000000000001,2.276333333333333,4.7725241005789565,353.25,5981.111111111111,1.14381,1.0608,4.4235975,1.5021908411096538,1.431840378958379,0
Kepler-1536 b,1.0,KV,364.7558746666666,0.8507,2.9925,8.02536700800415,166.0,4369.852857142857,0.6401666666666667,0.6390000000000001,4.616283333333332,0.1340735836168476,0.8668365134301128,0
Kepler-1537 b,1.0,KV,1.444453499942857,0.0245,1.18,1.240071166142943,1800.0,5197.5,0.77,0.9132,4.284617142857143,0.3881944234703309,6.106254388800114,0
Kepler-1538 b,1.0,GV,175.13891013675,0.6281749999999999,2.839833333333333,7.265347976313902,357.25,5872.111111111111,1.0556,1.0375,4.43798875,1.1886819597291212,1.285371636750959,0
Kepler-1539 b,1.0,KV,133.3035577945,0.4774,2.652,6.3795447398150005,301.0,5131.888888888889,0.8032545714285716,0.8297142857142857,4.540015,0.4015182049207415,1.3185544247901502,1
Kepler-154 b,1.0,GV,33.04053884942,0.1960683333333333,2.247875,4.659798088058962,545.25,5773.636363636364,1.0219714285714283,0.9322,4.464565555555556,1.0412741066704936,2.1808500456633,0
Kepler-154 c,1.0,GV,62.30280059444445,0.2993866666666666,3.026125,8.197568238641171,441.25,5777.0,1.0172,0.9322,4.4716325,1.0339797255947636,1.764872377178492,0
Kepler-154 d,1.0,GV,20.54980802908,0.1434733333333333,3.743375,12.280055727114926,643.8,5800.636363636364,1.0118285714285713,0.9322,4.475121111111111,1.0399352283921748,2.549434972519539,0
Kepler-154 e,1.0,GV,3.9327624558875,0.047372,1.4505714285714286,1.621813289379685,1107.75,5786.666666666667,1.02044,0.9322,4.479722857142858,1.0475594105714483,4.436787952576114,0
Kepler-154 f,1.0,GV,9.919347002675,0.087764,1.3777142857142857,1.5167252268248903,814.0,5786.666666666667,1.0204400000000002,0.9322,4.479722857142858,1.047559410571449,3.259652687331488,0
Kepler-1540 b,2.0,KV,125.41317320571429,0.4255,2.533333333333333,5.84810876760357,245.0,4443.75,0.6619951428571429,0.6626666666666666,4.603697142857143,0.15331968849694,1.248167196168472,1
Kepler-1541 b,1.0,GV,8.406922004444445,0.07759,1.16,1.2128173076864102,1048.0,5306.722,0.8147248333333333,0.8982500000000001,4.29965625,0.4722990875631846,3.4030687345574,0
Kepler-1542 b,1.0,GV,3.9511703989,0.04707,0.76,0.6999349341926692,1247.75,5627.064444444444,0.99,0.932,4.294968571428571,0.881632913488327,4.45052086049771,0
Kepler-1542 c,1.0,GV,2.89223246515,0.03826,0.65,0.5711989016043459,1384.5,5627.064444444444,0.99,0.932,4.294968571428571,0.881632913488327,4.936401292029239,0
Kepler-1542 d,1.0,GV,5.9926565353,0.062325,0.9776666666666666,0.9710644400442832,1077.3333333333333,5614.0725,0.99,0.932,4.306796666666666,0.8735189005807494,3.867691237783208,0
Kepler-1542 e,1.0,GV,5.101142320785714,0.0559475,0.76,0.6999349341926692,1137.0,5614.0725,0.99,0.932,4.306796666666666,0.8735189005807494,4.082184202147775,0
Kepler-1543 b,1.0,FV,6.967130894042858,0.0819749999999999,2.9926666666666666,8.026216274474482,1354.0,6527.785,1.416014285714286,1.4075,4.186534285714286,3.266543813239799,4.1443695397721525,0
Kepler-1544 b,1.0,KV,168.81114019199998,0.5421083333333333,1.764625,3.997899970427917,255.6,4840.727272727273,0.7478607499999999,0.7707142857142858,4.576558888888889,0.2755331085308486,1.1925556293958446,1
Kepler-1545 b,1.0,KV,163.692311761875,0.5586,2.734166666666667,6.760323369607394,278.5,5169.6,0.8366666666666666,0.855,4.51639125,0.448562068895412,1.237392774339276,1
Kepler-1546 b,1.0,GV,19.597395371762502,0.1366,3.3993333333333333,10.224642464630634,671.0,5626.777777777777,0.9075,0.8964000000000001,4.4546712500000005,0.7406655954773058,2.562126440166049,0
Kepler-1547 b,1.0,GV,0.6929793277142858,0.015532,0.9,0.871997545077537,2454.0,5998.1075,1.1371057142857144,1.026333333333333,4.2706816666666665,1.5015801349603068,8.130280141285168,0
Kepler-1548 b,1.0,GV,124.828414217625,0.475925,2.3401666666666667,5.0300105856803805,344.0,5633.0,0.97,0.9664285714285716,4.56754,0.8499479356967072,1.4252485411783289,0
Kepler-1549 b,1.0,GV,214.88475884125,0.68925,2.614666666666667,6.209991811623561,271.0,5282.111111111111,0.88476075,0.8704000000000001,4.48731625,0.5467284530424814,1.1239475313564888,1
Kepler-155 b,1.0,MV,5.931196540758333,0.0534974999999999,1.9744444444444444,5.258787243984737,583.5714285714286,4215.211666666667,0.5704444444444445,0.5720000000000001,4.644714545454545,0.0921709598363496,3.270440517821525,0
Kepler-155 c,1.0,KV,52.6616076485,0.2301,1.9622222222222223,5.179711643938679,281.5,4251.992307692308,0.6353333333333334,0.6708333333333334,4.621623076923076,0.1183758236473733,1.7077488116746262,1
Kepler-1550 b,1.0,FV,225.58398164425,0.742,2.9475,7.797623217193434,321.0,6015.222222222223,1.099698,1.0532857142857144,4.40665625,1.420507154366958,1.1916428960147651,0
Kepler-1551 b,1.0,FV,24.4973191120125,0.17675,2.6223333333333336,6.244634173073219,716.0,6308.704444444444,1.1466966666666665,1.211875,4.400566250000001,1.8687348156042085,2.618931781385413,0
Kepler-1552 b,1.0,KV,184.771870945,0.58192,2.497428571428572,5.6916324160666285,255.25,5157.782222222222,0.886,0.81,4.503417142857144,0.4984358798153723,1.1800104450894728,1
Kepler-1553 b,1.0,GV,4.2426219534,0.0487,1.1091666666666666,1.144183952195435,935.75,5238.615,0.813628,0.86875,4.568974285714286,0.4473089113134931,4.224330726745773,0
Kepler-1554 b,1.0,GV,198.0884316548889,0.6208739999999999,2.843428571428572,7.282834044293544,271.5,5281.2,0.7833488888888889,0.85425,4.56502,0.4282829366836974,1.1731829452847615,1
Kepler-1555 b,1.0,FV,8.105003753557144,0.080875,1.6601666666666668,3.444848467896285,964.25,6073.875,1.0152,1.0495,4.348788571428572,1.2585094118996167,3.602956830730685,0
Kepler-1556 b,1.0,GV,8.827151458300001,0.082225,1.9088333333333327,4.842548122866362,874.25,5649.371111111111,0.8966666666666666,0.9764,4.50151125,0.7347715286220275,3.44656860972244,0
Kepler-1557 b,1.0,FV,3.7403227295,0.0487,1.389333333333333,1.5333750492935043,1270.5,6138.76,1.0721025,1.09575,4.414002857142856,1.4644855330102446,4.7442355449966485,0
Kepler-1558 b,1.0,KV,3.5047080887000006,0.042076,0.747,0.6844106869620503,1019.0,5083.097777777777,0.7742373333333333,0.8114285714285714,4.5219314285714285,0.3590475132079255,4.392208100874007,0
Kepler-1559 b,1.0,GV,0.971915744075,0.01849,0.7352857142857143,0.6704910216361938,1588.0,5290.179999999999,0.8674999999999999,0.878,4.530328571428571,0.5288233390880331,6.892135170314309,0
Kepler-156 b,1.0,KV,4.973452573018182,0.0532757142857142,2.4736666666666665,5.589181798149417,852.2,5069.028333333333,0.78795,0.824,4.564261999999999,0.3677782521988654,3.933452855139698,0
Kepler-156 c,1.0,KV,15.906865520790909,0.1154757142857142,2.469,5.5691648174519255,578.8,5069.028333333333,0.78795,0.824,4.564262,0.3677782521988654,2.671734270286344,0
Kepler-1560 b,1.0,GV,3.0319612529875,0.04011,0.8978571428571429,0.8692994695359899,1269.75,5742.835555555556,0.9988885714285716,0.9522857142857142,4.416894285714286,0.973709620016395,4.873402566137808,0
Kepler-1561 b,1.0,GV,1.005206800357143,0.0194,1.09,1.1185475408007215,1682.75,5741.875,1.11,0.9891428571428572,4.4920228571428575,1.2015746088008117,7.141733311334463,0
Kepler-1562 b,1.0,FV,64.27271508345,0.332975,3.55,11.102834617092432,566.0,6094.142222222223,1.05,1.0550000000000002,4.1602875,1.3643279916797382,1.7803090519193558,0
Kepler-1563 b,1.0,GV,3.4327559778857144,0.0442,0.7319999999999999,0.6665986125278215,1134.0,5713.0028571428575,0.9028,0.9792,4.518800000000001,0.7789879071133391,4.707599973218785,0
Kepler-1564 b,1.0,GV,18.053987014387506,0.132625,1.452,1.623889977051345,626.0,5507.777777777777,0.917,0.94925,4.501115,0.6942792076790836,2.6757934631001192,0
Kepler-1565 b,1.0,KV,1.5381865902857144,0.0240249999999999,1.209666666666667,1.2807531347604877,1238.5,5030.0,0.7280937142857142,0.7815,4.607625714285715,0.3044642838766737,5.704371179261208,0
Kepler-1566 b,1.0,KV,0.5399152420125,0.0118959999999999,0.7324285714285714,0.6671060213630291,1763.0,5134.222222222223,0.7736072,0.8116666666666666,4.595508571428572,0.373103655955278,8.261584736423437,0
Kepler-1567 b,1.0,GV,153.981248413875,0.552,2.6255,6.258969611623648,330.0,5736.888888888889,0.9084,0.9452,4.49478125,0.8019547342573569,1.3087819643978915,0
Kepler-1568 b,1.0,GV,20.925414316688894,0.150234,1.3402857142857143,1.4633782813126703,729.75,5879.8,1.2138571428571427,1.0750000000000002,4.283368750000001,1.580065978422834,2.6754392915249823,0
Kepler-1569 b,1.0,FV,5.791800925714286,0.064818,1.455,1.6282530161179265,1148.5,6185.4925,1.3125240000000002,1.1128571428571428,4.314183333333333,2.2625672436777635,4.1442589072282106,0
Kepler-157 b,1.0,GV,1.7323423238300002,0.0281085714285714,1.325111111111111,1.4418762363048476,1518.8,5852.41090909091,1.0484,1.0215714285714286,4.4358844444444445,1.1568661645646114,6.029620322853744,0
Kepler-157 c,1.0,GV,13.540546846245457,0.1108214285714285,2.323888888888889,4.96374180434309,764.2,5841.981666666667,1.0484000000000002,1.021375,4.426494,1.148641844689513,3.036377213575358,0
Kepler-157 d,1.0,GV,7.025739624166667,0.0716,1.46,1.6355307451376273,951.8,5860.252,1.0495,1.0215714285714286,4.441745,1.1655204630919642,3.7779207362348575,0
Kepler-1570 b,1.0,GV,26.548801210677777,0.176118,1.07,1.0919403409667543,836.0,5486.6,0.89,1.02325,3.94945625,0.6439958369041372,2.4108155728300016,0
Kepler-1571 b,1.0,GV,3.3855609152125,0.043134,1.528142857142857,2.814233005253735,1476.0,5737.431111111111,1.3501066666666668,1.23,4.126825714285713,1.7721315176464192,5.340939674845592,0
Kepler-1572 b,1.0,GV,5.495476828037501,0.060796,0.94,0.9227120870469744,1293.0,5968.715555555556,0.95,1.0099999999999998,4.198571428571428,1.0276863575096782,4.076600634230489,0
Kepler-1573 b,1.0,GV,2.615757984385714,0.0364,1.1733333333333331,1.2309710275522132,1378.25,5965.125,0.9664,0.9492,4.3941228571428566,1.0609181705671125,5.107438629900299,0
Kepler-1574 b,1.0,GV,6.942447231757143,0.0743,1.3175,1.4311192091097416,1003.0,5982.625,1.0546666666666666,1.1176,4.401105714285714,1.278460799205388,3.879035673957453,0
Kepler-1575 b,1.0,GV,2.5531460181714287,0.0366,1.313,1.424767972171842,1312.0,5867.125,0.9196666666666669,0.9868,4.499805714285714,0.8991913192534081,5.193366972452326,0
Kepler-1576 b,1.0,GV,6.98471895415,0.072562,1.061142857142857,1.080204573132557,1061.25,5781.446666666667,0.9946333333333331,1.0426666666666666,4.35088,0.9916581011445952,3.791343262339793,0
Kepler-1577 b,1.0,KV,6.3055971465428575,0.0657,1.13,1.1722007003678263,1125.0,4865.75,0.74,0.78,4.204782857142857,0.2753927194857209,3.446193036494381,0
Kepler-1578 b,1.0,GV,1.450888631185714,0.0252,1.169166666666667,1.2252913073250251,1699.25,5864.625,0.9517865,0.9862857142857144,4.46952,0.9614571213743112,6.257143065276913,0
Kepler-1579 b,1.0,KV,0.8499077698857143,0.014,0.84,0.7971922571172362,1136.75,4352.4,0.7,0.75,4.7142,0.1577615398165881,7.320514376022137,0
Kepler-158 b,1.0,KV,16.709215583454544,0.1111071428571428,2.3501111111111115,5.070700409481141,497.2,4623.454545454545,0.6530775,0.6551666666666668,4.638299,0.1748580626871227,2.428733654619495,0
Kepler-158 c,1.0,KV,28.551529011436365,0.1587414285714286,1.9031111111111112,4.807203568882252,415.6,4623.454545454545,0.6530775,0.6551666666666668,4.638299000000001,0.1748580626871227,2.0319159457090463,0
Kepler-158 d,1.0,KV,0.645088,0.0126956158299569,0.43,0.3338174169271837,1440.0449525433337,4895.97,0.668,0.656,4.60517294198564,0.2300370380310486,7.189522009742784,0
Kepler-1580 b,1.0,FIV,56.645526086822215,0.304242,1.878285714285714,4.655629797686631,595.75,6176.1,2.437954285714286,1.2697999999999998,3.9579175,7.7588658435388975,2.04330435990049,0
Kepler-1581 b,1.0,GV,6.2838410447625,0.06813,0.7792857142857142,0.7231122675677745,1114.75,5970.155555555555,1.2680000000000002,1.0887142857142855,4.254148571428572,1.8326137690956943,3.998183755619644,0
Kepler-1582 b,1.0,MV,4.8381495947857145,0.029275,1.49,1.679353597437351,329.25,3143.125,0.3,0.28,5.081642857142858,0.007880957242215,3.093182523732986,0
Kepler-1583 b,1.0,GV,9.3280965281125,0.085574,0.6148571428571428,0.531381572218745,815.75,5620.895555555555,0.9308,0.9724285714285716,4.47482,0.7759337839874254,3.371575760657769,0
Kepler-1584 b,1.0,FV,13.399682763942858,0.118225,1.584666666666667,3.0750241529900304,888.25,6275.125,1.1666666666666667,1.13075,4.366568571428571,1.8935333328449837,3.093168799533033,0
Kepler-1585 b,1.0,GV,3.5827440265714285,0.0445,1.643333333333333,3.3602425084449297,1064.0,5393.0,0.8433922857142857,0.9176,4.546602857142857,0.5398471087371667,4.541733854016612,0
Kepler-1586 b,1.0,FIV,15.604887764925,0.127736,1.5794285714285714,3.05028188556916,1085.0,6256.737777777777,1.75,1.45,4.093311428571428,4.210733572543979,3.369786056678309,0
Kepler-1587 b,1.0,GV,9.406076559675,0.087734,1.3024285714285715,1.4098733104543877,981.0,5863.666666666667,1.2766666666666666,1.032,4.235517142857143,1.7287093621818064,3.43029023853546,0
Kepler-1588 b,1.0,GV,7.849317118200001,0.072918,0.76,0.6999349341926692,925.0,5693.624444444445,1.0595,0.8591666666666667,4.298462857142858,1.0583932016126103,3.433177988748879,0
Kepler-1589 b,1.0,FV,0.991663398,0.02035,1.0516666666666667,1.06768106698593,1964.75,6093.714285714285,1.272333333333333,1.144,4.370538333333333,2.0027189689602647,7.499042059770879,0
Kepler-159 b,1.0,MV,10.139613303375,0.0764037499999999,2.0810000000000004,4.024546525622695,463.3333333333333,4304.692307692308,0.6447499999999999,0.6843999999999999,4.676772,0.1280681124233808,2.993454401116802,0
Kepler-159 c,1.0,MV,43.59198197,0.2019875,3.41,10.28568737318389,285.0,4290.333333333333,0.64475,0.5914444444444444,4.68572,0.1263678783401362,1.71147167281492,0
Kepler-1590 b,1.0,FV,7.617606067600001,0.075992,1.0578571428571428,1.0758584362532506,1019.25,6032.777777777777,1.0717142857142858,1.0757142857142858,4.419205714285715,1.364951441980038,3.763045891793203,0
Kepler-1591 b,1.0,FV,8.18504919,0.0794,1.1078333333333334,1.1423962186366958,892.0,6003.428571428572,1.16,1.0144,4.426096666666667,1.568206391417679,3.57494490454156,0
Kepler-1592 b,1.0,FV,3.057094836214286,0.04,1.54,2.8678112153554105,1207.25,6064.875,1.28,1.18,4.388502857142857,1.9888279118428585,5.432328094080575,0
Kepler-1593 b,1.0,KV,174.51005566229998,0.50604,3.17,8.95390739078524,201.4,4582.727272727273,0.7077174285714286,0.7403333333333332,4.692183333333333,0.1982009267478052,1.209751620030378,0
Kepler-1594 b,1.0,FV,2.7160367613571426,0.039225,1.0315,1.0411420853289264,1381.0,6031.75,1.013234857142857,1.0670000000000002,4.458025714285715,1.2192237818500835,5.216458030352123,0
Kepler-1595 b,1.0,GV,4.5638057455857135,0.051,1.2361666666666669,1.3173468497258256,980.0,5317.0,0.8426982857142857,0.8464,4.518317142857143,0.509214441750525,4.074531909192568,0
Kepler-1596 b,1.0,GV,66.371946349425,0.322425,1.9,4.788051205850631,471.0,5938.444444444444,0.9648,0.9997142857142856,4.28746,1.0386165320810754,1.7611590499460843,0
Kepler-1597 b,1.0,FV,2.9465263837375,0.042432,0.971857142857143,0.9635697561939606,1498.5,6385.333333333333,1.3642500000000002,1.2058,4.329834285714286,2.7759527489865508,5.331702058429137,0
Kepler-1598 b,1.0,GV,4.341955316112501,0.0525739999999999,0.9108571428571428,0.8856973573665203,1236.75,5965.024444444444,1.0507365714285717,1.0397142857142858,4.4138,1.2540835108584496,4.4478125835760745,0
Kepler-1599 b,1.0,GV,122.35978957962502,0.482525,1.62,3.245014453262256,407.75,5887.222222222223,0.99,0.9976,4.29021625,1.0563356966055468,1.4381139349887595,0
Kepler-16 b,2.0,KV,227.388,0.6963999999999999,8.4493,102.656645695,174.17887170243165,4450.0,0.6489,0.67235,4.6527,0.1481444691880259,0.9827505767401004,0
Kepler-160 b,1.0,GV,4.309315585683334,0.0511262499999999,1.8137,4.274641574470425,1091.8,5699.923076923077,1.0481788888888888,0.977,4.444805,1.0404869694181569,4.372202781260313,0
Kepler-160 c,1.0,GV,13.69936628636364,0.11061,3.5077,10.852821029101824,742.6,5707.5,1.0375342857142855,0.9744,4.4536333333333324,1.0248928059982685,2.968564061774307,0
Kepler-160 d,1.0,GV,30.0,0.17,9.056028884504546,100.0,568.9041632759253,5471.0,1.118,0.7282570606250002,4.203223124368428,1.0047090545280772,2.0701073876677376,0
Kepler-1600 b,1.0,KV,386.370536,0.9953525,3.0893333333333337,8.525955542745317,210.3333333333333,5174.428571428572,0.8304999999999999,0.8546666666666667,4.539534,0.4436277541568232,0.9267976229624664,0
Kepler-1600 c,1.0,KV,7.298131018142858,0.070842,1.7553441866666668,3.946789609243097,792.0,5191.285714285715,0.8296666666666667,0.8406666666666666,4.537778333333333,0.4485355411453899,3.445414609619048,0
Kepler-1601 b,1.0,GV,2.2092222403125,0.033442,0.8541428571428572,0.8146849011109429,1507.0,5908.555555555556,1.0710000000000002,1.0336,4.394417142857143,1.2542788094278952,5.560388200111767,0
Kepler-1602 b,1.0,FV,11.1793246023,0.101448,1.162,1.215536394054712,952.0,6196.98,1.36,1.1368333333333331,4.3496428571428565,2.4473047029800794,3.3481248077813994,0
Kepler-1603 b,1.0,FV,2.271643383942857,0.0348,1.215666666666667,1.2890176415666716,1552.75,6196.875,1.1380000000000003,1.1084285714285715,4.219488571428571,1.713425861549525,5.644678588059246,0
Kepler-1604 b,1.0,KV,0.5860150448571428,0.013112,1.4805714285714286,1.6655519129222978,1714.75,4955.375,0.7516666666666666,0.8072000000000001,4.586406666666666,0.3056655784905245,7.847495770671038,0
Kepler-1605 b,1.0,GV,85.75658966673333,0.421734,1.08,1.105225463449088,669.0,5218.356999999999,0.82,0.86,4.55,0.4473554187536357,1.4282522012586405,0
Kepler-1606 b,1.0,GV,196.43634371388893,0.63984,2.084,4.035577182140616,288.8,5461.4,0.826222375,0.915,4.543631111111111,0.5448785328168055,1.1960513831238808,1
Kepler-1607 b,1.0,GV,13.647297171428574,0.1099559999999999,0.92,0.8972721240653803,913.0,5883.84875,1.3476,1.14,4.0915333333333335,1.9528004008178843,3.220460252187477,0
Kepler-1608 b,1.0,GV,16.473568526542856,0.1126,1.7520000000000002,3.928467896825591,612.0,5289.6,0.7472000000000001,0.7116,4.5452,0.3921524241182272,2.514338575308667,0
Kepler-1609 b,1.0,GV,114.339663606125,0.486875,2.1855,4.417194681338828,428.25,5998.333333333333,1.4189999999999998,1.0825,4.201725,2.3387135181817857,1.4913521305470436,0
Kepler-161 b,1.0,KV,4.921330856992857,0.0530471428571428,2.0657,6.976870000000001,839.0,5065.666666666667,0.7698384615384615,0.822375,4.579044999999999,0.3501349750817232,3.9380292257784086,0
Kepler-161 c,1.0,KV,7.064236001307691,0.0673814285714285,2.0505000000000004,7.0200000000000005,744.0,5072.363636363636,0.7567777777777778,0.8217142857142858,4.582255555555555,0.3401481501289467,3.49273225997027,0
Kepler-1610 b,1.0,GV,8.701810636828572,0.0777,1.419166666666667,1.5763165034779965,749.25,5258.855,0.7907494285714287,0.8471428571428571,4.571088571428571,0.4290742074515957,3.302499809651561,0
Kepler-1610 c,1.0,GV,44.98521906857143,0.2323,2.0472000180000003,3.9012566837966656,433.0,5241.262857142857,0.8,0.825,4.575088571428572,0.4333248416724469,1.8848524279476075,0
Kepler-1611 b,1.0,GV,5.176231440385714,0.055225,0.82,0.7726058782791295,976.0,5543.2,0.93,0.8245,4.487,0.7326523388982997,3.8645813322617646,0
Kepler-1612 b,1.0,GV,3.917949439985714,0.04715,0.9249999999999998,0.9036167081500868,1021.75,5527.125,0.8948931999999999,0.96,4.537705714285714,0.6705472910823533,4.5130459147806015,0
Kepler-1613 b,1.0,FV,1.5184529653111112,0.02663,2.08,4.020872818344293,1926.75,6132.9,1.12,1.08275,4.14461,1.5921699711893318,6.377544490206478,0
Kepler-1614 b,1.0,GV,3.946617518228571,0.0471,1.524,2.795653349235784,981.0,5277.5,0.8145000000000001,0.8711428571428571,4.535108571428571,0.4617267065965935,4.301393954927433,0
Kepler-1615 b,1.0,GV,47.31265763142858,0.264325,2.06,3.9477325152890135,556.75,5851.125,1.05,1.0275,4.260768571428572,1.1593803970635317,1.9719539951386729,0
Kepler-1616 b,1.0,FV,6.762825881625,0.074256,1.0781428571428573,1.1027554250126257,1187.75,6345.375555555556,1.34,1.1868333333333334,4.219385714285714,2.6117329702032546,3.99856422575451,0
Kepler-1617 b,1.0,FV,27.478767414625004,0.1815939999999999,1.2175714285714283,1.2916438574466484,700.75,6031.253333333333,1.346596,1.091714285714286,4.261585714285714,2.15275582474431,2.452328995655083,0
Kepler-1618 b,1.0,FV,6.1082696091125,0.070878,1.1760000000000002,1.234609226622149,1300.0,6573.213333333333,1.532,1.293875,4.18728,3.9311380083048895,4.273320021602616,0
Kepler-1619 b,1.0,GV,23.622470746275,0.158866,0.76,0.6999349341926692,708.5,5906.168888888889,1.0,0.9935714285714284,4.294997142857143,1.0917251026085906,2.501261225465681,0
Kepler-162 b,1.0,GV,6.9198433156700005,0.0690485714285714,1.4,1.548696961867989,961.2,5839.0,1.005,1.0165,4.384833333333334,1.053357700502414,3.8375259617974686,0
Kepler-162 c,1.0,GV,19.446379505245453,0.1374342857142857,3.03,8.217524246050477,681.2,5831.0,1.056,1.0192,4.375024999999999,1.1566177477121615,2.723686678270774,0
Kepler-1620 b,1.0,FV,101.951646589,0.4322,1.4,1.548696961867989,428.0,6199.4,1.0892,1.0524,4.3876,1.5721853719726346,1.5607129085649063,0
Kepler-1621 b,1.0,FV,92.26394179971248,0.42505,2.119333333333333,4.166569312049061,460.0,6269.222222222223,1.3143333333333331,1.19725,4.314017499999999,2.394173128307907,1.6786006872329446,0
Kepler-1622 b,1.0,FV,10.81186131055,0.1005119999999999,1.2579999999999998,1.3476739491686625,965.5,6315.442222222222,1.275628888888889,1.2068571428571429,4.315748571428572,2.322488687111461,3.465723883336697,0
Kepler-1623 b,1.0,GV,4.3612789117,0.052925,1.2715,1.3665051534338604,1067.5,5677.125,0.9326788571428573,0.9866666666666668,4.50784,0.8107144998113627,4.3184687258452925,0
Kepler-1624 b,1.0,MV,3.290306297128572,0.0267666666666666,5.7,93.93628340645608,446.0,3467.875,0.5278211666666667,0.5223365999999999,4.833592857142857,0.0361507402031895,4.418278297186272,0
Kepler-1625 b,1.0,GV,287.37825385714285,0.843605,6.06,71.52537101947091,285.3333333333333,5564.125,0.94,0.9466666666666668,4.20356,0.759859100499208,1.0595073018123065,1
Kepler-1626 b,1.0,FV,4.139604341083333,0.0535,2.02,3.803361464712655,1343.3333333333333,6620.285714285715,1.85,1.388,4.282093333333333,5.898481725328095,5.0943974698656245,0
Kepler-1627 b,1.0,GV,7.202823228333333,0.0643,3.3620000000000005,10.012341343980305,794.0,5452.202857142857,0.7500063333333333,0.87,4.596119999999999,0.445972146665722,3.6789943750896814,0
Kepler-1628 b,1.0,KV,76.37788483333334,0.2954666666666666,6.797499999999999,93.90044329532368,240.66666666666663,3836.75,0.569,0.57875,4.69,0.0629460365973951,1.399800807348459,1
Kepler-1629 b,1.0,GV,3.87594892902,0.0492,0.7197500000000001,0.6521329972553572,1119.0,5745.833333333333,0.9085052,1.01,4.51506,0.8071547049910848,4.531616187568256,0
Kepler-163 b,1.0,GV,7.811022294311111,0.0765333333333333,1.11325,1.1496628951901835,872.6,5613.9800000000005,0.9293175,0.9738571428571428,4.481768888888889,0.7696646234572182,3.56777367303438,0
Kepler-163 c,1.0,GV,21.34735436278,0.14955,2.446875,5.474726008684122,624.4,5595.518181818182,0.9339233333333332,0.952,4.477288,0.7671380902873122,2.523482222143303,0
Kepler-1630 b,1.0,KV,509.997402,1.1218,2.476666666666667,5.602067819785725,182.0,4874.75,0.71548375,0.7026666666666666,4.584345,0.2593574878212462,0.7915747675255347,0
Kepler-1631 b,1.0,GV,4.0951390960000005,0.0511,1.35,1.4771816328888263,1122.0,5779.166666666667,0.9772,1.0345,4.461912,0.9556913253684516,4.500178924488194,0
Kepler-1632 b,1.0,FV,448.303558,0.9484666666666668,2.2058,4.495475669737141,277.6666666666667,6066.611666666667,1.238,1.12,4.337909999999999,1.8625842368850012,1.0868583820679631,0
Kepler-1633 b,1.0,FV,186.404271,0.5563,1.58,3.05297531055635,532.3333333333334,6153.52,1.515432857142857,1.126,4.084582857142857,2.9543212230844773,1.422950030377801,0
Kepler-1634 b,1.0,GV,374.8769966,1.0525,3.19,9.061545965926063,282.0,5548.0233333333335,0.89,1.05725,4.332608,0.6733222700330291,1.0024270529292951,1
Kepler-1635 b,1.0,GV,469.6251033333333,1.1170600000000002,3.443,10.475634641536592,201.3333333333333,5354.0,0.8516666666666666,0.8666666666666667,4.554996,0.5347399324694629,0.8809733688686542,0
Kepler-1636 b,1.0,GV,425.47974633333325,1.1464275000000002,3.4713333333333334,10.640033746137526,248.0,5828.501428571429,1.065,1.0896,4.39989,1.174401762991273,0.9750687404063304,1
Kepler-1637 b,1.0,GV,6.109649192233333,0.0596,0.84,0.7971922571172362,1093.0,5965.25,1.01175,1.02,4.339250000000001,1.162922769031142,4.13763274304097,0
Kepler-1638 b,1.0,GV,259.33830781362497,0.78415,1.87,4.605677452726106,328.75,5737.888888888889,0.95,0.9175714285714286,4.2060975,0.877698986771018,1.0819205044657358,1
Kepler-1639 b,1.0,FV,9.878718666385714,0.0933333333333333,2.5106,5.748801279606147,1003.0,6327.75,1.1022742857142858,1.1133333333333335,4.411307142857143,1.7476982535183423,3.454372771205469,0
Kepler-164 b,1.0,FV,5.03505339701,0.0585714285714285,1.4663333333333333,1.644759938964877,1206.6,6116.363636363636,1.116625,1.0708000000000002,4.388144444444445,1.5655889034878545,4.276478144823469,0
Kepler-164 c,1.0,FV,10.945763410336363,0.0983371428571428,2.663111111111111,6.43042451456111,931.0,6114.583333333333,1.1032,1.09675,4.396995,1.52639111415984,3.340181086713218,0
Kepler-164 d,1.0,FV,28.986827966736367,0.1885214285714286,2.474111111111111,5.591089951410145,673.0,6114.583333333333,1.1032,1.09675,4.396995,1.52639111415984,2.41239513780827,0
Kepler-164 e,1.0,FV,94.8868745088889,0.41604,3.72999998,12.196824533965154,453.0,6145.444444444444,1.098,1.046,4.3917875,1.5427932070995665,1.5858908098039786,0
Kepler-1640 b,1.0,FV,7.584442834733333,0.0834666666666666,5.407500000000001,81.86927384884677,1224.0,6280.0,1.5852499999999998,1.3279999999999998,4.1617500000000005,3.506904575064524,3.98949097164528,0
Kepler-1641 b,1.0,FV,19.67218640056667,0.1473,3.11,8.63465001469353,908.0,6315.428571428572,1.127,1.1035,4.27268,1.8127962423423007,2.737535623228171,0
Kepler-1641 c,1.0,FV,32.656665691650005,0.2065,3.3826,10.1292251494602,767.0,6315.428571428572,1.127,1.1035,4.27268,1.8127962423423007,2.3120707779531413,0
Kepler-1642 b,1.0,GV,12.206015888016667,0.1015999999999999,3.2,9.115593683842278,895.0,5223.142857142857,0.8067884999999999,0.92275,4.30094,0.4346471791772457,3.014186753749401,0
Kepler-1642 c,1.0,GV,6.6513034906,0.0678,2.66,6.416158879730343,1095.0,5223.142857142857,0.8067885,0.9227500000000002,4.30094,0.4346471791772459,3.6897943709767143,0
Kepler-1643 b,1.0,KV,5.342640016385714,0.0531,1.973,5.249405089929004,797.0,5062.625,0.8260915,0.7526666666666667,4.56042,0.4022066017067272,3.7655556030365576,0
Kepler-1644 b,1.0,GV,21.09078184,0.142,1.84,4.427468582926244,606.6666666666666,5674.428,0.8299999999999998,0.86475,4.540000000000001,0.6408175453523463,2.4681758415402637,0
Kepler-1645 b,1.0,GV,16.178026676683334,0.1285,1.78,4.083427090107752,754.0,5840.714285714285,1.1328,1.06425,4.3043700000000005,1.3398623354855488,2.878360920135221,0
Kepler-1646 b,1.0,MV,4.486319153883334,0.0296999999999999,1.3612,1.4931330981945266,366.5,3295.1666666666665,0.26,0.24,4.978408,0.007150659343522,2.8431670683821952,0
Kepler-1647 b,2.0,FV,1107.5923,2.7205,11.8739,483.0,204.27070933479183,6210.0,1.7903,1.2207,4.018,4.276691012927375,0.6699695910431536,0
Kepler-1649 b,1.0,MV,8.6890896925,0.0449333333333333,1.017,1.0221561330589144,278.0,3056.125,0.2317,0.1977,5.08487125,0.00420171287762,2.097944523748236,0
Kepler-1649 c,1.0,MV,19.535260066666662,0.0649,1.06,1.0786924147829346,234.0,3070.6666666666665,0.2314149999999999,0.199216,5.09699,0.004271727691311,1.752325348977935,0
Kepler-165 b,1.0,KV,8.180874108554546,0.0724714285714285,2.332888888888889,5.00033042625859,742.6,5160.416666666667,0.756375,0.7786666666666667,4.58565,0.3640015715514111,3.2784409421412146,0
Kepler-165 c,1.0,KV,15.31297070789091,0.1103428571428571,2.277,4.775180123666476,601.8,5160.416666666667,0.756375,0.7786666666666667,4.58565,0.3640015715514111,2.656921133726553,0
Kepler-1650 b,1.0,MV,1.5383809891111109,0.01732,1.02,1.0260776390609916,624.4,3394.777777777778,0.3106832499999999,0.2881031428571428,4.919208571428571,0.011501935599603,4.079200367699386,0
Kepler-1651 b,2.0,MV,9.88229961,0.0617799999999999,1.6449999999999998,3.368563988875356,354.4,3565.181428571429,0.503,0.522,4.908543333333333,0.0366735002328363,2.907276136295914,0
Kepler-1652 b,1.0,MV,38.097247065000005,0.1638166666666666,1.6,3.1481307227984714,247.5,3587.1666666666665,0.366,0.3814,4.868333333333333,0.0199002366945931,1.5261115738206088,0
Kepler-1653 b,1.0,KV,140.2520450142857,0.4699,1.9463333333333328,5.077968682357982,265.2,4791.333333333333,0.7137999999999999,0.6905,4.581,0.2409175735360515,1.2124228226312546,1
Kepler-1654 b,1.0,GV,1047.8356,2.026,9.180171,158.915,206.0,5597.0,1.179,1.011,4.3001,1.2238795771530746,0.7065303808305262,0
Kepler-1655 b,1.0,GV,11.8728994956,0.10219625,2.141555555555556,5.2,880.5,6082.805454545454,1.0487259999999998,1.0283333333333335,4.39378,1.350919986892745,3.1726667765410568,0
Kepler-1656 b,1.0,GV,31.576993104400003,0.19722875,4.643428571428571,48.2,581.8333333333334,5711.777777777777,1.0389119999999998,1.0318571428571428,4.425062499999999,1.0307007333381228,2.2877030978792705,0
Kepler-166 b,1.0,GV,7.650244744845455,0.0714985714285714,2.424555555555556,5.380232774709081,778.8,5323.583333333333,0.7697478,0.8646666666666666,4.595172,0.4269755332251259,3.478168841615556,0
Kepler-166 c,1.0,GV,34.259690012927265,0.19409,2.5272222222222225,5.82133403435806,472.4,5323.583333333333,0.7697478,0.8646666666666666,4.595172,0.4269755332251259,2.1110463194935893,0
Kepler-166 d,1.0,GV,1.55400283991,0.0246483333333333,1.6286249999999998,3.2873313155231045,1325.4,5315.454545454545,0.7785478000000001,0.8646666666666666,4.592524444444445,0.4341322492401729,5.9238705988517655,0
Kepler-1661 b,2.0,KV,175.06,0.633,3.87,17.0,243.0,5100.0,0.762,0.841,4.66,0.3524361894878055,1.1528455482657936,1
Kepler-1663 b,1.0,KV,17.60458541,0.10758,2.8323264933333334,7.228901347266157,368.2,3801.25,0.6004425,0.590362,4.690465,0.0675364815761209,2.342979084325992,0
Kepler-1664 b,1.0,GV,14.3868107875,0.11668,2.7205344216666667,6.696425289733277,797.4,5810.803750000001,1.1275,1.081,4.357,1.300372521058465,3.044315232614212,0
Kepler-1665 b,1.0,KV,11.954759060444443,0.0946666666666666,2.7937296957142856,7.042880666368713,702.4,5072.057777777778,0.781419375,0.7923749999999999,4.4781225,0.3625725899183678,2.8936221734382173,0
Kepler-1666 b,1.0,FV,25.84750229375,0.17668,2.590456303333333,6.101195125884793,673.6,6298.0,1.0566433333333334,1.1176666666666668,4.43264125,1.5760039794367833,2.5155759732239886,0
Kepler-1666 c,1.0,FV,40.715724445,0.23904,2.974274581666668,7.932754484598954,579.4,6298.0,1.0566433333333334,1.1176666666666668,4.4326412500000005,1.5760039794367833,2.162697823947636,0
Kepler-1667 b,1.0,FV,83.57821184555556,0.3884416666666666,2.98385261,7.981361784671883,546.0,6055.846666666667,1.23881625,1.096,4.21886125,1.8518385404476556,1.6800312367691248,0
Kepler-1668 b,1.0,GV,15.4340017375,0.1236,4.259607341666666,43.91921505497696,703.6,5733.875,0.9794485714285714,1.0433333333333332,4.49112375,0.9303492420507152,2.9058774181144145,0
Kepler-1669 b,1.0,KV,9.512184941250002,0.0734399999999999,2.78043818,6.979352968642968,506.8,4195.75,0.714145,0.5956666666666667,4.64158875,0.1418081079978946,2.84846113859679,0
Kepler-1669 c,1.0,KV,1.6093192667142855,0.02234,1.7235349533333333,3.7745486958394094,919.0,4169.142857142857,0.5736666666666667,0.5854999999999999,4.6687957142857135,0.0892064358060216,5.120317002541071,0
Kepler-1669 d,1.0,KV,4.7294137694285725,0.04598,1.3500000033333333,1.477181637630397,640.2,4169.142857142857,0.5736666666666667,0.5854999999999999,4.668795714285714,0.0892064358060216,3.569060831762804,0
Kepler-167 b,2.0,KV,4.39315628313077,0.0480244444444444,1.5954545454545457,3.126353070870428,881.7142857142857,4879.714999999999,0.745866125,0.777,4.575891666666666,0.2830019626879977,4.023039702949884,0
Kepler-167 c,2.0,KV,7.40610749093077,0.06797,1.5874545454545457,3.088240889445595,741.0,4879.714999999999,0.745866125,0.7770000000000001,4.575891666666666,0.2830019626879977,3.3816360014807785,0
Kepler-167 d,2.0,KV,21.803863108008333,0.13974625,1.2777,1.3751737167592952,516.7142857142857,4886.154615384615,0.745866125,0.7770000000000001,4.571063636363636,0.2844987996677998,2.3583888451347668,0
Kepler-167 e,2.0,KV,990.0953846444444,1.733795714285714,10.16175,321.00669107,146.38333333333333,4882.734,0.744881,0.776875,4.573475,0.2829540442214667,0.6695015617403703,0
Kepler-1670 b,1.0,FV,20.4998047625,0.1515599999999999,3.3564801,9.98113077097612,730.0,6088.125,1.51889,1.077,4.301575,2.8436539060091293,2.666186575185661,0
Kepler-1671 b,1.0,GV,4.167881958444444,0.0474599999999999,1.32557381,1.4425307824085674,981.4,5239.738888888888,0.8479672857142856,0.8485,4.47706125,0.4862802449986241,4.228993721369972,0
Kepler-1672 b,1.0,FV,150.87840328555555,0.55594,3.288318231428572,9.59953721582668,416.2,6087.538888888888,1.17465375,1.09825,4.2732275,1.7001082836312065,1.4057614468633268,0
Kepler-1673 b,1.0,FV,33.78880719666667,0.2119216666666666,2.683217057142857,6.522979768563531,604.0,6108.427777777779,1.06761,1.1065,4.422235,1.4237472221176328,2.2854041554148856,0
Kepler-1674 b,1.0,GV,62.56158215875001,0.30122,3.389295816666667,10.167355376722169,417.8,5598.09125,0.8480546,0.9456666666666664,4.54965125,0.6337199385656187,1.7721567057584924,0
Kepler-1675 b,1.0,GV,63.03812460555556,0.3188249999999999,2.770404784285714,6.931578312311884,481.8,5941.396666666666,1.1042785714285714,1.0745,4.4024725,1.3633310703257335,1.8361240101647285,0
Kepler-1676 b,1.0,FV,29.922075305714287,0.19354,3.3769596,10.097157799920025,645.8,6052.085714285714,1.0148866666666667,1.07,4.3916,1.2397817085244902,2.3516977544007505,0
Kepler-1677 b,1.0,FV,22.06404290333333,0.1619166666666666,2.369308832857143,5.1496911073730285,714.2,6119.573333333334,1.1527649999999998,1.1245999999999998,4.3715725,1.6720759024939669,2.6358958497153857,0
Kepler-1678 b,1.0,GV,147.97327799250002,0.54166,3.4040370816666665,10.251540612986505,337.4,5862.25,0.8549880000000001,0.9955,4.547960000000001,0.7745816956604451,1.3559142764783134,0
Kepler-1679 b,1.0,GV,9.753731407499998,0.08896,2.1132006000000003,4.143691152949522,809.8,5687.125,0.8879411428571429,0.9855,4.534545,0.7399958850575509,3.328939567372586,0
Kepler-168 b,1.0,FV,4.4253603671888895,0.0547666666666666,1.6555,3.421268916006173,1239.4,6160.4,1.1374,1.1057142857142856,4.325628888888889,1.6716753808668103,4.494054035321468,0
Kepler-168 c,1.0,FV,13.19320827325,0.1133,2.981625,7.970044390013784,862.0,6148.636363636364,1.24883,1.1075,4.3133490000000005,1.999915898209085,3.1270289106939275,0
Kepler-1680 b,1.0,KV,8.774229230000001,0.0785033333333333,1.35954736,1.490776860643435,831.4,5080.0,0.812097125,0.8328571428571429,4.443993750000001,0.3940584503190697,3.2577382907913446,0
Kepler-1681 b,1.0,GV,69.89551895,0.3073,2.2022029533333334,4.481557236138467,400.2,5596.275,0.77925,0.7239999999999999,4.4934,0.5343670388371922,1.5351930193210293,0
Kepler-1682 b,1.0,GV,14.833236265,0.1149999999999999,3.1232347266666665,8.704599365023563,721.2,5689.92,0.9187168333333332,0.9396,4.50591375,0.7937392177581153,2.858890805055676,0
Kepler-1683 b,1.0,GV,15.03362408,0.11534,1.889129603333333,4.721485701846393,706.0,5478.25,0.90774525,0.9295,4.4512462500000005,0.6658635006398181,2.8392897034771867,0
Kepler-1684 b,1.0,KV,47.7057113,0.2254,3.263474653333333,9.462207411742126,341.4,4560.7025,0.6671807142857143,0.687,4.627199999999999,0.1727841068537668,1.7461292871577023,0
Kepler-1685 b,1.0,GV,20.49040066,0.1482,2.721123308333333,6.699179622609047,615.8,5580.75,0.8962418333333334,1.020333333333333,4.551937499999999,0.6990537091160378,2.6243509955987507,0
Kepler-1686 b,1.0,GV,9.309856215,0.0872783333333333,1.42553017,1.5855112836459049,910.0,5829.615,1.1189183333333337,1.004,4.352760000000001,1.297317048823604,3.3922559914697,0
Kepler-1687 b,1.0,KV,5.779616539999999,0.05256,1.65623882,3.424995629722273,587.8,4099.142857142857,0.726119,0.588,4.654277142857143,0.1335603866202534,3.34530691875354,0
Kepler-1688 b,1.0,KIV,5.62006628875,0.0590199999999999,1.26174569,1.3528927793445595,1012.8,4781.54125,1.826,0.91525,4.1792,1.5637345196568275,3.938630595250484,0
Kepler-1689 b,1.0,GV,8.48295831,0.0795833333333333,0.8531123457142857,0.8134073546768525,904.0,5802.4825,0.991488,0.9422,4.433782857142857,0.9998161136750804,3.44140251031266,0
Kepler-169 b,1.0,KV,3.2505913109,0.0406271428571428,1.13,1.1722007003678263,1147.4,5054.272727272727,0.8127585999999999,0.8335714285714284,4.445275555555555,0.3867654645216087,4.530417785273853,0
Kepler-169 c,1.0,KV,6.195470065027272,0.0624471428571428,1.21,1.281211952035359,926.4,5043.916666666667,0.8092617272727274,0.8278888888888889,4.457622,0.3803115054365075,3.64170468211841,0
Kepler-169 d,1.0,KV,8.3481768213,0.0760671428571428,1.25,1.336543249988985,838.6,5043.916666666667,0.8092617272727272,0.8278888888888888,4.457621999999999,0.3803115054365072,3.2996088434117685,0
Kepler-169 e,1.0,KV,13.767093225818185,0.1062242857142857,2.2,4.4730432104685045,710.4,5043.916666666667,0.8092617272727272,0.8278888888888889,4.457621999999999,0.3803115054365072,2.7922165778378254,0
Kepler-169 f,1.0,KV,87.09069110525454,0.3635542857142857,2.58,6.054488258891375,383.4,5043.916666666667,0.8092617272727274,0.8278888888888889,4.457622,0.3803115054365075,1.5093027962078729,0
Kepler-1690 b,1.0,GV,234.6354482775,0.71472,2.7001820383333333,6.601563173446347,276.0,5569.5,0.8521482857142857,0.8987999999999999,4.51781125,0.6268808921761686,1.121601414395388,1
Kepler-1691 b,1.0,FV,3.8482165257142857,0.0507399999999999,1.7357849750000005,3.8403433659727377,1310.4,6191.142857142857,1.139008,1.12,4.389877142857143,1.7101204473493472,4.699035909582999,0
Kepler-1692 b,1.0,GV,5.959606155714285,0.06368,1.0169619733333333,1.0221064480399256,886.4,5342.714285714285,0.8887130000000001,0.9646666666666668,4.530688571428572,0.577378643098732,3.8928000095050814,0
Kepler-1693 b,1.0,GV,12.099951132857145,0.10132,1.189897355,1.2536097143985838,743.4,5596.239999999999,0.8607650000000001,0.9477142857142856,4.514288571428572,0.651995164144666,3.0589058285609307,0
Kepler-1693 c,1.0,GV,5.363736238142858,0.05896,0.9778304816666668,0.9712759667353568,975.4,5613.477142857142,1.098,0.9464285714285714,4.485930000000001,1.0740447204424588,4.00719214947403,0
Kepler-1694 b,1.0,KV,3.895239912857143,0.04354,1.17986031,1.2398803278339212,869.0,4982.857142857143,0.678928,0.7986666666666666,4.623288571428572,0.2549476627748563,4.283645778354163,0
Kepler-1695 b,1.0,GV,4.732916824285715,0.05294,1.0432481683333334,1.0565837331719008,956.2,5556.339999999999,0.987155,0.8946666666666666,4.5377342857142855,0.8333276670506189,4.111626380730496,0
Kepler-1696 b,1.0,GV,65.94110095714287,0.324475,2.437964034,5.436906437404454,454.0,5866.285714285715,1.19811,1.0416,4.405862857142857,1.5252326060565575,1.791986976477188,0
Kepler-1697 b,1.0,KV,33.49737818,0.2008,1.25954761,1.349829653443059,630.0,4822.37,0.772344,0.747,4.210187142857143,0.2894366478135839,1.9290941794147307,0
Kepler-1698 b,1.0,KV,1.21069440625,0.02013,1.07315686,1.0961302619281772,1354.75,5005.76125,0.744349,0.793,4.576352857142857,0.3121214362995452,6.277542912742476,0
Kepler-1699 b,1.0,GV,3.490793549428572,0.041725,1.423342248,1.5823485102280932,1012.25,5537.37,0.72425,0.7957500000000001,4.6165,0.4424671486404469,4.367824046787524,0
Kepler-17 b,1.0,GV,1.4857109571076923,0.0259655555555555,14.67106909090909,769.1374333333333,1592.571428571429,5720.928571428572,1.0131359999999998,1.037909090909091,4.443967272727273,0.9864871822388024,6.323475385195419,0
Kepler-170 b,1.0,GV,7.93061729315,0.0799328571428571,3.043,82.6,886.8,5599.333333333333,1.0212,1.07425,4.4390920000000005,0.9197223727186512,3.666612348744316,0
Kepler-170 c,1.0,GV,16.665909738316667,0.1310542857142857,2.8226666666666667,7.182129470683639,692.2,5599.333333333333,1.0212,1.07425,4.4390920000000005,0.9197223727186512,2.863532069680277,0
Kepler-1700 b,1.0,FV,234.24247781875,0.784728,3.102549901666667,8.595391713589102,333.5,6093.25,1.13035,1.12,4.385781428571428,1.580198757234859,1.1948803545771352,0
Kepler-1701 b,1.0,GV,169.13399138124998,0.5682599999999999,2.068310345,3.978046340085876,276.75,5250.25,0.7942028333333333,0.867,4.5564857142857145,0.4300041515271924,1.2354096495899558,1
Kepler-1702 b,1.0,KV,18.501073116666667,0.12795,1.580381586,3.0547746950701686,556.5,5192.833333333333,0.7362473333333334,0.8342499999999999,4.621473333333333,0.3536346854496819,2.5538944629773725,0
Kepler-1704 b,1.0,GV,924.0675984666668,1.916794,11.081954686,1322.16617312,239.45,5757.003333333334,1.6085,1.12725,4.069164,2.549869205802764,0.7670035699416293,1
Kepler-1705 b,1.0,FV,9.02335855,0.08,2.03,4.47,789.0,6056.0,1.259,1.139,4.449154999999999,1.9128670052699828,3.773912725128817,0
Kepler-1705 c,1.0,FV,11.28,0.1027985900468962,2.05,5.42,895.6992949060685,6312.0,1.259,1.139,4.298,2.257403899849571,3.329225918302676,0
Kepler-1708 b,1.0,FV,737.1131,1.64,9.96,1462.0106722,206.0391607571997,6157.0,1.117,1.088,4.37,1.6086916610036175,0.8146433330353275,0
Kepler-1709 b,1.0,GV,65.7045801388889,0.3247566666666666,2.822178392857143,7.179769118229112,460.6,5905.202222222222,1.0485,1.042,4.4240225,1.1994048968804865,1.7915535996389482,0
Kepler-171 b,1.0,GV,4.166961805645454,0.04955,2.5893333333333337,6.096170824660204,1027.4,5601.916666666667,0.9477581428571428,0.9396666666666668,4.493434,0.7936544852844021,4.355520529930336,0
Kepler-171 c,1.0,GV,11.46347457939091,0.0970457142857142,2.8470000000000004,7.300224022974767,734.4,5601.916666666667,0.9477581428571428,0.9396666666666668,4.493434,0.7936544852844021,3.112244542823329,0
Kepler-171 d,1.0,GV,39.60131903110909,0.2217471428571428,2.019888888888889,3.802963983529396,485.2,5601.916666666667,0.9477581428571428,0.9396666666666668,4.493434,0.7936544852844021,2.058888738518106,0
Kepler-1710 b,1.0,GV,14.910942422,0.1160856038,3.19744103,3.49494179,685.0,5611.0,0.8984392,0.9402857142857144,4.5146175,0.7178410825918392,2.846529707484844,0
Kepler-1711 b,1.0,GV,21.0607179025,0.14708,1.8938333333333333,4.75022176652921,680.4,5741.4400000000005,1.0596,0.9454,4.369666666666666,1.094604103359459,2.535747303698641,0
Kepler-1712 b,1.0,KV,13.815595866666667,0.09032,2.0019607942857145,3.739087079022804,391.8,3788.375,0.4998333333333333,0.5153333333333333,4.730942499999999,0.0461691765371827,2.389060440005024,0
Kepler-1713 b,1.0,FV,18.011618858888887,0.1459916666666666,1.7135336214285717,3.721328573970867,881.0,6408.733333333334,1.44955,1.28725,4.238407499999999,3.180131323713879,2.96990392923192,0
Kepler-1714 b,1.0,FIV,10.275325091111114,0.105115,3.142910431428571,8.809085158235302,1206.2,6145.271111111111,2.093,1.4652857142857143,3.9323875,5.605217849917315,3.7342534801526126,0
Kepler-1715 b,1.0,FV,35.597157125555555,0.2211649999999999,4.14042267,40.78369864363373,625.6,6186.740000000001,1.257,1.103142857142857,4.310325,2.0768630770794894,2.23374021339934,0
Kepler-1716 b,1.0,KV,35.583583285555555,0.18741,2.253109785714285,4.6804377364732765,401.8,4804.768888888889,0.6853333333333333,0.7275,4.62244,0.2245864613469429,1.970584681649755,0
Kepler-1717 b,1.0,FV,30.6528837225,0.20854,2.5482162633333334,5.913559052290516,768.8,6613.8475,1.4676599999999995,1.3121428571428573,4.21701,3.697919676257292,2.508827836388065,0
Kepler-1718 b,1.0,GV,135.18812659888894,0.4809633333333334,2.469074385714286,5.569483617227853,355.6,5747.608888888888,0.928119,0.8158571428571427,4.4273775,0.8434241028781603,1.302644948431655,0
Kepler-1719 b,1.0,GV,6.149535367222222,0.0677133333333333,3.450286604285714,10.517798027947444,1272.4,5714.251111111112,1.7951899999999998,1.082,3.973,3.0828186407692955,3.998080347408424,0
Kepler-172 b,1.0,GV,2.940304158327273,0.0393771428571428,2.337333333333333,5.018445823933591,1250.2,5537.833333333333,1.037125,0.940375,4.373872,0.9076357226468104,4.8876873850004765,0
Kepler-172 c,1.0,GV,6.389001111872728,0.0661957142857142,2.556555555555556,5.9503833506468045,965.2,5537.833333333333,1.037125,0.940375,4.373872,0.9076357226468104,3.7697329445256695,0
Kepler-172 d,1.0,GV,14.627027150554548,0.1149228571428571,2.3502222222222224,5.071155921549305,732.8,5537.833333333333,1.037125,0.940375,4.373872,0.9076357226468104,2.8610293567529688,0
Kepler-172 e,1.0,GV,35.118545309999995,0.2059857142857143,2.723111111111112,6.708480909335223,547.4,5547.727272727273,1.037125,0.939,4.377497777777777,0.9141394845552638,2.135449124819913,0
Kepler-1720 b,1.0,GV,12.70641888,0.10404,3.112642158333333,8.648593225306511,697.8,5514.625,0.8455999999999999,0.9327142857142856,4.5716,0.5933128301144504,2.9946710658431246,0
Kepler-1721 b,1.0,GV,4.592389667,0.05178,3.11856756,8.679901528117398,920.8,5305.25,0.7929897142857144,0.8838571428571428,4.58858,0.4469391251118516,4.132234877050735,0
Kepler-1722 b,1.0,GV,9.1785659155,0.08188,2.86719266,7.398915454245886,756.4,5478.75,0.7935,0.8706666666666667,4.5490075,0.5089904651081668,3.261459770326554,0
Kepler-1723 b,1.0,GV,39.75265676625,0.2261199999999999,2.7750776149999994,6.953808956424881,569.6,5972.4525,1.018333333333333,0.9742857142857142,4.4008875,1.183806137700709,2.076101885685988,0
Kepler-1724 b,1.0,FV,6.45443943375,0.06844,2.56112873,5.97062335068149,1001.2,6001.375,0.9475,1.0171428571428571,4.4656,1.044843743340906,3.8557685829745862,0
Kepler-1725 b,1.0,FV,16.719865027777775,0.133005,2.527645385714286,5.823186173475189,759.2,6100.333333333333,1.0944319999999998,1.128142857142857,4.42726,1.4882698402938015,2.912883055561015,0
Kepler-1726 b,1.0,GV,18.39628976777778,0.1291733333333333,2.4543742200000005,5.5066501181710334,620.2,5380.888888888889,0.804,0.8628,4.5390775,0.4862034594977612,2.584899239811632,0
Kepler-1727 b,1.0,GV,9.0293048545,0.07948,2.750536041666667,6.837430835007444,756.8,5334.0675,0.82,0.8223333333333332,4.5184975,0.4883729299657705,3.2171403087416506,0
Kepler-1728 b,1.0,KV,4.7830028485,0.0528,2.722503125,6.7056353840521945,881.6,5120.625,0.8102831428571429,0.8735714285714286,4.56278,0.4050003016143803,4.06824625563942,0
Kepler-1729 b,1.0,KV,4.220966188,0.0422999999999999,3.89404186,13.236134449216484,617.2,4059.25,0.5256666666666666,0.5611666666666667,4.67756,0.067312221626722,3.642929220509814,0
Kepler-173 b,1.0,GV,4.2637468885,0.0489999999999999,1.3867777777777777,1.5297094016156385,1189.6,5940.190909090909,1.0552,1.0133333333333334,4.379522222222223,1.2438299967390904,4.548341953860473,0
Kepler-173 c,1.0,GV,8.005788377381817,0.0748657142857142,2.573888888888889,6.027269499778134,963.4,5914.2625,1.0552,1.01,4.373655,1.222254938852184,3.673619609531132,0
Kepler-1730 b,1.0,GV,13.8101679975,0.11288,4.649207531666666,55.189824661061394,830.4,5851.75,1.142,1.0035714285714286,4.32212,1.3720347562450712,2.982226519694053,0
Kepler-1731 b,1.0,KV,21.76129351625,0.1377833333333333,2.63127951,6.285173479544771,494.6,4905.07125,0.7145714285714285,0.7501666666666665,4.605558571428571,0.2651932255306006,2.333756398307829,0
Kepler-1732 b,1.0,GV,32.312278775,0.2012,4.09903273,39.7281569277377,604.2,5911.5575,1.494,1.0445714285714287,4.31287,2.445674851081812,2.2789251808792828,0
Kepler-1733 b,1.0,FV,9.229605410857143,0.09002,3.63582354,11.618372985844733,976.0,6344.958571428571,1.1181666666666668,1.2243333333333333,4.384248571428571,1.818101378235871,3.6885469559971495,0
Kepler-1734 b,1.0,FV,6.796853019249999,0.07132,3.08851092,8.52164362957105,983.2,6022.0425,0.9666666666666668,1.05,4.4584175,1.102601556058082,3.83763765037108,0
Kepler-1735 b,1.0,KV,7.7181852775,0.0624,1.19429134,1.259631080860719,505.4,3961.0,0.5173333333333333,0.54178,4.735282857142857,0.0591085279851313,2.947095257543129,0
Kepler-1736 b,1.0,FV,37.81021805625,0.22004,3.8765856,13.12362519304784,566.6,6016.515,0.9791666666666666,0.976,4.35504,1.1271536098811412,2.106439910335073,0
Kepler-1737 b,1.0,KV,64.6173060675,0.2939999999999999,5.204166666666667,74.07584653730986,375.4,5024.833333333333,0.8809999999999999,0.834,4.489999999999999,0.4439441242863332,1.6845516991777572,0
Kepler-1738 b,1.0,FV,7.674671643571429,0.07788,2.5191214716666663,5.78593177408506,952.4,6008.285714285715,1.001,1.0741666666666665,4.468741428571428,1.1715486058510387,3.7144784938729143,0
Kepler-1739 b,1.0,GV,7.34372353325,0.07042,2.43056832,5.405612158238998,847.8,5741.5,0.7644,0.8715,4.5822225,0.569682243880787,3.518525228394643,0
Kepler-174 b,1.0,KV,13.98177725219091,0.0964666666666666,2.054333333333333,3.9271250875329833,516.4,4715.083333333333,0.6699999999999999,0.6493333333333333,4.616263,0.1990659342402095,2.594897435637842,0
Kepler-174 c,1.0,KV,44.00042637285,0.20695,1.5616666666666663,2.967259649452973,352.4,4715.769230769231,0.682,0.6493333333333333,4.60944,0.2063805555204597,1.7716426120953326,0
Kepler-174 d,1.0,KV,247.353784877,0.6545500000000001,2.2774444444444444,4.776951194596394,197.8,4715.769230769231,0.6820000000000002,0.6493333333333333,4.60944,0.2063805555204597,0.9961790847936683,0
Kepler-1740 b,1.0,GV,8.172429888124999,0.08066,3.4772023566666665,10.674239282092223,883.4,5819.645,0.918026,1.00575,4.515305,0.8673328311769541,3.5317576599429525,0
Kepler-1741 b,1.0,KV,2.757585292714286,0.03018,1.167166666666667,1.2225671964516678,651.0,3763.73,0.451,0.4811666666666667,4.791992857142858,0.0366198681829787,3.993586844264236,0
Kepler-1742 b,1.0,GV,49.478095095,0.25892,1.9847068833333328,5.325730148455297,462.4,5723.625,0.855212,0.9431666666666666,4.55333,0.7042423044247332,1.908914191176312,0
Kepler-1743 b,1.0,GV,7.6496950742222225,0.0820666666666666,1.6396957242857142,3.342122503301403,1222.8,5742.971111111111,1.613,1.246,3.947795,2.539247954982572,3.8971812839709497,0
Kepler-1744 b,1.0,GV,37.10105393222222,0.2114416666666666,3.516648577142857,10.905486507078468,528.4,5850.342222222223,0.8616666666666667,0.8866666666666667,4.518267499999999,0.7803573420617455,2.048141173527822,0
Kepler-1745 b,1.0,GV,3.0161788068571425,0.04138,1.781454868333333,4.091575518483703,1331.8,5848.102857142857,1.4,1.0066666666666666,4.35925,2.0568656767104425,4.933130279464811,0
Kepler-1746 b,1.0,FV,321.21260097500004,0.91237,8.93504475,179.5143846553019,282.8,6077.99875,1.2466666666666666,1.0975,4.349781428571428,1.9029745082787988,1.0969624211532432,0
Kepler-1747 b,1.0,GV,6.23031734575,0.0654,3.915846666666667,13.37730988791966,864.2,5387.0,0.8649999999999999,0.983,4.523835,0.5653403287068601,3.877598768040963,0
Kepler-1748 b,1.0,GV,5.8234935105000005,0.062,2.8571250283333334,7.349631532622756,948.6,5645.5,0.8640000000000001,0.92,4.553155,0.680341529264362,3.8527697279061672,0
Kepler-1749 b,1.0,KV,14.533622324444444,0.0972,1.41185969,1.5657737234143383,427.6,4078.33,0.5631999999999999,0.5776,4.6936675,0.0787307880068752,2.4381220590684998,0
Kepler-175 b,1.0,GV,11.903525492854545,0.1041128571428571,2.804444444444444,7.09429098970636,822.0,5916.333333333333,1.071125,1.052625,4.391368999999999,1.2611905280474136,3.180238140267952,0
Kepler-175 c,1.0,GV,34.0351373855,0.2098642857142857,3.212777777777778,9.184876172829531,579.6,5916.333333333333,1.071125,1.052625,4.391368999999999,1.2611905280474136,2.239971823561837,0
Kepler-1750 b,1.0,GV,205.91272466125,0.65944,6.00434637,69.97836596890218,295.8,5648.75,0.9165,0.9724,4.42302,0.7672982468680557,1.2145343875406156,0
Kepler-1751 b,1.0,FV,7.017394483285715,0.0715599999999999,1.6506956300000002,3.3970933703980277,985.0,6008.285714285715,0.9725,0.974,4.448358571428572,1.105786736901866,3.689939932616554,0
Kepler-1752 b,1.0,GV,56.35955552625,0.2704399999999999,4.943434104999999,64.776135706534,419.2,5388.5,0.8224999999999999,0.8283333333333333,4.546632499999999,0.5117209670958882,1.7504192852603808,0
Kepler-1753 b,1.0,KV,16.0045724125,0.11732,2.217796795,4.542043904528118,582.0,5129.25,0.7665000000000001,0.8484285714285714,4.6135175,0.3648628421836573,2.6896551393788144,0
Kepler-1754 b,1.0,KV,8.19593174925,0.0720399999999999,2.229994181666666,4.589623777679963,669.4,4660.0,0.7525,0.734,4.5394275,0.2395777739131895,3.192538636584097,0
Kepler-1755 b,1.0,FV,24.8111917925,0.1674399999999999,5.91688317,103.55300702758656,633.8,6124.25,0.9308333333333332,1.0141666666666664,4.474645000000001,1.0935668773231242,2.4615011465842707,0
Kepler-1756 b,1.0,KV,2.355752498,0.03136,1.33533324,1.456352675000414,1076.2,4941.166666666667,0.77825,0.74875,4.537,0.3239262330561685,4.8871466888342345,0
Kepler-1757 b,1.0,GV,19.6564533725,0.1335599999999999,2.744433751666667,6.808637748762424,549.0,5251.125,0.7404999999999999,0.8246666666666668,4.5956425,0.374067004470075,2.485283858008039,0
Kepler-1758 b,1.0,GV,9.977249042142857,0.08978,2.57059831,6.012637395380193,841.4,5763.571428571428,1.616,0.9801666666666669,4.33341,2.5854686849966075,3.304723646233833,0
Kepler-1759 b,1.0,KV,3.720210796142857,0.0427199999999999,0.9872965166666666,0.9835170342572084,944.8,4990.285714285715,0.797,0.76,4.538564285714285,0.3534338476298083,4.2185787250565765,0
Kepler-176 b,1.0,KV,5.433115323341667,0.05669,1.4277777777777776,290.537,884.0,5141.333333333333,0.8295151428571429,0.8397499999999999,4.506535,0.4313616525833208,3.8494329705387536,0
Kepler-176 c,1.0,KV,12.75945549769231,0.1002371428571428,2.521272727272727,12.165,664.8,5149.016666666666,0.8264862857142858,0.8335714285714285,4.503544444444445,0.4307827886452405,2.884244376936595,0
Kepler-176 d,1.0,KV,25.75223273692308,0.1600471428571428,2.592363636363636,8.459999999999999,525.8,5149.016666666666,0.8264862857142857,0.8335714285714285,4.503544444444445,0.4307827886452404,2.2825612037636285,0
Kepler-176 e,1.0,KV,51.1657774345,0.253185,1.4781666666666666,0.52075,418.6666666666667,5127.75,0.8188808,0.846,4.50965,0.4159475782885103,1.828273563049055,0
Kepler-1760 b,1.0,GV,38.326080565,0.21642,2.28995546,4.826934072090943,468.6,5355.5,0.8754000000000002,0.9212,4.531333333333333,0.5655917019527243,2.063494198862226,0
Kepler-1761 b,1.0,KV,4.043104773874999,0.03972,1.39109603,1.53590461223784,597.2,3830.571428571429,0.5023333333333334,0.5599999999999999,4.741125714285714,0.048744778950381,3.755470696426336,0
Kepler-1762 b,1.0,FV,29.539033922500003,0.20368,2.6983715216666666,6.593155442525491,722.6,6489.75,1.2728371428571428,1.291,4.3398875,2.578382818216344,2.5180474632160066,0
Kepler-1763 b,1.0,GV,1.4802856762857144,0.0257599999999999,1.0260855533333333,1.0340431094725877,1818.8,5908.567142857143,1.2609671428571432,1.026,4.256262857142857,1.7387057515380786,6.312127097811327,0
Kepler-1764 b,1.0,FV,70.46781970500001,0.35164,4.55527871,52.326782316791615,511.8,6364.505,1.1346666666666667,1.1596,4.3396425,1.8953305871717097,1.81626808471857,0
Kepler-1765 b,1.0,GV,10.41888410375,0.0911599999999999,2.820848095,7.173340222588993,853.4,5678.625,1.0583333333333331,0.946,4.40479,1.0449789932149631,3.2219470132848804,0
Kepler-1766 b,1.0,GV,105.0142413322222,0.42335,2.023863582857143,3.817195015733685,408.0,5835.635555555556,1.0714285714285714,0.9235,4.3380925,1.194452664437251,1.4772148057166392,0
Kepler-1767 b,1.0,GV,59.659368785,0.2772599999999999,2.9838317950000004,7.981255998650615,384.0,5287.195,0.7259928571428571,0.882,4.6202175,0.3695352381933652,1.7838801259812682,0
Kepler-1768 b,1.0,FV,15.13589683375,0.12536,2.493910563333333,5.676408765494173,887.4,6059.25,1.454734285714286,1.218,4.23797,2.559367702811289,3.11759098099549,0
Kepler-1769 b,1.0,FV,89.19343442777777,0.3998299999999999,4.465,49.66312218843933,471.4,6193.333333333333,1.1564714285714284,1.0905,4.337225,1.7654583857311834,1.651772116260097,0
Kepler-177 b,1.0,GV,36.856618625833335,0.219835,3.397727272727273,5.84,590.0,5927.181818181818,1.324,1.0302,4.350302000000001,1.94114875819438,2.165146752193123,0
Kepler-177 c,1.0,GV,49.411268245,0.267225,7.702636363636364,14.7,534.8,5927.181818181818,1.324,1.0302,4.350302000000001,1.94114875819438,1.963799810940896,0
Kepler-1770 b,1.0,GV,16.84189546875,0.12528,2.8952362566666667,7.537019113466654,695.4,5572.0,0.9991666666666664,0.9492857142857142,4.4428475,0.8633962440952795,2.7531671830921027,0
Kepler-1771 b,1.0,GV,88.6443008875,0.38466,4.05537256,38.63316412098232,390.2,5788.28,0.89,0.95975,4.515833333333334,0.7977521597780717,1.579848822220426,0
Kepler-1772 b,1.0,GV,3.215108147111112,0.0437849999999999,2.467157125714286,5.56126944917876,1653.0,5667.0,0.934,1.0438571428571428,4.0065100000000005,0.8072284373577016,4.883518537658089,0
Kepler-1773 b,1.0,FV,40.80958055888888,0.2431683333333333,3.50469499,10.835162592155443,607.4,6143.444444444444,1.2673333333333334,1.151,4.28816,2.0526708110030563,2.17600123101155,0
Kepler-1774 b,1.0,FV,59.77100076111112,0.3067266666666666,2.9495422128571427,7.807891514225611,520.8,6113.855555555555,1.127,1.095625,4.371382499999999,1.592202780371437,1.890297601198065,0
Kepler-1775 b,1.0,GV,85.65381194111112,0.3918916666666667,3.64762153,11.690109088097085,447.0,5978.82,1.647,1.0937142857142856,4.322005,3.109846569853898,1.6708748115230645,0
Kepler-1776 b,1.0,FV,35.011950398888885,0.21405,2.4623671757142858,5.540772836731883,610.4,6110.593333333333,1.1183040000000002,1.0661428571428573,4.3984000000000005,1.5643831669387285,2.2321587013299857,0
Kepler-1777 b,1.0,GV,12.18416611888889,0.1084683333333333,2.13189678,4.213623523575049,1076.4,5960.346666666667,1.04525,1.0623749999999998,4.187094999999999,1.2371326885496747,3.1301303359176567,0
Kepler-1778 b,1.0,FV,10.08745627375,0.09662,3.087776615,8.517794541522484,946.2,6212.75,1.08764,1.1386666666666665,4.4137,1.5812323995703572,3.4335214988372025,0
Kepler-1779 b,1.0,GV,16.34356759625,0.12296,2.687159475,6.541201662623185,663.0,5679.875,1.056,0.9836666666666668,4.50103,1.0412926397352933,2.8288963422413933,0
Kepler-178 b,1.0,GV,9.57667027508182,0.0843971428571428,2.718888888888889,6.68873167005093,873.8,5526.833333333333,1.0084285714285717,0.8718,4.402709,0.8513058282164716,3.2145452540015915,0
Kepler-178 c,1.0,GV,20.552761303836363,0.1404371428571428,2.852666666666666,7.327856433784525,677.6,5526.833333333333,1.0084285714285717,0.8718,4.402709,0.8513058282164716,2.491967784972099,0
Kepler-178 d,1.0,GV,96.677653658,0.3941428571428571,3.95,13.599861378527894,404.6,5536.727272727273,1.027,0.8718,4.390895555555556,0.8892897029575171,1.4874986699952288,0
Kepler-1780 b,1.0,GV,109.44492547625,0.4259199999999999,3.1960011116666664,9.09396233721243,330.8,5452.18,0.8453333333333334,0.879,4.5452900000000005,0.5665347846990235,1.4368300576943147,0
Kepler-1781 b,1.0,GV,4.8875330662500005,0.0566,2.4718183816666666,5.581249782784808,977.0,5446.125,0.9486,1.047,4.530825,0.710242262188096,4.3016998985614725,0
Kepler-1782 b,1.0,KV,5.756240885888889,0.0577916666666666,2.34918205,5.066892381145843,809.4,4943.333333333333,0.7373348000000001,0.7907500000000001,4.560665,0.2912721079178129,3.699661367278796,0
Kepler-1783 b,1.0,KIV,8.277435829,0.0769916666666666,1.31946731,1.433897889322612,1087.6,5128.448888888889,1.784166666666667,0.8870000000000001,4.0667025,1.975626390744604,3.3948057833600305,0
Kepler-1784 b,1.0,GV,13.59053376375,0.10656,2.833227481666667,7.233271170962183,717.2,5441.0,0.9719651428571427,0.8870000000000001,4.4242725,0.7428585635440289,2.885623645126858,0
Kepler-1785 b,1.0,GV,19.58559567,0.1392783333333333,2.70422447,6.620353853416658,669.0,5808.777777777777,0.9825,0.9176666666666669,4.4602775,0.9860388290296532,2.5672944487076754,0
Kepler-1786 b,1.0,GV,78.54607815888889,0.36382,2.9015797542857142,7.568426076463909,445.8,5885.548888888889,1.397,1.04475,4.35659,2.1010217507621123,1.694875840559693,0
Kepler-1787 b,1.0,GV,39.3136724875,0.2278,2.228163635,4.582468157121853,541.0,5998.125,0.925,1.0171428571428571,4.5217025,0.9936544092832336,2.113436000256514,0
Kepler-1788 b,1.0,KV,2.800118350125,0.03424,2.0680841016666665,3.977219613036488,951.4,4756.375,0.704,0.686,4.57808,0.2275828434465952,4.476825471866386,0
Kepler-1789 b,1.0,GV,80.231961845,0.3553,2.83137505,7.224288173053818,392.8,5571.625,0.8891666666666668,0.9314,4.52205,0.683571126759625,1.619367791241345,0
Kepler-179 b,1.0,GV,2.735903699790909,0.0361971428571428,1.6491111111111112,3.3891422649764005,1069.4,5284.690833333333,0.7798571428571429,0.87075,4.5626880000000005,0.4255967463542537,4.905514679425024,0
Kepler-179 c,1.0,GV,6.400143649109091,0.0639857142857142,2.0,5.426417309790687,804.6,5284.690833333333,0.7798571428571428,0.8707499999999999,4.562688,0.4255967463542535,3.68960789002144,0
Kepler-1790 b,1.0,FV,31.58884087555556,0.2029316666666666,3.1446145,8.818162222688203,617.6,6038.111111111111,1.374772,1.110142857142857,4.33443,2.2540088062443253,2.339319318652393,0
Kepler-1791 b,1.0,FV,7.720852070499999,0.0765,3.12103321,8.692945178658551,1069.8,6113.75,1.1739057142857143,0.9772,4.290500000000001,1.727376419051109,3.574670329147533,0
Kepler-1792 b,1.0,KV,4.195778638375,0.04924,2.51990972,5.789372119178145,1045.4,5143.0,1.005,0.8779999999999999,4.429535,0.633998267002633,4.223409765756565,0
Kepler-1793 b,1.0,GV,8.779958971625,0.0783,3.79037518,12.574657913661571,710.6,5213.6900000000005,0.7646,0.8469999999999999,4.5706375,0.3875602765528855,3.289544820660506,0
Kepler-1794 b,1.0,KV,9.762933077625,0.08188,1.88571046,4.700662001887787,694.6,5017.375,0.8016666666666666,0.773,4.55883,0.3654127932187466,3.073093782458481,0
Kepler-1795 b,1.0,KV,13.3601986975,0.09908,1.833836018333333,4.391365809529656,515.2,4482.333333333333,0.6988,0.7632000000000001,4.642166666666666,0.1768529234261975,2.7758830554327374,0
Kepler-1796 b,1.0,FV,29.4556919575,0.18812,2.75047868,6.837159911373162,597.6,6052.5,0.9491666666666668,1.0216666666666667,4.4887975,1.084710885477166,2.3308381136024634,0
Kepler-1797 b,1.0,FV,23.35942804375,0.16416,2.8979574033333333,7.5504840650411795,685.2,6110.8925,1.0141666666666664,1.069,4.4352350000000005,1.2868475198026306,2.5522908578924395,0
Kepler-1798 b,1.0,KV,16.856260647777773,0.10686,1.97415893,5.256931947272015,405.6,4037.985,0.5738,0.5753333333333334,4.677415,0.0785361745260323,2.3207436316854206,0
Kepler-1799 b,1.0,GV,11.92972058125,0.10244,4.12801189,40.4654013439468,766.2,5753.875,0.9125,1.016,4.4017,0.8188366777139499,3.1498295504296787,0
Kepler-18 b,1.0,GV,3.5047011512357145,0.0440147099125,1.9666,6.9,1156.0,5383.333333333333,1.0084445,0.9395,4.378612,0.7663002039701388,4.620877486962996,0
Kepler-18 c,1.0,GV,7.641601597571429,0.0741030081375,4.829909090909092,17.3,890.8,5385.545454545455,1.032463,0.942,4.370897777777778,0.8045584988284948,3.566009668435981,0
Kepler-18 d,1.0,GV,14.8589231996875,0.1153601622625,6.98,14.079196108333331,714.0,5382.166666666667,1.032463,0.9402857142857144,4.364808,0.8025413398552552,2.855465871385255,0
Kepler-180 b,1.0,GV,13.817339433333334,0.1082,1.5945,3.121791095639136,780.6,5661.6,1.018897,0.882,4.390546666666666,0.956989444113554,2.85558864371907,0
Kepler-180 c,1.0,GV,41.88549888864,0.2269333333333333,2.794125,7.0447742248456295,539.6,5641.181818181818,1.0132515555555557,0.91,4.395888,0.9328349264091044,2.0028412800991613,0
Kepler-1800 b,1.0,GIV,4.562056059874999,0.05298,0.99679734,0.9958385436177628,1331.2,5370.835,2.506,1.33,4.01838,4.68834135582287,5.011235671386393,0
Kepler-1801 b,1.0,GV,10.440896175,0.0914,3.00654359,8.097076810576747,826.8,5663.125,0.9775,0.9360000000000002,4.45509,0.881755085438415,3.2006619762958293,0
Kepler-1801 c,1.0,GV,116.58341988857144,0.4572,2.91,7.610210665788594,371.0,5657.142857142857,0.981,0.94,4.458674285714286,0.8843342559793607,1.4341210153319035,0
Kepler-1802 b,1.0,KV,15.45020008,0.06542,1.671,3.499955622244767,564.4,4211.5,0.6152500000000001,0.6265000000000001,4.661833333333333,0.1068415831919985,3.095139671128598,0
Kepler-1802 c,1.0,KV,33.1364632175,0.17254,2.322,4.956078872676168,347.4,4211.5,0.6152500000000001,0.6265000000000001,4.661833333333333,0.1068415831919985,1.9058583744180868,0
Kepler-1804 b,1.0,KIV,12.28848939875,0.10156,1.59615726,3.1297140055219783,922.4,5039.875,1.671,0.9268333333333332,4.094167499999999,1.6162993944862238,3.021443379848182,0
Kepler-1805 b,1.0,KV,8.848105846111112,0.0667,1.54502915,2.890716447369394,454.4,3811.625,0.54,0.5740516,4.730317500000001,0.0552227508549925,2.9341852723653385,0
Kepler-1806 b,1.0,GV,9.033280847125,0.0810399999999999,2.094266981666667,4.073435901607136,724.2,5247.875,0.786564,0.884,4.5912475,0.4210095125694365,3.3033257312821624,0
Kepler-1807 b,1.0,FV,10.860650865,0.09984,2.382322025,5.203563817396562,1111.8,6434.415,1.496,1.0870000000000002,4.1215525,3.441829158635004,3.300178798093965,0
Kepler-1808 b,1.0,GV,23.34032024,0.1477599999999999,3.02511302,8.192360390085376,605.0,5523.375,0.905,0.7875000000000001,4.41464,0.6839197226747926,2.308988787586207,0
Kepler-1809 b,1.0,KV,3.75729533575,0.0436733333333333,1.513,2.7466731643920066,895.4,4962.27625,0.7323333333333334,0.7976666666666666,4.599917142857144,0.2917636648544132,4.27442337092777,0
Kepler-181 b,1.0,GV,3.13785261339,0.0395314285714285,1.3806666666666667,1.520951942208519,1030.0,5236.061818181818,0.7792414999999999,0.8432499999999999,4.57424,0.4094992007753332,4.6193610108089445,0
Kepler-181 c,1.0,GV,4.302145466336364,0.0486971428571428,2.190777777777777,4.437484216060213,927.2,5229.21,0.7827664444444443,0.8547142857142856,4.572774000000001,0.4110537193981268,4.190190084333543,0
Kepler-1810 b,1.0,GV,101.13281011125,0.4198399999999999,3.776358875,12.48645605336784,378.8,5622.05,0.9499886666666668,0.9385,4.460397500000001,0.8089198882832014,1.495375344447333,0
Kepler-1811 b,1.0,GV,76.42218689500001,0.3560999999999999,3.84829873,12.942276596602998,444.0,5867.875,1.1166666666666667,1.0201666666666669,4.3798225,1.3263568039284277,1.6928737145522146,0
Kepler-1812 b,1.0,FV,7.165208071999999,0.076,2.4841570666666666,5.634302993640699,1023.4,6182.857142857143,1.103,1.162,4.424764285714287,1.5951360243077957,3.910850836462228,0
Kepler-1813 b,1.0,GV,2.818147096428572,0.03658,1.4038333333333333,1.5542118482459686,1055.2,5249.666666666667,0.755,0.8205,4.588666666666666,0.3884281231278464,4.736880472016482,0
Kepler-1814 b,1.0,KV,2.9353584623333333,0.0373416666666666,2.66823051,6.45393158071814,1018.8,4871.0,0.8224511428571429,0.79,4.5008225,0.3416509125824679,4.600358539024009,0
Kepler-1814 c,1.0,KV,0.6262815744285714,0.013328,1.6841666616666668,3.567627981215073,1708.75,4904.142857142857,0.8226798333333333,0.79,4.503464999999999,0.3512400282137221,7.700271492571055,0
Kepler-1815 b,1.0,GV,12.19140787,0.0983199999999999,2.6848210333333333,6.530390456943376,760.6,5565.0,0.967,0.852,4.416634999999999,0.8046434360089494,2.944244323613604,0
Kepler-1816 b,1.0,KV,91.50103803,0.3652616666666666,1.8479913857142856,4.474534485765863,313.4,5040.666666666667,0.7101666666666665,0.7969999999999999,4.62021,0.2921207006522282,1.4774136134486584,1
Kepler-1817 b,1.0,GV,44.29843251625,0.23098,2.34891521,5.065798909969085,442.0,5399.25,0.915,0.8873333333333333,4.576495,0.6383601761894818,1.9603390614073304,0
Kepler-1818 b,1.0,FV,4.644928937,0.055,1.5122678066666666,2.7434310202826437,1207.2,6024.571428571428,1.1274999999999995,1.0208333333333333,4.330272857142857,1.5025453278386045,4.308946089739035,0
Kepler-1819 b,1.0,GV,16.486874915,0.13238,3.90351256,13.297365434532889,746.8,5962.625,1.065,1.1670000000000005,4.42623,1.286290470437064,2.9696086777284414,0
Kepler-182 b,1.0,FV,9.825830782409092,0.0947028571428571,2.789555555555556,7.022900713297298,937.0,6084.895833333333,1.218,1.1384999999999998,4.328587999999999,1.8247233037942492,3.4678472578312824,0
Kepler-182 c,1.0,FV,20.684227345445453,0.1553357142857143,3.6805555555555554,11.891466514340658,731.8,6084.895833333333,1.218,1.1385,4.328588,1.8247233037942492,2.7077330260717023,0
Kepler-1820 b,1.0,GV,31.03274843,0.19532,2.709805111666667,6.646336255375695,556.2,5761.875,0.931,1.047,4.4918125,0.8571257474769088,2.315660923336801,0
Kepler-1821 b,1.0,GV,16.45825404875,0.12538,2.59248115,6.110259485275078,670.4,5656.1325,0.8781666666666667,0.9675,4.519575,0.7081447584505928,2.778346055322019,0
Kepler-1822 b,1.0,GV,22.13352254,0.14148,2.64755943,6.359264125268642,508.2,5215.5,0.6999999999999998,0.7768333333333333,4.61393,0.3252892633204267,2.3436426063566715,0
Kepler-1823 b,1.0,FV,21.10331409333333,0.1551533333333333,2.0861268,4.043405844977971,786.0,6270.0,1.21036,1.11075,4.336095,2.031370487869625,2.676101550809751,0
Kepler-1824 b,1.0,FV,95.61053138125,0.4227999999999999,2.3952126616666667,5.257190926885647,440.8,6225.125,1.0863333333333334,1.104,4.43769,1.5900411622112989,1.6161885712413084,0
Kepler-1825 b,1.0,KV,1.0258596632857144,0.0182,1.3970012200000002,1.5443858753508994,1466.0,5054.121428571429,0.805,0.7725,4.541212857142857,0.3793711476555625,6.516111904138562,0
Kepler-1826 b,1.0,KV,1.615937978,0.02156,1.2978844514285717,1.4034819724150829,823.4,3865.428571428572,0.4988333333333333,0.5078333333333332,4.734014285714286,0.0498415331077207,4.854127815022849,0
Kepler-1827 b,1.0,GV,3.7006168645,0.045095,1.85644292,4.524630360143127,1423.0,5347.59125,1.5974000000000002,0.9173333333333334,3.994666666666667,1.8721904525166104,4.511016086041316,0
Kepler-1828 b,1.0,GV,10.27382215285714,0.09122,1.8193310433333327,4.30709668771893,777.6,5714.142857142857,0.8693333333333334,0.9575,4.532012857142857,0.7228811329731618,3.2404053560831607,0
Kepler-1829 b,1.0,KV,5.186742515428572,0.05552,2.256478335,4.693742056934279,857.8,5198.428571428572,0.7794000000000001,0.8654999999999999,4.584838571428572,0.3980145757525973,3.9489696082163848,0
Kepler-183 b,1.0,GV,5.687994116925,0.0627257142857142,2.2814444444444444,4.7929048312953695,1014.2,5761.598333333332,1.0043918181818183,1.0016666666666667,4.439732,0.9973970884361864,3.9968126111821314,0
Kepler-183 c,1.0,GV,11.63703102185,0.1010485714285714,2.4562,35.7,798.8,5761.598333333334,1.004391818181818,1.0016666666666667,4.439732,0.9973970884361868,3.148991626154298,0
Kepler-1830 b,1.0,FV,56.49337469111111,0.3062983333333333,3.32992941,9.831653214940994,562.6,6312.626666666667,2.046,1.2804000000000002,4.22099,5.964053506905602,2.0449161266188773,0
Kepler-1831 b,1.0,FV,5.783884912857142,0.0652,2.15003303,4.28199100342386,1041.6,6010.285714285715,1.012,1.117,4.485285714285714,1.1990335801868914,4.13978486728673,0
Kepler-1832 b,1.0,GV,3.1387681160000005,0.0374,1.1561992600000002,1.2076539138766933,1037.2,5257.45,0.722,0.7033333333333335,4.546901428571429,0.357326190657545,4.337303205205929,0
Kepler-1833 b,1.0,FV,6.892097327249999,0.0748583333333333,1.3018962314285716,1.4091242239077375,1143.8,6115.860000000001,1.4063333333333332,1.1793333333333331,4.232947142857143,2.482541587041728,3.9698417434648903,0
Kepler-1834 b,1.0,KV,4.60301216225,0.0487016666666666,1.3253404857142856,1.44220070712533,826.2,4857.0,0.7258515,0.7318,4.579561428571429,0.2630618204213364,3.8770310094559695,0
Kepler-1834 c,1.0,KV,0.7666906031666666,0.01482,1.205999994,1.2757086413234753,1507.6666666666667,4843.833333333333,0.750703,0.7586666666666666,4.568986000000001,0.2783446760462413,7.156099717435489,0
Kepler-1835 b,1.0,GV,11.96586012,0.10016,3.53387773,11.007226071436474,809.6,5871.428571428572,0.9675,0.922,4.421248571428572,0.998083612075649,3.0345429348490613,0
Kepler-1836 b,1.0,FV,5.254176257285714,0.06016,2.55303229,5.934812251756056,1075.0,6035.857142857143,0.987,1.0507142857142855,4.478818571428572,1.1600586975262646,4.179875908626557,0
Kepler-1837 b,1.0,GV,5.906047227571428,0.0648,2.06673842,3.9723039724011073,1007.6,5912.428571428572,0.961,1.0441666666666665,4.49147,1.0125121733734683,4.01487837532053,0
Kepler-1838 b,1.0,GV,12.146861246666669,0.1075533333333333,1.66049425,3.446507259219333,962.2,5984.464444444445,1.699744,1.1118333333333337,4.111145,3.3247427508727294,3.215754542167541,0
Kepler-1839 b,1.0,GV,5.056654317714285,0.05824,1.9493759,5.097359287978965,1043.2,5878.428571428572,0.9325,1.03,4.466282857142857,0.9316065059548028,4.206132147792092,0
Kepler-184 b,1.0,GV,10.687610797491663,0.0913971428571428,2.5302222222222226,5.834470721770321,785.2,5651.052500000001,0.8660004000000001,0.8973333333333332,4.515924,0.686188449506745,3.133903176591524,0
Kepler-184 c,1.0,GV,20.30301924953333,0.1401442857142857,2.0956,8.8,634.2,5651.052500000001,0.8660004000000001,0.8973333333333334,4.515924,0.686188449506745,2.530837070629886,0
Kepler-184 d,1.0,GV,29.022453150475,0.1778828571428571,2.5714444444444444,6.016398263411872,563.0,5651.052500000001,0.8660004000000001,0.8973333333333334,4.515924,0.686188449506745,2.246388339733835,0
Kepler-1840 b,1.0,KV,131.18816969888888,0.4526266666666667,2.528530184285714,5.8270597393737535,258.8,4768.515555555556,0.753744,0.75925,4.588450000000001,0.263554478775733,1.2953803826626786,1
Kepler-1841 b,1.0,GV,25.8864660425,0.16076,1.6115209283333332,3.203728597087278,569.8,5377.875,0.9032,0.8253333333333334,4.465,0.6122101448151615,2.2662127469770827,0
Kepler-1842 b,1.0,GV,14.02634430875,0.1154,2.3723144683333337,5.16211041126176,819.4,5864.25,1.1241666666666668,1.057,4.364610000000001,1.340914735426942,3.02698015158344,0
Kepler-1843 b,1.0,GV,25.543090332222224,0.169285,2.70909809,6.643041830704564,770.4,5415.822222222222,1.715833333333333,0.9685,3.9561666666666655,2.272467342890732,2.392299544473812,0
Kepler-1844 b,1.0,GV,3.9245307117142856,0.04784,3.03648191,8.25095705066534,1038.4,5729.142857142857,0.8502000000000001,0.9451666666666668,4.538094285714286,0.6986998621857841,4.445632891264293,0
Kepler-1845 b,1.0,KV,11.606546681428572,0.09116,2.164727836666667,4.337767529798798,598.0,4865.71,0.7045999999999999,0.765,4.617407142857144,0.2496663499217218,2.897367226518614,0
Kepler-1846 b,1.0,KV,14.820097736666664,0.11009,1.76378826,3.993276037056942,633.4,4852.591111111112,0.7453470000000001,0.79075,4.480847499999999,0.2763768476231113,2.680529853595698,0
Kepler-1847 b,1.0,FV,11.129673057142856,0.09912,2.74516914,6.812104559850604,843.4,6088.142857142857,0.9666666666666668,1.041,4.4755400000000005,1.1518148525323684,3.2413035289452536,0
Kepler-1848 b,1.0,KV,5.604019792375,0.058675,1.4088539,1.561441601511271,990.4,4907.5,0.7494921999999999,0.781,4.321218571428572,0.2923245689935037,3.649000742908095,0
Kepler-1849 b,1.0,KV,57.29328326625,0.2591599999999999,2.0961422483333334,4.0803688893351575,351.8,4773.5,0.7228491428571429,0.709,4.5846775,0.2434069073165036,1.654299414112531,0
Kepler-185 b,1.0,KV,1.6329157533899998,0.0253314285714285,1.1396666666666668,1.1852533729722772,1270.8,5120.363636363636,0.7919999999999999,0.8151999999999999,4.5725622222222215,0.3868507398520503,5.673841874360205,0
Kepler-185 c,1.0,KV,20.729062014072728,0.1374471428571428,1.9283333333333328,4.964143701355826,545.0,5116.25,0.7919999999999999,0.8151999999999999,4.580008999999999,0.3856090729014975,2.4357864557006774,0
Kepler-1850 b,1.0,KV,1.385790479142857,0.02062,0.72909663,0.6631635048087754,999.2,4254.714285714285,0.5903333333333333,0.602,4.663542857142858,0.1024627644153058,5.404168716904045,0
Kepler-1851 b,1.0,GV,12.02296298875,0.1020799999999999,3.90012032,13.275418173883113,779.4,5896.25,0.8875000000000001,0.9764285714285714,4.481730000000001,0.854142103943428,3.093320307700228,0
Kepler-1852 b,1.0,KV,7.970986094714285,0.07536,1.9043509866666664,4.814848964849076,753.2,5177.857142857143,0.8266999999999999,0.927,4.565455714285713,0.440743566362385,3.507877398013145,0
Kepler-1853 b,1.0,KV,48.8885325275,0.23462,1.7031037866666665,3.666302707257415,383.8,4862.0,0.7533796666666666,0.75,4.55367,0.2845623621539109,1.7882288633948689,0
Kepler-1854 b,1.0,KV,39.83120792555556,0.2074899999999999,2.58746104,6.087798321537003,408.2,5074.285714285715,0.6953333333333332,0.7886666666666667,4.633500000000001,0.2875912159830592,1.9499485001768155,0
Kepler-1855 b,1.0,MV,0.7276625941249999,0.01108,1.216205,1.2897597507753125,837.4,3447.428571428572,0.3434999999999999,0.3483333333333333,4.873501428571428,0.0149528659268831,5.60793048629173,0
Kepler-1856 b,1.0,KV,1.3020107402857144,0.02062,1.73447868,3.833295301584053,1301.8,4983.857142857143,0.7321666666666666,0.7736666666666667,4.535715714285714,0.2967372698589492,6.126431702750666,0
Kepler-1857 b,1.0,FV,8.94339614,0.08198,1.96065412,5.16961744962403,951.4,6072.0,1.0225,0.8866666666666666,4.379342857142857,1.2750979128662865,3.289282829336376,0
Kepler-1858 b,1.0,KV,88.07124873875,0.36168,2.2702804116666666,4.748441083073397,323.0,5055.475,0.7696759999999999,0.8303333333333333,4.58274,0.347179127628565,1.5154407925165398,1
Kepler-1859 b,1.0,FV,2.7296137475714284,0.03884,1.3688559583333333,1.5040597036080905,1440.8,6052.747142857143,1.115608333333333,1.0733333333333333,4.355694285714286,1.4987302560825917,5.257783290270842,0
Kepler-1859 c,1.0,FV,3.5964246971666665,0.046625,1.4674000020000002,1.6463155108318883,1314.25,6031.538333333333,1.12073,1.043,4.34831,1.491434599689325,4.730507286637285,0
Kepler-186 b,1.0,MV,3.887016821166666,0.03788375,1.149857142857143,1.1990493378601002,587.8333333333334,3835.375,0.5087142857142857,0.4877142857142856,4.7482584615384615,0.0502422464600295,3.5886511369213143,0
Kepler-186 c,1.0,MV,7.267457756353334,0.0451,1.3123571428571428,1.4238611850495493,477.6666666666667,3835.375,0.5087142857142857,0.4877142857142856,4.7482584615384615,0.0502422464600295,3.28904224314642,0
Kepler-186 d,1.0,MV,13.342830454573331,0.0860775,1.5347142857142857,2.843853284082619,390.1666666666667,3835.375,0.5087142857142857,0.4877142857142856,4.7482584615384615,0.0502422464600295,2.3807451038316096,0
Kepler-186 e,1.0,MV,22.40786326615,0.1215428571428571,1.3313076923076923,1.450647766837422,329.2,3840.3333333333335,0.5087142857142857,0.5107104,4.7482584615384615,0.0505025613520583,2.050206538751844,0
Kepler-186 f,1.0,MV,129.94596564041666,0.3921333333333333,1.1428,1.1894913857030598,178.5,3808.3333333333335,0.506,0.4953333333333333,4.748032727272726,0.0483204199141583,1.1241050031650266,0
Kepler-1860 b,1.0,GV,12.7371799325,0.1049083333333333,1.13863767,1.183862357888246,707.0,5545.92625,0.872,0.9453333333333332,4.533811428571429,0.6453854644475248,3.002358000189762,0
Kepler-1861 b,1.0,GV,40.031049277777775,0.2394033333333333,2.1409677342857143,4.247752775079741,607.8,5869.291111111112,1.3710725,1.1594999999999998,4.2345825,2.001489392630735,2.201127825545662,0
Kepler-1862 b,1.0,GV,16.057330146250003,0.1204399999999999,2.203,4.484639570047597,649.4,5587.625,0.8145000000000001,0.8969999999999999,4.554555,0.5802044219850455,2.7295171794675337,0
Kepler-1863 b,1.0,GV,44.99794024777778,0.2461133333333333,2.26309256,4.719917439528092,573.2,5957.855555555555,0.983,1.016571428571429,4.284402500000001,1.092337302849279,2.0327143937091185,0
Kepler-1864 b,1.0,GV,3.881504014875,0.04985,0.8167262357142856,0.7685983692220493,1376.0,5951.81625,0.999008,1.033,4.298888571428572,1.1236365076765689,4.55294667101642,0
Kepler-1865 b,1.0,GV,2.5240247602857147,0.0343199999999999,1.5428101200000002,2.880596632260232,1202.2,5377.0,0.8679932857142857,0.849,4.488947142857144,0.5650445980925294,4.974565911535668,0
Kepler-1866 b,1.0,GV,11.66008474,0.10354,2.08215108,4.0287772240296045,831.8,5950.857142857143,1.0476,1.035,4.42735,1.234806560141778,3.162212700097992,0
Kepler-1867 b,1.0,GV,9.887373688428571,0.0873799999999999,1.15985997,1.2126269835036303,770.4,5677.004285714285,0.8214999999999999,0.909,4.5070057142857145,0.6289004041964611,3.225900036258714,0
Kepler-1868 b,1.0,KV,211.03363305666667,0.61508,3.5830715842857144,11.300181553653706,213.4,4636.806666666667,0.6736666666666666,0.7064285714285713,4.6101525,0.1882157316982968,1.0718729450032942,0
Kepler-1869 b,1.0,GV,8.167346800666666,0.0828433333333333,1.11955354,1.1581327096961351,1180.0,5825.777777777777,0.9256352,1.0382000000000002,4.216275,0.8854932022065716,3.540680292579169,0
Kepler-1869 c,1.0,GV,1.716831733888889,0.0293,0.74,0.6760848989791644,1455.0,5825.777777777777,0.9256352,1.0382,4.216275,0.8854932022065716,5.953627875237602,0
Kepler-187 b,1.0,FV,4.93885930507,0.0566114285714285,1.4584444444444444,1.6332657602708387,1190.4,6017.545454545455,1.2175,1.0619999999999998,4.251128888888889,1.7438346692704898,4.331967454814196,0
Kepler-187 c,1.0,FV,10.64025541471818,0.0945342857142857,2.924,7.679925369399901,921.8,6018.583333333333,1.2175,1.086857142857143,4.233074,1.7450380551509428,3.391302596469986,0
Kepler-1870 b,1.0,GV,3.606941690333333,0.0438166666666666,2.11106252,4.135729075098171,1158.2,5516.666666666667,0.9250763333333332,0.9258,4.447232500000001,0.7111348531680993,4.597417073542048,0
Kepler-1871 b,1.0,GV,1.952708804714285,0.03064,2.2019548016666666,4.480597790481367,1395.0,5668.871428571429,0.9383333333333334,1.02,4.4602328571428576,0.8158128988478042,5.770729126982391,0
Kepler-1872 b,1.0,KV,3.825906385857143,0.0465999999999999,2.38421141,5.211407670401595,997.8,5148.714285714285,0.8875000000000001,0.9175,4.513742857142857,0.496617184374384,4.437977152717318,0
Kepler-1873 b,1.0,KV,0.5588412845714287,0.01264,1.3859563516666666,1.5285315913788655,1771.2,5116.198571428571,0.7956,0.8903333333333333,4.5899157142857145,0.389106931444768,8.394170063704458,0
Kepler-1874 b,1.0,KV,56.5734734575,0.25384,2.2518512066666667,4.675471481268608,325.2,4588.666666666667,0.6622,0.6897500000000001,4.617666666666668,0.1744272142478443,1.6486968531647035,1
Kepler-1875 b,1.0,FV,34.45844791374999,0.20592,3.22686692,9.26155700941016,563.4,6147.25,0.8828333333333335,0.9753333333333334,4.450545,0.9985522568592016,2.1767184216830184,0
Kepler-1876 b,1.0,FV,6.9920480211111125,0.0762514285714285,0.853,2.4,1360.0,6065.814444444444,1.5895933333333332,1.1836666666666666,3.9789085714285712,3.069152012104976,3.94063037353476,0
Kepler-1877 b,1.0,GV,2.3775315917499995,0.0341533333333333,0.624086,0.5417735173852232,1236.6,5600.94875,0.8608333333333333,0.97425,4.524311428571428,0.6542961970582705,5.341874034429604,0
Kepler-1878 b,1.0,GV,4.445889975142856,0.05228,2.92019781,7.660962116636347,1039.6,5858.142857142857,0.8465000000000001,0.9541999999999998,4.5230814285714285,0.7571529307203007,4.27294104367358,0
Kepler-1879 b,1.0,GV,10.613437358888888,0.0956666666666666,2.06512018,3.9663965171375017,920.6,5923.424444444445,1.3744999999999998,1.0305000000000002,4.2454275,2.0867515812564483,3.2826052597110325,0
Kepler-188 b,1.0,GV,2.06190277777,0.03172,1.637222222222222,3.3298342727215147,1544.0,5841.636363636364,1.079431111111111,0.9914,4.371468888888888,1.2173565260732424,5.591558229731516,0
Kepler-188 c,1.0,GV,5.996538482145454,0.0647242857142857,3.007222222222222,8.100549715884512,1081.8,5830.166666666667,1.0838133333333333,1.0021250000000002,4.373483,1.217650662352585,3.935521588788805,0
Kepler-1880 b,1.0,KV,6.309227548142857,0.0548,2.11686218,4.157343498086466,614.2,4418.285714285715,0.5431666666666667,0.524,4.689402857142857,0.1008721451884448,3.0927894000858807,0
Kepler-1881 b,1.0,GV,159.38933465,0.5480083333333333,2.678006272857143,6.4989324197833245,287.0,5275.75,0.8254000000000001,0.8473333333333334,4.536318571428572,0.4735388438653111,1.243679708000864,0
Kepler-1882 b,1.0,GV,13.787229778888891,0.1197933333333333,1.6279634342857146,3.2840740124733587,996.8,5742.093333333333,1.49542,1.0750000000000002,4.0569,2.181208636918386,2.996145440473387,0
Kepler-1883 b,1.0,FV,103.427220495,0.44272,3.1168456583333337,8.670797917658234,402.6,6036.875,1.020842857142857,1.08,4.4738975,1.2418134871282127,1.562148408948514,0
Kepler-1884 b,1.0,GV,8.988242303,0.0848,1.81406781,4.276757064686266,865.4,5992.428571428572,0.91,0.9991666666666668,4.485917142857143,0.9580410073665212,3.433175671919988,0
Kepler-1885 b,1.0,GV,2.522584587285714,0.0358,1.51110555,2.738289200500924,1196.6,5535.428571428572,0.86,0.977,4.541965714285714,0.6230053220529649,5.224933321391622,0
Kepler-1886 b,1.0,GV,24.27622208625,0.1603,2.58158428,6.061554090198325,562.0,5671.375,0.8500385714285714,0.9285,4.5784400000000005,0.6706880575856984,2.407127956591479,0
Kepler-1887 b,1.0,GV,19.9475323025,0.14172,2.7640905950000003,6.901592596573457,622.8,5671.625,0.8566666666666668,0.95225,4.5395925,0.6813082061031532,2.5925963353421366,0
Kepler-1888 b,1.0,GV,11.391676778571428,0.09962,1.17429786,1.2322866690143954,981.8,5592.442857142857,1.249,0.9356666666666666,4.062885714285715,1.3690551636789907,3.0652245428648075,0
Kepler-1889 b,1.0,GV,37.30361967,0.20982,2.53726781,5.865377763250348,491.0,5714.25,0.8275,0.8811666666666667,4.4965525,0.6550324310745868,2.049654085941541,0
Kepler-189 b,1.0,KV,10.399907289754545,0.0872442857142856,1.329888888888889,1.448638305463132,674.6,5137.0,0.7589171111111112,0.8336666666666667,4.589108888888889,0.3598461019992074,3.091738163610501,0
Kepler-189 c,1.0,KV,20.134901785275,0.1356957142857143,2.7210999999999994,22.7,540.8,5131.666666666667,0.7603381,0.8336666666666667,4.589297,0.3596972441787725,2.479066272022067,0
Kepler-1890 b,1.0,FV,4.820535007375,0.0581366666666666,0.8806676785714286,0.8477263348506232,1345.8,6265.95125,1.318598333333333,1.1141666666666667,4.238267142857143,2.404711285998712,4.378496439680448,0
Kepler-1891 b,1.0,GV,4.022304859571428,0.0472999999999999,1.4118985933333337,1.5658298113457894,1012.8,5510.052857142857,0.8213333333333334,0.8768333333333334,4.552697142857143,0.5578941500182487,4.306286688191215,0
Kepler-1892 b,1.0,GV,6.331262846285715,0.06344,1.83707938,4.410340606987187,820.8,5375.142857142857,0.7586666666666666,0.8524999999999999,4.600678571428571,0.4310740706232257,3.666406301439748,0
Kepler-1893 b,1.0,GV,4.179384216571429,0.0495,1.5925957416666667,3.112701983278709,1188.0,5636.0,1.1578,0.9496,4.290729999999999,1.213503066652559,4.380692179954225,0
Kepler-1894 b,1.0,GV,2.7626389467142856,0.0384,1.240196265,1.32293207069581,1225.8,5723.857142857143,0.8941666666666667,0.999,4.540827142857142,0.769984434538009,5.101432162690802,0
Kepler-1894 c,1.0,GV,5.053677529714285,0.0574799999999999,1.2764999983333332,1.3734949410773645,1002.0,5723.857142857143,0.8941666666666667,0.999,4.540827142857142,0.769984434538009,4.169647566091217,0
Kepler-1895 b,1.0,KV,6.070319135571429,0.06132,2.11934728,4.166621408081602,784.0,5041.0,0.7731999999999999,0.8516,4.555612857142857,0.3463700485108549,3.727277582410728,0
Kepler-1896 b,1.0,FV,44.86969674875,0.2525199999999999,2.649893328333333,6.369919504733955,522.6,6044.0,0.996,1.07,4.4594175,1.1876988869743836,2.0588228634654304,0
Kepler-1897 b,1.0,KV,24.22043439125,0.15448,2.81407954,7.1406722587252185,505.6,5109.5,0.7724,0.8470000000000001,4.5667675,0.3648278586620995,2.3419658540894117,0
Kepler-1898 b,1.0,GV,4.765594594,0.0517383333333333,0.8702193185714285,0.8346748664739716,1119.8,5573.625,1.125,0.8276666666666667,4.339731428571429,1.0958367906063242,4.000336263524271,0
Kepler-1899 b,1.0,KV,4.095786897999999,0.04536,1.68516382,3.5727842263891234,842.8,4775.258571428572,0.742,0.7591666666666667,4.595921428571429,0.2568533484385161,4.091730548335776,0
Kepler-19 b,1.0,GV,9.286989904769232,0.08364708445,2.2305454545454544,6.1,781.0,5533.666666666667,0.8612857142857143,0.918375,4.546633999999999,0.6240743270169719,3.314054196358005,0
Kepler-19 c,1.0,GV,28.731,0.1765736996,3.424361197647027,13.1,494.3956981098352,5542.5,0.8545,0.936,4.55,0.6182110895492795,2.3027664854505603,0
Kepler-19 d,1.0,GV,62.95,0.3029439539849829,4.435854386933576,22.5,378.54247288626783,5544.0,0.859,0.936,4.51,0.6254161100967686,1.7580521904226176,0
Kepler-190 b,1.0,KV,2.019999453781818,0.0295928571428571,1.4513333333333334,1.6229207798222407,1176.2,5152.75,0.7827365,0.8559999999999999,4.582476000000001,0.3875049993080784,5.379208989188077,0
Kepler-190 c,1.0,KV,3.763036432963637,0.0447557142857142,1.5124444444444445,2.7442129636122536,955.8,5152.75,0.7827365000000001,0.856,4.582476,0.3875049993080786,4.374089045746011,0
Kepler-1900 b,1.0,FV,2.9861811867142856,0.042,1.62314676,3.2604159243029827,1348.0,6123.428571428572,1.0325,1.1,4.426091428571428,1.3447718071087322,5.118546833819208,0
Kepler-1901 b,1.0,GV,3.484130343714285,0.0455999999999999,1.3306981783333331,1.4497844291042958,1201.8,5871.571428571428,0.9572,1.0253333333333334,4.486445714285715,0.977040629459983,4.742693957451488,0
Kepler-1902 b,1.0,KV,3.822226993857143,0.03904,1.1476060216666666,1.1959985796952792,644.2,3838.142857142857,0.538493,0.5336666666666666,4.678614285714285,0.056459173405544,3.69789962071352,0
Kepler-1903 b,1.0,FV,17.06765868571429,0.13344,2.28642395,4.812800339768185,777.0,6317.428571428572,1.0196666666666667,1.0602,4.430317142857143,1.485824979640305,2.819199873719985,0
Kepler-1904 b,1.0,KV,4.577378861,0.0438799999999999,1.3886427714285716,1.532384318821206,574.8,3846.571428571429,0.501009,0.526,4.762068571428571,0.0493033138498518,3.4628569126283124,0
Kepler-1905 b,1.0,GV,3.4239122771428576,0.0447199999999999,1.4460734,1.6152785977078596,1192.8,5858.562857142858,0.933,1.011,4.48193,0.9200628875095392,4.755538087626094,0
Kepler-1906 b,1.0,GV,7.362716741714286,0.07384,2.77615754,6.95895141571156,899.8,5845.428571428572,0.8933333333333332,0.9878333333333332,4.482815714285715,0.8359539621991432,3.6582297596444007,0
Kepler-1907 b,1.0,KV,5.6524538981250005,0.05624,0.8745328985714286,0.8400574681869408,852.2,5101.25,0.7966666666666667,0.7531666666666667,4.545065714285714,0.385611141522208,3.660141483410429,0
Kepler-1907 c,1.0,KV,14.8638822175,0.1070183333333333,1.15547044,1.2066643761236755,618.2,5101.25,0.7966666666666667,0.7531666666666667,4.545065714285714,0.385611141522208,2.6533310414493405,0
Kepler-1909 b,1.0,KV,2.391619392428572,0.03088,0.9953623516666666,0.9939752557315584,1033.4,4946.5028571428575,0.6869736666666668,0.6738333333333335,4.598582857142857,0.2534913163873514,4.6721048833602135,0
Kepler-191 b,1.0,GV,9.939639390763638,0.08607,1.419625,1.5769783478088153,700.2,5207.768181818182,0.7831864444444444,0.8695,4.579909000000001,0.4047871798162059,3.17895130646338,0
Kepler-191 c,1.0,GV,17.738513746745454,0.1266314285714285,2.11225,4.140150281661164,577.6,5207.768181818182,0.7831864444444444,0.8694999999999999,4.579909000000001,0.4047871798162059,2.620831041687956,0
Kepler-191 d,1.0,GV,5.94504306871,0.0609566666666666,2.302285714285714,4.876435851479898,831.6,5200.344999999999,0.78245975,0.8695,4.578343333333334,0.4017376074768102,3.7774538925637584,0
Kepler-1910 b,1.0,KV,5.688806592428572,0.05328,1.184,1.245538663012843,635.8,4228.5,0.639,0.636,4.645,0.1171215755491637,3.455583834902164,0
Kepler-1911 b,1.0,GV,5.990781538999999,0.06615,1.011,1.0143235347209498,1281.0,5973.333333333333,0.972,1.0622,4.246403333333334,1.0791688033514224,4.0078661427560585,0
Kepler-1912 b,1.0,GV,6.059218109625,0.066098,1.5544508466666669,2.933917278362492,1159.75,5774.38,0.9673832,0.992,4.319488571428571,0.9334872143229626,3.874687312615255,0
Kepler-1913 b,1.0,FV,14.195956698333331,0.1195499999999999,1.709704118,3.701068616888382,830.75,6173.166666666667,1.0964000000000005,1.1236000000000002,4.445991666666667,1.5662457787581432,3.0662393940667165,0
Kepler-1914 b,1.0,GV,30.82770563,0.1954,2.72859606,6.734177674262283,585.0,5891.142857142857,0.96,1.047,4.447082857142858,0.995933940926735,2.315186839817996,0
Kepler-1915 b,1.0,GV,13.835405671666663,0.114225,3.2895968260000004,9.606630361770952,809.0,5979.333333333333,1.0564,1.0325,4.401303333333333,1.2798459393646298,3.007041562084304,0
Kepler-1916 b,1.0,FV,31.2545343,0.2058999999999999,2.43951447,5.4434778127745655,643.25,6120.142857142857,1.13175,1.189,4.37192,1.6122674821602887,2.40346464470744,0
Kepler-1917 b,1.0,GV,12.902372004999998,0.102625,1.88971288,4.725043472049258,678.75,5481.87,0.7928000000000001,0.8699999999999999,4.566068333333333,0.5092512009514184,2.912111673260985,0
Kepler-1918 b,1.0,GV,47.056530988571424,0.2524,2.29763023,4.857717552947923,497.0,5742.428571428572,0.924,0.967,4.520337142857143,0.8329447586339704,1.957688301970862,0
Kepler-1919 b,1.0,GV,37.886791544285714,0.2107,2.340781316,5.032521052311674,479.0,5439.857142857143,0.818,0.868,4.537451428571429,0.5257102398405264,2.0300305737895146,0
Kepler-192 b,1.0,GV,9.926725392045457,0.0883357142857142,2.4892222222222222,5.65615069792645,756.6,5512.510833333334,0.98355225,0.9453333333333332,4.490499999999999,0.8014612811208096,3.271894617711054,0
Kepler-192 c,1.0,GV,21.22347355533637,0.1467628571428571,2.486666666666667,5.645122728933294,587.0,5512.510833333334,0.98355225,0.9453333333333332,4.490499999999999,0.8014612811208096,2.5383960946396105,0
Kepler-192 d,1.0,GV,6.470305498277778,0.0662666666666666,0.997625,0.996913600532031,872.0,5517.042,0.9789353333333332,0.9424,4.505749999999999,0.7965682987999197,3.771768768005642,0
Kepler-1920 b,1.0,FV,30.25416312571428,0.204675,2.836831696,7.250764241368718,662.25,6171.188571428572,1.1646,1.245,4.399102857142858,1.7648942593330288,2.466762060113901,0
Kepler-1921 b,1.0,FV,20.03489875,0.1562899999999999,2.89459458,7.533845586890672,967.75,6132.7475,2.01,1.251,3.899154285714286,5.1274602380500856,2.8296846781576384,0
Kepler-1921 c,1.0,FV,3.1572192238571426,0.045576,1.4835000066666666,1.6698359946595982,1791.75,6129.355714285714,2.01,1.251,3.9136733333333336,5.1161264441411785,5.240051262157805,0
Kepler-1922 b,1.0,GV,13.222615363333333,0.1077,2.29064904,4.829712209240527,740.0,5881.236666666667,0.8618,0.9511999999999998,4.4954133333333335,0.797218657803801,2.972371257926164,0
Kepler-1923 b,1.0,GV,52.60888522571429,0.2648749999999999,1.95958179,5.162721331945402,466.0,5803.0,1.294,1.109,4.4558,1.703604132509658,2.046540163828148,0
Kepler-1924 b,1.0,GV,15.331724921666668,0.117625,2.65446572,6.390819185221682,742.25,5869.883333333334,1.285,0.9396,4.337366666666667,1.7587899827474551,2.8268103308429446,0
Kepler-1925 b,1.0,GV,46.71653669571429,0.256325,3.00177922,8.072714974629813,512.25,5883.285714285715,0.996,1.0256666666666667,4.347382857142857,1.0663217955483608,2.00070299248902,0
Kepler-1926 b,1.0,KV,42.87746812142857,0.2197,2.658991922,6.411539675766336,451.0,5180.285714285715,0.8320000000000001,0.768,4.55982,0.447251037571332,1.8699955176290084,0
Kepler-1927 b,1.0,FIV,73.75044947750001,0.360566,3.40627075,10.26432545483213,506.0,6056.5025000000005,2.26211,1.2093333333333334,4.078542857142857,6.177388176192818,1.8317053327865132,0
Kepler-1928 b,1.0,GV,19.577799314444444,0.194,2.1651618285714287,4.339420014244373,721.5,5708.653333333333,0.911847,0.987,4.395442857142858,0.7922613682102376,2.255966754801346,0
Kepler-1929 b,1.0,GV,59.36264541,0.333906,3.07250761,8.437943979478002,798.5,5794.65,1.471,1.029,3.7463428571428574,2.1888904844804724,1.7557818684425788,0
Kepler-193 b,1.0,FV,11.388423049309091,0.1043357142857142,2.464111111111111,5.5482311378333815,923.6,6144.25,1.087427272727273,1.122,4.394462,1.512048788092009,3.2798570492999453,0
Kepler-193 c,1.0,FV,50.69832225654546,0.2819728571428571,2.882555555555556,7.4744218223155485,562.0,6144.25,1.087427272727273,1.122,4.394461999999999,1.512048788092009,1.995114201407918,0
Kepler-1930 b,1.0,KV,13.026790085714286,0.1024659999999999,1.6692592350000002,3.491065858058255,643.0,5064.802857142857,0.844,0.8397142857142859,4.525253333333334,0.4205570573449607,2.863194581027357,0
Kepler-1931 b,1.0,FV,38.5757612825,0.233098,2.65323514,6.385191209032785,681.25,6294.155,1.3788,1.1616666666666666,4.225488571428572,2.6769615544785585,2.232782780758244,0
Kepler-1932 b,1.0,GV,0.5241761424285715,0.01248,1.3774703633333332,1.5163761418013673,2006.5,5296.285714285715,0.825846,0.908,4.523541666666667,0.4814748555379385,8.53120966809914,0
Kepler-1933 b,1.0,GV,4.9432915955,0.05585,1.17984089,1.2398537976241937,1382.0,5727.7925,0.9366576,0.9508333333333332,4.211477142857143,0.8472287376161437,4.126820644482559,0
Kepler-1934 b,1.0,FV,1.4197533132857143,0.0250119999999999,0.8456795566666666,0.8042065052304149,1745.0,6033.825714285714,1.0452,1.0333333333333334,4.405781666666667,1.2991511980699872,6.428667937133269,0
Kepler-1935 b,1.0,GV,3.951385486333333,0.0463,2.50271696,5.714553456958436,1083.0,5574.666666666667,0.899,0.845,4.417751666666667,0.7003011670007062,4.272802734953085,0
Kepler-1936 b,1.0,FV,126.55720259375,0.549164,3.16615594,8.933288750038836,524.0,6452.3225,1.854,1.3792857142857142,4.1150914285714295,5.345318334658205,1.5850795874512185,0
Kepler-1937 b,1.0,FV,9.68863177825,0.09362,3.0831522166666665,8.49357324863792,1022.25,6321.5,1.2116,1.1832857142857145,4.365225714285715,2.1032405602065247,3.55578485847724,0
Kepler-1938 b,1.0,KV,13.062450465714289,0.0938,1.82828927,4.359027225143711,527.0,4539.142857142857,0.655,0.646,4.595360000000001,0.163405945687821,2.6247613585449794,0
Kepler-1939 b,1.0,KV,2.7906491471666666,0.033475,1.16480773,1.219355993514235,824.25,4384.265,0.61575,0.6449999999999999,4.670638333333334,0.1256857025441929,4.390303546145333,0
Kepler-194 b,1.0,GV,2.09227456191,0.0318671428571428,1.5501111111111114,2.9139715240193835,1540.0,5896.636363636364,1.0311940000000002,0.9858333333333332,4.375131111111111,1.1534213610149795,5.562950168246622,0
Kepler-194 c,1.0,GV,17.3078770301,0.1301371428571428,2.728555555555555,6.733987742016866,762.2,5882.833333333333,1.03431,0.9907142857142858,4.376777,1.149575436249282,2.7596154191113405,0
Kepler-194 d,1.0,GV,52.814800408909086,0.2737285714285714,2.5278888888888886,5.824252086049719,525.6,5882.833333333333,1.03431,0.9907142857142855,4.376777,1.149575436249282,1.9027824242522435,0
Kepler-1940 b,1.0,GV,4.950615560166667,0.052425,1.4054649380000002,1.5565605541682832,890.25,5405.166666666667,0.7218,0.79,4.61427,0.398988120117956,3.88257013912612,0
Kepler-1941 b,1.0,FV,31.33503798857143,0.20825,2.64976949,6.369353910310735,669.0,6375.428571428572,1.1593999999999998,1.2263333333333335,4.34992,1.9924800406119136,2.427094831891702,0
Kepler-1942 b,1.0,GV,4.626031512166667,0.0516,2.1170287,4.157964880133901,1011.25,5800.0,0.797,0.852,4.549995,0.6449387432831276,4.064151890327114,0
Kepler-1943 b,1.0,GV,4.850230935571429,0.05763,1.54869189,2.9074660938608137,1098.0,5957.041428571429,0.973,1.0491666666666666,4.402386666666667,1.0696409283086417,4.267493970921584,0
Kepler-1944 b,1.0,GV,9.842609535333333,0.091875,2.5219423260000005,5.79824798839468,802.5,5551.833333333333,0.9732,1.0652,4.468711666666667,0.807308882307326,3.405586274324968,0
Kepler-1945 b,1.0,KV,6.080043148000001,0.0597,1.1018,1.1343147996382328,808.0,4991.0,0.804,0.767,4.513,0.3598754549604419,3.58496979086666,0
Kepler-1946 b,1.0,GV,3.035204753166667,0.0394,2.48812698,5.65142315933923,1143.0,5462.333333333333,0.8736925000000001,0.8891666666666668,4.503526666666667,0.6097051469151238,4.751365717037966,0
Kepler-1947 b,1.0,FV,6.963555471285713,0.07163,1.0101666,1.0132366875456076,1297.25,6023.268571428572,1.686,0.984,4.054283333333334,3.356865216288309,3.7070210967437736,0
Kepler-1948 b,1.0,KV,15.571345346666668,0.099725,1.03283226,1.0428905514266609,393.0,3867.0,0.5384,0.5526000000000001,4.668326666666666,0.0581562829258007,2.354389985362012,0
Kepler-1949 b,1.0,FV,2.208292531166667,0.03385,2.21964541,4.549239927069504,1531.25,6063.213333333333,1.454,1.0602,4.257563333333334,2.563480743299069,5.597441294299756,0
Kepler-195 b,1.0,GV,8.307844709,0.0767271428571428,2.215111111111112,4.531599075524547,748.0,5279.181818181818,0.790734,0.8830000000000001,4.589128888888889,0.4357296913100661,3.3929762725188626,0
Kepler-195 c,1.0,GV,34.09641930956364,0.1966485714285714,1.7363333333333335,3.843304289445359,467.0,5274.916666666667,0.7915409000000001,0.883875,4.588474,0.435210117273532,2.1204352300374185,0
Kepler-1950 b,1.0,GV,10.777004615,0.0871,1.52696349,2.808936449083511,752.75,5466.843333333333,0.8505863333333333,0.759,4.476275,0.5797932618397443,2.9524788444520764,0
Kepler-1951 b,1.0,GV,20.657828311666663,0.1378,2.32107188,4.952315687387109,650.0,5469.666666666667,1.306,0.8384,4.233740000000001,1.369681673910912,2.4670389713628,0
Kepler-1952 b,1.0,GV,27.21085149428572,0.1724,1.367846692,1.5026182242693558,725.0,5954.639999999999,1.305,0.922,4.171,1.9210245503529129,2.312979660514445,0
Kepler-1953 b,1.0,KV,6.245642929666666,0.060625,1.135149334,1.1791495736010438,737.0,4819.0,0.7148,0.7672500000000001,4.600608333333334,0.2472217309379876,3.5580951417390625,0
Kepler-1954 b,1.0,GV,5.883473750666667,0.0625,1.80235934,4.209717673895395,948.25,5846.0,0.8478,0.9378,4.537645,0.7532027873362305,3.874271836366992,0
Kepler-1955 b,1.0,GV,14.26521883714286,0.117878,1.0305914633333333,1.039950104728764,838.0,5835.322857142857,1.255586,1.0576666666666668,4.2604283333333335,1.639994297877358,2.9959393230407287,0
Kepler-1956 b,1.0,KV,5.943743245666667,0.0563,1.135880476,1.1801369959096255,674.0,4357.666666666667,0.682,0.6685,4.622343333333333,0.1504785594892861,3.446446112153013,0
Kepler-1957 b,1.0,KV,2.1866035695000003,0.0299,0.8767497339999999,0.8428267978339461,1099.0,4871.585,0.7687071666666667,0.7458333333333332,4.539235000000001,0.2986020935460602,4.995285149895925,0
Kepler-1958 b,1.0,GV,9.328666492833332,0.0853749999999999,2.05124311,3.915908695063769,802.25,5695.166666666667,0.8586,0.9538333333333332,4.512695,0.6958207416468914,3.343073102856628,0
Kepler-1959 b,1.0,KV,6.3867168266666665,0.0617,1.186631454,1.2491385538395685,811.0,5057.333333333333,0.8110000000000002,0.768,4.51674,0.3860271723617066,3.528685980332092,0
Kepler-196 b,1.0,KV,20.73992273235455,0.14046,1.9,4.788051205850631,674.6,5199.083333333333,0.791274,0.8598000000000001,4.409742,0.4104410176207234,2.4745564891520773,0
Kepler-196 c,1.0,KV,47.427628852481824,0.2438557142857142,2.24,4.628830040581171,512.2,5199.083333333333,0.791274,0.8597999999999999,4.409742,0.4104410176207234,1.8780503695644677,0
Kepler-196 d,1.0,GV,122.080138015,0.46246,2.66065673,6.41916898841712,388.5,5210.625,0.7813288,0.846,4.350611428571428,0.403753956351158,1.3527672421189747,0
Kepler-1960 b,1.0,FV,2.2979368576666666,0.035175,1.30749704,1.4170100441724496,1529.75,6294.923333333333,1.0498,1.0892000000000002,4.405701666666666,1.5526185385940523,5.565596884753754,0
Kepler-1961 b,1.0,GV,5.604728412,0.058575,1.6187808,3.2390587776668167,862.25,5360.166666666667,0.7704000000000001,0.8664999999999999,4.575018333333333,0.4395776195607354,3.846831103503866,0
Kepler-1962 b,1.0,GV,7.991462542666667,0.076875,1.274927858,1.3712962680666374,910.0,5826.5,0.949,0.9598,4.474846666666666,0.9312221080763444,3.5340508360596226,0
Kepler-1963 b,1.0,GV,1.9622774597142856,0.02967,0.7883950383333334,0.7341199851808686,1448.0,5649.0,0.979,0.915,4.44603,0.8756721398261668,5.5542670627184725,0
Kepler-1964 b,1.0,KV,2.440836346,0.03205,1.7810587,4.089355708549848,994.25,4800.0,0.7051999999999999,0.7406,4.6098,0.2368532818577239,4.807871158474855,0
Kepler-1965 b,1.0,GV,41.86752489,0.230262,1.15552523,1.2067387594154078,493.5,5747.6225,0.8513333333333334,0.9275,4.521728571428572,0.7096465100321326,2.007339390117504,0
Kepler-1966 b,1.0,KV,8.617391167166668,0.0731499999999999,1.10479327,1.138322515333723,684.25,4970.263333333333,0.715083,0.7154,4.57165,0.2799757089633203,3.1278238484857264,0
Kepler-1967 b,1.0,KIV,7.281703694428572,0.0721719999999999,0.73022577,0.6644989544377641,1086.75,4926.857142857143,1.8060000000000005,0.996,4.033433333333333,1.7242697980249782,3.7155258140799807,0
Kepler-1968 b,1.0,KV,7.281184054333333,0.0696,1.432008068,1.5948840112626066,743.25,4965.166666666667,0.7874000000000001,0.8446,4.582056666666666,0.3380772875863198,3.4841424482891568,0
Kepler-1969 b,1.0,GV,6.647528775833333,0.0717,1.7123220019999998,3.714911451789024,999.0,5970.166666666667,1.007,1.111,4.491543333333333,1.1558317293563884,3.937063646255904,0
Kepler-197 b,2.0,GV,5.599320726666666,0.0595183758124999,1.1233636363636366,1.1632591303596849,1145.6,5988.046666666666,1.1604,0.9356,4.298356,1.5532665700948722,3.965468961284424,0
Kepler-197 c,2.0,GV,10.349738956307144,0.0896118436124999,1.3081666666666667,5.3,933.6,5986.16,1.1604,0.933,4.306508,1.551309930983921,3.227253642934389,0
Kepler-197 d,2.0,GV,15.677544952500002,0.118200567375,1.247818181818182,1.333511306200439,813.0,5986.16,1.1604,0.933,4.306508,1.551309930983921,2.809998093498712,0
Kepler-197 e,2.0,GV,25.21001817315385,0.1622107996625,0.9447272727272727,0.9287490633478076,694.6,5986.16,1.1604,0.9356,4.306508,1.551309930983921,2.40203984895477,0
Kepler-1972 b,1.0,GV,7.545677381999999,0.078912,0.8421666666666668,2.02,1315.0,5919.714285714285,1.4078024999999998,1.15975,3.999473333333333,2.183616153572139,3.8342961128521993,0
Kepler-1972 c,1.0,GV,11.323508319999998,0.1043766666666666,0.8185,2.11,1215.0,5929.4,1.4184033333333332,1.155333333333333,3.99846,2.231168308222089,3.3275678848806107,0
Kepler-1976 b,1.0,GV,4.9593967213333325,0.0579583333333333,11.748714285714287,651.740336598831,1116.6,5921.0,1.04286,1.018,4.4311428571428575,1.1992842058140634,4.191707105735467,0
Kepler-1977 b,1.0,KV,4.5370055612857145,0.0486,1.6053333383333337,3.173797025004368,799.0,4774.821428571428,0.703497,0.7555,4.625828571428571,0.2308037636438525,3.943429524537093,0
Kepler-1978 b,1.0,GV,10.84968544875,0.09118,3.0063333166666664,8.096000878423723,671.0,5222.75,0.7786,0.8718571428571428,4.5701575,0.404683595292155,3.092771644953747,0
Kepler-1979 b,1.0,GV,18.508279895,0.13804,29.33,2451.832883871291,680.6,5876.1375,0.93091475,1.021375,4.5103425,0.9269951705954944,2.720602673033188,0
Kepler-198 b,1.0,GV,17.7899947316,0.1312714285714285,2.660777777777778,6.419723881454197,647.2,5647.739166666666,0.9172,0.964375,4.507491,0.7679208632157615,2.710895957372419,0
Kepler-198 c,1.0,GV,49.56746481335454,0.2599757142857143,2.5933333333333333,6.1140762458676114,459.8,5647.739166666666,0.9172,0.964375,4.507491,0.7679208632157615,1.9263338916940145,0
Kepler-198 d,1.0,GV,1.31184488177,0.0231033333333333,1.41,1.56309310172325,1542.8,5654.442727272727,0.9115,0.964375,4.511990000000001,0.762013094098866,6.461905962563319,0
Kepler-1980 b,1.0,GV,33.02581864857143,0.197325,2.187000006,4.422956723572688,540.75,5791.285714285715,0.8939999999999999,1.023,4.4252142857142855,0.8066123244779014,2.2773078600350787,0
Kepler-1982 b,1.0,FV,3.823161273285714,0.05162,0.77,0.7119310633646238,1282.0,6413.142857142857,1.1942233333333334,1.2756666666666667,4.30703,2.164435316968871,4.972039699491899,0
Kepler-1983 b,1.0,KV,7.328505088714286,0.06828,2.33,4.988572059532814,788.4,5101.428571428572,0.8614,0.8029999999999999,4.502958571428572,0.4508860777119949,3.4299358727282945,0
Kepler-1984 b,1.0,KV,1.9928202473333336,0.02335,6.81,94.3101976953543,664.5,3620.0,0.408,0.42525,4.85,0.0256474657355014,4.268287874085586,0
Kepler-1985 b,1.0,GV,3.4206425164285714,0.0433,2.003499993333333,3.744551053045123,1106.6,5394.28,0.9268,0.9115,4.462,0.6525230273654687,4.588908226138475,0
Kepler-1986 b,1.0,GV,19.54900699,0.13055,1.98200001,5.308024413967844,578.25,5505.918333333334,0.7318886666666667,0.776,4.61071,0.4416710726080864,2.438469941640222,0
Kepler-1987 b,1.0,KV,2.345861677428572,0.03164,1.2733333316666666,1.3690671184139542,990.2,4728.571428571428,0.7255615,0.78325,4.612797142857143,0.2361337830790948,4.976304515760631,0
Kepler-1987 c,1.0,KV,3.648317401714286,0.04256,1.4276666633333333,1.5886011194908036,854.0,4728.571428571428,0.7255615,0.78325,4.612797142857143,0.2361337830790948,4.290662712273028,0
Kepler-1987 d,1.0,KV,5.644915172625,0.05688,2.8125000166666667,7.133058963557467,738.8,4726.375,0.7273911428571429,0.78325,4.608269999999999,0.2368855517591515,3.711465192188668,0
Kepler-1987 e,1.0,KV,8.742928402124999,0.0761399999999999,1.9871666783333333,5.341849922953605,638.4,4726.375,0.7273911428571429,0.78325,4.60827,0.2368855517591515,3.207884695099498,0
Kepler-1988 b,1.0,GV,11.494914324285716,0.1116,1.53,2.8225854026480577,1105.0,5968.0028571428575,1.788,1.127,3.7678,3.638655742419562,3.17837286777815,0
Kepler-1989 b,1.0,GV,10.161016237375,0.09224,4.390166693333334,47.519891200892,896.8,5979.125,1.0650000000000002,0.999,4.35307,1.3005875642932485,3.2915319948959256,0
Kepler-199 b,1.0,GV,23.641193960999995,0.1599371428571428,3.3906666666666667,10.175170234929974,682.0,5808.054545454546,0.9259096,0.9778,4.425093333333333,0.8752855709192674,2.473006932019221,0
Kepler-199 c,1.0,GV,67.0932975281909,0.3206585714285714,3.6565555555555553,11.744570381352212,481.6,5798.908333333333,0.9184745714285716,0.982,4.434276,0.8558725521577736,1.7502871371467683,0
Kepler-1990 b,1.0,GV,1.7351354495555555,0.02864,3.646571432857143,11.68371563321375,1623.4,5796.888888888889,1.0811366666666669,1.0435,4.350702500000001,1.1842160638112391,6.037188051816488,0
Kepler-1990 c,1.0,GV,4.068455265875,0.05071,1.0775714342857143,1.1019956774400588,1219.8,5779.0,1.081282,1.0306666666666666,4.343044285714286,1.1699803684541412,4.5090732861500245,0
Kepler-1991 b,1.0,GV,13.260854735,0.1074966666666666,1.39071428,1.5353566991773264,708.6,5552.25,0.9275344999999998,0.9395,4.482671428571429,0.7335437915549645,2.95682674227539,0
Kepler-1991 c,1.0,GV,22.790153932222225,0.1541233333333333,2.3548571414285715,5.090174542580881,591.4,5543.888888888889,0.9350591428571428,0.9428,4.47705,0.7410134351243153,2.473720193335721,0
Kepler-1992 b,1.0,GV,15.61122999125,0.1154216666666666,0.9468571357142856,0.931471976053394,679.8,5419.80875,0.922,0.8441428571428571,4.424262857142857,0.6580934058034666,2.7048257258308404,0
Kepler-1993 b,1.0,KIV,26.65658664125,0.193188,4.120000008333334,40.26073843317962,903.0,5079.9925,3.062,1.373,3.604,5.602121286306339,2.666368557579956,0
Kepler-1994 b,1.0,GV,4.61226732075,0.0518933333333333,0.5581571428571428,0.4685796600229365,1025.6,5463.04875,0.949,0.8694285714285714,4.412998571428571,0.7197183552585411,4.093889854754066,0
Kepler-1995 b,1.0,KV,73.75781569444445,0.3273216666666667,4.333428585714286,45.93361124235231,378.2,4916.666666666667,0.8922611428571429,0.8424999999999999,4.432930000000001,0.4174042559316025,1.6046213333299642,0
Kepler-1996 b,1.0,KV,32.376328421111104,0.1750616666666666,2.26,4.7076702436527365,382.8,4553.555555555556,0.6548333333333334,0.7226666666666667,4.622975,0.1654070305138943,2.0321158635185483,0
Kepler-1996 c,1.0,KV,92.72918706,0.3529666666666666,2.81,7.121016758273176,269.2,4553.555555555556,0.6548333333333334,0.7226666666666667,4.622974999999999,0.1654070305138943,1.4311236172404778,1
Kepler-1997 b,1.0,FV,26.757779648571425,0.1809749999999999,2.450600016,5.490572377140752,655.5,6154.714285714285,1.052,1.111,4.44154857142857,1.4247967546322406,2.478122214302521,0
Kepler-1998 b,1.0,GV,3.0326788550000003,0.0397933333333333,0.6477428542857143,0.5686216875075887,1197.4,5672.805,0.8991666666666666,0.958,4.482854285714286,0.7512105315228748,4.907412655992949,0
Kepler-1999 b,1.0,KV,8.73953231375,0.07125,3.29,9.608867529141516,576.5,4397.75,0.6276666666666667,0.632,4.622952499999999,0.1322117731179168,2.9787982414359395,0
Kepler-20 b,2.0,GV,3.6961172130285713,0.04532621244,1.9569166666666664,9.4032438425,1097.875,5485.714285714285,0.9230346,0.932,4.460411818181818,0.69224296224777,4.5353230289909074,0
Kepler-20 c,2.0,GV,10.85409330117857,0.0930228665799999,2.994083333333334,11.1,767.0,5485.714285714285,0.9230346,0.932,4.460411818181818,0.69224296224777,3.1658335766565706,0
Kepler-20 d,2.0,GV,77.61154281745715,0.34499762851,2.624333333333333,14.1291912075,398.125,5485.714285714285,0.9230346,0.9320000000000002,4.460411818181818,0.69224296224777,1.6438980688178777,0
Kepler-20 e,2.0,GV,6.0985246632923085,0.0632331573111111,0.8289166666666667,0.76,954.1428571428572,5486.307692307692,0.9239293333333332,0.9319999999999998,4.461001999999999,0.6938858066130593,3.8398168188999207,0
Kepler-20 f,2.0,GV,19.57765463880714,0.1376519395,0.971,1.4,646.7142857142857,5486.5,0.9230346,0.932,4.464320909090908,0.6926396449928619,2.602506199278438,0
Kepler-20 g,2.0,GV,34.9455045,0.20529157115,4.23915299138793,20.465073055,524.0,5495.0,0.9639,0.945,4.446,0.7600192590722737,2.145879490616555,0
Kepler-200 b,1.0,GV,8.594804779863635,0.0818114285714285,2.387555555555556,5.225304735034675,1007.4,5867.054166666666,0.973767,1.0286666666666666,4.376317,1.0080459902019134,3.54654381282486,0
Kepler-200 c,1.0,GV,10.22214559249,0.0918357142857142,1.59,3.100337571535927,950.8,5869.645454545455,0.9717076666666666,1.026,4.365753333333334,1.0055613805699035,3.343049908638528,0
Kepler-2000 b,1.0,KV,6.382810309666667,0.05614,2.7657142757142856,6.909297479827436,529.8,3830.0,0.5664,0.5863999999999999,4.68081,0.0619343287746989,3.2324793610405607,0
Kepler-2000 c,1.0,KV,20.61837535333333,0.1226,1.5715714257142857,3.0133894417032336,358.6,3830.0,0.5664,0.5863999999999999,4.680810000000001,0.0619343287746989,2.187392555440468,0
Kepler-2001 b,1.0,KV,1.0900169925,0.0197,1.064199996,1.0842519923269631,1413.25,5046.5,0.7751508333333333,0.8592000000000001,4.585553333333333,0.349641839832051,6.605246126874225,0
Kepler-2001 c,1.0,KV,14.0934202235,0.10758,1.82,4.310961920637179,595.8,5016.25,0.77283,0.8592000000000001,4.59108,0.3392926764543496,2.8265478906905828,0
Kepler-201 b,1.0,FV,25.672127037981816,0.1767342857142857,2.707333333333333,6.6348221800583085,709.4,6150.044166666667,1.2445714285714284,1.1736666666666666,4.312272999999999,1.9881193038532228,2.577430507264732,0
Kepler-201 c,1.0,FV,151.88559400145454,0.5781585714285714,2.446777777777778,5.474312711939377,392.4,6150.044166666667,1.2445714285714289,1.1736666666666666,4.312272999999999,1.9881193038532243,1.4250295982395251,0
Kepler-202 b,1.0,KV,4.069424980963636,0.0449542857142857,1.7518888888888888,3.9278600185924577,828.8,4720.4608333333335,0.701,0.7444285714285714,4.597303000000001,0.2189089309588268,4.070061295739368,0
Kepler-202 c,1.0,KV,16.282483263927272,0.1132728571428571,1.9777777777777776,5.280476115837396,522.0,4720.4608333333335,0.701,0.7444285714285714,4.597303,0.2189089309588268,2.564032779222836,0
Kepler-203 b,1.0,GV,3.1626924137545456,0.0424314285714285,2.40611111111111,5.302733354749631,1245.4,5882.893333333333,1.06608875,1.0097999999999998,4.433087,1.221350928075397,4.879202470992372,0
Kepler-203 c,1.0,GV,5.370672881283333,0.0603757142857142,2.2777000000000003,749.9,1043.2,5882.893333333333,1.0633871428571429,1.0098333333333331,4.433087,1.2151686480899615,4.090427449576319,0
Kepler-203 d,1.0,GV,11.329759782558334,0.0993171428571428,1.3073,33.9,813.2,5882.893333333333,1.0633871428571429,1.0098333333333331,4.433087,1.2151686480899615,3.189243847389612,0
Kepler-204 b,1.0,GV,14.400947478781818,0.1162914285714285,2.3217777777777777,4.9551777199992975,811.2,5918.833333333333,1.0598899999999998,1.0376,4.379519999999999,1.2369606471190036,2.987556399585676,0
Kepler-204 c,1.0,GV,25.6613015186,0.17101,1.79,4.139628760503337,669.4,5918.833333333333,1.05989,1.0376,4.379519999999999,1.236960647119004,2.4636511485700416,0
Kepler-205 b,1.0,MV,2.755997486333334,0.03124,1.3905454545454548,1.5351144040135118,705.1666666666666,4109.446153846154,0.5791860000000001,0.5873333333333334,4.72954,0.0858339577828582,4.336724126003721,0
Kepler-205 c,1.0,MV,20.306878524758336,0.11861,1.5735454545454546,3.0226333817246025,361.6666666666667,4109.446153846154,0.579186,0.5873333333333334,4.729540000000001,0.0858339577828582,2.2256489052076103,0
Kepler-206 b,1.0,GV,7.7820220759,0.0766642857142857,1.194,1.25923163248416,978.4,5746.347272727273,1.1381514285714287,0.9841666666666664,4.328106666666667,1.2672357591532115,3.583544178767592,0
Kepler-206 c,1.0,GV,13.137452544063636,0.1088599999999999,1.709111111111111,3.6979371539254338,821.2,5733.185833333334,1.14269875,0.985,4.324694,1.265719382889999,3.0085617813851964,0
Kepler-206 d,1.0,GV,23.44300317161818,0.1599914285714285,1.0903333333333332,1.1189922437061213,677.2,5733.185833333333,1.14269875,0.985,4.324694,1.2657193828899984,2.4816740593847126,0
Kepler-207 b,1.0,FV,1.6118846778800002,0.0280685714285714,1.412222222222222,1.566296413368519,1755.0,6009.727272727273,1.6032,1.0995,4.213804444444445,3.008044891628237,6.259828659439829,0
Kepler-207 c,1.0,FV,3.071551851111112,0.0431299999999999,1.3687777777777776,1.5039480312442952,1413.4,6014.1,1.57675,1.100857142857143,4.240702499999999,2.918086152397421,5.05301674274396,0
Kepler-207 d,1.0,FV,5.868067067345454,0.0664928571428571,2.987222222222222,7.998495588498835,1138.4,6006.083333333333,1.6513350000000002,1.0984444444444443,4.192286000000001,3.183652342498487,4.065149623237883,0
Kepler-208 b,1.0,FV,4.2286501607090905,0.0531085714285714,1.6498888888888887,3.3930437747580484,1323.6,6052.058333333333,1.315086,1.117625,4.254149,2.0816637536727103,4.588182965725094,0
Kepler-208 c,1.0,FV,7.466604569518182,0.0775542857142857,1.4478888888888888,1.6179153892877989,1095.4,6052.058333333333,1.3150859999999998,1.117625,4.254149,2.0816637536727094,3.796821121024255,0
Kepler-208 d,1.0,FV,11.1317353308,0.1010985714285714,1.279888888888889,1.3782371419563044,959.0,6056.709090909091,1.3144711111111111,1.1187142857142856,4.2555177777777775,2.086117662114888,3.3270709822489883,0
Kepler-208 e,1.0,FV,16.259479198036363,0.1301014285714286,1.5265555555555554,2.8071057796839445,845.4,6052.058333333333,1.315086,1.117625,4.254149,2.0816637536727103,2.931446720734204,0
Kepler-209 b,1.0,GV,16.087858601554544,0.1209242857142856,2.556555555555556,5.9503833506468045,704.4,5513.744166666667,0.9508788571428572,0.9441666666666668,4.424792000000001,0.7497676137542331,2.794747333873092,0
Kepler-209 c,1.0,GV,41.74953953115455,0.2284071428571428,3.233888888888889,9.29988715706071,512.4,5513.744166666667,0.9508788571428572,0.9441666666666668,4.424792000000001,0.7497676137542331,2.0335013977737737,0
Kepler-21 b,2.0,FIV,2.78581176475,0.0424704666666666,1.6555818181818185,7.66,1874.75,6194.6030769230765,1.894392,1.3266250000000002,4.005031999999999,4.741147728932199,5.589919530642938,0
Kepler-210 b,1.0,MV,2.453231043875,0.0297285714285714,2.5107777777777778,5.749574751762909,753.0,4229.986923076924,0.6262969999999999,0.5711428571428572,4.684577272727274,0.1126695635128581,4.383896969231383,0
Kepler-210 c,1.0,MV,7.972515224966667,0.06518,3.530333333333333,10.98625955772069,508.1666666666667,4229.986923076924,0.6262969999999999,0.5711428571428572,4.684577272727274,0.1126695635128581,2.9606712115636227,0
Kepler-211 b,1.0,GV,4.138580821166666,0.0489185714285714,1.26,1.3504599488179263,1244.2,5233.145,0.775768875,0.917888888888889,4.36484,0.4049539369049958,4.332445990969075,0
Kepler-211 c,1.0,GV,6.040418049641667,0.06296,1.29,18.3,1097.0,5233.145,0.775768875,0.917888888888889,4.364839999999999,0.4049539369049958,3.818894674617935,0
Kepler-212 b,1.0,GV,16.25806861923,0.1318828571428571,0.9612222222222224,0.9498848113217148,782.2,5887.48,1.402,1.1308,4.268895555555556,2.1188668017256718,2.9286920632270586,0
Kepler-212 c,1.0,GV,31.80485005960909,0.2061928571428571,2.527111111111112,5.820847759755422,625.4,5886.951666666667,1.402,1.1308,4.253659,2.1181063288032806,2.342238285922951,0
Kepler-213 b,1.0,GV,2.46234497714,0.0357271428571428,1.62,3.245014453262256,1294.4,5744.363636363636,1.0916314285714286,1.0014999999999998,4.452815555555556,1.164151785720681,5.295431048989659,0
Kepler-213 c,1.0,GV,4.822969042888889,0.05609,2.002222222222222,3.740014850735864,1033.6,5747.6,1.0794,0.9982,4.46620875,1.140777171727979,4.219306228709389,0
Kepler-214 b,1.0,FV,15.66057201248182,0.1265471428571428,2.3296666666666663,4.987216168728798,785.0,6146.892499999999,1.2236,1.1215,4.314801999999999,1.9177467644153403,2.9774772429139045,0
Kepler-214 c,1.0,FV,28.77971106232728,0.1898685714285714,2.174333333333333,4.374411506129021,640.6,6146.892499999999,1.2236,1.1215000000000002,4.314802,1.9177467644153403,2.430793585018536,0
Kepler-215 b,1.0,GV,9.360622211127271,0.0826185714285714,1.6263333333333334,3.2760561343911085,876.0,5719.159166666667,0.9490978888888888,0.9456666666666664,4.447793,0.8646505020903132,3.3838038786726954,0
Kepler-215 c,1.0,GV,14.667184817091666,0.1113971428571428,1.77,4.027678251429298,754.2,5719.159166666667,0.9549881,0.8793333333333333,4.447793000000001,0.8754160466075893,2.810054391372505,0
Kepler-215 d,1.0,GV,30.864370509,0.1829085714285714,2.379,23.6,588.8,5719.159166666667,0.9549881,0.8793333333333333,4.447793,0.8754160466075893,2.1929802646383023,0
Kepler-215 e,1.0,GV,68.16124080847273,0.31023,1.6526666666666667,3.406999369659745,451.8,5719.159166666667,0.9490978888888888,0.9456666666666664,4.447793,0.8646505020903132,1.7462327463390748,0
Kepler-216 b,1.0,FV,7.693618116763636,0.0785142857142857,2.2246666666666663,4.568813184605052,1017.2,6162.195833333332,1.30525,1.1155555555555554,4.289327999999999,2.204038810702243,3.770042478954283,0
Kepler-216 c,1.0,FV,17.406644131236366,0.1354457142857142,2.965111111111112,7.886382684644233,774.4,6162.195833333334,1.30525,1.1155555555555554,4.289327999999999,2.204038810702247,2.870370458953869,0
Kepler-217 b,1.0,FV,5.3749003889,0.06624,2.072111111111111,3.9919470775112105,1372.8,6559.330833333333,1.77088625,1.3969999999999998,4.152588,5.208459909890423,4.593175346824486,0
Kepler-217 c,1.0,FV,8.586009077154547,0.0904814285714285,1.7175555555555555,3.7426768956083976,1175.0,6559.330833333333,1.77088625,1.3970000000000002,4.152588,5.208459909890423,3.930008254959865,0
Kepler-217 d,1.0,FV,3.8868855408888887,0.0535666666666666,1.255375,1.344019340903717,1528.8,6588.197999999999,1.7631766666666666,1.396625,4.177115000000001,5.2547018727444375,5.107020237680757,0
Kepler-218 b,1.0,GV,3.6193158770181815,0.0461242857142857,1.6065555555555555,3.1796961850384724,1160.6,5519.0,1.05175,0.986222222222222,4.375581,0.9207812510498004,4.624848909282594,0
Kepler-218 c,1.0,GV,44.699513157,0.2469985714285714,3.021333333333333,8.17292324016102,501.4,5520.545454545455,1.05175,0.98825,4.380393333333334,0.9218130491321874,2.0006041933701457,0
Kepler-218 d,1.0,GV,124.5244107153,0.4887066666666666,2.745625,6.814254021675607,356.6,5520.545454545455,1.046375,0.986222222222222,4.373867777777778,0.9124152179896596,1.4208173256092704,0
Kepler-219 b,1.0,GV,4.585473831,0.0568657142857142,2.7174444444444448,6.681981683345337,1247.4,5804.319166666667,1.33023625,1.162285714285714,4.223614,1.8019907125112613,4.521746224152255,0
Kepler-219 c,1.0,GV,22.714422010891667,0.16517,3.292111111111112,9.620585876950097,731.8,5804.319166666667,1.3304322222222222,1.16075,4.223614,1.8025216950895775,2.6514213300582767,0
Kepler-219 d,1.0,GV,47.9036592214,0.2715971428571428,2.7068,19.1,570.8,5804.319166666667,1.3304322222222222,1.16075,4.223614,1.8025216950895775,2.067672404746685,0
Kepler-22 b,1.0,GV,289.8638210440001,0.8298285714285714,2.191111111111111,9.1,264.1428571428572,5589.090909090909,0.8810971999999999,0.951875,4.478131111111111,0.6796763944429924,1.071200464814947,1
Kepler-220 b,1.0,KV,4.159817524466667,0.0453297570125,0.8365454545454544,0.7929328436441722,792.6,4595.529230769231,0.6817500000000001,0.7181,4.6006160000000005,0.1859868652764278,3.9808494345492034,0
Kepler-220 c,1.0,KV,9.034197388516668,0.0759553369625,1.6717272727272727,3.503673621487414,611.8,4595.529230769231,0.68175,0.7181,4.6006160000000005,0.1859868652764277,3.0753057479907997,0
Kepler-220 d,1.0,KV,28.122494857991665,0.1620520404625,0.9806363636363636,0.974900721153596,419.0,4595.529230769231,0.6817500000000001,0.7181,4.6006160000000005,0.1859868652764278,2.105427036001364,0
Kepler-220 e,1.0,KV,45.90293587156666,0.2246961438625,1.2806363636363636,1.3792836187365545,356.0,4595.529230769231,0.6817500000000001,0.7181,4.6006160000000005,0.1859868652764278,1.7880087414019687,0
Kepler-221 b,1.0,GV,2.795903955807692,0.0358228571428571,1.569,5.95575,1089.4,5276.780833333333,0.7628954545454545,0.844,4.574330999999999,0.4048518522385575,4.854741351301617,0
Kepler-221 c,1.0,GV,5.690619225884616,0.0575,2.8651000000000004,12.2,859.4,5276.780833333333,0.7628954545454545,0.844,4.574330999999999,0.4048518522385575,3.831883395098384,0
Kepler-221 d,1.0,GV,10.041567867425,0.0841499999999999,2.695222222222222,3.61,710.6,5276.780833333333,0.7640849999999999,0.844,4.574330999999999,0.4061153678023325,3.167518405640996,0
Kepler-221 e,1.0,GV,18.369781747325003,0.12583,2.793,7.86706,580.8,5276.780833333333,0.764085,0.844,4.574331,0.4061153678023327,2.590324116768308,0
Kepler-222 b,1.0,GV,3.936992841745455,0.0476714285714285,3.1737777777777776,8.974192445118005,994.2,5323.833333333333,0.8447144,0.8846,4.55191,0.5142892539269227,4.308433243169038,0
Kepler-222 c,1.0,GV,10.088802863209091,0.0895014285714285,4.673444444444444,55.94390660929499,726.0,5323.833333333333,0.8447144,0.8846,4.55191,0.5142892539269227,3.1443687239162084,0
Kepler-222 d,1.0,GV,28.081939850409093,0.1770757142857142,3.6317777777777778,11.593821434277338,516.4,5323.833333333333,0.8447144,0.8846,4.55191,0.5142892539269227,2.235470536981598,0
Kepler-223 b,1.0,GV,7.384415338725,0.0731357142857142,2.99,7.4,977.8,5790.545454545455,1.72,1.033,4.319137777777778,2.9841774487505925,3.758896702183218,0
Kepler-223 c,1.0,GV,9.84791777216154,0.0884957142857142,3.44,5.1,888.8,5791.583333333333,1.72,1.033875,4.296536,2.986317521598185,3.418596797168659,0
Kepler-223 d,1.0,GV,14.787845390833334,0.1161942857142857,5.24,6.95,775.6,5790.545454545455,1.72,1.033,4.319137777777779,2.9841774487505925,2.9821724891069983,0
Kepler-223 e,1.0,GV,19.72396839335833,0.1406585714285714,4.6,4.8,704.6,5791.583333333333,1.72,1.033875,4.296536000000001,2.986317521598185,2.7116017140398965,0
Kepler-224 b,1.0,KV,3.13294722968,0.0383357142857142,1.4753333333333336,1.6578956854629303,972.8,5101.090909090909,0.6972857142857143,0.7722000000000001,4.636071111111111,0.2953681336141812,4.488881107387242,0
Kepler-224 c,1.0,KV,5.924995281945455,0.0586628571428571,3.231111111111112,9.28471540351866,785.8,5096.75,0.6972857142857143,0.781,4.636895999999999,0.2943640107492623,3.649378383924844,0
Kepler-224 d,1.0,KV,11.34934515621818,0.0904899999999999,2.4910000000000005,5.663828341151606,632.4,5096.75,0.6972857142857143,0.781,4.636896,0.2943640107492623,2.938327547912996,0
Kepler-224 e,1.0,KV,18.64356426250909,0.1259414285714285,2.098333333333333,4.088476553148079,536.2,5096.75,0.6972857142857143,0.781,4.636896,0.2943640107492623,2.4906700204101098,0
Kepler-225 b,1.0,MV,6.738943325681817,0.0557385714285714,1.2,1.2674639621271098,503.6666666666667,3988.3846153846152,0.48,0.6398571428571429,4.66814,0.0523070773003023,3.3887425700931013,0
Kepler-225 c,1.0,MV,18.794260167641664,0.1103628571428571,1.84,4.427468582926244,358.3333333333333,4001.071428571429,0.48,0.6411250000000001,4.650381818181818,0.0529758023692888,2.410653953501146,0
Kepler-226 b,1.0,GV,3.9410365058,0.04685,1.626,24.0,1016.8,5437.0,0.8252222222222222,0.8907142857142858,4.540282222222222,0.5339111749946349,4.361033223627926,0
Kepler-226 c,1.0,GV,5.349593864791667,0.0575314285714285,2.5823,45.2,917.4,5428.75,0.8406,0.8907142857142857,4.536781,0.5506402969939264,3.935424760879531,0
Kepler-226 d,1.0,GV,8.10908216899,0.0759171428571428,1.2604444444444445,1.351079240110554,798.0,5437.0,0.8406,0.8925,4.540282222222223,0.5539951380572656,3.429329132395236,0
Kepler-227 b,1.0,GV,9.488038191072729,0.0877985714285714,2.7794444444444446,6.974614298326621,860.6,5658.1575,0.9740568571428572,0.9648,4.444564,0.8724862574969128,3.3155066750138764,0
Kepler-227 c,1.0,GV,54.418375656509085,0.2817357142857142,2.966,7.890875272060037,480.4,5658.1575,0.9740568571428572,0.9648,4.444564,0.8724862574969128,1.85085620570608,0
Kepler-228 b,1.0,GV,2.56658376534,0.03734,1.611444444444445,3.203357604941421,1355.2,5867.363636363636,1.001,1.03475,4.447175555555555,1.0654425197685191,5.26508691358374,0
Kepler-228 c,1.0,GV,4.134434097063636,0.0513042857142857,2.984555555555556,7.984934685472507,1155.6,5851.333333333333,1.001,1.032,4.432636999999999,1.0538465112314903,4.485780408855686,0
Kepler-228 d,1.0,GV,11.09432211578182,0.0991999999999999,4.117999999999999,40.20974818773136,831.4,5851.333333333333,1.001,1.0319999999999998,4.432636999999999,1.0538465112314903,3.2259601371048303,0
Kepler-229 b,1.0,KV,6.252969554745454,0.0619857142857142,2.3558888888888894,5.09441273562924,784.8,5024.083333333333,0.7434775555555556,0.8015,4.594852,0.315975137892637,3.5965072678874384,0
Kepler-229 c,1.0,KV,16.068634586281817,0.1162085714285714,5.176888888888889,73.06673183963667,573.6,5024.083333333333,0.7434775555555555,0.8015,4.594852,0.3159751378926369,2.62668301705279,0
Kepler-229 d,1.0,KV,41.196487859,0.2179242857142857,3.592222222222222,11.355076667000173,419.0,5037.090909090909,0.7423165,0.8018000000000001,4.595631111111112,0.3182637929429888,1.9184708040713805,0
Kepler-23 b,1.0,GV,7.106493135442856,0.0742885714285714,1.838166666666667,2.56,1203.0,5831.301538461538,1.535222857142857,1.0731666666666666,4.071876363636363,2.445089178344078,3.801434990360975,0
Kepler-23 c,1.0,GV,10.742184394615382,0.0978014285714285,3.126909090909091,7.81,1048.6,5828.745,1.535410769230769,1.0743636363636364,4.069823,2.441401676150144,3.3149580353792083,0
Kepler-23 d,1.0,GV,15.274064229914286,0.1235171428571428,2.238545454545455,4.44,932.4,5836.532307692307,1.5372228571428568,1.0698181818181818,4.091164000000001,2.460271820304089,2.943515673452384,0
Kepler-230 b,1.0,GV,32.62810991400001,0.1893142857142857,4.26,43.929782562257664,507.4,5458.727272727273,0.7997142857142858,0.8443999999999999,4.576060000000001,0.5094776597430422,2.112308772581864,0
Kepler-230 c,1.0,GV,91.77450342903636,0.3772571428571428,2.166111111111112,4.343035578584407,359.2,5448.25,0.7963749999999999,0.8443999999999999,4.581681,0.5013640573091707,1.4963402585428205,0
Kepler-231 b,1.0,KV,10.065568103514286,0.0741166666666666,1.852833333333333,63.21815,453.8,4000.076923076923,0.49,0.61025,4.732029090909092,0.0551512528109151,2.8699275842583623,0
Kepler-231 c,1.0,MV,19.27119332357143,0.1139571428571428,1.9133846153846152,17.234650000000002,362.1666666666667,3976.076923076923,0.49,0.5805,4.735174000000001,0.0538395128333659,2.2573833632353497,0
Kepler-232 b,1.0,GV,4.43123176006,0.0532833333333333,3.118125,8.677561302842296,1074.6,5721.818181818182,0.9742857142857144,0.9834,4.443973999999999,0.9128485560532958,4.2967926157672185,0
Kepler-232 c,1.0,GV,11.3793724524,0.1000166666666666,3.806,12.67332842201646,784.0,5721.818181818182,0.9742857142857144,0.9834,4.443974,0.9128485560532958,3.136201063597416,0
Kepler-233 b,1.0,GV,8.47238246507,0.0775333333333333,2.63275,6.291848846792025,748.2,5295.727272727273,0.792,0.8822857142857145,4.570329,0.4426318465353581,3.3739246543194,0
Kepler-233 c,1.0,GV,60.41883955969,0.2877666666666666,2.615875,6.21544568888683,388.2,5295.727272727273,0.7919999999999999,0.8822857142857143,4.570328999999999,0.4426318465353581,1.7512952290042123,0
Kepler-234 b,1.0,FV,2.7115042430727274,0.0397771428571428,3.5843333333333334,11.307743356263824,1401.4,6059.0,1.11475,1.1293333333333335,4.387068,1.502618121124491,5.329288912158736,0
Kepler-234 c,1.0,FV,7.212033833927273,0.07637,3.569222222222221,11.217338297340318,1012.0,6059.0,1.11475,1.1293333333333333,4.387068,1.502618121124491,3.846136223618816,0
Kepler-235 b,1.0,MV,3.3402058127285708,0.03543625,2.232923076923077,4.601083850952128,664.7142857142857,4020.266666666667,0.546,0.524,4.715556666666667,0.0698706171963957,3.8460661450019216,0
Kepler-235 c,1.0,KV,7.825435841091667,0.0624157142857142,1.2739166666666666,1.3698825243313597,505.5,4026.3846153846152,0.5459999999999999,0.5263333333333333,4.7226372727272725,0.0702968989711097,2.9044135161754423,0
Kepler-235 d,1.0,MV,20.06038576562143,0.11683875,2.100384615384616,4.096073813590305,366.1428571428572,4020.266666666667,0.546,0.524,4.715556666666667,0.0698706171963957,2.118103493178196,0
Kepler-235 e,1.0,MV,46.18384854542857,0.20372125,2.0292307692307694,3.8364516912377855,277.57142857142856,4020.266666666667,0.546,0.524,4.715556666666667,0.0698706171963957,1.6040668413177743,0
Kepler-236 b,1.0,KV,8.296042088363636,0.0653499999999999,1.703818181818182,3.670056295947119,471.8,3815.3333333333335,0.524875,0.5475,4.725592000000001,0.0523759089175247,2.894971214522624,0
Kepler-236 c,1.0,MV,23.968441244515382,0.1324071428571428,1.9015000000000004,4.797279747813378,330.6666666666667,3812.428571428572,0.5232222222222221,0.5464285714285715,4.7180800000000005,0.051888256050866,2.031823488480692,0
Kepler-237 b,1.0,KV,4.71508576895,0.0498742857142857,1.5127777777777778,2.7456889279506176,817.8,4864.363636363636,0.743,0.7486666666666667,4.563573333333333,0.277313882039637,3.8750819211186025,0
Kepler-237 c,1.0,KV,8.103622698381818,0.0714314285714285,2.243222222222222,4.641489446618119,683.0,4860.0,0.743,0.7531428571428572,4.556374,0.276320149082541,3.2476483385122155,0
Kepler-238 b,1.0,GV,2.0908300749181823,0.0329985714285714,1.73,3305.02,1436.2,5766.818181818182,1.4708333333333332,1.0444285714285717,4.289846666666666,2.146652830875825,5.626868768186252,0
Kepler-238 c,1.0,GV,6.155587231333333,0.0675742857142857,2.2573333333333334,152.522,1003.4,5755.416666666667,1.4708333333333332,1.038875,4.257292999999999,2.129726612324188,3.921623530532233,0
Kepler-238 d,1.0,GV,13.233768878266666,0.1125385714285714,2.756333333333333,23.1,777.4,5755.416666666667,1.4708333333333332,1.038875,4.257293,2.129726612324188,3.0388266937638257,0
Kepler-238 e,1.0,GV,23.65370694305,0.16531,5.6,169.7,639.8,5755.818181818182,0.96,1.0412222222222225,4.286892999999999,0.9075291487889184,2.510135323302092,0
Kepler-238 f,1.0,GV,50.44697533050834,0.273875,2.0,12.85,497.4,5755.818181818182,0.96,1.041222222222222,4.286893,0.9075291487889184,1.9501611612027112,0
Kepler-239 b,1.0,KV,11.763064018881815,0.0941842857142857,2.3657777777777778,5.135118870313042,608.8,4924.666666666667,0.752375,0.7905000000000001,4.573471,0.298721115583242,2.897588416865791,0
Kepler-239 c,1.0,KV,56.22799229414546,0.2671942857142857,2.2981111111111114,4.859649451615988,361.6,4924.666666666667,0.752375,0.7905000000000001,4.573471,0.298721115583242,1.7203322787771087,0
Kepler-24 b,1.0,GV,8.144739172307693,0.0787642857142857,2.348,11.14,1005.2,5989.4800000000005,1.0914907692307692,1.0047,4.34222,1.375581925152874,3.572140363213353,0
Kepler-24 c,1.0,GV,12.333144887692308,0.1039028571428571,2.514,9.99,875.4,5989.4800000000005,1.0914907692307692,1.0047,4.342219999999999,1.375581925152874,3.110136428399095,0
Kepler-24 d,1.0,GV,4.2443803478,0.0509157142857142,1.7155555555555555,293.959,1248.8,5994.438,1.113069,0.9981428571428572,4.31649875,1.4352511896957791,4.428385450454041,0
Kepler-24 e,1.0,GV,18.99774769333333,0.1380885714285714,2.78,26.2118,758.0,5997.563333333334,1.110031666666667,1.005875,4.326664444444444,1.4304080900854488,2.6994054650041583,0
Kepler-240 b,1.0,KV,4.144558828090909,0.0472128571428571,1.4621111111111114,1.638605811232684,867.8,4899.545454545455,0.758888888888889,0.7984285714285714,4.577453333333335,0.2977620891349219,4.11303947083181,0
Kepler-240 c,1.0,KV,7.953591400450001,0.07289,2.2252,102.3,698.8,4887.0,0.758888888888889,0.7897777777777778,4.570062,0.2947240622669433,3.2922549833480805,0
Kepler-241 b,1.0,KV,12.71809751522,0.0934333333333333,2.3171428571428576,4.93639994423754,559.2,4654.853,0.6824,0.6702,4.607857142857143,0.1961515609038111,2.6787135480587643,0
Kepler-241 c,1.0,KV,36.06584976872001,0.1873999999999999,2.6699999999999995,6.462066107766434,395.0,4654.853,0.6824,0.6702,4.607857142857142,0.1961515609038111,1.8914392737123569,0
Kepler-242 b,1.0,KV,8.203961538336365,0.0731828571428571,2.7462222222222223,6.817070517854088,732.0,4925.5,0.7458711666666668,0.7785714285714285,4.550345999999999,0.2937776694805626,3.262267238377161,0
Kepler-242 c,1.0,KV,14.496480446263638,0.1068928571428571,2.0,5.426417309790687,604.8,4925.5,0.7458711666666668,0.7785714285714287,4.550346,0.2937776694805626,2.6992920298424865,0
Kepler-243 b,1.0,KV,5.715427258699999,0.0606157142857142,2.422333333333333,5.370867277316419,833.4,5145.75,0.8165,0.8448,4.5556090000000005,0.4193696131479072,3.733871114996112,0
Kepler-243 c,1.0,KV,20.02616757280909,0.1396114285714285,1.9683333333333333,5.219161061518733,548.6,5145.75,0.8165,0.8448,4.5556090000000005,0.4193696131479072,2.4603191731321936,0
Kepler-244 b,1.0,GV,4.311783300772728,0.0501257142857142,2.891111111111111,7.516628516980819,995.8,5498.416666666667,0.8190417777777778,0.91625,4.566828,0.5501138118210994,4.276137786167542,0
Kepler-244 c,1.0,GV,9.767310130266669,0.0866585714285714,2.217555555555556,4.541105240363039,757.8,5498.416666666667,0.8173375999999999,0.8933333333333332,4.566828,0.547826953102434,3.2112638542486964,0
Kepler-244 d,1.0,GV,20.050454742374995,0.13986,2.6311,15.2,596.4,5498.416666666667,0.8173376000000001,0.8933333333333335,4.566827999999999,0.5478269531024342,2.5277550789787955,0
Kepler-245 b,1.0,KV,7.490178184941667,0.0700828571428571,2.746777777777778,146.78,800.2,5138.833333333333,0.8109554999999999,0.8221428571428573,4.515032,0.4114736483409749,3.4256479464975,0
Kepler-245 c,1.0,KV,17.46085237692308,0.1230314285714285,2.4028,126.15,603.6,5138.833333333333,0.8109554999999999,0.819375,4.515032,0.4114736483409749,2.5811206483882363,0
Kepler-245 d,1.0,KV,36.2763911825,0.20035,3.2393,13.530415,473.0,5148.636363636364,0.8075851428571428,0.8164285714285715,4.514542222222223,0.4111832074843748,2.0190143606130766,0
Kepler-245 e,1.0,KV,3.21981628307,0.0397716666666666,1.7924999999999998,1806.36,1061.2,5153.5,0.8064422857142857,0.8250000000000001,4.50886,0.4115717479342548,4.555279851681409,0
Kepler-246 b,1.0,KV,4.601817678800001,0.0512099999999999,2.326,4.972312893503347,900.8,5148.5,0.8124437499999999,0.8654285714285713,4.550514,0.4161015393180565,4.111622278219387,0
Kepler-246 c,1.0,KV,11.18716268518182,0.0927957142857142,1.530333333333333,2.8240860973643325,670.0,5148.5,0.8124437499999999,0.8654285714285714,4.550514000000001,0.4161015393180565,3.054405119306874,0
Kepler-247 b,1.0,KV,3.3361374779,0.0416871428571428,1.6516666666666664,3.401971460959785,961.0,5043.833333333333,0.788625,0.8511250000000001,4.568379,0.3611385422352078,4.519293971508172,0
Kepler-247 c,1.0,KV,9.439459393590909,0.0833914285714285,4.225222222222222,42.99988946927478,679.8,5043.833333333333,0.7886250000000001,0.8511250000000001,4.568378999999999,0.3611385422352078,3.1952949328387006,0
Kepler-247 d,1.0,KV,20.478000722,0.13963,4.312333333333333,45.3522840593582,525.2,5054.272727272727,0.788625,0.8612500000000001,4.576651111111112,0.3641376803698475,2.483992226609599,0
Kepler-248 b,1.0,KV,6.3082043073181815,0.0650885714285714,3.0574444444444446,8.359519041342523,817.6,5134.5,0.8264285714285714,0.907875,4.574266,0.4258857699316221,3.735387341519529,0
Kepler-248 c,1.0,KV,16.239477163609088,0.1221385714285714,4.145,40.90148122702837,596.8,5134.5,0.8264285714285714,0.907875,4.574266,0.4258857699316221,2.726852171487168,0
Kepler-249 b,1.0,MV,3.306832514157143,0.0336328571428571,1.0537692307692308,1.0704568543267812,571.3333333333334,3596.785714285714,0.4442857142857143,0.4442857142857143,4.794003333333333,0.029639631950227,3.635166246593317,0
Kepler-249 c,1.0,MV,7.113493641185714,0.05592,1.3323846153846153,1.4521734496419076,443.0,3596.785714285714,0.4442857142857143,0.4442857142857143,4.794003333333333,0.029639631950227,2.819178515893836,0
Kepler-249 d,1.0,MV,15.368483409664288,0.0933542857142857,1.57,3.006042745347804,342.6666666666667,3596.785714285714,0.4442857142857143,0.4442857142857143,4.794003333333333,0.029639631950227,2.1819210306854298,0
Kepler-25 b,2.0,FV,6.238545063538889,0.0695431496,2.654461538461539,8.7,1215.4,6241.6,1.3719,1.1879230769230769,4.214849999999999,2.5628222985638374,4.133728656784189,0
Kepler-25 c,2.0,FV,12.720372698247369,0.111933232275,4.7530769230769225,15.2,958.0,6248.625,1.3700235294117649,1.1879230769230769,4.220246153846153,2.5673421448718323,3.2582891412071886,0
Kepler-25 d,2.0,FV,114.85129675,0.4164221832,7.92086142847285,75.58477917249999,454.646341344642,6312.0,1.314,1.165,4.278,2.458943450754044,1.6729039950430735,0
Kepler-250 b,1.0,KV,4.14807484919,0.0473771428571428,1.0957777777777775,1.126261491936357,926.8,5083.181818181818,0.7921857142857142,0.830125,4.558557777777778,0.3759122158661244,4.18660798448615,0
Kepler-250 c,1.0,KV,7.156816788036363,0.0681242857142857,2.3552222222222223,5.091674023670913,772.4,5077.5,0.7909937499999999,0.8301111111111111,4.559703000000001,0.3731089631620044,3.491339778779044,0
Kepler-250 d,1.0,KV,17.648282625163635,0.1245428571428571,2.260333333333333,4.708989589836572,572.0,5077.5,0.79099375,0.8301111111111111,4.559703000000001,0.3731089631620046,2.582163186307124,0
Kepler-251 b,1.0,GV,4.79091954439,0.0539771428571428,1.33,1.4487956497189585,1119.2,5659.090909090909,0.8899284,0.9532857142857142,4.4347288888888885,0.7287635880102283,4.203214756216822,0
Kepler-251 c,1.0,GV,16.514097479954543,0.1232285714285714,3.137777777777778,8.781771801897797,741.2,5648.833333333333,0.8902438333333333,0.955375,4.443683999999999,0.7240071296837455,2.7848782503102494,0
Kepler-251 d,1.0,GV,30.13288135894545,0.1840214285714285,2.77,6.92965416820434,606.6,5648.833333333333,0.8902438333333333,0.955375,4.443683999999999,0.7240071296837455,2.2789128715882017,0
Kepler-251 e,1.0,GV,99.640625646,0.4083014285714285,2.77,6.92965416820434,407.4,5659.090909090909,0.8899284,0.9532857142857142,4.4347288888888885,0.7287635880102283,1.5282558844142138,0
Kepler-252 b,1.0,KV,6.668353730359999,0.0587166666666666,1.2532499999999998,1.3410625269375946,591.8,4323.090909090909,0.5928571428571427,0.6098,4.664623999999999,0.110145671901554,3.223205515924067,0
Kepler-252 c,1.0,MV,10.848457845481818,0.0811214285714285,2.417444444444444,5.350290391659359,503.1666666666667,4313.5,0.5925,0.6098333333333333,4.664623999999999,0.1090399814206727,2.7422861388161275,0
Kepler-253 b,1.0,KV,3.7840300517200007,0.0452728571428571,1.7078888888888886,3.6914879578112303,947.4,5146.545454545455,0.794375,0.857625,4.57134,0.3971954246203682,4.353161188092005,0
Kepler-253 c,1.0,KV,10.281943621354545,0.0880785714285714,2.657777777777778,6.405978329376788,678.6,5135.75,0.794375,0.8448333333333333,4.564309,0.393873248604684,3.0976002691400897,0
Kepler-253 d,1.0,KV,18.119889642418183,0.1285914285714285,3.1241111111111106,8.709240746432688,561.6,5135.75,0.794375,0.8448333333333333,4.564309,0.393873248604684,2.563624974984404,0
Kepler-254 b,1.0,GV,5.826659209090909,0.0627057142857142,3.785444444444444,12.54359623114118,991.2,5730.166666666667,0.9056825454545454,0.971,4.504806,0.7934341005184364,3.93578203720858,0
Kepler-254 c,1.0,GV,12.412154432991665,0.1036685714285714,2.3134,3.2,770.2,5730.166666666667,0.903959,0.9708888888888888,4.504806,0.7904171084710091,3.0608087378412976,0
Kepler-254 d,1.0,GV,18.746445311825003,0.1364771428571428,2.6910000000000003,6.558975758003508,671.6,5730.166666666667,0.9039589999999998,0.9708888888888888,4.504806,0.790417108471009,2.667655771570941,0
Kepler-255 b,1.0,GV,5.7146012634,0.0618499999999999,1.59025,3.101527143877032,923.6,5411.188,0.8966666666666668,0.8729999999999999,4.481257777777778,0.6184753453820897,3.757614766514499,0
Kepler-255 c,1.0,GV,9.946033493639998,0.0896333333333333,2.9766250000000003,7.944669541740668,768.0,5385.71090909091,0.8966666666666666,0.8708333333333335,4.468248,0.606909662903405,3.1175091184586154,0
Kepler-255 d,1.0,GV,1.045621619725,0.01976,1.3547142857142855,1.483891078330654,1631.0,5393.208888888888,0.8894,0.873,4.476915,0.6004447704983079,6.647963643530487,0
Kepler-256 b,1.0,GV,1.6204682587500003,0.0272785714285714,1.3976666666666668,1.5453422909879244,1560.6,5704.272727272727,1.301,0.9934,4.405626666666667,1.6078501435551078,6.035680614223362,0
Kepler-256 c,1.0,GV,3.3880098271800003,0.0447142857142857,1.857222222222222,4.52926620076432,1221.4,5704.272727272727,1.301,0.9934,4.405626666666667,1.6078501435551078,4.714264147318328,0
Kepler-256 d,1.0,GV,5.83910203408,0.0641385714285714,2.48,5.616402106587027,1018.8,5704.272727272727,1.301,0.9934,4.405626666666667,1.6078501435551078,3.9362023883675663,0
Kepler-256 e,1.0,GV,10.6816804467,0.0960485714285714,2.35,5.070244916795138,833.0,5693.166666666667,1.301,0.9911666666666666,4.407746,1.5953649070521605,3.212941906759801,0
Kepler-257 b,1.0,KV,2.382654130936364,0.0333014285714285,2.472625,5.584710772914635,1205.4,5112.090909090909,0.94334625,0.84775,4.449078,0.5452885495628856,5.0463509575920265,0
Kepler-257 c,1.0,KV,6.581481492972728,0.0653099999999999,5.41,81.96809878490554,859.8,5112.090909090909,0.94334625,0.8477500000000001,4.449077999999999,0.5452885495628856,3.603454488653436,0
Kepler-257 d,1.0,KV,24.66456762712728,0.1576985714285714,5.106750000000001,70.5110853502439,553.8,5112.090909090909,0.94334625,0.84775,4.449077999999999,0.5452885495628856,2.3189693236743474,0
Kepler-258 b,1.0,KV,13.19722396248,0.1018,3.848,12.940367802131464,625.4,4907.882727272728,0.8165984999999999,0.8103750000000001,4.530365000000001,0.3471232576697755,2.8219161970270754,0
Kepler-258 c,1.0,KV,33.65295644493,0.1900666666666667,3.242375,9.346309535802323,458.4,4907.882727272728,0.8165985000000001,0.8103750000000001,4.530365000000001,0.3471232576697757,2.065213817915765,0
Kepler-259 b,1.0,GV,8.115295450045455,0.0782014285714285,2.8347777777777785,7.240793087012488,880.8,5751.0,0.8903898,0.9765,4.530367,0.778078961927524,3.5343028784585613,0
Kepler-259 c,1.0,GV,36.92506606348182,0.2148557142857143,2.840111111111112,7.266698287244339,531.0,5751.0,0.8903898000000001,0.9765,4.530367,0.7780789619275242,2.13224769437463,0
Kepler-26 b,1.0,MV,12.282351728,0.0859157142857142,3.0442666666666667,5.12,440.0,4112.0,0.5357500000000001,0.5800833333333334,4.770329090909091,0.0736252247177409,2.5988659273160817,0
Kepler-26 c,1.0,MV,17.25174203875,0.1076928571428571,2.8999375,6.2,393.0,4112.0,0.53575,0.5800833333333334,4.77032909090909,0.0736252247177408,2.32127571707618,0
Kepler-26 d,1.0,MV,3.5439150228250003,0.0377485714285714,1.1799166666666665,1.239957319007459,666.1666666666666,4124.285714285715,0.5435714285714285,0.57925,4.791510909090909,0.076700477491779,3.9179396754710023,0
Kepler-26 e,1.0,KV,46.82775455181818,0.2117166666666666,2.2896363636363635,4.825656184790748,283.4,4142.538461538462,0.5458333333333333,0.5834285714285714,4.79151090909091,0.0787183813258031,1.6603181169231456,1
Kepler-260 b,1.0,GV,8.187407043999999,0.0770257142857142,2.0956666666666672,4.078610103178802,793.4,5385.0,0.8705555555555555,0.914875,4.464486,0.5717756591605977,3.4469739148842744,0
Kepler-260 c,1.0,GV,76.05068873811818,0.3404342857142857,1.715111111111111,3.72969325820341,377.0,5385.0,0.8705555555555555,0.914875,4.464486,0.5717756591605977,1.6396049394244263,0
Kepler-261 b,1.0,KV,10.381228148136362,0.0882314285714285,2.197222222222222,4.462318522282746,679.2,5147.791666666667,0.7707142857142858,0.8615714285714287,4.59736,0.3742488874738831,3.1254242154451704,0
Kepler-261 c,1.0,KV,24.570794239,0.1566671428571428,2.245555555555556,4.650666825962122,510.0,5147.791666666667,0.7707142857142857,0.8615714285714285,4.597359999999999,0.3742488874738831,2.345479635599347,0
Kepler-262 b,1.0,GV,13.06078860018182,0.1067757142857143,1.4612222222222222,1.63731088409825,733.6,5689.541666666667,0.904973,0.9645,4.500496,0.7699636513725432,3.00600609818087,0
Kepler-262 c,1.0,GV,21.85366044894545,0.1504242857142857,1.7368888888888891,3.8463054486264334,617.8,5689.541666666667,0.904973,0.9645,4.500496,0.7699636513725432,2.5326030234490444,0
Kepler-263 b,1.0,GV,16.5680826442,0.1185428571428571,2.7245555555555554,6.715243559483086,584.4,5205.973333333333,0.7578762222222222,0.840125,4.595171000000001,0.3785246529604691,2.6626203255748995,0
Kepler-263 c,1.0,GV,47.333201215372725,0.2388314285714285,2.418777777777778,5.355898559006081,411.4,5205.973333333333,0.7578762222222222,0.840125,4.595171000000001,0.3785246529604691,1.8758633569685723,0
Kepler-264 b,1.0,FV,40.80692701394545,0.2564171428571428,3.33,9.832049212446467,829.4,6239.57,1.55,1.3488,3.9201,3.267171195511445,2.293903976540368,0
Kepler-264 c,1.0,FV,140.103010995,0.5832914285714285,2.83,7.21762356169722,549.6,6238.596363636363,1.55,1.3488,3.914555555555556,3.265132406174625,1.5209185798167146,0
Kepler-265 b,1.0,FV,6.846191252660001,0.07077,1.657333333333333,3.4305209130890195,1034.0,6039.727272727273,1.0091666666666663,1.0378571428571428,4.441348888888889,1.2158638806205215,3.830179923199821,0
Kepler-265 c,1.0,FV,17.028992342745457,0.1300085714285714,2.444,5.4625104774458695,763.2,6033.333333333333,1.0,1.044375,4.449871,1.18882828813826,2.834766060679565,0
Kepler-265 d,1.0,FV,43.130735103,0.2414985714285714,2.285555555555556,4.809327877875151,559.6,6039.727272727273,1.0091666666666663,1.0378571428571426,4.441348888888889,1.2158638806205215,2.073416213491884,0
Kepler-265 e,1.0,FV,67.83171893431818,0.3265957142857143,2.382666666666667,5.204994192932065,481.2,6033.333333333333,1.0,1.0443749999999998,4.449871,1.18882828813826,1.788537197312487,0
Kepler-266 b,1.0,GV,6.618356915610001,0.0699,2.52925,5.830211925721441,997.2,5663.0,1.0624944444444444,0.9642499999999998,4.392253000000001,1.0416682624172977,3.714763929466392,0
Kepler-266 c,1.0,GV,107.72117986710002,0.4495333333333333,3.948375,13.589233075106716,393.0,5663.0,1.0624944444444442,0.96425,4.392252999999999,1.0416682624172973,1.4648355032932838,0
Kepler-267 b,1.0,MV,3.353513168946667,0.0350571428571428,2.010214285714286,37.9,629.6666666666666,3893.466666666666,0.5426985454545454,0.5470405714285714,4.73782,0.0607229705172903,3.950904146709748,0
Kepler-267 c,1.0,KV,6.877571134664286,0.0567166666666666,2.2295000000000003,4.587691496713386,497.6,3899.642857142857,0.5426985454545455,0.5470405714285714,4.73782,0.0611091866964622,3.106199912835921,0
Kepler-267 d,1.0,KV,28.46403892576154,0.1462,2.1416666666666666,4.250387902785603,309.4,3899.642857142857,0.5417683999999999,0.5470405714285714,4.737819999999999,0.0608998928903559,1.934688571512652,1
Kepler-268 b,1.0,FV,25.934089768581824,0.1770714285714285,2.516111111111111,5.772801835350099,703.0,6131.910833333332,1.2452,1.0944285714285715,4.307845,1.966760139731985,2.486534272519473,0
Kepler-268 c,1.0,FV,83.44596581317272,0.3855571428571429,3.38,10.114437393256871,476.4,6131.910833333332,1.2452,1.0944285714285715,4.307845,1.966760139731985,1.685094722684965,0
Kepler-269 b,1.0,GV,5.326686570945454,0.0606214285714285,2.47,5.573451306595605,995.8,5661.083333333333,0.9175714285714288,0.998,4.351482000000001,0.7758322091206629,4.058141363164705,0
Kepler-269 c,1.0,GV,8.12807220437,0.0804071428571428,1.8524444444444448,4.500888651057154,864.8,5678.363636363636,0.9175714285714284,1.0034285714285711,4.395097777777777,0.7853484977099262,3.533221790595784,0
Kepler-27 b,1.0,GV,15.335198888181816,0.1190342857142857,4.0,2895.31,631.2,5331.363636363636,0.59,0.65,4.662679999999999,0.252317338574691,2.337198652164563,0
Kepler-27 c,1.0,GV,31.33048847,0.1916857142857142,4.9,4385.87,497.4,5331.363636363636,0.59,0.65,4.662680000000001,0.252317338574691,1.8417759114362064,0
Kepler-27 d,1.0,GV,6.546268639000001,0.06748,2.660599228571429,6.418905405066787,838.8,5326.444444444444,0.8267722857142855,0.9535714285714284,4.57439,0.4936410607388576,3.759794099995606,0
Kepler-270 b,1.0,FV,11.476100323754544,0.1049971428571428,1.8803333333333336,4.668023371962565,995.4,6217.0,1.303797,1.1610999999999998,4.263904999999999,2.278417324599342,3.325990893722158,0
Kepler-270 c,1.0,FV,25.26295227143636,0.1775557142857143,1.5686666666666664,2.9998174715319554,764.6,6217.0,1.303797,1.1610999999999998,4.263905,2.278417324599342,2.5576579867336275,0
Kepler-271 b,1.0,GV,9.4867917783,0.0836342857142857,1.2484444444444445,1.334381423753635,784.6,5565.912500000001,0.8741249999999999,0.8502857142857143,4.524443,0.6579341530912962,3.1890787902834954,0
Kepler-271 c,1.0,GV,7.410885091918181,0.0703185714285714,1.0014444444444444,1.0018781844925897,879.8,5565.912499999999,0.874125,0.8502857142857144,4.524443,0.6579341530912954,3.477942564272185,0
Kepler-271 d,1.0,GV,5.2496896761444445,0.0559233333333333,0.6873750000000001,0.6142594584051579,985.4,5562.13,0.8732857142857142,0.8502857142857143,4.5123275,0.6548881046804907,3.8999667137642775,0
Kepler-272 b,1.0,GV,2.9713290876,0.0377728571428571,1.4776000000000002,78.0,1133.0,5396.334545454545,0.8898750000000001,0.8104285714285713,4.413906666666667,0.6024809583893423,4.632788113902574,0
Kepler-272 c,1.0,GV,6.0572972508583325,0.0607785714285714,1.8697,97.8,893.0,5407.334999999999,0.961,0.855,4.400874,0.7083856094869648,3.7513086402648494,0
Kepler-272 d,1.0,GV,10.937276454736365,0.0902257142857142,2.1562222222222225,4.305441408799585,732.8,5407.335,0.961,0.8875,4.400874,0.7083856094869655,3.136851795480029,0
Kepler-273 b,1.0,GV,2.93652507744,0.0373671428571428,1.618,3.235248035404512,1182.2,5495.272727272727,0.8191428571428572,0.8228000000000002,4.523931111111111,0.5489921714207178,4.693287720440307,0
Kepler-273 c,1.0,GV,8.014962552145454,0.0730757142857142,1.7358888888888888,3.8409043574656807,846.0,5490.75,0.7904374444444444,0.9076666666666666,4.536956999999999,0.5095086267951053,3.52493929971384,0
Kepler-274 b,1.0,GV,11.634876372133334,0.0998533333333333,1.54,2.8678112153554105,871.75,5831.146,1.138642222222222,1.0,4.322895,1.3448692988102784,3.165145655175419,0
Kepler-274 c,1.0,GV,33.19798549434,0.20098,1.84,4.427468582926244,615.0,5816.335454545455,1.007,1.0014285714285711,4.310304444444444,1.041229769319451,2.232587824712064,0
Kepler-275 b,1.0,FV,10.30072114064,0.0994128571428571,2.256888888888889,4.695364791094896,1010.8,6310.636363636364,1.3202857142857145,1.1894,4.287073333333333,2.480380571287948,3.459534558048693,0
Kepler-275 c,1.0,FV,16.088267074054546,0.1339728571428571,3.3728888888888884,10.07404452382264,871.2,6303.25,1.3202857142857145,1.1911666666666667,4.278199000000001,2.4687881734124497,2.982310380474636,0
Kepler-275 d,1.0,FV,35.67557890611818,0.2275742857142857,3.131222222222222,8.74694492404026,668.0,6303.25,1.320285714285714,1.191166666666667,4.278199,2.468788173412448,2.288229897483866,0
Kepler-276 b,1.0,GV,14.128452365783334,0.1161942857142857,2.606444444444444,731.209,777.0,5892.0,0.9449848571428572,1.054888888888889,4.4818620000000005,0.9655849790652792,3.013602432070403,0
Kepler-276 c,1.0,GV,31.8839735825,0.1991983333333333,3.1131,15.166666666666666,592.4,5885.3,0.9792596,1.0664,4.477008888888888,1.0321907152560983,2.3141537090804616,0
Kepler-276 d,1.0,GV,48.64802084690769,0.26401,2.8920000000000003,14.71015,514.2,5872.636363636364,0.9426991428571428,1.063090909090909,4.482562,0.9483497066817272,2.0070121314309515,0
Kepler-277 b,1.0,GV,17.324148401515387,0.1380133333333333,2.9531000000000005,87.3,927.2,5970.0,1.709,1.150375,4.014540000000001,3.3286742770008684,2.8875810223744467,0
Kepler-277 c,1.0,GV,33.00628340319231,0.2122016666666666,3.0057,64.2,748.2,5970.0,1.709,1.150375,4.014539999999999,3.3286742770008684,2.328736263800995,0
Kepler-278 b,1.0,KIII,30.15945091450769,0.20629125,4.081545454545455,56.0,586.0,4977.082857142857,2.916953846153846,1.28025,3.652625,4.684340416744256,2.491620942384622,0
Kepler-278 c,1.0,KIII,51.079925396123066,0.2929575,3.244909090909091,34.9,492.0,4977.082857142857,2.916953846153847,1.28025,3.652625000000001,4.684340416744258,2.0908364652481195,0
Kepler-279 b,1.0,FV,12.309686541545457,0.1098333333333333,3.62,4180.93,984.6,6615.4863636363625,1.746,1.2395,4.281542999999999,5.238723090155793,3.359937256350774,0
Kepler-279 c,1.0,FV,35.735893478181815,0.22258,4.500111111111111,49.4,690.6,6635.322222222222,1.07,1.172111111111111,4.317402222222222,1.991156869421808,2.295177651081652,0
Kepler-279 d,1.0,FV,54.416679854,0.294325,3.1,37.5,582.25,6668.987499999999,1.07,1.1731250000000002,4.3514525,2.0318751501822963,1.9967953314681248,0
Kepler-279 e,1.0,FV,98.35313266666668,0.439,4.13,56.0,552.0,6527.725,1.39146,1.164,4.186405000000001,3.1541235657479296,1.6286179383989046,0
Kepler-28 b,1.0,MV,5.911918001642857,0.0554275,2.207153846153846,1.63,602.8333333333334,4420.944615384616,0.6488240000000001,0.624625,4.634557777777777,0.1442792774985961,3.3575463746812044,0
Kepler-28 c,1.0,MV,8.986442354285712,0.07314375,1.857,2.06,524.5,4420.944615384616,0.6488240000000001,0.6246249999999999,4.634557777777777,0.1442792774985961,2.9227795095545126,0
Kepler-280 b,1.0,GV,2.139553726581818,0.0318857142857142,1.512111111111111,2.742737467621984,1335.6,5611.156666666667,0.94375,0.9441428571428572,4.468718,0.7921608185006296,5.442466503422184,0
Kepler-280 c,1.0,GV,4.807097895663636,0.0548485714285714,2.1927777777777773,4.445184388707132,1020.0,5611.156666666667,0.94375,0.9441428571428572,4.468718000000001,0.7921608185006296,4.149647245480396,0
Kepler-281 b,1.0,GV,14.646185138841666,0.1164,2.485625,472.016,690.4,5635.909090909091,0.8941666666666667,0.984,4.426257,0.7237402373743829,2.908010987030481,0
Kepler-281 c,1.0,GV,36.33742362650833,0.2134666666666666,5.637124999999999,115.37115,510.2,5635.909090909091,0.8941666666666667,0.984,4.426257,0.7237402373743829,2.1473730530396677,0
Kepler-281 d,1.0,GV,148.271733693,0.54408,5.93747806,605.5,319.4,5647.75,0.8766666666666668,0.984,4.4507975,0.7015533366006854,1.3450584348398926,0
Kepler-282 b,1.0,GV,9.22072030608,0.0838671428571428,1.1333333333333333,1.1766978529392005,866.2,5850.818181818182,0.9024285714285714,0.951,4.469828888888888,0.8562132277363713,3.367978562220776,0
Kepler-282 c,1.0,GV,13.639284739910002,0.1089257142857143,1.286111111111111,1.3869539358516088,759.8,5850.818181818182,0.9024285714285714,0.951,4.469828888888888,0.8562132277363713,2.9552895232829344,0
Kepler-282 d,1.0,GV,24.80560064390909,0.1629616666666666,2.4573333333333336,61.0,622.6,5873.181818181818,0.9702644444444444,0.9548,4.467969,1.0049949195508676,2.4209647180779243,0
Kepler-282 e,1.0,GV,44.34716177915455,0.2400533333333333,2.8456666666666663,56.2,513.4,5873.181818181818,0.9702644444444446,0.9548,4.467969,1.004994919550868,1.994698764672565,0
Kepler-283 b,1.0,KV,11.008165565663637,0.0856171428571428,2.13,4.206503421828465,599.8333333333334,4527.538461538462,0.618026857142857,0.6567999999999999,4.658588999999999,0.1439968991296349,2.770200418980778,0
Kepler-283 c,1.0,KV,92.74752356141,0.35235,1.82,4.310961920637179,290.0,4472.416666666667,0.6135234999999999,0.6568,4.658589,0.1351205123989939,1.365539974568302,1
Kepler-284 b,1.0,GV,12.699051901272728,0.1024285714285714,2.4243333333333337,5.379295877165488,696.2,5447.833333333333,0.807395875,0.9135555555555556,4.571446,0.5151790015618772,2.9869772004650943,0
Kepler-284 c,1.0,GV,37.51414747984546,0.2107371428571428,2.654555555555556,6.391230134178098,485.6,5447.833333333333,0.807395875,0.9135555555555556,4.571446,0.5151790015618772,2.0824372402083955,0
Kepler-285 b,1.0,GV,2.6338616581600003,0.0358342857142857,1.3813333333333333,1.5219067373401645,1119.6,5323.818181818182,0.8180000000000002,0.8950000000000001,4.555384444444445,0.482268967925784,4.99847041095603,0
Kepler-285 c,1.0,GV,6.18668710715,0.0632785714285714,1.1444444444444444,1.1917169867970532,843.4,5323.818181818182,0.818,0.895,4.555384444444446,0.4822689679257838,3.761474904157512,0
Kepler-286 b,1.0,GV,1.7963174791299998,0.0280999999999999,1.3154444444444444,1.4282172180379478,1456.8,5735.909090909091,0.8963333333333333,0.994,4.507306666666667,0.780257556069909,5.9486034168755415,0
Kepler-286 c,1.0,GV,3.46807393951,0.0435928571428571,1.4232222222222224,1.5821750478924497,1170.4,5735.909090909091,0.8963333333333333,0.994,4.507306666666667,0.780257556069909,4.775958111156322,0
Kepler-286 d,1.0,GV,5.91428518927,0.0625114285714285,1.4237777777777778,1.582977978637962,978.0,5735.909090909091,0.8963333333333335,0.994,4.507306666666667,0.7802575560699093,3.988305929776008,0
Kepler-286 e,1.0,GV,29.22143348713636,0.1809914285714285,1.7921111111111108,4.151551552738682,574.4,5724.583333333333,0.9095939,0.9935,4.506314,0.7971874547164631,2.343310916513847,0
Kepler-287 b,1.0,GV,20.34231348725833,0.1433057142857143,2.4347777777777773,83.0,676.8,5641.658333333333,0.9847366666666668,0.955875,4.422859,0.8813678263305132,2.5831152388602825,0
Kepler-287 c,1.0,GV,44.85206353636364,0.2429114285714285,3.28,66.0,519.8,5655.781818181818,0.9893025,0.9552857142857144,4.418006666666666,0.89850118207204,1.9834335336546225,0
Kepler-288 b,1.0,GV,6.097463650330001,0.0644742857142857,1.6862222222222225,3.5782619686982406,1087.2,5778.818181818182,1.078476,0.9832857142857144,4.331191111111111,1.1637694220014911,3.905904126862999,0
Kepler-288 c,1.0,GV,19.305761992454546,0.1390514285714285,3.0766666666666667,8.459658815845682,740.4,5769.75,1.0809218181818183,0.986625,4.333608,1.1617331963510604,2.6641784703200697,0
Kepler-288 d,1.0,GV,56.637687267,0.2848185714285714,2.67,6.462066107766437,517.2,5778.818181818182,1.0784759999999998,0.9832857142857144,4.331191111111112,1.1637694220014907,1.8583636280353104,0
Kepler-289 b,1.0,FV,34.54355679542857,0.2143662499999999,2.7967272727272725,3.7,722.4,6058.9742857142855,1.053590909090909,1.08275,4.302209166666667,1.3422404316169645,2.2478166035714287,0
Kepler-289 c,1.0,FV,125.86497419000004,0.50908125,11.23,172.66715,469.2,6084.482857142858,1.0895454545454546,1.1096363636363635,4.2910309090909085,1.459739109031196,1.4766302916375542,0
Kepler-289 d,1.0,GV,66.0458,0.33,2.855,4.665,422.810543420374,5990.0,1.0,1.08,4.47,1.1550403059984864,1.8093804426893916,0
Kepler-289 e,1.0,GV,330.071572,0.9342,2.94,17.4,286.0,5950.9400000000005,1.02475,1.061,4.383585,1.1815932193896044,1.0658908754610144,1
Kepler-29 b,1.0,GV,10.339000341666669,0.09096,2.55,5.0,786.0,5577.188461538462,0.8364356249999999,0.761,4.601951,0.6073180295725021,2.892957719724204,0
Kepler-29 c,1.0,GV,13.287538815,0.1080528571428571,2.34,4.5,723.2,5577.1884615384615,0.8364356249999999,0.761,4.601951,0.6073180295725018,2.65429497484418,0
Kepler-290 b,1.0,KV,14.5893326937,0.1093271428571428,2.1806666666666668,4.398652380494107,591.4,5032.333333333333,0.723163,0.8046666666666668,4.618740000000001,0.3009122352655569,2.713432299064616,0
Kepler-290 c,1.0,KV,36.7704303198,0.2028171428571428,3.058888888888889,8.367024365921752,434.6,5032.333333333333,0.723163,0.8046666666666668,4.618740000000001,0.3009122352655569,1.9921895574366455,0
Kepler-290 d,1.0,KV,0.7640181724999999,0.0152516666666666,0.8596142828571429,0.8214756784228037,1584.2,5087.625,0.7498876666666666,0.8317142857142856,4.613685714285714,0.3380201908282044,7.385899808410576,0
Kepler-291 b,1.0,GV,3.54653210453,0.0466399999999999,2.238777777777778,4.624032481371574,1202.4,5789.272727272727,0.992,1.040625,4.444097777777777,0.9917660358702354,4.7243584434295,0
Kepler-291 c,1.0,GV,5.70072612986,0.0640814285714285,2.004,3.746326830659455,1026.2,5789.272727272727,0.992,1.040625,4.4440977777777775,0.9917660358702354,4.030473027184229,0
Kepler-292 b,1.0,GV,2.5808205550500003,0.0352857142857142,1.4814444444444446,1.6668287418304002,1204.4,5340.454545454545,0.8375753333333332,0.8687499999999999,4.511406666666667,0.5119770570220832,4.9627561491997545,0
Kepler-292 c,1.0,GV,3.715426082960001,0.0449771428571428,1.651222222222222,3.3997382413974417,1068.0,5340.454545454545,0.8375753333333332,0.86875,4.511406666666667,0.5119770570220832,4.395683968782376,0
Kepler-292 d,1.0,GV,7.055664726318182,0.06892,2.393222222222222,5.248893378366019,861.8,5328.166666666667,0.8376682857142856,0.8709999999999999,4.513848999999999,0.5073938529660571,3.555587961492079,0
Kepler-292 e,1.0,GV,11.97881087919091,0.0979642857142857,2.569666666666667,6.008497749023522,723.2,5328.166666666667,0.8376682857142858,0.8709999999999999,4.513849,0.5073938529660572,2.9822920674987787,0
Kepler-292 f,1.0,GV,20.834256052954544,0.1419614285714285,2.6594444444444445,6.413613024233088,600.8,5328.166666666667,0.8376682857142858,0.8709999999999999,4.513849,0.5073938529660572,2.477415674116557,0
Kepler-293 b,1.0,GV,19.25407378350909,0.1412957142857142,2.889222222222222,7.507300472437535,650.4,5621.583333333333,0.916838777777778,0.9411666666666666,4.518790999999999,0.75320016908783,2.5813313627390517,0
Kepler-293 c,1.0,GV,54.15622402243636,0.2815814285714286,3.655444444444445,11.73779058483212,461.2,5621.583333333333,0.916838777777778,0.9411666666666668,4.518790999999999,0.75320016908783,1.828547509423592,0
Kepler-294 b,1.0,GV,3.70121856422,0.0471142857142857,1.736888888888889,3.846305448626433,1140.4,5693.818181818182,0.94345175,1.0,4.497553333333333,0.8393510118830176,4.607853664029152,0
Kepler-294 c,1.0,GV,6.626425780836365,0.0694928571428571,2.7133333333333334,6.662787853308441,939.6,5674.25,0.9434356666666668,0.9666666666666668,4.494447,0.8278436022043378,3.730295803748674,0
Kepler-295 b,1.0,GV,12.645035065,0.1009185714285714,1.22,1.2949940704898666,743.2,5475.727272727273,0.8917142857142857,0.8291666666666666,4.457428571428571,0.641369843018555,2.8668855406983598,0
Kepler-295 c,1.0,GV,21.526343696936365,0.1439885714285714,1.17,1.2264267663213562,622.4,5463.333333333333,0.8917142857142857,0.8291666666666667,4.457428571428571,0.6355827386607356,2.400114108672872,0
Kepler-295 d,1.0,GV,33.88470873744545,0.1931666666666666,1.36,1.4914221229127824,537.0,5393.333333333333,0.898,0.8875,4.46525,0.612169338598441,2.1438434667121595,0
Kepler-296 b,2.0,MV,10.864384,0.079,1.61,3.1963559546561533,411.57142857142856,3655.8333333333335,0.48,0.498,4.858888888888889,0.0369247767443192,2.511169973079185,0
Kepler-296 c,2.0,MV,5.8416647943538464,0.0490611111111111,1.7454999999999996,3.89300034034666,477.7142857142857,3655.8333333333335,0.48,0.498,4.858888888888889,0.0369247767443192,3.18655167412433,0
Kepler-296 d,2.0,MV,19.85026500642308,0.1110066666666666,1.7844999999999998,4.108661736932632,318.0,3655.8333333333335,0.48,0.498,4.858888888888889,0.0369247767443192,2.1184349093219583,0
Kepler-296 e,2.0,KV,34.14203102431666,0.1590666666666666,1.3410000000000002,1.4643922142825008,269.0,3687.9,0.408625,0.498,4.831666666666667,0.0277112593232156,1.769701688356071,1
Kepler-296 f,2.0,KV,63.336520846363626,0.2466444444444444,1.8,4.196284380222969,219.0,3687.9,0.408625,0.498,4.831666666666667,0.0277112593232156,1.4211960329417523,0
Kepler-297 b,1.0,GV,38.86899095,0.2232214285714285,3.0633,48.5,564.2,5870.727272727273,0.9091528,1.03625,4.467331111111111,0.8809093774896355,2.1549605005969066,0
Kepler-297 c,1.0,GV,74.92606303090909,0.3455757142857142,7.0175,42.1,454.0,5870.727272727273,0.9091528,1.03625,4.467331111111112,0.8809093774896355,1.7319511902109042,0
Kepler-297 d,1.0,GV,150.0196276722222,0.5516633333333333,32.6,3129.915812291036,359.8,5898.111111111111,0.8944409999999999,0.846,4.465997499999999,0.8686504436630006,1.2385772704892266,0
Kepler-298 b,1.0,KV,10.4754726976,0.0814666666666666,2.18325,4.40855832416761,561.8,4541.272727272727,0.6425714285714286,0.6712,4.643180000000001,0.1575589251840214,2.870853192636774,0
Kepler-298 c,1.0,KV,22.92888142777777,0.1375,1.93,4.974619111200722,432.8,4540.5,0.6425714285714286,0.6693333333333333,4.646355555555555,0.1574517138232183,2.206707960920237,0
Kepler-298 d,1.0,KV,77.47469382291,0.3092999999999999,2.7705,6.932030957442867,288.8,4541.272727272727,0.6425714285714286,0.6712,4.643180000000001,0.1575589251840214,1.4733672016848949,1
Kepler-299 b,1.0,GV,2.9271937032999995,0.0399171428571428,1.2545555555555556,1.342878953585924,1242.0,5734.0,0.9945305714285714,1.0041428571428572,4.466584444444445,0.9593053792977476,5.016409844716025,0
Kepler-299 c,1.0,GV,6.885935272999999,0.0705371428571428,2.65,6.370406714630335,933.4,5734.0,0.9945305714285716,1.004142857142857,4.466584444444445,0.9593053792977482,3.773668993389214,0
Kepler-299 d,1.0,GV,15.05488283848,0.1187157142857142,1.715888888888889,3.7338215273092663,719.6,5734.0,0.9945305714285714,1.004142857142857,4.466584444444445,0.9593053792977476,2.9088319427072715,0
Kepler-299 e,1.0,GV,38.28558174270909,0.2214171428571428,1.753,3.933941299353453,527.0,5725.416666666667,0.995133875,1.003625,4.463789,0.954731522340772,2.1293894510592515,0
Kepler-30 b,1.0,GV,29.242260257,0.18257,3.9,11.3,530.6666666666666,5374.2444444444445,0.9068333333333332,0.982,4.546454285714286,0.6154807378370372,2.319615596090887,0
Kepler-30 c,1.0,GV,60.32526591153846,0.2990899999999999,12.703,640.0,414.4,5399.183333333333,0.8927777777777778,0.9798181818181818,4.548717999999999,0.6076995172628037,1.8102842988322636,0
Kepler-30 d,1.0,GV,143.22038403727274,0.5237925,9.2466,23.1,310.6,5399.183333333333,0.896,0.9764444444444444,4.548717999999999,0.6120940633905143,1.3655861881412787,0
Kepler-300 b,1.0,GV,10.44636836672,0.0932333333333333,1.67,3.4948471767778697,815.2,5950.909090909091,0.922,1.035,4.404247,0.9564999580796908,3.3324186246905176,0
Kepler-300 c,1.0,GV,40.71506359361,0.2305333333333333,2.414,5.3358155081604455,518.2,5950.909090909091,0.922,1.035,4.404247,0.9564999580796908,2.119230979325106,0
Kepler-301 b,1.0,GV,2.5085559169,0.0357728571428571,1.367222222222222,1.5017264883516053,1279.0,5742.44,0.9133333333333332,0.96575,4.50495111111111,0.8138311912440824,5.19673448687861,0
Kepler-301 c,1.0,GV,5.41908016809,0.0597199999999999,1.428111111111111,1.5892440624061044,990.0,5742.44,0.9133333333333332,0.96575,4.504951111111111,0.8138311912440824,4.022049792999932,0
Kepler-301 d,1.0,GV,13.751315880245455,0.1110571428571428,1.9096666666666664,4.847708138452371,726.2,5732.8966666666665,0.92375,0.99,4.501834,0.826980383944061,2.986203039259513,0
Kepler-302 b,1.0,GV,30.183636311245458,0.1895314285714285,4.06,38.74832624277354,583.0,5807.833333333333,1.09308,1.018,4.422276999999999,1.219692423636535,2.3179723702001285,0
Kepler-302 c,1.0,GV,127.28232426299998,0.4946942857142858,10.661777777777775,504.884359605996,361.0,5807.833333333333,1.09308,1.018,4.422276999999999,1.219692423636535,1.434763851095634,0
Kepler-303 b,1.0,MV,1.9372625460000004,0.02446,0.97675,0.9698809872575996,807.1666666666666,4028.5857142857135,0.5311111111111111,0.5291666666666667,4.711963636363636,0.0666608823301107,4.65203525419292,0
Kepler-303 c,1.0,KV,7.061076278283333,0.0580666666666666,1.2821818181818183,1.3814478612467416,526.0,4035.0923076923073,0.5337500000000001,0.5309999999999999,4.711963636363636,0.0677609557229531,3.0245362675299376,0
Kepler-304 b,1.0,KV,3.2957061782636363,0.0396385714285714,3.159666666666667,8.898532895300649,960.2,4791.416666666667,0.6961546249999999,0.7578333333333332,4.568587,0.2291696135320736,4.373235237752149,0
Kepler-304 c,1.0,KV,5.3159534714818175,0.0546828571428571,2.4542222222222225,5.506002192124528,817.2,4791.416666666667,0.6961546249999999,0.7578333333333332,4.568587,0.2291696135320736,3.723370356867419,0
Kepler-304 d,1.0,KV,9.653486417454546,0.0811999999999999,2.735444444444445,6.766327398031916,671.0,4791.416666666667,0.6961546250000001,0.7578333333333332,4.568586999999999,0.2291696135320738,3.055510787025046,0
Kepler-304 e,1.0,KV,1.4991458747333335,0.0236116666666666,1.215375,1.2886156111866491,1245.4,4808.9,0.6951930000000001,0.7594,4.5551975,0.231890851547579,5.672140222550086,0
Kepler-305 b,1.0,KV,5.487317297284615,0.0567766666666666,3.396818181818183,10.5,846.8,5052.333333333333,0.8039864166666669,0.8199999999999998,4.523473999999999,0.3778811743593373,3.8009920768810894,0
Kepler-305 c,1.0,KV,8.290816787361539,0.07463,3.197545454545455,5.25,738.4,5052.333333333333,0.8039864166666669,0.8199999999999998,4.523473999999999,0.3778811743593373,3.3153179831378194,0
Kepler-305 d,1.0,KV,16.738833904169233,0.1196157142857142,2.6568,6.2,584.2,5056.0,0.8035306363636365,0.825,4.528574,0.3785497735724494,2.6266840640404463,0
Kepler-305 e,1.0,KV,3.20539397,0.0396283333333333,1.8352593285714285,4.39968672613632,1013.6,5045.875,0.8084263333333334,0.8257499999999999,4.519737142857143,0.3801164842954068,4.56558435632801,0
Kepler-306 b,1.0,KV,4.64620816558,0.0512642857142857,1.52,2.7777832486775824,904.4,5028.727272727273,0.7709052,0.8405000000000001,4.554948888888889,0.3409762509901201,4.04982621778602,0
Kepler-306 c,1.0,KV,7.240198838427273,0.06897,2.4127777777777784,5.3306837243266685,779.8,5022.0,0.7745481666666668,0.8361428571428574,4.5542810000000005,0.3423682982008356,3.482451791110263,0
Kepler-306 d,1.0,KV,17.326676293854543,0.1233371428571428,2.413555555555556,5.3339491343185,583.0,5022.0,0.7745481666666666,0.8361428571428574,4.5542810000000005,0.3423682982008354,2.604163719941162,0
Kepler-306 e,1.0,KV,44.841191820118176,0.2327071428571428,2.27,4.747326796000953,424.6,5022.0,0.7745481666666666,0.8361428571428574,4.554281,0.3423682982008354,1.895877921592036,0
Kepler-307 b,1.0,GV,10.416531957857142,0.092115,2.43,7.44,839.6,5558.727272727273,0.814,0.963,4.400611111111111,0.5675970465952181,3.2338729176633234,0
Kepler-307 c,1.0,GV,13.082572402857142,0.1071766666666666,2.2,3.64,778.6,5558.727272727273,0.814,0.963,4.400611111111111,0.5675970465952181,2.9980440157214843,0
Kepler-308 b,1.0,GV,9.694988956899998,0.0891666666666666,2.156625,4.306969607313028,830.6,5819.2,0.91012375,1.0052857142857143,4.521791111111111,0.8522046115484677,3.358292145146347,0
Kepler-308 c,1.0,GV,15.38245163115,0.1214,2.136625,4.231397067184166,712.8,5808.818181818182,0.9085538888888888,1.0071249999999998,4.523818,0.8432228479774608,2.8807616636596025,0
Kepler-309 b,1.0,MV,5.923648880883333,0.053915,1.56,2.9595386771570484,557.6666666666666,4403.538461538462,0.716,0.729,4.653517,0.1729509971503734,3.677764728257399,0
Kepler-309 c,1.0,MV,105.35742563930768,0.3672212499999999,2.402090909090909,5.285912079639945,213.8333333333333,4425.714285714285,0.7418808888888889,0.7332,4.642778181818182,0.1894487355137386,1.4132607897577931,0
Kepler-31 b,1.0,FV,20.860448766666668,0.1550985714285714,5.450555555555556,36.7418,779.8,6247.581818181818,1.1988,1.156875,4.363797777777778,1.9644054388745789,2.7315823834440334,0
Kepler-31 c,1.0,FV,42.63363146666667,0.25006,5.0997,1493.7,614.2,6247.581818181818,1.1988,1.156875,4.363797777777778,1.9644054388745789,2.151275784137959,0
Kepler-31 d,1.0,FV,87.64741748778462,0.3999837499999999,4.129,2161.244,483.2,6212.969230769231,1.2226666666666666,1.146875,4.340524545454546,1.998493802268542,1.6936039310818485,0
Kepler-310 b,1.0,GV,13.930711427549998,0.1100099999999999,1.2828888888888887,1.382438298575534,706.6,5630.0,0.8490335555555555,0.9088,4.538924444444444,0.6497901728362456,2.8747035204298945,0
Kepler-310 c,1.0,GV,56.47583287372727,0.2795285714285714,3.3201111111111112,9.776647894142814,443.2,5618.333333333333,0.8480453000000001,0.928,4.542298,0.642921518299342,1.822367113837073,0
Kepler-310 d,1.0,GV,92.87506677814166,0.3894542857142857,2.4364,7.0,375.8,5618.333333333333,0.8480452999999999,0.9326666666666666,4.542298,0.6429215182993416,1.5477826283670753,0
Kepler-311 b,1.0,GV,9.176131552572729,0.0859514285714285,1.6486666666666665,3.386914020119287,945.8,5893.2363636363625,1.1483333333333332,1.0235999999999998,4.327903999999999,1.4270567129777936,3.4515452620658835,0
Kepler-311 c,1.0,GV,19.73856770887273,0.1431714285714285,1.5188888888888892,2.77283133036561,733.0,5893.236363636364,1.1483333333333332,1.0236,4.327904,1.4270567129777962,2.674311201443171,0
Kepler-311 d,1.0,GV,232.05028935,0.7335575,2.05179999,3.917928845430044,319.6666666666667,5889.7,1.1503333333333332,0.9764000000000002,4.320136,1.4285977275300672,1.153909605269157,0
Kepler-312 b,1.0,FV,1.772442218177778,0.0307683333333333,1.15825,1.2104392604654457,1652.0,6186.488,1.36675,1.196,4.28708,2.4549616630527824,6.235748455919697,0
Kepler-312 c,1.0,FV,19.74735623670909,0.1531528571428571,2.8922222222222222,7.522118164968932,744.4,6185.026666666668,1.3318,1.196888888888889,4.269796000000001,2.32881064061257,2.796014053977733,0
Kepler-313 b,1.0,GV,14.970269449954545,0.1199014285714285,2.234,4.605300999645816,805.0,5818.25,1.536,0.9836,4.268428571428571,2.425726284339428,2.864653280554367,0
Kepler-313 c,1.0,GV,32.275243106599994,0.2000614285714285,2.57,6.00997872089,623.0,5818.25,1.536,0.9836,4.268428571428571,2.425726284339428,2.21769879856395,0
Kepler-314 b,1.0,GV,2.4610678243909088,0.035691873,0.8095000000000001,0.7597695938719717,1219.2,5411.643636363637,0.9126,1.002,4.50042,0.6408664536868351,5.299369175120373,0
Kepler-314 c,1.0,GV,5.960400200483332,0.0645214048624999,2.8128,7.134504585901662,907.8,5395.635,0.929456,0.9864,4.494167,0.6569280002409371,3.910655939457082,0
Kepler-315 b,1.0,GV,96.105854644,0.3913814285714286,4.007555555555555,37.45550264448797,385.0,5755.181818181818,0.9967428571428572,0.8725714285714286,4.448906666666667,0.9778951855406752,1.4933973319815932,0
Kepler-315 c,1.0,GV,265.4708680666667,0.7666666666666666,4.02775,37.95011895231891,274.5,5753.4,1.0112,0.8596666666666666,4.44252,1.0052226087901186,1.0590994366752378,0
Kepler-316 b,1.0,KV,2.2404924310000003,0.0277,1.06,1.0786924147829346,824.4,4204.545454545455,0.5690000000000001,0.598,4.67404,0.0907800861235975,4.647139306466627,0
Kepler-316 c,1.0,KV,6.827781502689999,0.0584333333333333,1.16,1.2128173076864102,568.4,4208.833333333333,0.569,0.598,4.663704000000001,0.0911509703185533,3.199596737524661,0
Kepler-317 b,1.0,GV,5.52417659489,0.0597833333333333,2.1164444444444444,109.8,949.4,5445.6,0.9343494285714286,0.959,4.461893333333333,0.6887973205135018,4.005845770119151,0
Kepler-317 c,1.0,GV,8.77509812356,0.0814166666666666,1.816125,4.288600557714709,814.0,5445.6,0.9343494285714286,0.959,4.461893333333333,0.6887973205135018,3.4326350188401005,0
Kepler-318 b,1.0,GV,4.662718794581818,0.0559057142857142,4.863111111111111,62.064897427253776,1263.8,5855.863333333334,1.189,1.08975,4.3487290000000005,1.491479501362932,4.41580942912548,0
Kepler-318 c,1.0,GV,11.815006437427272,0.1041685714285714,3.9536666666666656,13.623857651193934,926.2,5855.863333333334,1.189,1.08975,4.3487290000000005,1.491479501362932,3.234968593394007,0
Kepler-319 b,1.0,GV,4.3627395211909095,0.0539271428571428,1.63,3.2941074006514026,1342.0,5670.746666666666,0.9420014444444446,0.9705,4.342999999999999,0.8232921455072693,4.242961081138973,0
Kepler-319 c,1.0,GV,6.941357444254546,0.0732757142857142,2.63,6.279367807142926,1151.2,5670.746666666666,0.9420014444444446,0.9705,4.343,0.8232921455072693,3.6399274168285647,0
Kepler-319 d,1.0,GV,31.782102266818185,0.2023128571428571,2.29,4.827112454467896,692.6,5670.746666666666,0.9420014444444444,0.9705,4.342999999999999,0.823292145507269,2.19058955283077,0
Kepler-32 b,1.0,MV,5.901164396823529,0.05132625,2.1514666666666664,1303.0,523.4285714285714,3799.2,0.5268571428571428,0.5423333333333333,4.716168181818182,0.051885286719268,3.251160168827193,0
Kepler-32 c,1.0,MV,8.752000182941178,0.09,2.0702000000000003,158.9,459.1428571428572,3799.2,0.5268571428571429,0.5423333333333333,4.716168181818182,0.0518852867192681,2.455200016651598,0
Kepler-32 d,1.0,MV,22.78059200942941,0.1273575,2.4426428571428573,53.6952,333.7142857142857,3781.2,0.5265,0.5393749999999999,4.712566666666667,0.0508399597319328,2.058297411232533,0
Kepler-32 e,1.0,MV,2.8962592732124994,0.03226875,1.3299285714285711,2.600325,663.7142857142857,3799.2,0.5265000000000001,0.532875,4.716168181818182,0.0518149671681957,4.064401337535002,0
Kepler-32 f,1.0,MV,0.7427472685571429,0.0129285714285714,0.82,1415.669,1055.8333333333333,3805.692307692308,0.5306,0.5495127,4.713685,0.0529857432787863,6.520615340862656,0
Kepler-320 b,1.0,FV,8.3715962725,0.0836716666666666,1.14,1.1857040594245298,1073.75,6317.17,1.164087142857143,1.1043333333333334,4.304705714285714,1.9362039068323225,3.63358952298317,0
Kepler-320 c,1.0,FV,17.934679895555558,0.1391533333333333,1.37,1.5056940606955262,833.25,6289.106,1.108,1.1065714285714283,4.290485,1.7231577166972638,2.8204467409511613,0
Kepler-321 b,1.0,GV,4.915385137427272,0.0570214285714285,1.6378888888888887,3.333143608774958,1082.2,5782.936666666667,1.0258926363636365,1.039111111111111,4.433296,1.0560571450326763,4.269597461071294,0
Kepler-321 c,1.0,GV,13.093907453554545,0.10956,2.2170000000000005,4.538943919778652,781.2,5782.936666666667,1.0258926363636365,1.039111111111111,4.433296,1.0560571450326763,3.080207447203856,0
Kepler-322 b,1.0,GV,1.6538923981099998,0.0257028571428571,1.079111111111111,1.1040430637070775,1476.6,5429.636363636364,0.8427836,0.9081666666666668,4.458297777777778,0.5538663505523624,5.945208109747502,0
Kepler-322 c,1.0,GV,4.3372275762,0.04896,1.7862222222222224,4.118343725546022,1068.6,5421.333333333333,0.842704909090909,0.9097142857142858,4.467552,0.5503834184807767,4.311285532859911,0
Kepler-323 b,1.0,FV,1.6783000674999995,0.0282424999999999,1.5676363636363635,3.9,1860.0,6059.908333333333,1.1405066666666668,1.0875,4.284793333333333,1.573800668473393,6.20637550316173,0
Kepler-323 c,1.0,FV,3.5538394669692304,0.0465475,1.7556363636363634,6.8,1448.8333333333333,6043.026923076923,1.14358,1.0836666666666668,4.289321,1.564735981219257,4.825859359457585,0
Kepler-324 b,1.0,GV,4.385357354636364,0.0502928571428571,1.1284444444444446,2414.4,933.4,5265.272727272727,0.8243333333333333,0.894375,4.555686666666667,0.4685749407195979,4.217757974472583,0
Kepler-324 c,1.0,GV,51.80888350818182,0.2607271428571429,3.0408888888888885,6.2,409.8,5265.272727272727,0.8243333333333333,0.8943749999999999,4.555686666666666,0.4685749407195979,1.8524294925160183,0
Kepler-324 e,1.0,GV,13.979432512999995,0.1089866666666666,2.03862444,235.014,634.0,5269.666666666667,0.8188571428571428,0.891125,4.5576475,0.4639153176061261,2.859944549680409,0
Kepler-325 b,1.0,GV,4.544442148272728,0.0520614285714285,2.821888888888889,7.178369807739052,1088.2,5630.204166666667,0.9412857142857142,0.9052857142857144,4.488466,0.7987840059791449,4.170707922968003,0
Kepler-325 c,1.0,GV,12.762207962172727,0.10364,2.54,5.87738393536614,770.8,5630.204166666666,0.9412857142857142,0.9052857142857144,4.488466,0.7987840059791442,2.955997860437408,0
Kepler-325 d,1.0,GV,38.714922631681816,0.2172114285714285,2.7464444444444447,6.818118657166936,532.6,5630.204166666667,0.941285714285714,0.9052857142857142,4.488466,0.7987840059791446,2.041862445676931,0
Kepler-326 b,1.0,KV,2.248270740558333,0.0325371428571428,1.52,44.6,1514.6,5162.4525,0.801,0.898,4.262624,0.4088642672641362,5.254403800788337,0
Kepler-326 c,1.0,KV,4.5803130659,0.0520471428571428,1.4,17.4,1197.6,5162.452499999999,0.801,0.898,4.262624,0.4088642672641358,4.154461182125439,0
Kepler-326 d,1.0,KV,6.766910381125,0.0675685714285714,1.21,6.9,1050.4,5162.452499999999,0.801,0.898,4.262624000000001,0.4088642672641358,3.6462024945005513,0
Kepler-327 b,1.0,KV,2.5496556688571426,0.0292166666666666,1.2565833333333334,1.3457013364274408,699.2,3834.5,0.5255,0.558,4.713243333333334,0.0535636617836963,4.370959179225556,0
Kepler-327 c,1.0,KV,5.212102784721429,0.0470333333333333,1.1787692307692308,20.3,551.6,3834.5,0.5255000000000001,0.558,4.713243333333334,0.0535636617836963,3.4449998230129166,0
Kepler-327 d,1.0,KV,13.969475556892304,0.0907,1.73,3.809188737834525,397.2,3834.5,0.5224,0.5525,4.713243333333334,0.0529335663205645,2.468524725641448,0
Kepler-328 b,1.0,FV,34.91790326777778,0.219225,2.3,28.5,600.5,6166.5,1.194875,1.1473749999999998,4.34381,1.8522079440454116,2.288140225325445,0
Kepler-328 c,1.0,FV,71.311553641,0.3511599999999999,5.573124999999999,39.4,469.8,6162.888888888889,1.1135,1.1473749999999998,4.360053333333333,1.6047509602245302,1.8079031241081824,0
Kepler-329 b,1.0,KV,7.416355632988888,0.0609333333333333,1.477777777777778,1.6614675785470627,538.2,4216.818181818182,0.5467500000000001,0.599,4.690775555555556,0.0848021643258709,3.1358907699697016,0
Kepler-329 c,1.0,KV,18.68479649462,0.1127833333333333,1.93,4.974619111200722,396.0,4238.333333333333,0.5658,0.599,4.679047,0.092682166127105,2.304973475593964,0
Kepler-33 b,1.0,GV,5.6681117935100005,0.0655971428571428,1.6215555555555556,3.252622569952256,1338.2,5920.727272727273,1.7099125000000002,1.1354444444444445,4.031522222222222,3.223575531287002,4.161170078671656,0
Kepler-33 c,1.0,GV,13.175591050433336,0.11506,2.7571,0.39,1010.8,5919.333333333333,1.708345,1.126272727272727,4.028305,3.2146389278898937,3.129209089111162,0
Kepler-33 d,1.0,GV,21.775777832650004,0.1608028571428571,4.798333333333333,6.57,854.8,5919.333333333333,1.7070409090909089,1.1222307692307694,4.028305,3.209732914971617,2.642221301222495,0
Kepler-33 e,1.0,GV,31.784652957692305,0.2069442857142857,3.631166666666667,7.956666666666667,753.4,5920.727272727273,1.70633,1.1265833333333333,4.031522222222223,3.210082020312843,2.3336188573437227,0
Kepler-33 f,1.0,GV,41.028239442307694,0.2453614285714285,4.0825000000000005,14.816666666666668,692.2,5920.727272727273,1.70633,1.1265833333333333,4.031522222222222,3.210082020312843,2.143154592430616,0
Kepler-330 b,1.0,KV,8.259810667210001,0.0746614285714285,1.3227777777777778,1.4385764861777317,706.4,5040.727272727273,0.7545714285714284,0.8230000000000001,4.586857777777778,0.3298096558901925,3.3206779155050032,0
Kepler-330 c,1.0,KV,15.955437624063636,0.1157757142857142,2.1432222222222226,4.256255465477517,567.0,5034.583333333333,0.7608750000000001,0.8224999999999999,4.581458,0.3337110708405217,2.6658407528016714,0
Kepler-331 b,1.0,KV,8.45748386913,0.0665166666666666,1.82,4.310961920637179,544.8,4456.154545454546,0.5633595555555556,0.653,4.712464999999999,0.1122799362958336,3.1337643517610205,0
Kepler-331 c,1.0,KV,17.281158696629998,0.1073833333333333,1.84,4.427468582926244,428.8,4456.154545454546,0.5633595555555556,0.653,4.712465,0.1122799362958336,2.4663978556767003,0
Kepler-331 d,1.0,KV,32.13414113052,0.16235,1.64,3.343635974779156,349.0,4456.154545454546,0.5633595555555556,0.653,4.712465,0.1122799362958336,2.005882216793454,0
Kepler-332 b,1.0,KV,7.626348004654545,0.0698271428571428,1.296,1.4008334449469524,763.2,5008.0,0.7129251111111112,0.800125,4.575750000000001,0.2868368567685054,3.3856477248397305,0
Kepler-332 c,1.0,KV,15.99560139457,0.11453,1.149375,1.1983957786536992,601.75,5002.363636363636,0.70829075,0.800125,4.577500000000001,0.281847394819641,2.643591055149588,0
Kepler-332 d,1.0,KV,34.21130671516,0.190065,1.250625,1.3374120682503614,467.5,5002.363636363636,0.70829075,0.800125,4.577500000000001,0.281847394819641,2.052120359400122,0
Kepler-333 b,2.0,KV,12.551090467745455,0.0887166666666666,1.4822,28.2,475.2,4289.723333333333,0.6054731818181819,0.6436,4.689071,0.1113773309160482,2.69389332265091,0
Kepler-333 c,2.0,KV,24.08825059426364,0.1372166666666666,1.219111111111111,1.2937676163753895,382.0,4289.723333333332,0.6054731818181819,0.6436,4.689071,0.1113773309160481,2.1661053209258907,0
Kepler-334 b,1.0,GV,5.470336228308334,0.0606665103125,1.0671,1.0880946022296565,1063.6,5883.288333333333,1.012483,1.0346666666666666,4.418487000000001,1.1019093360056982,4.130481733824704,0
Kepler-334 c,1.0,GV,12.758021945866666,0.1066516376,1.4209,1.5788198155703776,802.0,5883.288333333333,1.012483,1.0346666666666666,4.418487,1.1019093360056982,3.115239556523669,0
Kepler-334 d,1.0,GV,25.09851781858333,0.1674022393875,1.4597,1.6350938702542812,640.0,5883.288333333333,1.012483,1.0346666666666666,4.418487000000001,1.1019093360056982,2.486535026142582,0
Kepler-335 b,1.0,GV,6.562270878572727,0.0715228571428571,3.39,10.171369386935046,1035.4,5956.015833333332,1.80818125,1.068,4.195411,3.6914513345117,3.864899299701302,0
Kepler-335 c,1.0,GV,67.84644636493334,0.3413083333333333,3.07,8.424864281082115,483.25,5955.346,1.8031857142857144,1.0941428571428573,4.1879675,3.669431295621601,1.7907648147197048,0
Kepler-336 b,1.0,GV,2.024824557011111,0.03155,0.8857142857142859,0.8540469465995099,1465.0,5967.542222222222,1.304,0.96775,4.419714285714286,1.9347597084745731,5.539325581904903,0
Kepler-336 c,1.0,GV,9.59993926479,0.0887999999999999,2.1,4.094648818362102,872.6,5966.482,1.304,0.96775,4.419714285714285,1.933385120031396,3.3017948901825824,0
Kepler-336 d,1.0,GV,20.678765363370005,0.1481666666666666,2.0442857142857145,3.89071149527346,675.6,5966.482,1.304,0.96775,4.419714285714285,1.933385120031396,2.556120472399473,0
Kepler-337 b,1.0,GV,3.292771578063636,0.0437099999999999,1.421111111111111,1.579124768757416,1453.8,5702.7716666666665,1.6754916666666666,1.013,4.060193,2.6639025102920635,4.814922524537796,0
Kepler-337 c,1.0,GV,9.693141418263638,0.0897642857142857,1.938555555555556,5.028598181394026,1015.0,5702.7716666666665,1.6754916666666668,1.013,4.060193,2.6639025102920644,3.359912109065129,0
Kepler-338 b,1.0,GV,13.727048729628573,0.1165095975999999,2.454166666666666,30.6,991.6,5906.04,1.7415555555555555,1.120375,3.98508,3.3109304039637677,3.1015289376895527,0
Kepler-338 c,1.0,GV,24.311114520992305,0.1706409146749999,2.3721818181818186,5.16156200114833,819.8,5906.04,1.742375,1.1175714285714284,3.98508,3.3140468842991444,2.559593766925725,0
Kepler-338 d,1.0,GV,44.43030550912309,0.255069016125,2.767181818181818,6.916264940803909,670.8,5906.04,1.7423749999999998,1.1175714285714284,3.98508,3.3140468842991435,2.093552111691121,0
Kepler-338 e,1.0,GV,9.341408345,0.0900905097142857,1.6604545454545454,8.5,1127.4,5908.603636363637,1.742375,1.120375,3.9905177777777774,3.3198047487924933,3.527095076290144,0
Kepler-339 b,1.0,GV,4.9776218035909086,0.0548699999999999,1.5021111111111112,2.698690144292694,968.2,5537.806666666667,0.7904483000000001,0.9008,4.56599,0.5272152313849294,4.052487581233327,0
Kepler-339 c,1.0,GV,6.988025546399999,0.0687728571428571,1.1930999999999998,7.3,865.0,5537.806666666666,0.7920439090909092,0.8973333333333334,4.56599,0.5293458665556685,3.612795262387632,0
Kepler-339 d,1.0,GV,10.558323662424998,0.09055,1.206,14.7,753.6,5537.806666666666,0.7920439090909092,0.8973333333333334,4.56599,0.5293458665556685,3.1485287047916186,0
Kepler-34 b,2.0,GV,288.822,1.0896,8.564,69.92,247.58023674796715,5913.0,1.1618,1.0479,4.3284,1.4804171591217234,0.9808472005058672,1
Kepler-340 b,1.0,FIV,14.844431342857144,0.1435,2.53,5.833497152804332,1527.0,7446.61625,1.863,1.9316,3.9646057142857134,9.57527938656568,3.6695062506026654,0
Kepler-340 c,1.0,AV,22.82458944555556,0.1927166666666666,3.37,10.057656792118616,1330.2,7565.486,2.0564,1.9946666666666664,3.998831111111111,12.42946306429066,3.2177367557282115,0
Kepler-341 b,1.0,GV,5.195567087150001,0.0587528571428571,1.1941111111111111,1.2593839704677925,1093.0,5835.363636363636,1.0256666666666667,1.004571428571429,4.389644444444445,1.094394827762686,4.135717822397058,0
Kepler-341 c,1.0,GV,8.010393792672728,0.07845,1.8287777777777776,4.36186965348497,946.0,5821.5,1.0484285714285713,1.00525,4.3790700000000005,1.1326797923526684,3.5802681158162835,0
Kepler-341 d,1.0,GV,27.666462136181817,0.1790685714285714,2.0348888888888887,3.8568018854142423,626.0,5821.5,1.0484285714285717,1.00525,4.3790700000000005,1.1326797923526697,2.369748954911054,0
Kepler-341 e,1.0,GV,42.47225160690909,0.2381671428571428,1.99,5.360453171962905,543.0,5821.5,1.0484285714285713,1.00525,4.3790700000000005,1.1326797923526684,2.054807307339917,0
Kepler-342 b,1.0,FV,15.17026943029091,0.1277971428571429,2.099222222222222,4.091767879065773,871.6,6307.355833333332,1.386,1.2006,4.2730570000000005,2.727756763033643,3.065586544936784,0
Kepler-342 c,1.0,FV,26.234751351111115,0.18439,1.985375,5.330105673439977,730.75,6308.517999999999,1.386,1.20325,4.2705475,2.729767738372404,2.5549607748491927,0
Kepler-342 d,1.0,FV,39.457743062000006,0.2418199999999999,2.499111111111111,5.698920180508794,633.4,6322.652727272726,1.386,1.2006,4.286042222222222,2.7543151162282364,2.22857905772187,0
Kepler-342 e,1.0,FV,1.644223589857143,0.029078,0.9577142857142856,0.945380750892206,1839.25,6346.38625,1.3645,1.2146,4.303531666666666,2.7098355213991496,6.464119198898036,0
Kepler-343 b,1.0,GV,8.968496015336363,0.0859914285714285,2.41,5.31902927848784,961.8,5897.202499999999,1.2931857142857144,1.035,4.293393,1.814662274133906,3.4699049376335123,0
Kepler-343 c,1.0,GV,23.22179827783,0.1623583333333333,1.854375,4.512342488406952,703.25,5877.766363636364,1.2931857142857144,1.033125,4.280436666666666,1.790857061015244,2.522981855386054,0
Kepler-344 b,1.0,GV,21.96399238066364,0.15059,2.587333333333333,6.087227442676225,642.6,5593.537500000001,0.9546208888888889,0.9299,4.45425,0.8003831417223464,2.4853928303724584,0
Kepler-344 c,1.0,GV,125.601334553,0.4812757142857143,2.9975555555555555,8.051147028169648,359.8,5615.754545454546,0.9500435555555554,0.931,4.454222222222223,0.8053957839970194,1.3910823836692274,0
Kepler-345 b,1.0,KV,7.415930018976923,0.0641666666666666,0.8088888888888889,0.7366666666666667,608.2,4487.861999999999,0.641375,0.71,4.652285714285713,0.1497172638422791,3.32697409091109,0
Kepler-345 c,1.0,KV,9.387580010742855,0.0751,1.2,4.690003333333333,562.0,4492.539090909091,0.641375,0.71,4.652285714285713,0.1503423603041183,3.075276643654304,0
Kepler-346 b,1.0,GV,6.511124255163637,0.0694514285714285,2.733555555555556,6.757452770249015,1003.8,5787.333333333333,0.938332,0.99,4.482859,0.88616969351807,3.776173929927821,0
Kepler-346 c,1.0,GV,23.85159937276364,0.1647614285714285,3.196,9.093956327214174,651.6,5787.333333333333,0.938332,0.99,4.482859,0.88616969351807,2.45168577282187,0
Kepler-347 b,1.0,GV,12.798321305954548,0.1085128571428571,2.2648888888888887,4.727038204196718,827.0,5901.583333333333,1.005,1.0535555555555556,4.3315600000000005,1.099249177466035,3.1164711111297496,0
Kepler-347 c,1.0,GV,27.3215107604,0.1799283333333333,1.75,3.9175345811567617,648.0,5886.818181818182,1.005,1.05275,4.312844444444445,1.088289561767252,2.4192894437912438,0
Kepler-347 d,1.0,GV,85.51926308,0.3836079999999999,3.04,8.269129795827153,443.0,5856.714285714285,1.4478000000000002,1.0453333333333334,4.296366666666667,2.2127031093846985,1.6510436522472944,0
Kepler-348 b,1.0,FV,7.056753329318181,0.0765571428571428,1.471111111111111,1.6517302339507154,1117.2,6406.314166666667,1.2691755555555555,1.2186666666666666,4.328339,2.434255605530088,3.990474975220106,0
Kepler-348 c,1.0,FV,17.265427599429998,0.1391266666666666,1.1477499999999998,1.1961936479114057,840.0,6410.433636363637,1.3107633333333333,1.2246,4.317043333333333,2.603083218532108,2.967337339272597,0
Kepler-349 b,1.0,GV,5.929762006316667,0.0646242857142857,1.9691000000000003,94.5,984.4,5860.714166666666,0.9564283333333332,1.0094444444444444,4.467872,0.9682709000323204,3.95292265806814,0
Kepler-349 c,1.0,GV,12.247666897966669,0.1049042857142857,2.057222222222222,3.937624451395059,772.0,5860.714166666668,0.9564283333333332,1.0094444444444444,4.467872,0.9682709000323212,3.1025556461436854,0
Kepler-35 b,2.0,GV,131.458,0.60347,8.16,40.363,296.744201188165,5606.0,1.0284,0.8877,4.3623,0.9371872241409764,1.2130543271584258,0
Kepler-350 b,1.0,FV,11.189637733327272,0.1002,1.649625,21.5669,993.4,6265.16,1.384475,1.1305999999999998,4.243617777777778,2.6496514725362745,3.3596622053206064,0
Kepler-350 c,1.0,FV,17.848505870492303,0.13566,2.8034444444444446,5.747365,850.4,6295.789999999999,1.3038666666666667,1.0932857142857142,4.262034000000001,2.396388071622896,2.839330281848523,0
Kepler-350 d,1.0,FV,26.136264843138463,0.1750999999999999,2.6063333333333336,13.093075,748.6,6295.790000000001,1.3038666666666667,1.0932857142857142,4.262034000000001,2.3963880716228982,2.499186968114038,0
Kepler-351 b,1.0,GV,37.05461799283636,0.2115833333333333,2.8587777777777776,4.8,497.4,5514.454545454545,0.83675,0.912,4.57838,0.5808868392894674,2.076498758223032,0
Kepler-351 c,1.0,GV,57.2485000790909,0.2829,3.1744444444444446,11.1,430.4,5514.454545454545,0.83675,0.912,4.57838,0.5808868392894674,1.795791573720439,0
Kepler-351 d,1.0,GV,142.5434243345,0.5182249999999999,2.728166666666666,6.732164304855445,317.25,5487.444444444444,0.7725,0.899,4.585975,0.4854755605341423,1.3173332379198643,0
Kepler-352 b,1.0,GV,10.055443074354544,0.0852757142857142,0.8867777777777778,0.8553802957580008,683.6,5239.5,0.7462310999999999,0.8390000000000001,4.613132000000001,0.3765268216252238,3.1372077664833014,0
Kepler-352 c,1.0,GV,16.332737013554546,0.1178042857142857,1.3310000000000002,1.4502119254518815,582.4,5239.5,0.7462310999999999,0.8390000000000001,4.613132,0.3765268216252238,2.669164986373485,0
Kepler-352 d,1.0,GV,6.887299386714287,0.066188,0.69104672,0.6185283825045714,779.75,5230.857142857143,0.7569999999999999,0.8163333333333335,4.599906666666667,0.384922277352235,3.5125225421122157,0
Kepler-353 b,2.0,KV,5.7956637680666665,0.0515666666666666,0.89,0.8594230721991121,551.2,3904.538461538461,0.532,0.5498571428571428,4.702621818181819,0.0590190120468794,3.265994056230696,0
Kepler-353 c,2.0,KV,8.4109179374,0.0659166666666666,1.38,1.5199972853761503,487.4,3905.285714285714,0.532,0.5725,4.69601,0.0590642053841963,2.947576672222617,0
Kepler-354 b,1.0,KV,5.476652479739999,0.0539666666666666,1.912,4.862173439391542,732.0,4617.454545454545,0.6994176,0.7108571428571427,4.605124,0.1995140473432978,3.6299726494781246,0
Kepler-354 c,1.0,KV,16.9347474239,0.115,1.3077142857142856,1.4173161260436298,508.0,4625.555555555556,0.701598,0.7093333333333334,4.599395,0.202172527454497,2.483998036744273,0
Kepler-354 d,1.0,KV,24.21028475759,0.1452666666666666,1.24,1.3226599114912934,446.2,4617.454545454545,0.6994176,0.7108571428571429,4.605124,0.1995140473432978,2.2124994133688287,0
Kepler-355 b,1.0,GV,11.03172655989,0.09926,1.5271111111111109,2.8095990953966017,863.0,5939.909090909091,1.0645714285714285,1.05775,4.400544444444445,1.265781241767194,3.264971281144776,0
Kepler-355 c,1.0,GV,25.76259060480909,0.1746128571428571,2.839444444444444,7.263457740708357,650.6,5927.166666666667,1.0645714285714287,1.0424,4.386935,1.254954614828205,2.4437348144638897,0
Kepler-356 b,1.0,FV,4.6126765093909095,0.0561071428571428,1.5031111111111113,2.703075945366424,1239.0,6123.993333333333,1.3228333333333333,1.1108000000000002,4.2575400000000005,2.208202752057624,4.450244198194801,0
Kepler-356 c,1.0,FV,13.121592146881818,0.1128085714285714,1.857444444444444,4.53058864905954,874.0,6123.993333333333,1.3228333333333333,1.1108,4.2575400000000005,2.208202752057624,3.138498097839272,0
Kepler-357 b,1.0,KV,6.475390652349999,0.0625271428571428,1.8044444444444443,4.221610659300673,792.0,4973.272727272727,0.7925205714285714,0.7859999999999999,4.539966666666667,0.3447307640336746,3.5461080534678007,0
Kepler-357 c,1.0,KV,16.858252466463636,0.1185399999999999,2.4202222222222223,5.36197721417073,575.0,4964.666666666667,0.7649931999999999,0.7865,4.545654999999999,0.3189814137941801,2.57627302364214,0
Kepler-357 d,1.0,KV,49.500456666000005,0.2428914285714285,2.9496666666666664,7.808517477993853,401.8,4973.272727272727,0.7925205714285715,0.7860000000000001,4.5399666666666665,0.3447307640336747,1.7992029827149858,0
Kepler-358 b,1.0,GV,34.06070968883,0.2079333333333333,2.8635,7.380820714959863,551.0,5762.537272727273,0.940390888888889,0.9695,4.497486,0.8749065448771527,2.1596672017977507,0
Kepler-358 c,1.0,GV,83.48861955347999,0.3777666666666666,3.107625,8.622125748475103,408.8,5762.537272727273,0.9403908888888888,0.9695,4.497485999999999,0.8749065448771522,1.6022750632298075,0
Kepler-359 b,1.0,GV,25.563703739054542,0.17317,3.65925,11.761019088785892,647.6,5984.454545454545,1.000385125,1.0595,4.475588,1.1516555147672416,2.473939848877636,0
Kepler-359 c,1.0,GV,57.689682253025005,0.2980557142857142,4.819222222222222,2.9,493.6,5984.454545454545,1.000385125,1.064,4.475588,1.1516555147672416,1.889718312740199,0
Kepler-359 d,1.0,FV,77.086836773,0.36155,4.01,2.7,461.0,6016.333333333333,1.0114362857142856,1.08075,4.44924,1.202525988664895,1.7292326348896363,0
Kepler-36 b,1.0,GV,13.850154778666669,0.1149278320875,1.4926666666666666,4.205914688333333,978.3333333333334,5952.083333333333,1.631333333333333,1.0545000000000002,4.050676,2.9967553034695595,3.0296026272557857,0
Kepler-36 c,1.0,GV,16.231461338,0.1277737872375,3.792538461538461,7.13,928.0,5952.083333333333,1.631333333333333,1.0545,4.050676,2.9967553034695595,2.873276310697201,0
Kepler-360 b,1.0,GV,3.28971201987,0.0434899999999999,1.5352222222222225,2.846150397240203,1258.2,5791.636363636364,0.9697255555555556,1.009285714285714,4.457953333333332,0.9492763840010712,4.818227957159408,0
Kepler-360 c,1.0,GV,7.186454702545455,0.0732414285714285,2.1195555555555554,4.167399432131687,970.6,5774.0,0.9374707142857144,1.0042857142857142,4.462887,0.87642021755964,3.7036097878792495,0
Kepler-361 b,1.0,FV,8.486517101499999,0.0843433333333333,1.404875,1.5557112399765949,1051.0,6221.662727272728,1.393778571428571,1.1693333333333331,4.260471111111111,2.6115796426168747,3.724077999773382,0
Kepler-361 c,1.0,FV,55.18693872,0.2942342857142857,2.482666666666667,5.627882028397729,563.8,6232.350909090909,1.2775,1.1316666666666666,4.274906666666666,2.2091197575368686,1.9614968143356215,0
Kepler-362 b,1.0,GV,10.327348834355554,0.0882316666666666,0.88,0.8468909145832229,763.75,5714.344,0.722,0.882,4.4930275,0.4986889779051117,3.1622560712544145,0
Kepler-362 c,1.0,GV,37.8659055120909,0.2112571428571428,1.45,1.6209827860580857,500.2,5730.138333333333,0.722,0.944,4.471833,0.5042253444448054,2.1142448441628474,0
Kepler-363 b,1.0,GV,3.61460211423,0.0490514285714285,1.16,1.2128173076864102,1577.8,5656.49090909091,1.6508199999999995,1.14225,4.019708888888889,2.503096929506384,4.826471401705756,0
Kepler-363 c,1.0,GV,7.542325711681818,0.0802428571428571,1.69,66.4,1234.2,5656.49090909091,1.6508199999999995,1.2126249999999998,4.019708888888889,2.503096929506384,3.888078733948925,0
Kepler-363 d,1.0,GV,11.932074006866666,0.1089428571428571,2.05,3.91140094190118,1059.2,5645.925,1.65184,1.14225,4.016306999999999,2.487517964786876,3.238591613253328,0
Kepler-364 b,1.0,FV,25.7458737655,0.1793342857142857,1.5352222222222225,2.846150397240203,732.6,6260.4075,1.2987583333333332,1.193125,4.308549999999999,2.3246466915242383,2.5798015133351844,0
Kepler-364 c,1.0,FV,59.980970369190906,0.3149571428571428,2.266555555555555,4.7336495267722905,552.6,6260.4075,1.2987583333333337,1.193125,4.30855,2.32464669152424,1.946669505861441,0
Kepler-365 b,1.0,GV,10.66488049985,0.0962333333333333,1.861428571428572,4.5543369312147055,866.2,5908.405,1.0315,1.0324,4.429571428571428,1.1633471829955564,3.27594210024606,0
Kepler-365 c,1.0,GV,17.78370470277778,0.13548,1.6133333333333333,3.212527254985252,731.25,5900.450000000001,1.0315,1.0323999999999998,4.4295,1.1570945624995763,2.760968094053609,0
Kepler-366 b,1.0,FV,3.2819213636100004,0.0446385714285714,1.46,1.6355307451376273,1314.4,6060.272727272727,1.0612857142857142,1.0911666666666668,4.321802222222222,1.3630857021563396,4.944989634156742,0
Kepler-366 c,1.0,FV,12.516160285645451,0.1088657142857142,1.79,4.139628760503337,842.0,6050.833333333333,1.0612857142857144,1.091,4.285083,1.3546130322229375,3.1662251631887237,0
Kepler-367 b,1.0,KV,37.81564046416364,0.2004071428571428,1.1765555555555558,1.23536749651751,392.8,4791.220833333333,0.7083129,0.7703750000000001,4.619842,0.2372055830378436,1.9609633465750305,0
Kepler-367 c,1.0,KV,53.578096846590896,0.2526428571428571,1.2626666666666668,1.354176678957952,349.8,4791.220833333334,0.7083128999999999,0.770375,4.619842,0.2372055830378436,1.7465159745690473,0
Kepler-368 b,1.0,GV,26.847579996754543,0.1729171428571428,3.26,9.443075024351709,576.4,5456.006666666667,2.01400875,0.952,4.147586,3.22486935490645,2.3467911008304805,0
Kepler-368 c,1.0,GV,72.38143142444444,0.3345533333333333,3.88,13.145595925322796,425.75,5478.372,1.9893400000000003,0.9499999999999998,4.14553,3.19826139730594,1.6854043323775818,0
Kepler-369 b,1.0,KV,2.732788655972727,0.0297166666666666,1.1934,1.2584090808682236,643.0,3657.0,0.48975,0.4949999999999999,4.753173636363636,0.0384891730845001,4.082042641086199,0
Kepler-369 c,1.0,KV,14.871498688483332,0.0919833333333333,1.4207,1.5785309250890869,365.8,3656.846153846154,0.48975,0.4949999999999999,4.746989999999999,0.038482696696649,2.320187120168677,0
Kepler-37 b,1.0,GV,13.367191900925,0.1015471246142857,0.2965554981818182,0.79,664.75,5383.25,0.7827372727272728,0.805375,4.58566888888889,0.4616364320330754,2.8166977112883,0
Kepler-37 c,1.0,GV,21.301943135946665,0.1390299648111111,0.7225384615384616,1.3,567.1666666666666,5386.733333333334,0.7817485714285715,0.8035,4.586121666666667,0.4616639350395494,2.404438748088278,0
Kepler-37 d,1.0,GV,39.79221559676471,0.2109391746666666,1.9256428571428568,2.0,460.1666666666667,5387.0,0.781740625,0.8031818181818182,4.5883,0.4617459719129024,1.9516561169482531,0
Kepler-37 e,1.0,GV,51.06864458857144,0.248,0.37,8.1,401.0,5361.8,0.786422,0.7913333333333333,4.6083300000000005,0.458610084212676,1.786606351156132,0
Kepler-370 b,1.0,GV,4.579506156679999,0.0535828571428571,1.4004444444444444,1.5493361370791143,1041.8,5735.820000000001,0.9446,0.9756666666666668,4.489262222222223,0.8664984462085333,4.267885742131297,0
Kepler-370 c,1.0,GV,19.02330934512728,0.13849,2.0186666666666664,3.798592989277539,648.4,5728.7525,0.96075,0.9756666666666668,4.479853999999999,0.8919712888530386,2.654706481777938,0
Kepler-371 b,1.0,GV,34.76306120076364,0.2044099999999999,1.8865555555555555,4.7058038563564,559.4,5837.3358333333335,0.98325,1.012375,4.392437,1.00710900566128,2.2258434754550533,0
Kepler-371 c,1.0,GV,67.96856160333333,0.3176983333333333,1.75775,3.960001406000692,446.75,5821.702,0.943,1.0016666666666667,4.3995725,0.9164591673918842,1.7759434245823036,0
Kepler-372 b,1.0,FV,6.849759607500001,0.07408,1.548125,2.9048699796826902,1119.25,6289.666666666667,1.178857142857143,1.16,4.356842857142857,1.951294082813217,3.957796788419997,0
Kepler-372 c,1.0,FV,20.05439974,0.1519842857142857,2.09,4.057681394385791,793.0,6292.0,1.178857142857143,1.1585714285714286,4.340311111111111,1.954191249868716,2.761449132648792,0
Kepler-372 d,1.0,FV,30.09071772666667,0.1985916666666666,1.69,3.5978541942671107,684.0,6271.0,1.178857142857143,1.1585714285714286,4.3466,1.928232558175989,2.4157716523540453,0
Kepler-373 b,1.0,GV,5.53532857712,0.0599414285714285,1.36,1.4914221229127824,981.6,5675.636363636364,0.8915714285714286,0.9513333333333334,4.431257777777777,0.7400488452899858,3.984536380018033,0
Kepler-373 c,1.0,GV,16.72608367998,0.1253342857142857,1.4118888888888887,1.5658158201564325,679.0,5675.636363636364,0.8915714285714286,0.9513333333333334,4.431257777777778,0.7400488452899858,2.755537945149184,0
Kepler-374 b,1.0,GV,1.89782746694,0.0294628571428571,1.03,1.0391742869142302,1536.4,5842.056363636363,0.911,1.0245,4.353368888888889,0.867340397486138,5.89784745240774,0
Kepler-374 c,1.0,GV,3.28280322231,0.0425885714285714,1.1,1.1319063353632046,1278.0,5842.056363636364,0.911,1.0245,4.35336888888889,0.8673403974861389,4.905512978666841,0
Kepler-374 d,1.0,GV,5.028193955880001,0.0565571428571428,1.31,1.4205374392835255,1109.2,5842.056363636364,0.911,1.0245,4.353368888888889,0.8673403974861389,4.256839094657552,0
Kepler-375 b,1.0,GV,12.12591032511,0.1011071428571428,1.45,1.6209827860580857,766.0,5647.454545454545,0.8716951999999999,0.9421666666666668,4.5016533333333335,0.6934739241859125,3.0531485305296093,0
Kepler-375 c,1.0,GV,19.986713232000007,0.1409628571428571,3.0138888888888884,8.134703931455608,648.8,5647.454545454545,0.8716952000000001,0.9421666666666668,4.5016533333333335,0.6934739241859128,2.585749828990214,0
Kepler-376 b,1.0,GV,4.920309636910001,0.0565328571428571,1.0931111111111111,1.1226996866156402,1181.6,5894.472,1.22225,1.0372,4.28267111111111,1.6180412082865578,4.284062227716108,0
Kepler-376 c,1.0,GV,14.172272917463635,0.1144442857142857,2.034777777777778,3.856401768371278,830.6,5898.552727272728,1.2616,1.0443333333333331,4.270856,1.7286818585019477,3.021325370975451,0
Kepler-377 b,1.0,FV,12.50945371194,0.1058342857142857,1.3465555555555555,1.4722838861415082,828.0,6034.545454545455,1.1653075,1.0466666666666666,4.392257777777778,1.615657067982372,3.1453283479379213,0
Kepler-377 c,1.0,FV,27.01446156465455,0.1767957142857143,1.837888888888889,4.415084047204906,640.4,6029.5,1.1690766666666668,1.0777142857142858,4.385198000000001,1.6206940330891708,2.469397120065304,0
Kepler-378 b,1.0,KV,16.09230560428,0.11725,0.75,0.6879860659818012,688.0,4723.762727272727,0.687016875,0.7574,4.411391,0.2108516284222724,2.54203314357117,0
Kepler-378 c,1.0,KV,28.9060306608,0.17576,0.7,0.6289664092534477,604.5,4730.473333333333,0.6981816666666667,0.7585,4.3559925,0.2190005097364994,2.077747433773289,0
Kepler-379 b,1.0,FV,20.09846103173,0.1499416666666666,1.552375,2.9243665108430865,767.5,6116.272727272727,1.26987375,1.1166,4.311436666666667,2.0246889462621342,2.7293713518937177,0
Kepler-379 c,1.0,FV,62.784526604681815,0.3204571428571428,2.2412222222222224,4.63362995631365,523.2,6127.833333333333,1.2668557142857144,1.1155000000000002,4.318293,2.030354807785521,1.8660565175434172,0
Kepler-38 b,2.0,GV,105.599,0.4632,4.3,122.0,475.0,5623.0,1.752,0.941,3.926,2.753153258082574,1.4255600636928214,0
Kepler-380 b,1.0,FV,3.93085271624,0.0491585714285714,1.176111111111111,1.2347608720058023,1302.8,6071.090909090909,1.2163657142857145,1.0194285714285714,4.3189777777777785,1.8033712208057169,4.5546368742193,0
Kepler-380 c,1.0,FV,7.63007197082,0.07646,1.3543333333333334,1.4833486404165286,1045.0,6071.090909090909,1.2163657142857145,1.0194285714285714,4.3189777777777785,1.8033712208057169,3.6520459889418735,0
Kepler-381 b,1.0,FV,5.629044256554545,0.0667414285714285,0.99,0.9870195456944256,1533.8,6407.412500000001,1.5563885714285717,1.281,4.064671,3.6631664486255926,4.381792419543374,0
Kepler-381 c,1.0,FV,13.391514703327273,0.1188414285714285,1.2720000000000002,1.3672037619572384,1149.0,6407.412499999999,1.5563885714285717,1.281,4.064671,3.66316644862559,3.283716210986052,0
Kepler-381 d,1.0,FIV,8.256287046625001,0.0862899999999999,1.2142552142857144,1.2870723788070395,1350.4,6429.45625,2.1100000000000003,1.251,3.993224285714286,6.825771447812991,3.808232055316585,0
Kepler-382 b,1.0,GV,5.26213828353,0.05631,1.32,1.4346504885762243,1052.2,5613.74,1.0088571428571431,0.9056666666666668,4.354133333333333,0.906897853882879,4.011126994093544,0
Kepler-382 c,1.0,GV,12.162780904319998,0.0984728571428571,1.59,3.100337571535927,796.4,5613.74,1.008857142857143,0.9056666666666668,4.354133333333333,0.9068978538828786,3.033199015509902,0
Kepler-383 b,1.0,KV,12.90471137355,0.0949333333333333,1.3842857142857146,1.5261367769913463,556.0,4660.625,0.6958,0.69025,4.601,0.2049440623956777,2.6969247353531705,0
Kepler-383 c,1.0,KV,31.20092248297778,0.17135,1.3614285714285714,1.4934590495680562,414.0,4666.388888888889,0.6958,0.69025,4.601,0.205959778503214,2.007410249494388,0
Kepler-384 b,1.0,GV,22.59690338124545,0.1479557142857142,1.12,1.158733143787717,631.8,5591.954999999999,0.882,0.9368333333333332,4.274561,0.6824670555315266,2.516751174469823,0
Kepler-384 c,1.0,GV,45.348377883936365,0.2354842857142856,1.13,1.1722007003678263,500.6,5591.954999999999,0.882,0.9368333333333332,4.274561,0.6824670555315266,1.9949186287801688,0
Kepler-385 b,1.0,FV,10.043734627272729,0.0941857142857142,2.9593000000000003,12.8,954.2,6098.363636363636,1.143222222222222,1.0850000000000002,4.369464444444444,1.6218266558700265,3.394668224355815,0
Kepler-385 c,1.0,FV,15.162419944545457,0.1239,3.0878,13.2,831.6,6098.363636363636,1.143222222222222,1.085,4.369464444444443,1.6218266558700265,2.9597443479346635,0
Kepler-385 d,1.0,FV,56.41490180875,0.29594,2.5372741333333333,5.865405536701115,545.5,6071.625,1.155,1.07,4.352252857142857,1.626573080305649,1.9018008540278413,0
Kepler-386 b,1.0,KV,12.310257113677777,0.096255,1.364375,1.4976622356747933,641.25,5091.8,0.7979999999999999,0.814,4.5471925,0.3840439957327622,2.908543324444398,0
Kepler-386 c,1.0,KV,25.193550080290912,0.1551671428571428,1.58,3.05297531055635,505.4,5091.25,0.7924,0.8057500000000001,4.544480999999999,0.3785092315515428,2.2791623357811885,0
Kepler-387 b,1.0,GV,6.79164522366,0.0695585714285714,1.0843333333333331,1.11099384042481,1057.8,5991.429090909091,1.0733333333333333,1.0273333333333334,4.382631111111111,1.331928092551278,3.843751891195473,0
Kepler-387 c,1.0,GV,11.83765522951,0.1007471428571428,0.89,0.8594230721991121,878.4,5991.429090909091,1.0733333333333337,1.0273333333333334,4.382631111111111,1.3319280925512793,3.193848448184029,0
Kepler-388 b,1.0,KV,3.1732595283444445,0.0361333333333333,0.9071428571428573,0.8810050358544697,828.0,4516.0,0.6206666666666666,0.6277999999999999,4.646857142857143,0.143754823849617,4.168997415770202,0
Kepler-388 c,1.0,KV,13.29710350927778,0.0938333333333333,0.965714285714286,0.9556596569407396,513.4,4516.0,0.6206666666666666,0.6278,4.646857142857143,0.143754823849617,2.587063373323769,0
Kepler-389 b,1.0,GV,3.2441625845800006,0.0404214285714285,1.592666666666667,3.1130402311626844,1043.2,5212.818181818182,0.7656125714285714,0.8345714285714284,4.580062222222223,0.3883276115128567,4.544654906912991,0
Kepler-389 c,1.0,GV,14.512134061344446,0.10881,1.524625,2.798451663082761,636.0,5216.7,0.7656125714285714,0.8244,4.58132,0.3894856045630658,2.753021292779428,0
Kepler-39 b,1.0,FIV,21.087208848461536,0.1558,13.435671636363638,6046.585000000001,857.125,6309.168571428571,1.29992,1.158,4.250648333333333,2.4022136273217924,2.7267513511504005,0
Kepler-390 b,2.0,KV,6.738089779590001,0.0648999999999999,0.7907777777777778,0.7370056093784549,786.8,5183.8836363636365,0.7807142857142857,0.809,4.566633333333333,0.3949072251941912,3.5312372442893945,0
Kepler-390 c,2.0,KV,13.06005201112222,0.1006099999999999,0.8251250000000001,0.7788891775642925,630.0,5171.372,0.7963333333333334,0.8031666666666667,4.5612125,0.4069141184988631,2.825902980244661,0
Kepler-391 b,1.0,KIII,7.416878381572727,0.08093375,2.5834,1100.0,930.0,5107.196666666667,2.68241,1.2652857142857143,3.612625,4.3920825729716375,3.954617232921625,0
Kepler-391 c,1.0,KIII,20.48716215653636,0.1601642857142857,2.975111111111111,450.0,662.0,5092.045,2.689157777777778,1.3098,3.594428571428572,4.362057133371609,2.860188370016836,0
Kepler-392 b,1.0,FV,5.34184336774,0.0605585714285714,1.0717777777777775,1.094299428952244,1313.8,6142.274545454546,1.14288,1.1036666666666668,4.273271111111112,1.6680459632870912,4.2697862681380965,0
Kepler-392 c,1.0,FV,10.423126744222222,0.0938216666666666,1.17375,1.2315393327972428,1041.25,6108.302000000001,1.14288,1.1036666666666668,4.282430000000001,1.631447560468181,3.430381134060905,0
Kepler-393 b,1.0,FV,9.18246154408,0.0927042857142857,1.4495555555555557,1.6203369069075515,1199.0,6466.581818181818,1.5230625,1.2844285714285717,4.188108888888888,3.6393548920368857,3.722888735248019,0
Kepler-393 c,1.0,FV,14.61347216378,0.12644,1.389888888888889,1.53417219705339,1026.6,6466.581818181818,1.5230625,1.2844285714285717,4.188108888888888,3.6393548920368857,3.1877754319860605,0
Kepler-394 b,1.0,FV,8.00508720493,0.0812271428571428,1.6254444444444447,3.2716888834180384,1050.0,6208.0,1.116,1.1345,4.406804444444444,1.6596827194947152,3.737891108399092,0
Kepler-394 c,1.0,FV,12.13076843555,0.1071842857142857,1.6965555555555558,3.632002418229743,914.8,6208.0,1.116,1.1344999999999998,4.406804444444444,1.6596827194947152,3.2539559919183003,0
Kepler-394 d,1.0,FV,5.613567305875,0.06379,1.439095448571429,1.6051531653403752,1183.0,6289.25,1.1273333333333333,1.141,4.406802857142857,1.7839799981878957,4.230011081519592,0
Kepler-395 b,1.0,KV,7.0539206742583325,0.0570185714285714,1.0215833333333333,1.028148718861046,492.5,3876.769230769231,0.546,0.5696,4.750687272727273,0.0604164127008935,3.1611987988801697,0
Kepler-395 c,1.0,KV,34.98924684128571,0.1656714285714285,1.3252307692307694,1.442045501278241,289.5,3879.466666666666,0.546,0.5932564444444445,4.729701538461539,0.0605847379836312,1.8926591457197497,1
Kepler-396 b,1.0,GV,42.992500377,0.230895,3.3358888888888893,75.5,522.8,5587.722,0.9791503333333336,0.8882499999999999,4.386173333333334,0.838547688480086,1.961712357429728,0
Kepler-396 c,1.0,GV,88.51142203818182,0.3736599999999999,5.391888888888889,17.9,410.8,5593.4745454545455,0.974986,0.928,4.394556,0.8348592693232929,1.5761976198374643,0
Kepler-397 b,1.0,GV,22.2508537,0.142,2.46,5.5306567229520365,512.0,5212.285714285715,0.7560000000000001,0.756,4.607857142857142,0.3784829291137446,2.307765675205673,0
Kepler-397 c,1.0,GV,135.49785355210005,0.4737499999999999,5.992857142857143,107.05933579153071,280.4,5212.285714285715,0.756,0.756,4.607857142857143,0.3784829291137445,1.2634593400120029,0
Kepler-398 b,1.0,KV,4.081415095590001,0.044,0.953625,0.9401365046548192,753.8,4520.909090909091,0.6392718888888889,0.7101249999999999,4.676772,0.153166631381456,4.018056570149726,0
Kepler-398 c,1.0,KV,11.41944045931,0.0873999999999999,0.988125,0.984590074626398,534.6,4520.909090909091,0.639271888888889,0.7101250000000001,4.676772,0.1531666313814561,2.850930753394045,0
Kepler-398 d,1.0,KV,6.834389630233334,0.0621199999999999,0.8884285714285713,0.8574509223306092,634.2,4523.7,0.6456052222222222,0.7101249999999999,4.675413333333333,0.1566026486373247,3.381634468902902,0
Kepler-399 b,1.0,GV,14.425245576244444,0.1064,0.96,0.9483149626003912,662.0,5537.714285714285,0.7476666666666666,0.7557499999999999,4.543,0.471658936304194,2.66558937062361,0
Kepler-399 c,1.0,GV,26.67571754229,0.1602333333333333,1.43,1.5919772188518195,539.6,5537.714285714285,0.7476666666666666,0.7557499999999999,4.543,0.471658936304194,2.1721390746528213,0
Kepler-399 d,1.0,GV,58.03405374572,0.2692166666666667,1.89,4.726795377909676,416.4,5537.714285714285,0.7476666666666666,0.7557499999999999,4.543,0.471658936304194,1.675764903723025,0
Kepler-4 b,1.0,GV,3.21364945505,0.04435625,4.0780912,24.154625000000003,1527.428571428571,5811.615384615385,1.5401358333333337,1.12225,4.116346363636365,2.4277019093647927,5.030861713150868,0
Kepler-40 b,1.0,FIV,6.873217451984616,0.0799222222222222,13.518122727272727,679.355125,1503.25,6375.714285714285,2.269003076923077,1.4860000000000002,3.9172124999999993,7.632651035497034,4.312713549540695,0
Kepler-400 b,1.0,GV,9.02437752221,0.08645,1.67,3.4948471767778697,967.0,5985.533,1.1371666666666669,1.064,4.352571428571429,1.4891875951492264,3.5088378503311306,0
Kepler-400 c,1.0,GV,17.340858925539997,0.1333666666666666,1.5357142857142858,2.84837676950983,778.4,5985.533,1.1371666666666669,1.064,4.352571428571428,1.4891875951492264,2.8250240514463725,0
Kepler-401 b,1.0,FV,14.383331544954547,0.1198985714285714,1.892111111111111,4.739688411273956,944.6,6192.083333333333,1.3824,1.15,4.165256,2.520603123600056,3.097539832609661,0
Kepler-401 c,1.0,FV,47.31905001730001,0.2651014285714285,2.4264444444444444,5.388199524230957,635.4,6192.083333333333,1.3824,1.15,4.165256,2.520603123600056,2.0831371791358,0
Kepler-401 d,1.0,FV,184.25865344014284,0.65229,2.27,4.747326796000953,398.6666666666667,6168.375,1.29,1.148,4.163673333333334,2.161485586644308,1.326861423221828,0
Kepler-402 b,1.0,FV,4.028755730120001,0.0514214285714285,1.2183333333333333,1.292694689064076,1375.6,6284.1618181818185,1.225857142857143,1.1616666666666666,4.3419,2.102611389287937,4.753830348885545,0
Kepler-402 c,1.0,FV,6.124807469818182,0.0680257142857142,1.5274444444444444,2.8110957119322184,1197.4,6279.0975,1.2065714285714286,1.167142857142857,4.352165,2.030415083096873,4.14286171237193,0
Kepler-402 d,1.0,FV,8.921130993136364,0.0873728571428571,1.2493333333333334,1.3356166541451526,1056.2,6279.0975,1.2065714285714286,1.167142857142857,4.352165,2.030415083096873,3.6555162886973465,0
Kepler-402 e,1.0,FV,11.24281679161818,0.1020285714285714,1.495666666666667,1.687661174170843,977.4,6279.0975,1.2065714285714289,1.167142857142857,4.352165,2.030415083096873,3.3827981882274507,0
Kepler-403 b,1.0,FV,7.0314424630416665,0.076074262,1.3563999999999998,1.4862919152596048,1070.6,6129.2575,1.52025,1.168,4.213661,2.926518964106733,3.919020465386283,0
Kepler-403 c,1.0,FV,54.28108975575001,0.29710279245,1.854,4.510116297784382,541.6,6129.2575,1.52025,1.168,4.213661,2.926518964106733,1.983092803453276,0
Kepler-403 d,1.0,FV,13.61166559225,0.1184191685666666,1.434125,1.5979497148221051,864.25,6115.808999999999,1.45,1.1749999999999998,4.17882625,2.639012876337952,3.1505248791947302,0
Kepler-404 b,1.0,GV,11.829168707914286,0.099534,1.1788333333333332,1.2384775257961873,724.0,5488.5,0.8267154285714285,0.9338,4.572299999999999,0.5564377804120582,3.063488045973619,0
Kepler-404 c,1.0,GV,14.751199933333332,0.1153599999999999,1.5356666666666667,2.848161269225965,672.0,5509.428571428572,0.8325006666666668,0.93725,4.56588,0.5729084891264988,2.8508547113377407,0
Kepler-405 b,1.0,GV,10.61370907517,0.09351,2.1724444444444444,4.367194057359455,772.0,5633.727272727273,0.87,0.9613333333333332,4.567875555555554,0.6840874632404106,3.206881823999402,0
Kepler-405 c,1.0,GV,29.727129315,0.1857457142857142,4.66,55.52483064115294,547.4,5633.727272727273,0.87,0.9613333333333332,4.567875555555556,0.6840874632404106,2.2753729122462256,0
Kepler-406 b,1.0,GV,2.42630147885,0.0358376950142857,1.4032,5.840991145,1319.0,5639.0,1.08075,1.053375,4.417006,1.0596165106457005,5.42246119625201,0
Kepler-406 c,1.0,GV,4.623344848836364,0.0551431182714285,0.7998999999999998,2.71,1063.2,5642.818181818182,1.071,1.053375,4.426448888888888,1.0434052551066542,4.371402807149076,0
Kepler-407 b,1.0,GV,0.6693122051230769,0.0151588463999999,1.1642727272727271,1.93,2037.6,5527.076923076923,1.0463257142857143,0.9955,4.390807272727272,0.9166545168771604,8.105177682948542,0
Kepler-407 c,1.0,GV,3000.0,3.27090369,51.373364934785016,3762.204917,123.38609058672698,5476.0,1.01,1.0335,4.426,0.8229744557438815,0.5622071261050122,0
Kepler-408 b,1.0,FV,2.4650274662454548,0.0362157468857142,0.7201999999999998,5.0,1568.2,6100.727272727273,1.237371111111111,1.077,4.286384444444444,1.902901188808708,5.454238348305164,0
Kepler-409 b,1.0,GV,68.95846793416668,0.3197661568625,1.0570000000000002,6.0,409.3333333333333,5432.0,0.8971187272727273,0.921,4.488515555555555,0.6286786911181852,1.6974170116698457,0
Kepler-41 b,1.0,GV,1.8555577644866663,0.028829,14.46,173.469354,1554.3333333333333,5670.265625,1.29,1.0012857142857143,4.379117142857143,1.5434156036518616,5.894394580691219,0
Kepler-410 A b,2.0,FV,17.833740246,0.1370571428571428,2.5863333333333336,6.082758084049358,857.6,6307.636363636364,1.3808300000000002,1.2313333333333334,4.248592,2.70792649071736,2.997864263688279,0
Kepler-411 b,2.0,KV,3.0051561083153846,0.0380851569888888,2.401,25.6,1009.0,4928.181818181818,0.7564438,0.8305999999999999,4.592279,0.3028238479922353,4.670819367199135,0
Kepler-411 c,2.0,KV,7.834431819149999,0.072538640375,4.421,26.4,730.8333333333334,4923.6,0.7564438,0.8306666666666666,4.598087777777778,0.3016992546957684,3.384571320161982,0
Kepler-411 d,2.0,KV,58.01963612000001,0.2755576718,3.4372857142857143,15.2,373.0,4930.857142857143,0.7606131428571429,0.8344285714285714,4.597976666666668,0.3068366143417992,1.74045706302475,0
Kepler-412 b,1.0,GV,1.7208611450416669,0.02937125,13.4905194,297.3788133333333,1691.3333333333333,5907.883846153846,1.2860075,1.1181666666666668,4.3167990909090905,1.8076096256879213,6.1711633143028175,0
Kepler-413 b,2.0,KV,66.262,0.3553,4.347,67.0,281.6664058081836,4700.0,0.7761,0.82,4.5721,0.2637039581842913,1.519442628161001,1
Kepler-414 b,1.0,GV,4.6996888092,0.0532833333333333,1.947222222222222,3.5,1025.8,5516.2,0.940305111111111,0.919375,4.4557150000000005,0.7344926585083348,4.154565746028268,0
Kepler-414 c,1.0,GV,7.170754586700001,0.0706916666666666,2.890888888888889,29.9,890.8,5516.2,0.9403051111111111,0.919375,4.4557150000000005,0.734492658508335,3.606925884986943,0
Kepler-415 b,1.0,KV,4.176304065,0.0440799999999999,1.21,119.9,736.4,4445.28,0.6338333333333334,0.6686666666666667,4.64962,0.1407461378242939,3.8954625009717474,0
Kepler-415 c,1.0,KV,8.707953940000001,0.07192,2.404857142857143,5.297483800981845,576.0,4431.386666666666,0.6338333333333334,0.6702857142857142,4.639959999999999,0.1389948107606298,3.053374865833326,0
Kepler-416 b,1.0,GV,6.319387923,0.06715,2.5741111111111112,58.2,1034.8,5774.354000000001,1.06504,1.0034999999999998,4.3799725,1.1314498470702892,3.866434558347223,0
Kepler-416 c,1.0,GV,12.209420545,0.1041733333333333,2.512,5.754893707152909,830.2,5774.354,1.06504,1.0035,4.3799725,1.1314498470702887,3.104240723175064,0
Kepler-416 d,1.0,GV,3.076452570875,0.0414333333333333,1.6494285742857144,3.390734412315419,1317.0,5789.6587500000005,1.0596933333333334,0.9945,4.378984285714286,1.1320409070532251,4.900071766422352,0
Kepler-417 b,1.0,GV,12.330929716666668,0.1010799999999999,2.394,11.0,666.4,5282.255555555556,0.805,0.8897142857142857,4.57942,0.452646581583176,2.9673423117823736,0
Kepler-417 c,1.0,GV,15.94258847888889,0.11992,2.6711428571428573,6.4673225188956005,612.0,5282.255555555556,0.805,0.8897142857142858,4.57942,0.452646581583176,2.724297024155006,0
Kepler-418 b,1.0,GV,86.67856922624999,0.3883983333333334,13.45,349.61212385,443.8,5974.2307692307695,1.0745591666666667,1.0509,4.393982,1.319709957975718,1.6451935613699,0
Kepler-418 c,1.0,GV,12.21827819111111,0.1051533333333333,4.967726648571428,65.61023184247912,853.2,5997.666666666667,1.07475,1.04575,4.3959850000000005,1.341016305481572,3.154114089875906,0
Kepler-419 b,1.0,FV,69.73238944636363,0.3662849999999999,10.8,807.2507,561.8,6375.5,1.7259999999999998,1.3274444444444446,4.156922222222222,4.415993577097573,1.904029155059265,0
Kepler-419 c,1.0,FV,675.47,1.68,40.76526679979367,2320.1,265.3425584465294,6430.0,1.74,1.39,4.1,4.643358742424966,0.9097618962861168,0
Kepler-42 b,1.0,MV,1.2137702103636363,0.0124757142857142,0.8964000000000001,0.705944,519.0,3181.454545454545,0.1763801666666666,0.1434057272727272,5.023857142857144,0.0028595140717177,3.390982293670946,0
Kepler-42 c,1.0,MV,0.4532872017777778,0.0065799999999999,0.73,60.337,720.0,3294.7,0.1706561999999999,0.1363847777777777,5.0134,0.0030789135543002,4.553496293256143,0
Kepler-42 d,1.0,MV,1.865118604181818,0.01655,0.57,0.357785,450.0,3181.454545454545,0.1763801666666666,0.1434057272727272,5.023857142857144,0.0028595140717177,2.9441452560426367,0
Kepler-421 b,1.0,GV,647.6748173333334,1.277936,4.525833333333334,51.44856110846755,189.25,5277.334285714285,0.803117,0.7756000000000001,4.542496000000001,0.4488548345542873,0.7791827546365762,0
Kepler-422 b,1.0,GV,7.891448693392308,0.08062375,12.458434999999998,146.19835,1000.8,5914.571428571428,1.2271,1.1031666666666669,4.306930909090909,1.653266577887648,3.699679065672781,0
Kepler-423 b,1.0,GV,2.6843285381750004,0.0373337499999999,13.0524128,203.5119933333333,1605.0,5745.158461538462,0.9803166666666664,0.85,4.46510909090909,0.9393569862586132,4.772364861322379,0
Kepler-424 b,1.0,GV,3.3118642640333333,0.04275375,9.312801,334.66754000000003,1146.6,5447.076923076923,0.9727142857142856,0.92575,4.40702,0.7473335368613595,4.654089574515332,0
Kepler-424 c,1.0,GV,223.3,0.73,39.87256484851439,2215.18,251.2297669928413,5460.0,0.94,1.01,4.5,0.7045569900555396,1.1764520770208022,1
Kepler-425 b,1.0,KV,3.797018122990909,0.0460171428571428,10.023266888888893,75.63979,980.3333333333334,5205.09,0.8323893,0.9114444444444444,4.565065,0.456305601994402,4.451232300897635,0
Kepler-426 b,1.0,GV,3.2175188096750005,0.04149875,11.714081,107.584355,1216.6666666666667,5688.769230769231,0.9095985384615384,0.9537,4.499025999999999,0.777432378642139,4.794721292979408,0
Kepler-427 b,1.0,GV,10.290994374127273,0.0926285714285714,13.79,92.48818,941.0,5958.416666666667,1.2261471428571429,1.0315000000000003,4.328467999999999,1.7001941204590212,3.3376217512884003,0
Kepler-428 b,1.0,KV,3.5256325364636365,0.0430442857142857,11.58408,405.2262,965.1666666666666,5078.845833333334,0.7877549090909092,0.8507999999999999,4.5732566666666665,0.3704522246507002,4.446629776462657,0
Kepler-43 b,1.0,FV,3.024093158571428,0.0441758333333333,12.392374714285712,998.4953,1533.7777777777778,6026.4,1.36324,1.2415454545454545,4.269884545454546,2.1992080113553074,5.3022954164335285,0
Kepler-430 b,1.0,GV,35.968204739,0.2203314285714285,3.25,9.388114675686952,636.6666666666666,5928.227272727273,1.3127733333333331,1.1129999999999998,4.243117777777778,1.9097157171949024,2.247938062796425,0
Kepler-430 c,1.0,GV,110.97613611177776,0.4670716666666666,1.5975,3.1361419738522227,438.0,5896.85,1.32562,1.1156,4.2297575,1.9063747102425808,1.545743664851586,0
Kepler-431 b,1.0,FV,6.8025942766666665,0.07273,0.764,0.7047277388690023,1032.0,6124.771,1.092,1.101625,4.1437825,1.505547799535597,3.892557904855502,0
Kepler-431 c,1.0,FV,8.70325503111111,0.0856771428571428,0.668,0.5918469327471553,951.0,6124.771,1.092,1.101625,4.1437825,1.505547799535597,3.5864054670775904,0
Kepler-431 d,1.0,FV,11.921660444444443,0.1057314285714285,1.223111111111111,1.299288770334594,856.0,6124.771,1.092,1.101625,4.1437825,1.505547799535597,3.228418486381302,0
Kepler-432 b,2.0,KIV,52.50110518116154,0.3041599999999999,12.074146363636364,1719.4603,799.0,4995.689230769231,4.059809230769231,1.347125,3.314142857142857,9.21049052351314,2.104882619946158,0
Kepler-432 c,2.0,KIV,406.2,1.177491479995614,24.083690851281748,772.3269,376.093284515182,4995.0,4.06,1.32,3.345,9.206273809458915,1.0589685514183411,0
Kepler-433 b,1.0,FIV,5.33408367088889,0.0631714285714285,16.25,894.67115,1776.0,6203.1,1.9283333333333328,1.46,4.147012500000001,4.939570599035774,4.808294534742177,0
Kepler-434 b,1.0,GV,12.8747088144,0.1110857142857142,12.67,928.0467,1000.0,5903.354545454545,1.28625,1.046375,4.358335555555556,1.802752445974384,3.0696549140674865,0
Kepler-435 b,1.0,FIV,8.600153075038463,0.0885975,22.31,268.56275000000005,1729.0,6180.632142857142,3.21,1.538,3.964777272727273,13.490607263249773,4.16718151569555,0
Kepler-436 b,1.0,KV,64.00150525856,0.339,2.73,6.740762556520051,283.75,4531.818181818182,0.693019375,0.7217142857142856,4.644742222222222,0.181748365124309,1.4593443660517564,1
Kepler-436 c,1.0,KV,16.797138641900002,0.1081866666666666,2.0903750000000003,4.059064806550414,444.4,4515.363636363636,0.678269375,0.7094285714285714,4.655964444444444,0.1715794183876302,2.5611938575430844,0
Kepler-437 b,1.0,KV,66.65053564875001,0.2793199999999999,2.14,4.244105483437116,297.5,4492.0,0.645,0.6529999999999999,4.6338333333333335,0.1519736413956568,1.529257284605834,1
Kepler-438 b,1.0,KV,35.23309598605,0.16666,1.0242857142857142,1.031685793690832,276.75,3738.6,0.528,0.556,4.697656,0.0488645272650659,1.826823926331339,1
Kepler-439 b,1.0,GV,178.1398872368182,0.5885266666666666,2.39725,5.265690412134994,285.75,5504.166666666667,0.9181462222222222,0.90925,4.514228,0.6941924033698252,1.2431787153418508,0
Kepler-44 b,1.0,GIV,3.246731636615385,0.0441333333333333,12.756361,320.2865325,1459.0,5767.384615384615,1.4569053846153848,1.0782,4.146261818181818,2.1070178035503053,4.943576766880552,0
Kepler-440 b,1.0,KV,101.1110969611,0.242,1.666125,3.4750935276929766,208.0,3947.2,0.5499999999999999,0.5676666666666667,4.692174444444444,0.0658827558942706,1.5318420874277998,0
Kepler-441 b,1.0,KV,207.24805612937504,0.59252,1.7617142857142856,3.981828598982236,192.75,4216.444444444444,0.5785047999999999,0.5924211428571429,4.6650325,0.094905048040193,1.000089233083092,0
Kepler-442 b,1.0,KV,112.30459036066668,0.39508,1.4721428571428574,1.6532363397486645,255.25,4510.2,0.6311957499999999,0.6464000000000001,4.663674444444444,0.1479112422244798,1.279331623711851,1
Kepler-443 b,1.0,KV,177.6701089603,0.5556900000000001,2.2361250000000004,4.613627705796149,242.75,4794.090909090909,0.7303333333333333,0.748,4.5752444444444444,0.252788408916675,1.160404734808334,1
Kepler-444 b,3.0,KV,3.600110857142857,0.04023321594,0.4080454516666667,0.311832304099685,888.0,5032.0,0.7676320000000001,0.7076666666666668,4.60092,0.3389678596935446,4.194662076092086,0
Kepler-444 c,3.0,KV,4.545876816444444,0.0467956957333333,0.497,0.4029612688398591,816.25,5034.888888888889,0.7738584,0.7076666666666668,4.605753750000001,0.3452807892148047,3.889433938399701,0
Kepler-444 d,3.0,KV,6.189366078000001,0.05746923325,0.53,0.2,736.5,5034.888888888889,0.7738584000000002,0.70575,4.60575375,0.3452807892148049,3.504957255845999,0
Kepler-444 e,3.0,KV,7.743434995999999,0.0667379769166666,0.546,0.1,683.5,5034.888888888889,0.7738584,0.70575,4.60575375,0.3452807892148047,3.252474562877608,0
Kepler-444 f,3.0,KV,9.74048435111111,0.0777704246,0.741,0.6772728563711057,633.25,5034.888888888889,0.7738584000000002,0.7076666666666668,4.605753750000001,0.3452807892148049,3.017047298318712,0
Kepler-445 b,1.0,MV,2.98415550558,0.02258,1.567,2.99204658735867,431.6,3226.9166666666665,0.2378008888888888,0.1959568888888889,5.00351,0.0055013312758816,2.946410700401285,0
Kepler-445 c,1.0,MV,4.8712250658,0.0312799999999999,2.4044,5.295570652216097,367.2,3226.9166666666665,0.2378008888888889,0.1959568888888888,5.00351,0.0055013312758816,2.5033517635493765,0
Kepler-445 d,1.0,MV,8.152751021999999,0.0439,1.25,1.336543249988985,305.0,3228.6666666666665,0.21,0.18,4.956013333333334,0.0042995329285327,2.02525156485318,0
Kepler-446 b,1.0,MV,1.5654123000399998,0.0204,1.5,1.6940204031852832,768.8,3429.4166666666665,0.24,0.22,4.83315,0.0071481449413097,3.2845149326714043,0
Kepler-446 c,1.0,MV,3.036209429211111,0.031075,1.11,1.1453016131561655,567.25,3424.1,0.2600705714285714,0.22,4.906043749999999,0.0083417665642643,2.661219859511774,0
Kepler-446 d,1.0,MV,5.14892634352,0.04496,1.35,1.4771816328888263,518.0,3429.4166666666665,0.24,0.22,4.83315,0.0071481449413097,2.2124485145707804,0
Kepler-447 b,1.0,GV,7.794301668,0.0731071428571428,18.49,435.41,869.6,5539.698461538462,0.9203117777777778,0.9385714285714286,4.444058181818181,0.7156559936413508,3.5836760402209595,0
Kepler-449 b,1.0,GV,12.582306222320002,0.1041599999999999,2.056,3.933180792275247,921.0,5615.372,1.4652500000000002,0.96375,4.088500000000001,1.9152586772394125,3.0423326194110905,0
Kepler-449 c,1.0,GV,33.67276893212,0.2008599999999999,2.764,6.901162814327872,663.4,5615.372,1.4652500000000002,0.96375,4.088500000000001,1.9152586772394125,2.190838934200689,0
Kepler-45 b,1.0,MV,2.4555412438066666,0.0295644444444444,10.928387928571428,157.74724,1000.0,3817.266666666667,0.5523,0.583,4.6920158333333335,0.0581098743335661,4.44144614220304,0
Kepler-450 b,1.0,FV,28.454900114846154,0.19907,5.95214,40.84895,761.4,6243.07,1.603729230769231,1.3150000000000002,4.144528,3.505457917960809,2.57060265742172,0
Kepler-450 c,1.0,FV,15.4131022438,0.1322516666666666,2.55578,44.5607,934.4,6243.07,1.603729230769231,1.315,4.144528,3.505457917960809,3.153822763532767,0
Kepler-450 d,1.0,FV,7.514464138633333,0.082425,0.9175428571428572,32.40525,1197.0,6227.95375,1.616124,1.3127142857142855,4.124035,3.525500044140204,3.991449250936343,0
Kepler-451 c,2.0,sdB,1460.0,1.9720692739756016,19.777943968900384,511.70373527,384.6148827895127,29564.0,0.203,0.48,5.508,28.24455262693379,0.4934401901349047,0
Kepler-451 d,2.0,sdB,43.0,0.1880756478350364,20.63913866517293,559.37799632,1245.4344811670107,29564.0,0.203,0.48,5.508,28.24455262693379,1.5978253954461197,0
Kepler-452 b,1.0,GV,384.8448312,1.0097333333333334,1.63,3.2941074006514026,235.0,5687.166666666667,1.099285,1.0296666666666667,4.44555,1.1342121021546825,1.0099967215266588,1
Kepler-453 b,2.0,GV,240.503,0.7903,6.204,16.0,230.08691992748388,5527.0,0.833,0.944,4.571,0.5809486022075191,1.0931128261224516,0
Kepler-454 b,2.0,GV,10.573489545185714,0.0962878371555555,2.0155741666666667,5.8949327425,858.0,5703.714285714285,1.0744,1.0426666666666666,4.382079090909091,1.0961068679853512,3.29125864630155,0
Kepler-454 c,2.0,GV,524.415779,1.2929386054999998,32.402123406853434,1435.8152308566666,209.64430521119004,5694.0,1.066,1.029,4.37,1.0717021712639352,0.8922647167213855,0
Kepler-454 d,2.0,GV,4439.916926,5.391741374,23.500042336454023,733.725254185,102.53526557332584,5687.0,1.066,1.045,4.401423908627037,1.0664418322025857,0.4403201935349089,0
Kepler-457 d,1.0,FV,10.691610133333333,0.0996,2.847336285,7.301862471874316,1008.0,6354.82,1.24668,1.1486666666666665,4.3075866666666665,2.274117233671463,3.3965837222455386,0
Kepler-458 c,1.0,FV,20.74034860851,0.15202,4.5355,51.73586289749893,722.2,6127.894545454546,2.0759257142857144,1.074111111111111,4.129568888888889,5.452034542448395,2.6585768850067844,0
Kepler-46 b,1.0,KV,33.60128790900001,0.1953625,8.401329,1907.0,498.1666666666667,5157.75,0.9114822222222224,0.8878571428571428,4.477259999999999,0.5275060025366058,2.1321901286225424,0
Kepler-46 c,1.0,KV,57.168000000000006,0.2804999999999999,9.773576482421126,117.27673,455.0,5155.0,0.938,0.902,4.447,0.5574555006740728,1.7935431100794452,0
Kepler-46 d,1.0,KV,6.76652411131,0.0670014285714285,1.64,3.343635974779156,834.6,5172.0,0.814668,0.873,4.495733333333334,0.4260741929871594,3.6102732584890735,0
Kepler-460 c,1.0,FV,220.1334439575,0.727456,6.324000000000001,79.13173923572762,389.0,6189.0475,1.3664,1.0705714285714285,4.106994285714285,2.4577676300022397,1.2133314176093806,0
Kepler-461 b,1.0,GV,8.31377936865,0.081725,2.58,6.054488258891375,894.0,5837.183636363637,0.9596666666666666,1.04875,4.408714444444445,0.959277140910862,3.582890258897995,0
Kepler-462 b,1.0,FIV,84.68801753240909,0.4603,3.0,53.9,763.2,7477.666666666667,1.57,1.59,4.070836999999999,6.91438505481853,1.8588872930859968,0
Kepler-462 c,1.0,AV,207.5900769275,0.83668,4.0,6.0,566.4,7565.25,1.57,1.59,4.0509475,7.24406421839363,1.3787764353359282,0
Kepler-463 b,1.0,GV,8.98101491565,0.0793916666666666,3.05,8.32088835172131,984.2,5622.278181818183,0.9,0.8411666666666666,4.252392222222222,0.7261464006419917,3.2555813474781163,0
Kepler-464 b,1.0,GV,7.2569685523,0.0777016666666666,3.395375,10.202032873772795,1145.2,5886.998181818181,1.61725,1.185,4.097858888888889,2.8185112739235474,3.9058808600006434,0
Kepler-465 b,1.0,FV,9.94067113195,0.094625,2.863125,7.378984317248084,1021.8,6384.090909090909,1.222889,1.1716666666666664,4.345003333333334,2.228743952781191,3.5194441278133155,0
Kepler-466 b,1.0,GV,51.07927149492001,0.2667816666666666,2.807571428571429,7.109327923278998,508.6,5832.428571428572,1.047,0.9703333333333334,4.39,1.1381013236780195,1.9074689124637965,0
Kepler-466 c,1.0,GV,3.70921126926,0.0463466666666666,1.201,1.268837219688464,1219.8,5832.428571428572,1.047,0.9703333333333334,4.39,1.1381013236780195,4.576423501086416,0
Kepler-467 b,1.0,GV,24.99322880464,0.16773,2.23725,4.618038846415831,697.0,5759.650000000001,1.401048,1.0214444444444444,4.19227,1.9381181639776583,2.468180892179646,0
Kepler-468 b,1.0,GV,38.4787587599125,0.22144,13.333714285714288,909.1206256933232,487.0,5494.108888888888,0.8772,0.9704,4.5479425,0.6290369344170889,2.0937380300743893,0
Kepler-47 b,2.0,GV,49.49815,0.29195,3.04,2.07,412.1356522654484,5636.0,0.9495,1.003,4.492,0.816138237642866,1.853835569483305,0
Kepler-47 c,2.0,GV,303.182,0.9774,4.635,3.17,225.24660701439265,5636.0,0.9495,1.003,4.492,0.816138237642866,1.0131862402424727,0
Kepler-471 b,1.0,FV,5.014234267762499,0.06226,14.96,1230.4673404602706,1277.0,6543.222222222223,1.8,1.3651428571428572,4.2653875,5.328457924234942,4.683380855695211,0
Kepler-472 b,1.0,KV,4.176252367069999,0.0480383333333333,3.15675,8.88293244639276,880.0,4909.73,0.7851579999999999,0.8455,4.563842222222223,0.3213915165272298,4.196022654185798,0
Kepler-473 b,1.0,GV,14.55731684179,0.1186466666666666,4.08,39.24849657864196,927.4,5688.090909090909,1.34,1.0348,4.002383333333333,1.686419293067886,2.953761485104184,0
Kepler-474 b,1.0,GV,5.660673671444445,0.0605699999999999,3.06,8.372799863492746,1169.8,5717.562,1.08,0.95325,4.1583925,1.1183581106918827,3.967798456292431,0
Kepler-475 b,1.0,KV,3.105508130555555,0.0391483333333333,2.6187500000000004,6.228431272393192,1001.8,4932.7,0.8175,0.8216000000000001,4.517425,0.3549802450973719,4.581931165860772,0
Kepler-476 b,1.0,GV,14.0064075717,0.11398,2.855,7.339248857542731,772.0,5860.496666666667,1.02625,1.0345,4.416666666666667,1.1146380986204432,3.013185751861977,0
Kepler-477 b,2.0,KV,11.1199044406,0.08836,1.9783333333333333,5.2840960505722165,652.4,5131.1575,0.7196265714285713,0.7655,4.574333333333333,0.3220813763569138,2.943877456788544,0
Kepler-478 b,1.0,KV,13.221759690611112,0.10134,2.735,6.764238753961461,658.4,5110.566666666667,0.825,0.7974,4.514833333333333,0.4165565607348849,2.8055799529406023,0
Kepler-479 b,1.0,GV,12.493405847860002,0.09721,2.122375,4.177938382091656,659.4,5214.363636363636,0.7705891,0.8366666666666666,4.565189999999999,0.3938590518634325,2.9342407609694705,0
Kepler-48 b,1.0,GV,4.777999142428571,0.0539654683285714,1.9258333333333333,3.94,927.0,5212.615384615385,0.8686250000000002,0.8863333333333334,4.502229090909091,0.4997781041309158,4.053363478510435,0
Kepler-48 c,1.0,GV,9.67395243352143,0.0864175365142857,2.7309999999999994,14.61,732.6,5212.615384615385,0.868625,0.8863333333333334,4.502229090909091,0.4997781041309155,3.2031153920455093,0
Kepler-48 d,1.0,GV,42.896151852866666,0.2333324824142856,2.0407,8.410425195,445.4,5214.5,0.8678333333333333,0.8858750000000001,4.503452,0.4995893730097526,1.9488284278218997,0
Kepler-48 e,1.0,KV,990.0580875,1.898274748,22.53505886434471,672.1631143,144.20933343713293,5194.0,0.89,0.898,4.487,0.5172227802439266,0.6879131589351974,0
Kepler-480 b,1.0,FV,4.9195775773,0.0601233333333333,2.6635,6.432208774116862,1270.0,6361.223636363636,1.4133928571428571,1.22,4.3026333333333335,2.9347985125085825,4.505400200490889,0
Kepler-481 b,1.0,GV,10.06082271534,0.0894933333333333,2.7371250000000003,6.774227844437208,928.4,5690.786363636363,1.2221428571428572,0.96575,4.237718888888889,1.405474357387913,3.285579651694459,0
Kepler-482 b,1.0,KV,56.35410747833,0.2523283333333333,2.379,5.18978587711898,336.4,4718.363636363636,0.716,0.7092499999999999,4.575982222222223,0.2279720094547615,1.676840082602875,0
Kepler-483 b,1.0,FV,30.22911933387,0.199335,2.79225,7.035794873746311,697.6,6354.708181818182,1.39147,1.164625,4.27982888888889,2.83282660316078,2.4175544144504224,0
Kepler-484 b,1.0,GV,10.045571701179998,0.09081,2.29975,4.866236280455786,781.8,5650.909090909091,0.8926883333333334,0.9818333333333332,4.530614444444443,0.7290592935436983,3.288721006240811,0
Kepler-485 b,1.0,GV,3.24325986072,0.044035,13.49875,939.0139571342212,1279.6,5921.363636363636,1.0634577777777778,1.055,4.425165555555555,1.2474331556666802,4.895558149141426,0
Kepler-487 b,1.0,GV,15.35876937272,0.1171483333333333,11.31075,589.7696107812825,681.0,5541.818181818182,0.9001675714285715,0.9135,4.504082222222222,0.6857181889890609,2.792937406505572,0
Kepler-487 c,1.0,GV,38.65201773888889,0.2166566666666667,2.47675,5.602425965479551,500.6,5549.8,0.88875,0.9135,4.50552,0.672292718958877,2.053729452087129,0
Kepler-487 d,1.0,GV,2.4184032908888886,0.034075,2.6565908114285715,6.40054368017142,1262.6,5557.777777777777,0.8846666666666666,0.9075,4.502269999999999,0.6699677371665196,5.161552731959531,0
Kepler-489 b,1.0,KV,17.27629627582,0.1200983333333333,7.795999999999999,129.93801804640387,571.0,5010.651818181818,0.74243225,0.7878333333333334,4.569487777777778,0.3117312986724364,2.561672875187872,0
Kepler-49 b,1.0,MV,7.203564665571428,0.0595483333333333,2.326714285714285,9.77,502.3333333333333,3932.042857142857,0.5751,0.5489,4.70315,0.0709332005957693,3.0365944504518354,0
Kepler-49 c,1.0,MV,10.912720763333336,0.0784849999999999,2.6065714285714283,8.38,437.3333333333333,3932.042857142857,0.5751,0.5489,4.70315,0.0709332005957693,2.6450157843472675,0
Kepler-49 d,1.0,MV,2.5765977438076915,0.0301242857142857,1.697090909090909,235.982,707.8333333333334,3945.857142857143,0.572375,0.5415000000000001,4.692295454545456,0.0712552050967719,4.240487969700897,0
Kepler-49 e,1.0,KV,18.596110321033333,0.1127833333333333,1.6364,1.03815,367.0,3955.846153846154,0.572375,0.5417142857142857,4.692295454545455,0.0719794851201472,2.1919854409250803,0
Kepler-490 b,1.0,FV,3.2686950925,0.0458999999999999,12.847714285714286,824.5405868161087,1450.8,6175.715555555556,1.2632485714285713,1.1242000000000003,4.3008275,2.0826515831414927,4.949831688830144,0
Kepler-491 b,1.0,GV,4.225384484133333,0.0521183333333333,9.05875,328.9194546142749,1124.4,5569.0,1.0444914285714286,1.0527142857142855,4.3991575,0.9414743280925764,4.495054717063368,0
Kepler-493 b,1.0,FV,3.003877126,0.04352,15.13,531.4077988267134,1416.6,6256.666666666667,1.54,1.2719999999999998,4.31645,3.2606438386466787,5.40722070349153,0
Kepler-495 b,1.0,GV,3.413035625277778,0.0412999999999999,5.083714285714286,69.68395005252253,1033.8,5372.1,0.8424925,0.871,4.547167777777777,0.5303936184269731,4.593133153433342,0
Kepler-495 c,1.0,GV,5.896648829,0.05952,1.21936414,1.2941167084325542,861.0,5367.0,1.087,0.8803333333333333,4.516595714285715,0.8795799463885237,3.846512038142457,0
Kepler-496 b,1.0,KV,8.308639954511111,0.07386,2.1755714285714283,4.379145333661186,713.6,5161.936,0.7768459999999999,0.8313333333333333,4.600150000000001,0.3844237230147068,3.355505303213575,0
Kepler-497 b,1.0,GV,3.5732042345875,0.04516,6.221857142857142,76.13607490136675,1201.2,5656.0,1.0683333333333334,1.0148,4.375,1.0479510843908513,4.741199682310491,0
Kepler-498 b,1.0,GV,9.613749407455556,0.08936,3.3095714285714286,9.717763857014528,929.4,5856.145,1.0964285714285713,0.995,4.3280400000000006,1.2685214755420384,3.3374513545154314,0
Kepler-499 b,1.0,KV,5.632532097477777,0.05944,2.0977142857142854,4.086185120853239,831.0,5179.7,0.8218333333333333,0.8773749999999999,4.53579,0.4361900770913857,3.842626834891994,0
Kepler-5 b,1.0,FV,3.5484651883,0.050664,15.471583583333333,666.7207275000001,1700.375,6302.125,1.7706107142857144,1.3397272727272729,4.055283846153847,4.4369453305541375,5.143200389598831,0
Kepler-50 b,1.0,FV,7.812771961666666,0.0815019380125,1.7079090909090906,6.46286181,1213.6,6183.583333333333,1.5889399999999998,1.2233333333333334,4.096216,3.311812324641188,3.8749260686149793,0
Kepler-50 c,1.0,FV,9.3765430225,0.0920986909,2.0555454545454546,9.20166353,1141.2,6183.583333333333,1.58894,1.2233333333333334,4.096216,3.311812324641189,3.645194112695086,0
Kepler-500 b,1.0,GV,8.508336135,0.0831683333333333,2.623,6.247650866164345,895.6,5793.578181818182,1.050142857142857,1.0252,4.406398888888889,1.1147413299723428,3.5115615375465,0
Kepler-501 b,1.0,FV,5.6406748951444445,0.06326,4.208714285714286,42.562786151074576,1094.8,6070.5,1.1019899999999998,1.0616,4.415118888888888,1.479595530747717,4.097234727953896,0
Kepler-501 c,1.0,FV,3.622724622428571,0.0472,1.510199565,2.7342850734630706,1267.6,6081.285714285715,1.0576633333333334,1.0570000000000002,4.40467,1.3726707513305076,4.733054205989135,0
Kepler-502 b,1.0,FV,4.286864198711111,0.05322,4.376857142857143,47.144799213135386,1209.2,6142.2,1.118,1.1044444444444443,4.351945555555556,1.5961337168032073,4.556270360117138,0
Kepler-504 b,2.0,MV,9.549274740522222,0.06538,1.761,3.97789054119734,387.0,3577.4,0.33,0.33,4.854387777777777,0.0160024964800385,2.247033234216762,0
Kepler-505 b,1.0,KV,27.52194276568889,0.14474,2.6062857142857143,6.172226356744975,318.4,3844.1,0.5156666666666667,0.5363333333333333,4.699632222222222,0.0520962754647283,1.9252985977760777,1
Kepler-506 b,1.0,FV,6.88340745002,0.074845,2.6635,6.432208774116862,1081.2,6163.573636363636,1.1911428571428573,1.1816,4.348971111111111,1.837163916976705,3.9740088393406503,0
Kepler-507 b,1.0,FV,3.5680923439,0.0476291361714285,1.276777777777778,5.69692195,1352.4,6032.0,1.30475,1.1381666666666663,4.277173333333334,2.022040232399009,4.889242324672214,0
Kepler-508 b,1.0,FV,25.3089113946,0.1778566666666666,1.64,3.343635974779156,791.4,6151.023999999999,1.2269366666666668,1.171,4.2254975,1.933409405712863,2.566364606693581,0
Kepler-509 b,1.0,GV,41.74599974966,0.24017,2.4418750000000005,5.45348991422471,586.2,5999.695454545454,1.1878571428571427,1.0870000000000002,4.319003333333333,1.6403446307474925,2.1277979051667684,0
Kepler-51 b,1.0,GV,45.15507295024444,0.2509828571428572,7.401214285714286,2.1,524.8333333333334,5851.25,0.9157983571428572,1.035923076923077,4.530835833333334,0.882031685535853,2.031967270822087,0
Kepler-51 c,1.0,GV,85.31516290352941,0.3835485714285714,9.0,4.0,424.3333333333333,5856.666666666667,0.9208552307692308,1.0364166666666663,4.525274545454545,0.8951062629296153,1.64411424946931,0
Kepler-51 d,1.0,GV,130.1804504502941,0.5082971428571429,10.150384615384612,7.6,368.3333333333333,5854.466666666666,0.9111554999999998,1.0389166666666665,4.53182090909091,0.8750325380268372,1.4299027665549946,0
Kepler-51 e,1.0,GV,260.572,0.7876176240566092,2.075434397865306,4.6,241.8060713714389,5674.0,0.87,0.96,4.541054755363403,0.7038590208891206,1.1042130811424575,1
Kepler-510 b,1.0,GV,19.556596762145453,0.1383779935,2.699444444444444,6.598137300429459,834.8,5660.621,1.452042,0.9123,4.061812222222222,1.9422472696411264,2.568090397307902,0
Kepler-511 b,1.0,GV,296.6376548833333,0.8805199999999999,6.35,79.9049582533904,313.6,5902.2080000000005,1.2,1.1005,4.206085000000001,1.5678712038829554,1.1181508414812489,0
Kepler-511 c,1.0,GV,26.62944989333333,0.177145,4.20964327,42.58731101717763,701.0,5916.564444444444,1.3809999999999998,1.080142857142857,4.18346,2.0967932233339264,2.469739420062827,0
Kepler-512 b,1.0,FV,34.435883465660005,0.2094583333333333,2.294875,4.846655667553868,599.8,6080.181818181818,1.1411928571428571,1.135,4.389274444444444,1.5968870712812508,2.3282204147916885,0
Kepler-513 b,1.0,GV,28.86235725557,0.1824333333333333,2.314375,4.9252024387937965,636.8,5911.545454545455,1.0637933333333334,1.0042000000000002,4.394045555555556,1.239962387641612,2.346567199565362,0
Kepler-514 b,2.0,FV,5.651800109590001,0.0651316666666666,1.6603750000000002,3.445903355674398,1235.4,6150.542727272728,1.3644485714285717,1.1344444444444446,4.238472222222223,2.3903304905602845,4.174173576114253,0
Kepler-515 b,2.0,GV,19.9636782068,0.14204,1.606666666666667,3.1802327951107765,649.8,5610.5,0.83,0.98,4.474166666666666,0.6124241407513696,2.627136812696192,0
Kepler-516 b,1.0,FIV,24.8546430294375,0.19046,5.504428571428571,85.75490053898467,960.4,6922.666666666667,1.799385,1.4632857142857143,4.067025,6.671626471129432,2.772283628848708,0
Kepler-517 b,2.0,GV,60.92838093243,0.2890866666666666,2.83325,7.233380401657693,470.2,5605.2863636363645,1.021525,0.8841666666666668,4.36858111111111,0.9242278870574946,1.7491538977140917,0
Kepler-518 b,1.0,GV,8.512038958389999,0.08421,2.11,4.131775014468452,1171.0,5974.0,0.9004797142857143,0.96,4.301161111111111,0.9266134297044264,3.3769821637522592,0
Kepler-519 b,2.0,GV,24.307896582809995,0.1599033333333333,2.1445000000000003,4.261078117349287,538.4,5329.203636363637,0.8160112999999999,0.91,4.570954444444444,0.4818717406768167,2.3859806736750904,0
Kepler-52 b,1.0,MV,7.877759008571429,0.0644833333333333,2.3070769230769232,135.0,515.5,4069.7615384615374,0.52,0.6124285714285714,4.679297777777777,0.0665537283598364,3.082328813402948,0
Kepler-52 c,1.0,MV,16.3842981726125,0.104915,1.970428571428572,46.06666666666666,404.0,4075.926666666666,0.52,0.6185555555555555,4.662123636363636,0.0669579245819356,2.4285416014401635,0
Kepler-52 d,1.0,KV,36.445694603930775,0.1796499999999999,1.978727272727273,88.8775,311.6,4097.307692307692,0.6110000000000001,0.6376666666666667,4.661123636363637,0.0943988245800465,1.8843355032885627,1
Kepler-520 b,1.0,FV,19.674156648,0.1475633333333333,1.784,4.105853355795389,713.8,6036.777,1.0495,1.1188333333333331,4.441833333333334,1.312427339278339,2.7540286499199635,0
Kepler-520 c,1.0,FV,5.21104455254,0.060775,1.179,1.238705159745965,1112.4,6036.777,1.0495,1.1188333333333336,4.441833333333332,1.312427339278339,4.291362468526596,0
Kepler-521 b,1.0,FV,22.208023432630004,0.1684266666666667,3.5975,11.38679560236468,915.2,6588.414545454545,1.6368688888888887,1.35225,4.139758888888888,4.52940659399358,2.833988295329072,0
Kepler-522 b,1.0,FV,38.58400502439999,0.2466483333333333,6.045,71.10649033471884,674.4,6322.56,1.762155,1.3256666666666663,4.155317777777778,4.451946130556448,2.3187453686948056,0
Kepler-523 b,1.0,GV,5.83598392104,0.061915,1.945625,5.07346065548737,895.0,5480.381818181819,0.83374375,0.9343750000000002,4.55922,0.562598150297688,3.885417128158026,0
Kepler-524 b,1.0,GV,7.974189738990001,0.0791083333333333,1.91,4.849773052826155,1043.2,5941.96,1.1,1.0454,4.214407777777777,1.3533001061563257,3.635842940080295,0
Kepler-524 c,1.0,GV,1.888980922111112,0.0302266666666666,1.05125,1.0671311846990008,1687.8,5951.904,1.2206,1.044888888888889,4.2360975000000005,1.6774912060488223,5.8805088934546506,0
Kepler-525 b,1.0,GV,18.68406741593,0.13976,2.63,6.279367807142926,824.4,5520.0,1.15,0.9954444444444444,3.995655555555556,1.1016454411637144,2.669267210409846,0
Kepler-526 b,1.0,GV,5.458497886170001,0.06363,2.184375,4.412875501973627,1115.4,5767.698181818182,1.2731666666666668,1.1388333333333334,4.246815555555556,1.6094240010850895,4.231302821015503,0
Kepler-527 b,1.0,FV,13.285331858560005,0.11566,2.6172500000000003,6.221654583669684,949.6,6387.772727272727,1.45,1.231428571428571,4.316707777777777,3.140679919266416,3.263532957725128,0
Kepler-528 b,1.0,GV,19.78299764357,0.1433983333333333,2.021375,3.8082819228110174,681.6,5802.06,1.131,1.000875,4.379462222222222,1.3006005166873598,2.642365271954512,0
Kepler-529 b,1.0,FV,1.9803573317,0.03094,1.7299999999999998,3.809188737834524,1538.6,6197.833333333333,1.14,1.0012,4.448166666666666,1.72051762630008,5.689515039568262,0
Kepler-529 c,1.0,FV,12.83443467987778,0.1078,1.8866666666666667,4.706480141668757,824.2,6197.833333333333,1.14,1.0012,4.448166666666666,1.72051762630008,3.0480776326714074,0
Kepler-529 d,1.0,FV,35.86536401285714,0.21386,2.79502603,7.049091175819877,585.2,6196.333333333333,1.189,0.9881999999999996,4.438166666666667,1.869789213142998,2.149971126547928,0
Kepler-53 b,1.0,GV,18.64923391,0.1386,3.0066,111.0,700.8,5869.181818181818,0.9814545454545454,1.007,4.455844444444445,1.0255113831648637,2.6959268502263787,0
Kepler-53 c,1.0,GV,38.55777179289999,0.2248016666666666,3.6369,36.0,550.6,5851.166666666667,0.9814545454545456,1.0063,4.446890000000001,1.0129782182124218,2.116113495706622,0
Kepler-53 d,1.0,GV,9.751930755833332,0.0900357142857142,2.12,101.84685,870.4,5889.818181818182,1.012,1.009,4.452288888888889,1.1057537691667112,3.3482136294320872,0
Kepler-530 b,2.0,GV,39.30940298414001,0.2196516666666666,3.2963750000000003,9.6442744855598,560.8,5765.102727272727,0.8823467142857142,0.9341666666666666,4.455452222222222,0.7716077779923389,2.0626232830148243,0
Kepler-531 b,1.0,KV,29.884956827777778,0.17051,2.7595,6.879830791644533,449.8,4873.304000000001,0.7442857142857144,0.76875,4.5624725,0.2803259042775403,2.123697330668889,0
Kepler-532 b,1.0,KV,12.924912626079998,0.0997516666666666,2.555,5.943506178314414,634.0,5090.0,0.7766096666666668,0.8352857142857142,4.555924444444445,0.3632173314622533,2.8942259327258126,0
Kepler-533 b,1.0,KV,28.51118292718,0.1722233333333333,3.38,10.114437393256871,570.4,4743.063636363637,0.72555475,0.745,4.360231111111111,0.2390374984765686,2.0802097377791786,0
Kepler-534 b,1.0,GV,15.959954016866666,0.12736,2.265,4.727478822861439,726.4,5927.111111111111,0.9806666666666668,1.07375,4.448268888888888,1.064890498722978,2.904089838470386,0
Kepler-534 c,1.0,GV,7.37867113575,0.07608,1.1228333333333331,1.162545303619609,940.0,5933.625,0.9781666666666666,1.0786250000000002,4.460660000000001,1.0641330982333,3.765953671163643,0
Kepler-535 b,1.0,FV,4.903323040649999,0.0601349999999999,2.24425,4.645530805549047,1194.6,6108.523636363636,1.2706,1.1925,4.319867777777778,2.016752419688037,4.453900597449943,0
Kepler-536 b,1.0,GV,1.8270826941,0.0277916666666666,3.1,8.581974470851543,1859.2,5418.598181818182,0.985625,0.9146666666666668,4.17960111111111,0.7513824707702743,5.737848987817376,0
Kepler-537 b,1.0,GV,3.24755584095,0.0433283333333333,1.388,1.5314622848560628,1184.0,5707.447272727272,0.97830825,1.0224444444444445,4.4767600000000005,0.911189935031867,4.858574336250713,0
Kepler-538 b,2.0,GV,81.73779386779232,0.3656785653444444,2.179909090909091,11.319930933333334,386.4285714285714,5532.769230769231,0.8685666666666666,0.882375,4.512855,0.6342586399605875,1.5536451341606723,0
Kepler-539 b,1.0,GV,125.62933047818184,0.49199,8.411902555555555,308.2951,363.4333333333333,5791.838333333333,0.934068,1.0038888888888888,4.482495,0.8808715057125478,1.428695477328818,0
Kepler-539 c,1.0,GV,1000.0,2.42,23.94096704344851,762.792,253.0,5820.0,0.952,1.048,4.502,0.9329442349041772,0.6581849420919965,0
Kepler-54 b,1.0,MV,8.010874536,0.0619833333333333,2.027928571428572,8.523333333333333,457.1666666666667,3743.921428571429,0.4992617333333333,0.499922,4.779192,0.0439393182107382,2.84045978237002,0
Kepler-54 c,1.0,KV,12.071300914999998,0.0814999999999999,1.314076923076923,7.533333333333334,399.4,3745.3,0.5013518571428571,0.5008239999999999,4.779192,0.0443732816477871,2.4793551788782198,0
Kepler-54 d,1.0,KV,20.99608076154616,0.1190833333333333,1.4498181818181817,12.0946,332.6,3780.769230769231,0.503953,0.5005596000000001,4.771398181818181,0.0465576015445372,2.050583176870408,0
Kepler-540 b,1.0,GV,172.7022060701,0.5884366666666666,3.02075,8.169925379532385,370.0,5842.252727272728,1.223026,0.9255714285714284,4.256652222222222,1.5634449329266649,1.2543828007174351,0
Kepler-541 b,1.0,FV,5.08005854227,0.0604616666666666,3.36,10.001027628384074,1304.0,6104.653636363635,2.121925,1.41,4.044827777777779,5.610402529274433,4.829970553094563,0
Kepler-542 b,1.0,GV,13.144968732710002,0.1063383333333333,1.733375,3.827346392779104,749.6,5523.305454545454,0.9817525,0.942,4.43122,0.8048040035313823,2.9768401238304776,0
Kepler-543 b,1.0,KV,13.89963282136,0.0987166666666666,2.43425,5.421180150345394,516.0,4639.909090909091,0.67,0.6695714285714285,4.616457777777778,0.1866712095968029,2.604822889977012,0
Kepler-544 b,1.0,FV,21.4162433478,0.1584033333333333,2.18625,4.420075246175393,737.6,6261.4118181818185,1.2528571428571431,1.194125,4.304522222222222,2.1646218162088644,2.746108681909548,0
Kepler-545 b,1.0,GV,13.24932230222,0.1113966666666666,2.590625,6.101950064209169,769.8,5878.363636363636,1.0793114285714285,1.065625,4.437236666666666,1.2479845066601365,3.0934356522209456,0
Kepler-546 b,1.0,GV,4.147020652566666,0.04996,7.297,111.08415112586138,1253.4,5792.4,1.2113333333333334,1.006,4.23873,1.4820107911495393,4.488102423952982,0
Kepler-547 b,1.0,KV,6.010384334366666,0.058,3.918571428571428,13.395001248446272,762.0,4817.0,0.7406666666666667,0.73775,4.552998888888889,0.2649976575456972,3.567102560774403,0
Kepler-548 b,1.0,GV,4.4541939525,0.0494,11.844000000000005,665.7340782701325,1009.8,5372.0088888888895,0.91164675,0.8296666666666668,4.453002499999999,0.6209975925468886,4.098862317828071,0
Kepler-549 b,1.0,GV,42.949644813836365,0.2278099999999999,2.7067777777777784,11.0,472.4,5361.545454545455,0.8473614444444446,0.8837142857142858,4.502488888888889,0.5323376924645813,1.9699015856656945,0
Kepler-549 c,1.0,GV,117.0298109231111,0.4444033333333333,2.885,7.486469390223262,338.4,5371.8,0.8437224444444444,0.862,4.498200000000001,0.5318245654789892,1.3929642258313557,0
Kepler-549 d,1.0,GV,24.61482052111111,0.1572366666666666,3.9095714285714287,13.336608089002317,568.6,5370.777777777777,0.8710717142857144,0.8469999999999999,4.4787,0.5664302074665996,2.321345451716481,0
Kepler-55 b,1.0,KV,27.95406028,0.15628,2.663333333333333,43.0,403.8,4469.3,0.65175,0.655,4.62686,0.1520582400537977,2.047594398015953,0
Kepler-55 c,1.0,KV,42.139174339,0.20532,2.21,69.8,352.0,4469.3,0.65175,0.655,4.626860000000001,0.1520582400537977,1.786405331381198,0
Kepler-55 d,1.0,KV,2.2111157895777778,0.0289166666666666,1.697375,3.6362843367711415,938.6,4483.4,0.6564285714285714,0.663,4.625082222222222,0.1562049353006404,4.789141113068521,0
Kepler-55 e,1.0,KV,4.617497365611111,0.0472833333333333,1.534875,2.8445799866664934,734.4,4483.4,0.6564285714285714,0.663,4.625082222222222,0.1562049353006404,3.745223204253188,0
Kepler-55 f,1.0,KV,10.198522021888888,0.0799833333333333,1.65725,3.430100047843836,564.8,4483.4,0.6564285714285714,0.663,4.625082222222222,0.1562049353006404,2.8795988961259447,0
Kepler-550 b,1.0,GV,8.600105104288888,0.07496,4.25,43.66114365995087,760.4,5212.5,0.8150307777777779,0.8265,4.52036,0.4399690637080483,3.321097486948474,0
Kepler-551 b,1.0,KV,12.37682077158,0.08568,2.3975,5.266733824513236,432.4,4096.7,0.609,0.6401666666666667,4.687423333333333,0.0937262158022532,2.7338947025171456,0
Kepler-552 b,1.0,GV,5.263414360922223,0.0609599999999999,3.803142857142857,12.65525831504088,1098.0,5975.627,1.0308333333333335,1.037,4.434051111111111,1.2156279605781943,4.12517030675649,0
Kepler-553 b,1.0,GV,4.030467646136364,0.0480185714285714,4.69537764888889,116.00736855,1033.1666666666667,5273.5,0.8837142857142857,0.8862857142857143,4.484744,0.5418878364253921,4.296919730221041,0
Kepler-553 c,1.0,GV,328.2400508687,0.9015785714285716,11.39020856222222,2129.4503269,238.16666666666663,5288.909090909091,0.8837142857142857,0.8906666666666667,4.491995555555556,0.5482492041265256,0.9941016463973418,1
Kepler-554 b,1.0,GV,1.90220861587,0.0294533333333333,4.159,41.26302681846591,1273.6,5406.545454545455,0.947,0.929375,4.49453,0.6874945225025357,5.618278333729694,0
Kepler-555 b,1.0,GV,16.21772061761111,0.12122,2.631428571428572,6.285849998916019,669.4,5867.0,0.97,0.9733333333333332,4.442643333333333,1.0002249219204429,2.8341226603347107,0
Kepler-556 b,1.0,GV,11.722923854990002,0.1003883333333333,2.123625,4.182614856996424,789.8,5748.365454545455,0.9443333333333334,1.00725,4.469226666666667,0.8736107564112172,3.1681227489316077,0
Kepler-557 b,1.0,FV,3.705986035366666,0.0471199999999999,2.8575714285714287,7.351813483017315,1273.2,6045.6050000000005,1.0626666666666666,1.031,4.183212222222222,1.3534525652019913,4.678446588669148,0
Kepler-558 b,1.0,GV,29.00788735907778,0.1751799999999999,2.516857142857144,5.776054398109099,495.8,5257.7,0.7966653749999999,0.8674999999999999,4.57438111111111,0.4351359268243615,2.225704299292729,0
Kepler-559 b,1.0,GV,17.5875278895,0.12848,3.897142857142857,13.256168608426451,709.2,5513.0,0.974003,0.94225,4.382443333333333,0.7862531691419654,2.708571429107909,0
Kepler-56 b,1.0,KIV,10.501247809285717,0.1054095348874999,6.51,22.1,1335.6,4865.639999999999,4.213330833333334,1.3403,3.373375,8.926904022473906,3.566449215468497,0
Kepler-56 c,1.0,KIV,21.40514352714285,0.169415647275,10.448538461538464,207.19692948,1053.6,4865.639999999999,4.213330833333334,1.3402999999999998,3.373375,8.926904022473906,2.813191088946541,0
Kepler-56 d,1.0,KIV,998.2195335,2.237108447,37.1833010959442,1914.3758265,268.33775872380016,4819.44,4.21799,1.672,3.4108472091032063,8.611667495430698,0.864668428038365,0
Kepler-560 b,2.0,MV,18.47763598886364,0.0935666666666666,1.7786666666666666,4.075967772442015,287.1666666666667,3488.833333333333,0.3589175555555555,0.35200025,4.901124,0.0171237999209175,1.939929248486603,0
Kepler-561 b,1.0,GV,58.36205317627,0.2897933333333333,6.83675,95.19053931039332,443.6,5516.97,0.929428,0.9613333333333336,4.471353333333333,0.7179990064791746,1.8216619599918351,0
Kepler-561 c,1.0,GV,5.35016394664,0.058945,2.5825,6.0656399484292045,983.0,5516.97,0.929428,0.9613333333333332,4.471353333333333,0.7179990064791746,4.039136207111713,0
Kepler-562 b,1.0,GV,18.009315996911113,0.1332399999999999,5.231285714285714,75.08756643148267,658.2,5725.2,0.8813333333333332,0.9741111111111111,4.477035555555556,0.7487432023771902,2.704343914636548,0
Kepler-563 b,1.0,KV,22.18432435784445,0.14164,3.236857142857143,9.316112227083613,542.6,5110.267,0.7823675000000001,0.7767999999999999,4.536986666666667,0.3745293174755607,2.3422682602821103,0
Kepler-564 b,1.0,GV,3.750832317322223,0.04792,4.612428571428572,54.05755466024753,1116.8,5693.087,0.9456666666666668,0.98,4.492006666666666,0.8428635919139595,4.523031549971964,0
Kepler-565 b,1.0,GV,4.2437459499,0.0502799999999999,3.31,9.72015495131937,1068.4,5856.833333333333,0.8688333333333332,0.9376,4.538,0.7969191468799276,4.31902928536825,0
Kepler-566 b,1.0,KV,18.42793807001111,0.12398,2.141571428571429,4.250028788815152,559.0,4989.493,0.7735143333333333,0.7913333333333333,4.550765555555556,0.3326995794869614,2.5268467186056034,0
Kepler-567 b,1.0,KV,16.542975707055557,0.12132,2.2960000000000003,4.851170951310203,603.8,5119.3,0.84927425,0.825,4.521697777777778,0.4444552962987718,2.608169172592849,0
Kepler-568 b,1.0,KV,11.02312181012,0.07828,2.313375,4.921159850583582,423.4,3728.5,0.5395432,0.542077,4.729385555555556,0.050475297395535,2.631964734471327,0
Kepler-569 b,1.0,GV,34.188897357550005,0.20334,3.103,8.597761101971606,539.0,5699.727272727273,0.9186112222222224,0.9971249999999998,4.508938888888888,0.79904206945574,2.2148196956853754,0
Kepler-57 b,1.0,GV,5.728581618561538,0.0598133333333333,2.699,25.06,847.2,5248.143076923077,0.80175,0.8785454545454546,4.573516,0.4375124872174545,3.83317016411242,0
Kepler-57 c,1.0,GV,11.6083491325,0.0958633333333333,2.196,7.786666666666666,669.0,5254.628333333333,0.80175,0.8784000000000001,4.577937777777778,0.4396790777877216,3.0275748192229543,0
Kepler-570 b,1.0,GV,4.301664954222223,0.04956,2.386571428571429,5.221213237306683,1006.6,5443.567,0.8533742222222223,0.8908000000000001,4.530201111111111,0.5737242152210632,4.240327879421825,0
Kepler-571 b,1.0,GV,4.7986059216,0.05436,2.5138571428571432,5.762980215555042,976.4,5568.1,0.8585584444444444,0.9387777777777776,4.54814,0.635708010058536,4.156393531672872,0
Kepler-572 b,1.0,KV,17.205227664188886,0.12008,2.367714285714285,5.143108182153167,555.4,5183.78,0.7672938333333333,0.832,4.616461111111111,0.3814165316878284,2.632699600339762,0
Kepler-573 b,1.0,GV,22.1833261219,0.1473116666666666,2.498375,5.695731240023747,604.8,5715.37909090909,1.0420575,0.9758,4.470608888888889,1.0395691524035542,2.5741675976339984,0
Kepler-574 b,1.0,GV,7.658795994322222,0.07264,2.307714285714286,4.898305559520818,858.6,5579.952,0.875054888888889,0.9374,4.509293333333334,0.6660123665505402,3.5929364923519254,0
Kepler-575 b,1.0,GV,9.378918650166668,0.08004,2.179428571428572,4.393908573230793,809.2,5653.5,0.943,0.971,4.473571111111111,0.8150473157423508,3.4836222757656823,0
Kepler-576 b,1.0,GV,29.9113471234,0.18472,3.428,10.389090876191894,594.8,5432.9,0.9464445,0.93,4.383083333333333,0.7001756428916347,2.2441893564514714,0
Kepler-577 b,1.0,KV,25.6958246936,0.13954,2.55,5.921426498322847,345.2,4394.5,0.7078522,0.782,4.704622222222223,0.1676536054689165,2.367712686657215,0
Kepler-578 b,1.0,GV,1.6168841218111112,0.0258,2.0,5.426417309790687,1553.8,5242.4,0.9099503333333332,0.8858571428571428,4.398605555555557,0.5611072065852158,5.86066606839726,0
Kepler-579 b,1.0,GV,9.66856128441111,0.08472,1.771285714285714,4.034820630585893,727.2,5383.7,0.8194431,0.929125,4.570398888888889,0.5061169250521479,3.312219299245782,0
Kepler-58 b,1.0,GV,10.218766475907143,0.092785,2.811454545454545,35.644333333333336,919.6,5936.461538461538,1.0347035714285715,1.012153846153846,4.376763,1.1929778490360732,3.303386296152439,0
Kepler-58 c,1.0,GV,15.57347732882143,0.123045,2.863,53.0,798.2,5936.461538461538,1.0347035714285713,1.012153846153846,4.376763,1.1929778490360727,2.8685753592565253,0
Kepler-58 d,1.0,GV,40.101460047474994,0.23171,3.187777777777778,245.343,582.6,5973.583333333333,1.0431541666666668,1.0215999999999998,4.374963,1.2431586340959908,2.1001148095979305,0
Kepler-58 e,1.0,FV,4.4581663907777775,0.0534416666666666,1.593857147142857,597.796,1211.2,6008.125,1.0747071428571429,1.0214444444444442,4.384458571428572,1.3502866045809163,4.37262629783534,0
Kepler-580 b,1.0,KV,8.222421741355555,0.0669599999999999,2.308,4.89945788081296,527.4,4179.2,0.6283333333333333,0.6273333333333334,4.67165,0.1080544533678194,3.0613743822132933,0
Kepler-581 b,1.0,GV,40.60697826366666,0.2248199999999999,2.320428571428572,4.949708102231569,482.8,5625.0,0.8576962222222222,0.9496666666666668,4.5367,0.6607648793349055,2.0556213017944227,0
Kepler-582 b,1.0,GV,18.49235206348889,0.12572,3.353714285714286,9.965509685442434,602.4,5259.3,0.8319212222222222,0.8195555555555557,4.511465555555556,0.4750792195094622,2.5536536688277374,0
Kepler-583 b,1.0,GV,6.510031976488889,0.06792,2.28,4.787140889350649,1000.6,5518.2,1.01116,0.925,4.366573333333333,0.8505882124130985,3.691025212207333,0
Kepler-584 b,1.0,FV,35.18102356521111,0.22444,4.2587142857142855,43.89518632157686,655.8,6362.4,1.2008,1.1906249999999998,4.279855555555556,2.119898591074948,2.3036280213013467,0
Kepler-585 b,1.0,GV,2.7523603769300005,0.0380183333333333,3.1263750000000003,8.721235853450773,1346.6,5590.767272727273,0.9328995,0.9745714285714284,4.410097777777778,0.7628606743636656,5.063901907998213,0
Kepler-586 b,1.0,GV,2.104721046388889,0.0326799999999999,2.846571428571429,7.298136188254058,1341.2,5541.499000000001,0.9768511111111112,0.9086,4.4651233333333336,0.8073384497959532,5.273759567675326,0
Kepler-587 b,1.0,GV,10.940273197533331,0.09534,2.12,4.169059907296115,764.0,5644.8,0.8625349999999999,0.958,4.548983333333333,0.6777000852854291,3.170444570424976,0
Kepler-588 b,1.0,GV,4.221627179633334,0.052,2.7965714285714287,7.056498296488312,1175.4,5979.6,1.0237142857142858,1.039,4.391354444444445,1.2020870276361442,4.470757213418439,0
Kepler-589 b,1.0,GV,16.549627265455555,0.11928,2.528857142857143,5.8284914423452925,652.4,5328.4,0.8243487999999999,0.8416,4.497877777777777,0.4914724167435294,2.656709276287988,0
Kepler-589 c,1.0,GV,3.524675641428572,0.04248,1.1612120633333334,1.214464992384763,1093.0,5351.285714285715,0.9083333333333332,0.8320000000000001,4.458328571428572,0.6070338524185559,4.426336155559565,0
Kepler-59 b,1.0,FV,11.868982442881816,0.1036716666666666,1.1626666666666663,4.1,868.4,6136.181818181818,1.029857142857143,1.0830000000000002,4.402108888888889,1.3490768781641658,3.2326536181989973,0
Kepler-59 c,1.0,FV,17.978049782727272,0.1368066666666666,1.8732222222222223,3.81,756.0,6136.181818181818,1.0298571428571428,1.0830000000000002,4.402108888888889,1.349076878164165,2.8140744406588127,0
Kepler-590 b,1.0,GV,5.8529665282888885,0.0645599999999999,3.848142857142857,12.941280599487252,1055.2,5967.243,1.0336666666666667,1.0525000000000002,4.283221111111112,1.21547426415156,4.0383529685342126,0
Kepler-591 b,1.0,GV,81.16968358125555,0.36722,3.577714285714286,11.26810135339573,413.6,5674.496999999999,0.955640125,0.984,4.46339,0.8495483207932222,1.63722877918085,0
Kepler-592 b,1.0,GV,2.8201929327777777,0.03976,2.322571428571429,4.958396478842486,1334.8,5976.4,1.0805,1.0481666666666667,4.415033333333333,1.3362816994002336,5.135313580291664,0
Kepler-593 b,1.0,FV,21.21710986608889,0.15164,2.808571428571429,7.114139871399246,707.4,6083.569,1.034531,1.0725000000000002,4.428084444444445,1.3152569963366951,2.659908801544607,0
Kepler-594 b,1.0,GV,13.6461878347,0.10854,2.196857142857143,4.460909898558729,677.4,5473.385,0.8508333333333332,0.9141111111111112,4.517728888888889,0.5829117808829043,2.9025490613838967,0
Kepler-595 b,1.0,KV,25.30291141363636,0.16192,3.791625,17.633333333333333,516.2,5193.0,0.8334095999999999,0.91,4.5497025,0.4531898117876491,2.371075770351628,0
Kepler-595 c,1.0,KV,12.38604296,0.0983,1.0595,3.3,679.0,5129.75,0.8381369999999999,0.915,4.490155,0.4364200322249195,3.05146766359068,0
Kepler-596 b,1.0,FV,21.30020222836,0.1547016666666666,3.1475,8.833542516696214,743.2,6174.545454545455,1.2730516666666667,1.1266666666666667,4.33492,2.113498178593415,2.6991387519588663,0
Kepler-597 b,1.0,GV,13.023634761329998,0.1072933333333333,2.31675,4.934809887403256,739.4,5739.900909090909,0.9342,0.980625,4.489312222222222,0.8499378225003982,3.0237097163343853,0
Kepler-598 b,1.0,GV,3.7017555918222222,0.0440116666666666,1.516625,2.7627579282877632,1049.0,5259.8,0.894454,0.8673333333333333,4.46288,0.5493925856393455,4.440011502322368,0
Kepler-598 c,1.0,GV,86.49442073777779,0.36002,2.8926013442857146,7.523991721364803,366.6,5251.333333333333,0.8994935,0.8773333333333334,4.45957,0.5520320010697313,1.5613274144628209,0
Kepler-599 b,1.0,KV,15.65563265311111,0.11264,2.722714285714286,6.706623603574817,618.0,5121.3,0.7510058,0.7892,4.549267777777778,0.3480946114034229,2.647416073915443,0
Kepler-6 b,1.0,GV,3.2347009718312503,0.044613,13.283014833333334,207.93796,1386.5,5643.1875,1.29594,1.0902999999999998,4.230773846153846,1.528120356087939,4.944441874956264,0
Kepler-60 b,1.0,GV,7.130232075,0.0742028571428571,1.9152307692307693,4.19,1182.6,5990.846153846154,1.4365036363636363,1.0916,4.1652177777777775,2.384822042877472,3.836157535061075,0
Kepler-60 c,1.0,GV,8.917881257333333,0.0861471428571428,2.0856153846153846,3.85,1097.4,5983.142857142857,1.439484166666667,1.0866,4.161844,2.3824353496248065,3.5521344460461988,0
Kepler-60 d,1.0,GV,11.899445592307693,0.1044585714285714,1.9410000000000005,4.065,996.4,5990.846153846154,1.435354,1.090666666666667,4.165217777777778,2.381006415841074,3.231833385947965,0
Kepler-600 b,1.0,GV,23.67518007588889,0.15352,2.7971428571428567,7.059238096151453,524.4,5279.4,0.7928333333333333,0.8667999999999999,4.579902222222222,0.4381188352088498,2.376577353730869,0
Kepler-601 b,1.0,KV,5.3788725821900005,0.0551733333333333,1.8255,4.342818537635359,837.6,5135.979090909092,0.7741018749999999,0.80725,4.585752222222222,0.374092564992456,3.825730729519409,0
Kepler-602 b,1.0,GV,15.284645939855556,0.1231399999999999,2.1380000000000003,4.236572390918499,788.6,5893.500999999999,1.299,1.0628,4.284015555555556,1.826423970596215,2.938334147295288,0
Kepler-603 b,1.0,GV,21.05742242978,0.1509866666666666,2.8363750000000003,7.248546557901797,666.4,5870.727272727273,1.01,1.0163333333333335,4.333637777777778,1.0871769086855565,2.5949187860481846,0
Kepler-603 c,1.0,GV,127.9068082835,0.5028483333333333,7.368875,113.6948568552419,365.2,5870.727272727273,1.01,1.0163333333333333,4.333637777777778,1.0871769086855565,1.4219180305359316,0
Kepler-603 d,1.0,GV,6.217149336288889,0.0670283333333333,1.32,1.4346504885762243,1000.2,5875.3,1.0590000000000002,1.012125,4.364895,1.1989524476943556,3.8865373864603687,0
Kepler-604 b,1.0,FV,25.85502246893333,0.174,2.467428571428571,5.562432062299969,637.8,6001.0,1.0243333333333335,1.038,4.439051111111112,1.2208631014447844,2.442862577725861,0
Kepler-605 b,1.0,GV,3.3835375566299994,0.0425233333333333,1.416125,1.571925889285027,1059.0,5405.783636363637,0.8462255555555557,0.912,4.5459966666666665,0.548651739521186,4.6318955001121,0
Kepler-605 c,1.0,GV,2.358957843955556,0.03341,0.83075,0.7857989694916443,1194.4,5403.108,0.8460025000000001,0.912,4.5443725,0.5472776806251559,5.2255759625777705,0
Kepler-606 b,1.0,FV,24.3157776843,0.16958,2.907142857142857,7.596020178293484,679.2,6150.4,1.1669999999999998,1.0975555555555556,4.378831111111111,1.7484169522901805,2.544491032924853,0
Kepler-607 b,1.0,GV,0.6381621464444444,0.0136166666666666,0.999,0.9987001950455192,1904.4,5203.492,0.8595714285714285,0.844125,4.4946725,0.4859967418390857,7.874862188013582,0
Kepler-607 c,1.0,GV,39.67685780777778,0.215145,2.809144572857143,7.1168985072355975,478.8,5222.6577777777775,0.8778333333333332,0.840125,4.4807975,0.5143754848119834,1.9764294178334576,0
Kepler-608 b,1.0,GV,6.412516961733333,0.0684,3.8927142857142862,13.227561971727496,1068.0,5874.897999999999,1.098098888888889,1.0,4.36274,1.28876602149014,3.824255792025328,0
Kepler-609 b,1.0,GV,6.521211733588888,0.0681599999999999,3.35,9.94454994706373,928.8,5789.6,1.14,1.012,4.451125555555556,1.31006785674793,3.853900069643239,0
Kepler-61 b,1.0,KV,59.877967383425,0.2511183333333333,2.2633,4.720739485495533,270.57142857142856,4084.571428571429,0.616875,0.6264000000000001,4.625888000000001,0.0950320659215334,1.5796528244668282,1
Kepler-610 b,1.0,GV,6.9969258991555545,0.07152,4.19,42.07058973993917,882.4,5691.3,1.13,1.01375,4.506752222222222,1.2019672980361695,3.765534792319415,0
Kepler-610 c,1.0,GV,151.8642541573333,0.55672,3.3,9.664435362425754,316.0,5691.3,1.13,1.01375,4.506752222222223,1.2019672980361695,1.3496526316367294,0
Kepler-611 b,1.0,GV,2.437029484677778,0.03612,1.7857142857142854,4.115486809788559,1387.0,5790.0,1.0582,1.0162,4.304410000000001,1.1291187499167643,5.305064987893197,0
Kepler-612 b,1.0,GV,3.722159666211111,0.0452999999999999,2.753857142857143,6.853125325250361,1049.8,5592.9,0.8365,0.9528333333333332,4.379578888888889,0.6142850667175179,4.587059292650067,0
Kepler-613 b,1.0,GV,15.7797738693,0.12336,2.2085714285714286,4.5062133947371725,712.4,5828.6,0.9224285714285712,1.000111111111111,4.492884444444445,0.8810739289236073,2.847816026561882,0
Kepler-614 b,1.0,GV,14.034905707555554,0.10316,2.438714285714286,5.440085838352484,645.0,5263.479,0.7841666666666667,0.8200000000000001,4.559227777777777,0.4234461444627023,2.8198515356114,0
Kepler-615 b,1.0,KV,10.35584360478889,0.07856,1.6366666666666667,3.3270779745523256,560.4,4591.166666666667,0.5906,0.73,4.6525,0.1390493521480832,3.0488473222122865,0
Kepler-616 b,1.0,GV,9.99759397822222,0.09256,2.5066666666666664,5.7317008185706255,854.8,5822.968888888889,0.9656895,1.0025,4.482200000000001,0.961928401285145,3.2915882371377454,0
Kepler-616 c,1.0,GV,90.41154956492224,0.40152,3.48,10.690562663257428,410.6,5822.968888888889,0.9656895,1.0025,4.482200000000001,0.961928401285145,1.580387490167564,0
Kepler-616 d,1.0,GV,44.68387461625,0.25412,2.4605,5.532792741018566,521.6,5887.685,0.9690491428571428,1.055,4.48615,1.0124176775114797,2.0378949375935256,0
Kepler-617 b,1.0,KV,1.68242598816,0.02186,1.324875,1.4415422536921896,765.8,3704.8,0.477,0.5076666666666667,4.750623333333333,0.0384579101094371,4.819913335598431,0
Kepler-618 b,1.0,GV,3.595767838969999,0.0463833333333333,2.460125,5.531190690840922,1259.2,5899.545454545455,1.1862171428571429,1.041888888888889,4.371847777777778,1.529299154719338,4.740287791570343,0
Kepler-619 b,1.0,GV,5.40427306932,0.06109,2.775875,6.957605823861004,1072.8,5967.48,0.9750803333333334,1.0467499999999998,4.481731111111111,1.0817690024264155,4.140105481409685,0
Kepler-619 c,1.0,GV,1.208462345688889,0.0225266666666666,1.544875,2.8900127742310966,1766.2,5983.452,0.97906025,1.0477142857142856,4.478715,1.1023409288070645,6.820998443458991,0
Kepler-619 d,1.0,FV,11.678937802,0.1019916666666666,4.17,41.54847647936708,830.4,6017.835555555556,0.958068857142857,1.0407142857142857,4.49209,1.0800517386142217,3.194908300510966,0
Kepler-62 b,1.0,KV,5.714898632041667,0.0547194342625,1.3547,9.0,735.8333333333334,4855.0,0.668625,0.7061999999999999,4.6333660000000005,0.222849676895614,3.5930895507686254,0
Kepler-62 c,1.0,KV,12.44175499617,0.0920969650285714,0.5937777777777777,4.0,572.2,4861.1,0.668625,0.7061999999999999,4.62943,0.2239717754692248,2.7695944564963755,0
Kepler-62 d,1.0,KV,18.164071725641666,0.1184077477,2.0126,14.0,500.3333333333333,4855.0,0.6686249999999999,0.7061999999999999,4.6333660000000005,0.2228496768956139,2.442579908489308,0
Kepler-62 e,1.0,KV,122.38655644091666,0.42220663495,1.7335454545454547,36.0,264.8333333333333,4870.923076923077,0.6676666666666666,0.7158333333333333,4.637878181818182,0.2251408615016953,1.3023221163182237,1
Kepler-62 f,1.0,KV,267.2845848,0.7118855952428571,1.4632,35.0,206.0,4879.363636363636,0.6676666666666667,0.7061999999999999,4.635382222222223,0.2267054601881488,0.9961706406792314,0
Kepler-620 b,1.0,FV,12.91381155918889,0.10664,2.872,7.422503782489,852.8,6213.764,1.16,1.1504,4.354417777777777,1.7998024844648255,3.285030092731252,0
Kepler-621 b,1.0,KV,2.6281143896222225,0.0312599999999999,2.3,4.867241422451982,755.6,4162.161111111111,0.5811666666666667,0.6126666666666667,4.696666666666666,0.0909424798145123,4.427847178081071,0
Kepler-622 b,1.0,KV,14.28205258767,0.0932999999999999,1.856375,4.524226456688209,399.2,3993.6,0.609,0.6243333333333334,4.660627777777777,0.0846413711082752,2.5872739952779087,0
Kepler-623 b,1.0,GV,9.070960638688888,0.0847199999999999,2.9991428571428576,8.059249304333763,820.0,5529.3,0.8378978,0.9075,4.530268888888888,0.5887793443218403,3.2734471023668466,0
Kepler-624 b,1.0,FV,14.58652543283,0.1185966666666666,2.242125,4.637176861687655,809.0,6134.274545454546,1.1915837500000002,1.0708,4.376307777777778,1.803814324094852,3.0053352402278977,0
Kepler-625 b,1.0,GV,7.75192569851,0.0803783333333333,1.99,5.360453171962905,963.2,5998.222727272727,0.96,1.14,4.356716666666667,1.0703422484481429,3.7666729331158506,0
Kepler-625 c,1.0,GV,4.165374231177777,0.0530816666666666,1.05,1.0654819301935257,1185.4,5993.13,0.96,1.1414285714285717,4.380537500000001,1.0667118244275884,4.63796085060267,0
Kepler-626 b,1.0,GV,14.48585719287,0.1113216666666666,2.433125,5.4164208353079895,795.4,5730.078181818182,1.0160720000000003,0.9868,4.362635555555556,0.9985757323510872,2.977828653375916,0
Kepler-627 b,1.0,FV,40.69935235620999,0.2344016666666666,3.318125,9.765538827521684,688.0,6244.405454545454,1.3953255555555557,1.3,4.181341111111111,2.655860895795987,2.355408904087424,0
Kepler-629 b,1.0,GV,7.23856850255,0.070845,1.3922500000000002,1.537561141187581,841.6,5406.170909090909,0.8530687499999999,0.922,4.530655555555556,0.5577210044641316,3.6081604533664295,0
Kepler-63 b,1.0,GV,9.434150032566665,0.0863314285714285,5.781,120.0,800.2,5606.692307692308,0.910056,0.9824444444444445,4.510374,0.7342652517252231,3.373995669278173,0
Kepler-630 b,1.0,GV,161.47502395120003,0.577735,3.18,9.00765051896825,422.6,5873.199090909091,1.04,1.00275,4.1555188888888885,1.1546634536721565,1.3176709763113803,0
Kepler-631 b,1.0,FV,17.97979376234,0.137645,2.544375,5.896633391983281,786.0,6267.101818181818,1.28616625,1.1925,4.339029999999999,2.2895549454486765,2.9439061292612454,0
Kepler-632 b,1.0,GV,30.996596059333328,0.18348,2.39,5.235474055790713,516.4,5295.394444444444,0.8623333333333333,0.852,4.4768333333333326,0.5246062493814115,2.1552637062212723,0
Kepler-633 b,1.0,FV,8.503401154399999,0.0830916666666666,1.63,3.2941074006514026,1167.0,6112.0,1.15,1.0196666666666667,4.142666666666667,1.6558420716116178,3.503687469889931,0
Kepler-633 c,1.0,FV,23.78324798111111,0.16501,2.4642857142857144,5.548978126207738,828.6,6108.857142857143,1.265,1.0158333333333334,4.128166666666666,1.999451056134128,2.481596006702818,0
Kepler-634 b,1.0,FV,5.16949742335,0.059175,1.840875,4.432607649314213,1243.0,6247.771818181819,1.35668,1.0285000000000002,4.282107777777778,2.5162010234809054,4.169730618490676,0
Kepler-635 b,1.0,FV,23.449681572000003,0.1726366666666667,2.8395,7.263727760102115,780.2,6212.630909090909,1.6507475,1.2385,4.123908888888888,3.642112518128032,2.678899791833443,0
Kepler-636 b,2.0,KV,16.0806598236,0.10762,3.8751428571428574,13.114346768650751,503.0,5033.544,0.8,0.85,4.682833333333333,0.3686084621461079,2.8108518298615013,0
Kepler-637 b,1.0,FIV,23.20582296061,0.174515,4.75,58.36739639918255,889.2,6301.136363636364,2.56,1.64,4.108111111111112,9.269264904037314,3.066059137694735,0
Kepler-638 b,1.0,GV,6.07969913268,0.0630416666666666,1.83,4.368986059210935,1189.6,5393.458181818182,0.93,0.8889999999999999,3.967764444444444,0.6566364853338218,3.755882708283905,0
Kepler-639 b,1.0,GV,10.21417756729,0.0931133333333333,2.37475,5.17218443571138,931.4,5835.319,1.343714285714286,1.0628333333333333,4.19019,1.8782877641838969,3.379104558697008,0
Kepler-640 b,1.0,GV,22.2481531243,0.1583966666666666,2.6966250000000005,6.585049703182529,628.0,5652.681818181818,0.985142857142857,1.0146666666666666,4.457801111111112,0.8890095713994958,2.531416821416027,0
Kepler-641 b,1.0,GV,9.48960699832,0.0876833333333333,1.85,4.486410592232827,920.0,5617.758181818182,1.13,0.99,4.179258888888889,1.141034827911494,3.360733349047329,0
Kepler-642 b,1.0,FV,4.41746113195,0.056385,2.9,7.560598852029191,1420.6,6447.011818181819,1.66,1.229,4.259164444444445,4.271101490946215,4.669486595605404,0
Kepler-643 b,1.0,KIV,16.338895494220004,0.13195,11.09025111111111,321.0083,967.6,4872.031818181818,2.658771,1.129857142857143,3.645333333333333,3.5734867812629703,2.926725924287606,0
Kepler-644 b,1.0,FV,3.17391516194,0.0464516666666666,3.048375,8.312467176896504,1667.6,6471.364545454545,1.7105,1.346,4.09909,4.603832006883406,5.383898496455034,0
Kepler-645 b,1.0,FV,3.27581740152,0.0455016666666666,2.1,4.094648818362102,1571.2,6309.537272727273,1.374704,1.1971666666666667,4.227162222222223,2.687189436386753,5.130251307282958,0
Kepler-646 b,1.0,GV,15.87360322248,0.1158516666666666,1.728875,3.803147507855298,630.0,5513.290909090909,0.844997,0.873,4.580312222222222,0.5918938380385035,2.7455601506685454,0
Kepler-647 b,1.0,GV,16.225466638499995,0.1236283333333333,1.306,1.4149012492026618,786.0,5969.656363636364,1.07,0.994625,4.266952222222223,1.3045319920135274,2.8369106801530983,0
Kepler-647 c,1.0,GV,29.66632154333333,0.1849849999999999,4.00135002,37.3043156845061,642.8,5970.246666666667,1.3184275,0.981125,4.25157125,1.981396790953664,2.303397536770822,0
Kepler-648 b,1.0,GV,17.4211667289,0.1313233333333333,2.980875,7.966235719348251,662.8,5721.576363636364,0.9682445714285716,1.0042,4.501788888888888,0.901410860198573,2.765757785772033,0
Kepler-649 b,1.0,GV,29.90726937186,0.1798366666666666,2.38575,5.217799318975894,609.0,5846.0,0.9394355,0.9225,4.4520100000000005,0.924823867171902,2.2652651796333694,0
Kepler-65 b,1.0,FV,2.154911174535714,0.03519281465,1.4555833333333332,2.42728463,1702.0,6179.0,1.4512153846153846,1.236,4.213690909090908,2.754395996081096,5.9273042226139925,0
Kepler-65 c,1.0,FV,5.859926781366666,0.0685293837125,2.551076923076923,12.3277264,1219.2,6179.0,1.4492714285714283,1.2360000000000002,4.213690909090909,2.747021710255653,4.247621459598382,0
Kepler-65 d,1.0,FV,8.131240823486667,0.0850855669375,1.643333333333333,4.194146285,1094.4,6179.0,1.4253,1.2360000000000002,4.213690909090909,2.656899952865401,3.812029658301128,0
Kepler-650 b,1.0,GV,3.0321473855,0.04192,2.96,7.860573827647624,1606.2,5908.05,1.5038,1.052,4.0975,2.471989714248832,5.010397902690098,0
Kepler-651 b,1.0,GV,21.385123813333333,0.1438966666666666,2.265625,4.729957665326614,597.2,5503.854000000001,0.8515050000000001,0.9004,4.5332075,0.5969416401726786,2.5018850977167717,0
Kepler-652 b,1.0,GV,4.182002644150001,0.0490133333333333,2.50375,5.719035974126175,1011.8,5382.272727272727,0.8620912000000001,0.9288333333333334,4.5127266666666666,0.5595759942630943,4.3539833171758335,0
Kepler-653 b,1.0,GV,14.707502146789995,0.120275,1.851625,4.496032143338941,765.2,5616.452727272727,1.1956666666666669,1.0590000000000002,4.310868888888889,1.2763169159388323,2.9678044469942915,0
Kepler-653 c,1.0,GV,0.900376476,0.023375,0.7719999999999999,0.7143359224621226,1803.0,5626.932000000001,1.1956666666666669,1.0590000000000002,4.321485,1.2858691033286365,6.732047231069856,0
Kepler-654 b,1.0,GV,13.72463273783,0.1179233333333333,2.07,3.984223166442407,958.6,5931.818181818182,1.11,1.0671666666666668,4.121652222222222,1.3686333895307972,3.00878556101344,0
Kepler-655 b,1.0,FV,46.40642743478001,0.2643783333333333,2.58575,6.080151676282948,573.2,6243.124545454545,1.1985860000000002,1.1980000000000002,4.366134444444444,1.958106218630891,2.129072560504166,0
Kepler-656 b,1.0,GV,1.26025858747,0.0228516666666666,3.347875,9.93256795926628,1537.4,5342.650909090909,0.8657881666666666,0.8802,4.50656,0.547949246352026,6.207357034934098,0
Kepler-656 c,1.0,GV,5.25451020675,0.058995,1.2912857114285714,1.3942127468700911,957.8,5438.465,0.9450405,1.026166666666667,4.507097142857143,0.7009645309812872,4.171347134849912,0
Kepler-657 b,1.0,GV,24.54352757564,0.166995,3.438285714285714,10.448398528184894,616.4,5864.9,0.982857142857143,1.009888888888889,4.388231111111111,1.0254467017611544,2.4595748688332004,0
Kepler-658 b,1.0,KV,1.287076816411111,0.0187799999999999,1.5062857142857144,2.7170269842792285,885.2,3899.3,0.58425,0.576,4.655951111111111,0.0708001032523455,5.539090128029798,0
Kepler-659 b,1.0,KV,17.671776904333335,0.12018,2.4175714285714287,5.350824382928332,514.0,4835.8,0.7163333333333334,0.7657499999999999,4.589477777777778,0.2517639218601722,2.5246570214164734,0
Kepler-66 b,1.0,GV,17.815911679963637,0.1332385714285714,2.9752222222222224,7.937557372555188,696.8,5886.05,0.9535714285714284,1.0185,4.463662000000001,0.9792466575864068,2.765288941326396,0
Kepler-660 b,1.0,KV,9.2736109825,0.07612,2.540571428571429,5.879896457298456,647.8,4819.555555555556,0.7016666666666667,0.6930000000000001,4.593389999999999,0.2383304341196075,3.0178122108848577,0
Kepler-661 b,1.0,KV,6.029297540211111,0.05816,3.035428571428572,8.24551969907434,676.2,4481.9,0.681315125,0.7062,4.637234444444445,0.1680484688689583,3.485191463900908,0
Kepler-662 b,1.0,KV,21.676969144322225,0.12952,2.228285714285714,4.58294520136774,461.2,4841.858,0.7516666666666666,0.7781666666666668,4.562094444444444,0.2786048207908642,2.4515619822366,0
Kepler-663 b,1.0,GV,4.996784380344445,0.05532,2.6652857142857145,6.440404812957775,912.2,5243.4,0.8424999999999999,0.8525,4.519765555555555,0.481372889982667,3.926278411645584,0
Kepler-664 b,1.0,GV,2.5255954013333333,0.03712,2.664,6.434503166655589,1401.8,5860.5,1.002827666666667,1.005,4.453666666666667,1.064341865232892,5.204200631767273,0
Kepler-665 b,1.0,KV,16.01306807931111,0.11404,2.7977142857142856,7.061978399603444,585.0,4922.1,0.74019425,0.78,4.549263333333333,0.2885246981639692,2.615734623452457,0
Kepler-666 b,1.0,GV,4.4987691378333325,0.05416,2.310714285714286,4.910411336392344,1131.6,5966.9,1.008857142857143,1.0443333333333331,4.409367777777778,1.157561927888312,4.391928145834113,0
Kepler-667 b,1.0,GV,41.43965086294444,0.22664,4.73,57.72814167016239,507.6,5333.8,0.87,0.926,4.409666666666667,0.5496361177142665,2.0216789843740703,0
Kepler-668 b,1.0,GV,8.353905757266666,0.0770599999999999,2.564285714285714,5.984614555430476,791.2,5471.1,0.7799815,0.875,4.594248888888888,0.4890542813812967,3.3702685532301317,0
Kepler-669 b,1.0,FV,4.1255486112,0.05252,4.569285714285714,52.74776980794875,1232.2,6014.5,1.1569999999999998,1.143,4.298643333333334,1.5716458306501389,4.665903370828668,0
Kepler-67 b,1.0,GV,15.725883443181816,0.1168771428571428,2.953333333333334,7.826970331657528,609.4,5251.166666666667,0.7833357272727273,0.852,4.570231000000001,0.4186093551860266,2.7004117446069515,0
Kepler-670 b,1.0,GV,2.816504902088889,0.03798,12.589142857142855,781.6096371040079,1243.8,5556.7,0.9666666666666668,0.944875,4.427980000000001,0.7993024381324778,4.988668927128212,0
Kepler-671 b,1.0,GV,4.280964867455555,0.0500599999999999,2.4202857142857144,5.362244482740486,1012.6,5573.0,0.8724999999999999,0.9415,4.491458888888888,0.6588353502069731,4.337502354261378,0
Kepler-672 b,1.0,GV,38.3775051491,0.22514,2.623428571428572,6.249590533300178,535.0,5691.356,0.961154875,0.9728,4.474451111111111,0.8696401936739114,2.079028458091427,0
Kepler-673 b,1.0,GV,3.7287318193666654,0.04546,6.115857142857142,73.09772786840203,1020.4,5399.5,0.81835525,0.8919999999999999,4.568059999999999,0.5107257769610295,4.430397521805411,0
Kepler-674 b,1.0,KV,2.24304300444,0.02686,1.680375,3.548061641947031,739.8,4033.3,0.5845,0.5846666666666667,4.694632222222221,0.081114965246616,4.666337503894499,0
Kepler-675 b,1.0,KV,2.337439475155556,0.03172,2.3247142857142857,4.967092072934314,1050.4,4913.76,0.7426666666666666,0.7705,4.570147777777779,0.2884918018354672,4.929407439445578,0
Kepler-676 b,1.0,KV,11.59839388059,0.08048,3.0017500000000004,8.072565670169393,407.4,3704.4,0.4952,0.5156000000000001,4.738498888888889,0.0414307336799697,2.5315555086171986,0
Kepler-677 b,1.0,GV,6.575318386244445,0.0674,5.868,101.33493062217552,1018.0,5861.6,0.9976666666666666,1.0,4.282746666666666,1.054206011323005,3.852521186169437,0
Kepler-678 b,1.0,GV,7.275036848499999,0.07256,5.688571428571429,93.44550016415522,822.8,5438.222222222223,0.8563333333333333,0.9577142857142856,4.367315,0.5754443759244818,3.633660348332591,0
Kepler-679 b,1.0,GV,12.393554987233331,0.09874,2.765571428571429,6.908619461168972,683.6,5461.2,0.8087996000000001,0.8804000000000001,4.583497777777778,0.5220643428483758,2.986540712890004,0
Kepler-68 b,2.0,GV,5.3987576469,0.0614222427111111,2.308683846153846,7.457851115,1182.2857142857142,5823.891176470588,1.2511392857142858,1.0661333333333334,4.275192857142857,1.615675641148864,4.166946361671442,0
Kepler-68 c,2.0,GV,9.60503380821875,0.0901558202666666,0.9400833333333332,1.3,962.5,5825.821875,1.2511392857142856,1.0661333333333334,4.274823076923076,1.617819179899022,3.439409293857824,0
Kepler-68 d,2.0,GV,620.8962414,1.443531366,14.234541269023609,257.328485848,219.84223091941877,5827.0575,1.2496775,1.0605,4.275913333333333,1.615410738772042,0.8572691748720879,0
Kepler-68 e,2.0,GV,3959.7120765,4.989734377,8.446566364396967,86.4493267,118.9691340009288,5847.0,1.2564,1.0495,4.260548615026556,1.6553052053948134,0.4586986816390506,0
Kepler-680 b,1.0,GV,3.68991231615,0.0469199999999999,2.077857142857144,4.01300594008608,1142.0,5817.888888888889,0.9812857142857142,1.01175,4.4203525,0.9897887053848814,4.644431787357103,0
Kepler-681 b,1.0,KV,26.39437447546667,0.16322,3.1101428571428573,8.635403628572568,486.2,5053.7,0.7715000000000001,0.8075,4.573495555555555,0.3483369469061992,2.224639082888712,0
Kepler-682 b,1.0,GV,12.611907588877775,0.10544,7.37,113.73599890398926,750.2,5668.7,0.9076666666666666,0.9452,4.287983333333333,0.763267056890202,2.9945677410040576,0
Kepler-683 b,1.0,GV,2.5391810943625,0.03658,2.0188571428571427,3.799274026561218,1342.6,5750.731111111111,0.9661666666666666,1.000142857142857,4.4442225,0.9159804329196264,5.22978881894519,0
Kepler-684 b,1.0,GV,6.770295275866666,0.065,3.337285714285714,9.87296141802254,829.8,5587.445000000001,0.7383333333333334,0.935,4.446442222222222,0.4767029575591014,3.793360443100191,0
Kepler-685 b,1.0,GV,1.6255223270111112,0.02682,9.539142857142858,376.7988753098934,1563.8,5625.722,1.0662542857142856,0.994375,4.378017777777778,1.0217026005680694,6.090047720773433,0
Kepler-686 b,1.0,GV,1.5947453560777778,0.02604,12.164285714285716,714.1308427345482,1545.6,5840.2,1.003,0.975,4.431953333333333,1.050032148268954,6.120075810743942,0
Kepler-687 b,1.0,KV,20.50588574848889,0.13228,3.521857142857143,10.9361963199589,513.0,4855.8,0.753875888888889,0.7545,4.563498888888889,0.2834867207150036,2.3886774678302745,0
Kepler-688 b,1.0,GV,3.895935997911111,0.04614,8.377571428571429,154.09551206726476,1012.6,5541.2,0.8626666666666667,0.9358333333333332,4.488057777777778,0.6294934082057473,4.504384382163925,0
Kepler-689 b,1.0,GV,22.36652274695556,0.14566,2.64,6.324809670881756,542.6,5400.5,0.7806,0.8696666666666667,4.530096666666666,0.4650319857776581,2.443887687400565,0
Kepler-69 b,1.0,GV,13.722365209433336,0.1051562499999999,2.406,5.302268104968664,766.2857142857143,5696.205384615385,0.9489999999999998,0.8825000000000001,4.377106363636364,0.8506772820939028,2.8974422983908856,0
Kepler-69 c,1.0,GV,242.46609163116668,0.7137437500000001,1.8414,4.435692778063739,292.7142857142857,5696.205384615385,0.9489999999999998,0.8825,4.377106363636364,0.8506772820939028,1.112144406343459,0
Kepler-690 b,1.0,GV,7.748093463366666,0.07932,5.464714285714285,84.14940931074844,945.4,5801.6,1.1036666666666666,1.137,4.357788888888889,1.2381031589999558,3.7867258429587274,0
Kepler-691 b,1.0,KV,8.11393795585,0.06442,2.1837500000000003,4.410476822746502,469.6,3708.1,0.5143333333333333,0.5406000000000001,4.724667777777778,0.0448729832572882,2.8973612296848668,0
Kepler-692 b,1.0,GV,21.8129489064,0.1486,3.4022857142857146,10.241521595167065,636.6,5497.4,0.8997974000000001,0.9245,4.452306666666666,0.6634507207610354,2.4947040782738816,0
Kepler-693 b,2.0,KV,15.37566202625,0.1092,10.481571428571428,482.7490495696172,578.6,4936.0,0.7725,0.743,4.527825,0.3178245423201411,2.6089038380608085,0
Kepler-694 b,1.0,GV,6.365838080944444,0.06618,2.5937142857142854,6.115782821375742,916.2,5711.0,0.8843333333333333,0.9705,4.507328888888889,0.7463980242659303,3.830093467926116,0
Kepler-695 b,1.0,KV,3.0403307734375,0.03732,9.419,364.4455198920735,1012.6,5017.777777777777,0.7928000000000001,0.7794285714285714,4.457515,0.3574891194815314,4.570801142468095,0
Kepler-696 b,1.0,GV,4.190423218211111,0.053,6.424428571428571,82.14247354210646,1243.0,5938.221,1.180431111111111,1.03,4.340946666666667,1.5545209173121,4.409157996943883,0
Kepler-697 b,1.0,GV,3.7098726081,0.04614,4.084142857142857,39.35259838111528,1069.4,5585.8,0.8827999999999999,0.9598571428571429,4.488557777777777,0.6807004312237175,4.561834122731652,0
Kepler-698 b,1.0,GV,16.329755869688892,0.1252,4.129142857142858,40.49434338703852,725.4,5752.5,0.971,0.97875,4.295567777777778,0.926306729477131,2.7964606144698885,0
Kepler-7 b,1.0,GIV,4.88549167585,0.0618654545454545,17.463238307692308,139.907688,1535.111111111111,5988.666666666667,1.980272727272728,1.3153,3.949018666666667,4.525435976530202,4.6117238085868815,0
Kepler-700 b,1.0,GV,80.87208731843333,0.34588,5.933999999999999,104.33669711562096,394.2,5606.7,0.96,0.9631666666666666,4.36699,0.8170743761651561,1.669025533916356,0
Kepler-701 b,1.0,GV,10.35534600032222,0.0892,2.7552857142857143,6.859881551664099,774.2,5405.3,0.8740624,0.893,4.485302222222222,0.5851321187045668,3.164596083296485,0
Kepler-702 b,1.0,GV,10.526294094333332,0.0881999999999999,8.745428571428572,170.6165672883798,713.6,5325.321,0.828,0.851111111111111,4.482661111111111,0.4946906350483946,3.106946832778541,0
Kepler-703 b,1.0,GV,4.5835212101555545,0.0536,8.2,146.4666775547049,1036.4,5853.0,1.27,1.0224444444444447,4.469473333333333,1.6982881854309082,4.368299922434812,0
Kepler-704 b,1.0,GV,3.7618279925,0.0465999999999999,2.6084285714285715,6.181871913246352,1116.6,5590.222222222223,0.9781666666666666,0.9665714285714284,4.4204775000000005,0.8383625256615774,4.555111397805293,0
Kepler-705 b,1.0,KV,56.05644318913637,0.2282166666666666,2.146333333333333,4.268002092803953,239.66666666666663,3649.727272727273,0.5015000000000001,0.52175,4.744463999999999,0.0400380922678416,1.5122811328810633,1
Kepler-707 b,1.0,KV,2.2374947138125,0.0316,1.4044285714285714,1.555068602666263,1132.6,5194.0,0.7454999999999999,0.8352857142857142,4.613085,0.3629049790201517,5.142200065821372,0
Kepler-708 b,1.0,GV,3.1678886497333334,0.04248,2.834714285714285,7.240484955735883,1215.2,5797.181,0.944,1.0074444444444444,4.455823333333333,0.9030281301360764,4.870721332503244,0
Kepler-709 b,1.0,KV,16.08523766242222,0.11664,3.263142857142857,9.460379659413766,611.2,5184.299000000001,0.7726666666666667,0.8240000000000001,4.571994444444444,0.3869317507120295,2.658366370818808,0
Kepler-710 b,1.0,GV,4.347290473966667,0.0499,1.991571428571428,5.370787441417935,1031.6,5686.822999999999,0.9606666666666668,0.9898333333333332,4.4024544444444444,0.865992515161584,4.454569596902608,0
Kepler-711 b,1.0,KV,23.589154353888887,0.14312,3.172428571428572,8.966945286761284,485.6,4944.7,0.7557605555555555,0.7486666666666666,4.566614444444444,0.3063501404173989,2.2875419589510173,0
Kepler-712 b,1.0,KV,21.02246850299,0.1373416666666666,3.1801250000000003,9.008323272062556,532.0,5114.0,0.759122,0.8236666666666665,4.601308888888889,0.3536355365125558,2.449342806747544,0
Kepler-712 c,1.0,KV,226.8905074192,0.6704650000000001,4.547125,52.0826760984216,240.8,5114.0,0.7591220000000002,0.8236666666666667,4.601308888888889,0.353635536512556,1.1085688564242615,1
Kepler-713 b,1.0,GV,7.411139332955555,0.07464,2.4809999999999994,5.62070577605332,901.4,5828.6,0.9332,1.0072,4.466037777777778,0.9017711107257907,3.674066622340245,0
Kepler-714 b,1.0,FV,8.098887202455554,0.08246,9.65,388.4246956282647,974.2,6086.7,1.0776,1.108375,4.309264444444445,1.4299886909182482,3.666879845807684,0
Kepler-715 b,1.0,GV,10.006537477622222,0.0930399999999999,3.5821428571428577,11.294617119387052,871.6,5980.2,1.0301666666666665,1.0550000000000002,4.420092222222222,1.217776729777734,3.367955641930341,0
Kepler-716 b,1.0,KV,10.37168106184,0.0869633333333333,2.806625,7.104775178652092,679.0,5097.454545454545,0.7470549,0.8305,4.588595555555556,0.3380713240957617,3.09084134747035,0
Kepler-716 c,1.0,KV,3.96996471,0.0457966666666666,1.4182593371428571,1.575006487000947,935.6,5112.125,0.7439094285714286,0.8306666666666667,4.585891428571429,0.3391062812600693,4.259625725173187,0
Kepler-717 b,1.0,GV,4.40841404,0.0522,2.42,5.361041823870242,1140.2,5871.371111111111,0.9473333333333332,0.9645714285714284,4.3015575,0.9568714885512586,4.299390864134156,0
Kepler-718 b,1.0,GV,2.052349883888889,0.0324999999999999,16.56,654.6804435152435,1484.4,5911.9,1.13125,1.0935,4.382375555555555,1.4025403091106414,5.801532068345958,0
Kepler-719 b,1.0,GV,5.007316634,0.0559399999999999,8.51442857142857,160.12846863939015,1005.2,5830.875,0.867,0.931,4.45631,0.7795840949385952,4.080267099132131,0
Kepler-720 b,1.0,GV,4.708327732311111,0.05352,8.41,155.51293218593378,1138.4,5536.2,0.92,0.94875,4.3063666666666665,0.7133662992983277,4.211073542642627,0
Kepler-721 b,1.0,KV,5.392030794377778,0.05772,2.7294285714285715,6.738082024338814,839.8,5099.2,0.8058333333333335,0.8482857142857142,4.542931111111112,0.3939022763181424,3.8342718346889737,0
Kepler-722 b,1.0,GV,4.093577786249999,0.05132,2.5488571428571425,5.916385180110147,1176.2,5974.333333333333,0.997778,1.0646666666666669,4.4677050000000005,1.1379298715852566,4.555525570107674,0
Kepler-722 c,1.0,GV,105.14594034044444,0.4462799999999999,2.9022857142857146,7.571925143819755,399.0,5950.1,0.994208625,1.04,4.468384444444445,1.111583167623159,1.5268203559089175,0
Kepler-723 b,1.0,GV,4.0822753951,0.048,11.065,556.6628388005905,1022.0,5636.666666666667,0.8191666666666667,0.882,4.5633333333333335,0.6077483732507563,4.287347226460033,0
Kepler-724 b,1.0,GV,3.3149473418333333,0.04284,3.663857142857143,11.789169460289871,1149.6,5484.762000000001,0.9204712222222222,0.9075,4.481646666666666,0.6879255319860177,4.603345479345038,0
Kepler-725 b,1.0,GV,39.64323028700001,0.2198685714285713,10.46,480.1404888656281,481.6666666666667,5414.090909090909,0.8358515555555557,0.9078888888888887,4.5399125,0.5385801405621983,2.032402671921973,0
Kepler-725 c,1.0,GV,207.541,0.6744,2.9657844635645425,9.7,268.0,5395.0,0.88,0.95,4.526580288549582,0.5886009928673347,1.1870745819342112,1
Kepler-726 b,1.0,GV,21.80457098845556,0.14238,2.8305714285714285,7.220392815772929,552.2,5472.8,0.8019395,0.8656666666666667,4.606026666666667,0.517620383871217,2.4661860517064613,0
Kepler-727 b,1.0,GV,5.154478194749999,0.0546799999999999,2.6207142857142856,6.237310791744351,962.6,5400.522222222222,0.8793333333333334,0.8294999999999999,4.493355,0.5901194823845296,3.8955512849606144,0
Kepler-728 b,1.0,GV,5.743476762288889,0.0626,3.426285714285714,10.379221816091537,982.0,5774.8,0.9587142857142856,0.97775,4.395736666666667,0.9170986175431632,3.95277168307475,0
Kepler-729 b,1.0,GV,3.166353535066667,0.04316,3.9792857142857136,13.792078910765452,1262.2,5854.4,1.0366666666666666,1.0275555555555556,4.367628888888889,1.1326551060721306,4.880192147551878,0
Kepler-730 b,1.0,GV,6.49168296478,0.0706833333333333,12.3299,739.9862123001661,1087.0,5899.0,1.2016666666666669,1.0111666666666663,4.309793,1.5688140253624612,3.782925994179436,0
Kepler-730 c,1.0,GV,2.85188338,0.040635,1.3996300000000002,1.5481648949351667,1502.5,5793.666666666667,1.393125,1.047,4.2454366666666665,1.9619324076148072,5.076895132412286,0
Kepler-731 b,1.0,GV,3.855603525588889,0.05,13.247285714285711,893.7041103244039,1192.0,5909.0,1.0440044444444443,1.03,4.445103333333333,1.192203808654038,4.539505996970932,0
Kepler-732 b,1.0,KV,9.46803796114,0.0684399999999999,2.2538750000000003,4.683458433420849,413.2,3622.9,0.4713333333333333,0.4976666666666667,4.772515555555556,0.0343377272251772,2.697051628521072,0
Kepler-732 c,1.0,KV,0.8927375893299999,0.01426,1.31125,1.422299808491351,904.8,3622.9,0.4713333333333333,0.4976666666666666,4.772515555555556,0.0343377272251772,5.908598742736248,0
Kepler-733 b,1.0,GV,20.83435233875,0.14704,2.724857142857142,6.716655948675897,587.8,5449.171111111111,0.8704614285714286,0.9565714285714284,4.547435,0.5993916594116961,2.551032194049852,0
Kepler-734 b,1.0,GV,6.104854853855556,0.06128,3.56,11.16233355763726,837.4,5314.4,0.8384,0.8558,4.358766666666667,0.5030479076749063,3.737676816163989,0
Kepler-735 b,1.0,KV,11.515160348477778,0.09566,2.8562857142857143,7.345529897729922,648.6,5083.1,0.7844597500000001,0.8200000000000001,4.593972222222222,0.3685919067239537,2.92830778381657,0
Kepler-736 b,1.0,KV,3.6014693186555555,0.04392,2.6222857142857143,6.244418721403953,993.6,5187.2,0.8363061111111113,0.85,4.545528888888889,0.4543100699769964,4.400006125739536,0
Kepler-737 b,1.0,KV,28.59918939818,0.14482,1.998625,5.4173190001925695,301.8,3792.9,0.5013333333333333,0.5036228571428571,4.763696666666666,0.0466690095134347,1.865148557338566,1
Kepler-738 b,1.0,GV,24.58720108968889,0.15592,2.4547142857142856,5.508099858528566,532.2,5384.964,0.7951666666666667,0.8722,4.536915555555556,0.4770208911143617,2.3655498913122885,0
Kepler-739 b,1.0,GV,12.532487965388889,0.10572,3.362714285714286,10.01638342507644,776.2,5847.3,0.9076666666666668,0.98675,4.470733333333333,0.8641002445126025,3.0556244348557757,0
Kepler-74 b,1.0,FV,7.340715198041667,0.07932875,10.76,202.7697733333333,1124.2857142857142,5986.417692307692,1.12,1.2417142857142858,4.232412727272727,1.445419662426294,3.9570407004862185,0
Kepler-740 b,1.0,GV,3.5840986562111112,0.0459599999999999,4.7495714285714286,58.353652533902284,1120.2,5605.844999999999,0.9215,0.934,4.492336666666666,0.7523932158548016,4.508773429256182,0
Kepler-741 b,1.0,FV,7.039023370611111,0.07428,2.676714285714286,6.4929765125218495,1046.2,6190.4,1.17475,1.09875,4.345522222222223,1.818258417843024,3.846701443924936,0
Kepler-742 b,1.0,KV,8.36086544027778,0.07352,3.4815714285714288,10.699736643592232,674.2,4660.9,0.7229907499999999,0.758,4.562205555555555,0.2213270383723204,3.2114919490268563,0
Kepler-743 b,2.0,GV,3.17926407407,0.04181,1.247,1.3323747370959316,1107.0,5492.538181818181,0.8916000000000001,0.9523333333333333,4.527785555555556,0.6491159910017279,4.773417193077991,0
Kepler-744 b,1.0,GV,12.062216116920002,0.102725,1.62,3.245014453262256,967.0,5705.038181818181,0.8656215714285714,1.012,4.332332222222223,0.7121643218576245,3.139259124705691,0
Kepler-745 b,1.0,GV,9.931462186699996,0.09078,2.176,4.380784531317503,841.8,5785.901,1.0022,1.01,4.319384444444444,1.0099099247663164,3.3361116874874024,0
Kepler-746 b,1.0,GV,3.481570253575,0.04392,1.2366666666666666,1.3180395778360123,1174.4,5363.96,1.0245,0.9132,4.383500000000001,0.7795713998434307,4.560650266774696,0
Kepler-747 b,1.0,KV,35.61760674065555,0.19188,5.169999999999999,72.81323346425302,455.4,5073.222222222223,0.7776666666666667,0.7543333333333333,4.535333333333333,0.359428377644839,1.9830870508977665,0
Kepler-748 b,1.0,GV,7.407441737225,0.0748,2.351714285714286,5.077274675544119,930.6,5852.315555555555,0.989,1.016857142857143,4.361735,1.0294218301272928,3.6876878878767183,0
Kepler-749 b,1.0,KV,17.317157661733333,0.10772,3.1,8.581974470851543,469.4,4833.379,0.753473,0.7535000000000001,4.657158888888889,0.2779896598149504,2.645260457367601,0
Kepler-75 b,1.0,GV,8.884920707261537,0.0796255555555555,11.20531363636364,3188.7943333333333,774.0,5250.571428571428,0.8824444444444444,0.8513999999999999,4.477568181818182,0.5309955487419707,3.270510661076253,0
Kepler-750 b,1.0,FV,9.4288669287,0.0915366666666666,3.19325,9.079094774339918,1027.6,6159.778181818182,1.28769,1.15,4.284638888888889,2.141769791439232,3.5450825901935143,0
Kepler-750 c,1.0,FV,4.088988809977778,0.0524483333333333,1.706,3.681534083127349,1357.4,6173.204000000001,1.2782675,1.1542857142857144,4.2929375,2.1290009727236407,4.692084214707895,0
Kepler-751 b,1.0,GV,17.444824275322226,0.1260399999999999,2.46,5.5306567229520365,678.0,5473.6,0.8777950000000001,0.8795999999999999,4.464607777777778,0.6205378588036848,2.642186060922764,0
Kepler-752 b,1.0,GV,18.82747147027778,0.13524,2.831857142857143,7.22662547721878,631.4,5587.6,0.8655714285714285,0.92,4.509307777777777,0.6552347314785474,2.6086530180979106,0
Kepler-753 b,1.0,KV,5.747719559422222,0.05188,1.7115714285714283,3.710939454309901,585.4,4177.5,0.622,0.6521666666666667,4.667135555555556,0.1057149609269886,3.5461271125852654,0
Kepler-754 b,1.0,GV,14.559623714285715,0.1162,1.9567142857142856,5.144307190365896,758.6,5962.55375,0.9856666666666666,0.9986666666666668,4.404271428571429,1.1017402549363775,2.932123084267957,0
Kepler-755 b,2.0,KV,1.2690913328899998,0.02101,1.66725,3.480821651163877,1359.4,5093.673636363636,0.7681666666666667,0.8014999999999999,4.577542222222222,0.3563897676434488,6.177513755522236,0
Kepler-755 c,2.0,KV,2.85313288246,0.0360333333333333,1.343,1.467232088430647,1037.6,5093.673636363636,0.7681666666666667,0.8015,4.577542222222221,0.3563897676434488,4.717093967016461,0
Kepler-756 b,1.0,GV,1.22486554885,0.0218,1.25,1.336543249988985,1557.8,5519.666666666667,0.8161999999999999,0.8876000000000002,4.524,0.554797424798236,6.381979193251671,0
Kepler-757 b,1.0,GV,1.0226804551,0.01906,1.36,1.4914221229127824,1621.2,5589.444444444444,1.075,0.94175,4.44114,1.0120019610038706,7.030421287803104,0
Kepler-758 b,1.0,FV,12.109744324444444,0.1092733333333333,2.5415,5.883980390308004,1013.6,6460.7,1.4397925000000005,1.2428749999999995,4.228495,3.2404696986552315,3.373118624658205,0
Kepler-758 c,1.0,FV,4.7579455949666665,0.05858,1.682875,3.5609554097166387,1384.2,6460.7,1.4397925,1.2428749999999995,4.228495000000001,3.2404696986552293,4.6069555979100985,0
Kepler-758 d,1.0,FV,20.49682324444444,0.1551666666666666,2.31425,4.92469702927754,850.6,6460.7,1.4397925,1.2428749999999995,4.228495000000001,3.2404696986552293,2.830671647081702,0
Kepler-758 e,1.0,FV,8.193503420622225,0.0841333333333333,1.58425,3.0730516985958314,1154.8,6460.7,1.4397925000000005,1.2428749999999995,4.228495000000001,3.2404696986552315,3.844188385747456,0
Kepler-759 b,1.0,GV,41.80695978125,0.23312,2.446,5.471006870058141,532.4,5899.285714285715,0.9836666666666666,0.9773333333333332,4.441666666666667,1.0514375459913885,2.047889750451768,0
Kepler-76 b,1.0,FV,1.54492902,0.0277714285714285,13.636649,636.7094333333333,2015.8333333333333,6341.520833333333,1.3955,1.1863,4.208067000000002,2.8256816141544627,6.536919531415425,0
Kepler-760 b,1.0,GV,8.70418944979,0.0804283333333333,3.5097499999999995,10.864875325323393,857.4,5259.090909090909,0.8770562857142857,0.8983750000000001,4.4026177777777775,0.5279435560123554,3.3427144467090324,0
Kepler-760 c,1.0,GV,2.466972435622222,0.034715,1.48,1.6647162926501209,1304.6,5268.8,0.8722660000000001,0.9024285714285716,4.395004999999999,0.5260591663297534,5.099443891050081,0
Kepler-761 b,1.0,GV,10.128074238033332,0.09052,2.2,4.4730432104685045,877.8,5832.457,0.9547938749999998,0.971,4.462077777777777,0.9464883683308356,3.2757618918315967,0
Kepler-762 b,1.0,FV,3.770552274677778,0.0488199999999999,12.851142857142856,825.1194148665543,1293.4,6125.6,1.1326666666666667,1.0685714285714287,4.337725555555555,1.6206477325745854,4.679267522853416,0
Kepler-763 b,1.0,KV,1.19655408745,0.02102,1.2034285714285715,1.2721737016672725,1403.6,5142.333333333333,0.8133333333333334,0.8466666666666667,4.5501325,0.4150189166689754,6.347677575994953,0
Kepler-763 c,1.0,KV,4.096680626285715,0.0475199999999999,1.4101666716666663,1.5633333047992284,933.4,5149.428571428572,0.8130000000000001,0.8210000000000001,4.54879,0.4169721937824012,4.157271103120797,0
Kepler-763 d,1.0,KV,6.503250225571429,0.06472,1.6395000016666668,3.3411491900866177,800.0,5149.428571428572,0.8130000000000001,0.8210000000000001,4.54879,0.4169721937824012,3.5622738944154992,0
Kepler-764 b,1.0,GV,7.3368319686,0.0723999999999999,1.6232857142857142,3.261097013132181,877.8,5704.444444444444,0.8655714285714285,0.9308,4.525235,0.7117854310068035,3.586194896616323,0
Kepler-765 b,1.0,GV,27.66528783825556,0.17652,2.316714285714286,4.934665348814052,641.6,5957.4,1.043,1.0402,4.374061111111111,1.229378209707797,2.4279316097069814,0
Kepler-766 b,1.0,GV,6.1002836725666665,0.066,3.39,10.171369386935046,987.0,5859.111111111111,1.15,1.0247777777777776,4.3067,1.398338987591036,3.941103731318336,0
Kepler-767 b,1.0,GV,161.52780331625,0.5776600000000001,7.359142857142856,113.33930460050549,328.2,5789.888888888889,0.9406666666666668,0.9794285714285714,4.352672500000001,0.8921590333839695,1.3023425213945592,0
Kepler-768 b,1.0,KV,10.3231329888875,0.08116,1.6301428571428571,3.294811881743295,689.4,5004.0,0.7655477499999999,0.8225714285714284,4.5980825,0.3296883665921818,3.184129886264318,0
Kepler-769 b,1.0,FV,7.426068355666668,0.07674,2.92,7.659976155834851,1006.0,6112.1,1.144355714285714,1.1044444444444446,4.3993577777777775,1.6397352750354002,3.7943380765112096,0
Kepler-769 c,1.0,FV,15.9866557455375,0.12786,1.652285714285714,3.4050834591372814,779.0,6126.444444444444,1.1444433333333337,1.105,4.403935,1.655436153625196,2.9402805627428923,0
Kepler-77 b,1.0,GV,3.578780775015385,0.0463811111111111,10.595967272727272,136.661,1440.0,5596.126428571429,0.998125,0.9952857142857144,4.4372418181818185,0.8766167955193451,4.633170633913378,0
Kepler-770 b,1.0,GV,18.92539824402222,0.139,2.3,4.867241422451982,704.8,5404.7,0.9705455555555556,0.8995,4.336093333333333,0.7211208790850552,2.5442991198544087,0
Kepler-770 c,1.0,GV,1.47532216255,0.02546,1.2,1.2674639621271098,1646.8,5394.888888888889,0.9449925,0.8908571428571428,4.343070000000001,0.6786980346419708,5.91629495629596,0
Kepler-770 d,1.0,GV,4.1524451746,0.0505599999999999,1.4,1.548696961867989,1168.2,5394.888888888889,0.9449925,0.8908571428571429,4.34307,0.6786980346419708,4.198319485156388,0
Kepler-771 b,1.0,GV,8.734856135887501,0.08404,1.7771428571428574,4.06745269212994,887.2,5924.666666666667,0.97,1.03975,4.388552499999999,1.0401333056483053,3.518004791529739,0
Kepler-772 b,1.0,GV,12.99203470285,0.1067383333333333,1.82,4.310961920637179,857.6,5664.758181818182,1.11,0.959,4.130853333333333,1.1383119863534572,2.997947884711567,0
Kepler-773 b,1.0,GV,3.74909864797,0.0467199999999999,1.5592499999999998,2.956068112312511,1214.0,5729.248181818181,1.0715714285714284,1.004571428571429,4.356041111111112,1.1099991424037825,4.637820949091485,0
Kepler-774 b,1.0,FIV,11.08955153174,0.1078333333333333,3.17,8.95390739078524,1223.6,6414.062727272728,2.42,1.3474444444444449,3.955564444444444,8.893104454312336,3.5355249216750937,0
Kepler-775 b,1.0,GV,0.97486995692,0.01869,1.211375,1.283104974043684,1619.4,5426.426363636364,0.8400152999999999,0.9253333333333336,4.551782222222222,0.5489337064384667,7.037516673792438,0
Kepler-776 b,1.0,KV,4.89718315075,0.05204,1.395857142857143,1.542741865810238,891.4,5048.555555555556,0.82526275,0.8037142857142859,4.51378,0.3969564785577222,3.930584922980677,0
Kepler-777 b,1.0,KV,5.7283427471444455,0.05234,1.524875,2.79957145126504,585.4,4042.777777777778,0.5764999999999999,0.5874999999999999,4.6759775,0.0796540665354051,3.3509045739204715,0
Kepler-778 b,1.0,GV,3.7557449369375,0.0452399999999999,1.6715714285714287,3.5028767112385504,970.2,5237.222222222223,0.78791075,0.8632500000000001,4.5865100000000005,0.4190326945931771,4.368999342627319,0
Kepler-779 b,2.0,KV,7.097124190900001,0.0546799999999999,0.9052857142857142,0.8786610341675539,446.8,3696.6666666666665,0.4314,0.4225,4.7922125,0.0311810903181486,2.780187508325675,0
Kepler-78 b,2.0,GV,0.35500558125,0.00901,1.1832714285714283,1.68,2236.5,5087.477142857142,0.741547,0.8113333333333334,4.602038333333333,0.3305042881217582,9.491006002835755,0
Kepler-780 b,1.0,GV,0.677377425625,0.01494,0.9666666666666668,0.9568850428307334,2154.4,5764.4400000000005,1.043588,0.9698,4.3655,1.0788883304294945,8.058250710112205,0
Kepler-781 b,1.0,GV,13.214088283677777,0.10214,2.8178571428571426,7.158895888648083,630.4,5266.9,0.778,0.8170000000000001,4.596321111111111,0.4178970782490679,2.82870778362536,0
Kepler-782 b,1.0,GV,158.6858909343,0.5641566666666666,3.589875,11.340983553027636,383.0,5867.890909090908,1.1463388888888888,0.9911428571428572,4.310228888888889,1.397796750413394,1.325693874031863,0
Kepler-783 b,1.0,GV,4.292661273422223,0.0492966666666666,0.8355,0.791644849386691,1174.2,5559.798,0.8668626666666666,0.8883333333333333,4.3936425,0.6442085742630702,4.245747731085078,0
Kepler-783 c,1.0,GV,7.053938461555555,0.0686883333333333,2.4972196071428567,5.690727615042516,995.0,5567.496666666666,0.8698159999999999,0.8916666666666666,4.39615125,0.6522055602162805,3.603584916678168,0
Kepler-784 b,1.0,GV,31.59255681643,0.2026516666666666,1.58,3.05297531055635,724.6,5618.272727272727,1.32,1.022333333333333,3.859005555555556,1.557575049007105,2.2464468854820203,0
Kepler-784 c,1.0,GV,17.15710590111111,0.134965,1.55,2.913461902947319,888.4,5620.777777777777,1.702,1.029625,3.8910875,2.594147244913923,2.762510541717985,0
Kepler-785 b,1.0,KV,1.9737608456666669,0.02534,13.02,853.9390786191898,798.4,4241.869000000001,0.6843826,0.734,4.691432222222223,0.1360557114402024,5.382942102255398,0
Kepler-786 b,1.0,KV,53.52935825641,0.2549716666666666,2.34775,5.061025360243481,350.6,4708.817272727273,0.7207142857142858,0.7768333333333334,4.567733333333333,0.2291202436043327,1.7457938082021187,0
Kepler-787 b,1.0,KV,0.9284966999333332,0.01658,1.34025,1.4633275889186772,1289.6,4459.34,0.6370127999999999,0.67,4.6538525,0.1439688424141701,6.357994124228747,0
Kepler-788 b,1.0,FV,8.39841679678889,0.08342,2.226857142857143,4.577364304008891,981.6,6233.570000000001,1.1113333333333333,1.141,4.370211111111112,1.6731153919345396,3.6989862201097288,0
Kepler-789 b,1.0,GV,8.638530032955554,0.08618,2.12,4.169059907296115,1033.4,5994.0,1.02,1.065875,4.232694444444444,1.2049170446925606,3.517425251900485,0
Kepler-79 b,1.0,FV,13.484626133333332,0.1156985714285714,3.01375,10.9,869.4,6321.6618181818185,1.2644000000000002,1.1451999999999998,4.3482840000000005,2.290782523650783,3.146673301917161,0
Kepler-79 c,1.0,FV,27.402304102,0.1855771428571428,3.2379166666666666,5.9,686.4,6321.6618181818185,1.2644,1.1452,4.348284,2.290782523650781,2.4845824408481363,0
Kepler-79 d,1.0,FV,52.09078561744374,0.285375,6.692909090909091,6.0,554.2,6309.6476923076925,1.318869090909091,1.2221,4.32306909090909,2.4735100110757964,2.069761926462585,0
Kepler-79 e,1.0,FV,81.06392304779375,0.38339375,3.49,4.1,477.8,6309.6476923076925,1.318869090909091,1.2221,4.32306909090909,2.4735100110757964,1.7856890751446095,0
Kepler-790 b,1.0,KV,13.734713604388888,0.1014,2.374428571428571,5.170854386431024,636.2,5168.2,0.7809107777777777,0.8085,4.542741111111111,0.3903461771600283,2.824203706121744,0
Kepler-791 b,1.0,FV,14.553994105,0.1243999999999999,2.697857142857143,6.590767680813905,862.2,6297.993333333334,1.2690914285714283,1.2412857142857143,4.327025,2.2734450316239,3.159371327253788,0
Kepler-792 b,1.0,GV,11.30120473305,0.0988199999999999,1.849,4.48049568315697,834.2,5856.046666666666,1.0448,1.0281428571428572,4.357525,1.1517926255790891,3.22611088536362,0
Kepler-793 b,1.0,GV,4.2415330198375,0.04928,1.485142857142857,1.6722403562034114,1176.6,5730.666666666667,1.036333333333333,0.9016666666666668,4.338765,1.039224497303557,4.278215351506591,0
Kepler-794 b,1.0,GV,11.13125429397,0.0990933333333333,1.949375,5.097353545732293,905.6,5978.66,1.5668816666666665,1.1095000000000002,4.220733333333333,2.8143471925379315,3.3466971854185927,0
Kepler-795 b,2.0,GV,29.61942770122,0.1815666666666666,1.8315714285714289,4.3781457856092185,586.6,5633.487,1.0079366666666667,0.9168333333333332,4.404121111111111,0.918048286364093,2.2475125266886327,0
Kepler-796 b,1.0,GV,6.40087952301111,0.0695783333333333,1.3,1.4064566732378865,1191.0,5358.8,1.09,1.0562,4.040500000000001,0.8790489118088947,3.896826363985572,0
Kepler-797 b,1.0,GV,27.072422402988888,0.16956,2.248428571428571,4.661978659572843,565.0,5755.8,0.8805000000000001,1.008,4.3437866666666665,0.7634337404929177,2.438616714037918,0
Kepler-798 b,1.0,FV,13.719416054944444,0.1178799999999999,2.1115714285714287,4.137623561367056,877.4,6247.292,1.1956775,1.1625,4.349194444444445,1.9538228550671264,3.140880412579884,0
Kepler-799 b,1.0,GV,133.46093892988887,0.52496,6.88,96.6239079700032,378.8,5860.142857142857,0.9792,1.0603333333333331,4.4125000000000005,1.0145313522547532,1.4214548991082403,0
Kepler-799 c,1.0,GV,15.19431139125,0.1233,2.3751142516666666,5.173691879860735,781.8,5890.166666666667,1.593,1.0825999999999998,4.338666666666667,2.740512177218254,2.9636537113836585,0
Kepler-8 b,1.0,FV,3.522502058578572,0.047617,15.41217866666667,186.1668,1590.25,6207.571428571428,1.5055714285714288,1.1729999999999998,4.152258333333332,3.0198090418855665,4.964128042136673,0
Kepler-80 b,1.0,KV,7.053435786176471,0.06201625,2.4250000000000003,6.93,562.6666666666666,4391.384615384615,0.6709040000000001,0.7271818181818183,4.667749090909091,0.1501815272688227,3.424867220691868,0
Kepler-80 c,1.0,KV,9.522055757823528,0.07571,2.5108333333333333,6.74,509.5,4391.384615384615,0.670904,0.727181818181818,4.667749090909092,0.1501815272688227,3.099701451739329,0
Kepler-80 d,1.0,KV,3.0721584600842107,0.0357422222222222,1.433,6.75,743.1666666666666,4420.933333333333,0.6690963636363638,0.7281818181818182,4.668571666666667,0.1534345107177888,4.514442482184871,0
Kepler-80 e,1.0,KV,4.645299595999999,0.0471511111111111,1.497692307692308,3.531521,647.3333333333334,4407.214285714285,0.669604,0.7279,4.669567272727273,0.1517688338184578,3.9297495964292506,0
Kepler-80 f,1.0,KV,0.9867844237692308,0.01672,1.1445,8555.615,1094.4,4420.666666666667,0.6732266666666668,0.7273749999999999,4.667524,0.1552971714652015,6.596841241243692,0
Kepler-80 g,1.0,KV,14.64718,0.1062089919662099,1.09,1.3909980000000002,418.0,4540.0,0.6815,0.7450000000000001,4.639,0.1770292305568342,2.6489421682615157,0
Kepler-800 b,1.0,GV,14.131751136977778,0.1107399999999999,2.9538571428571423,7.829608137783816,676.4,5492.1,0.8228,0.90025,4.576307777777777,0.5526270781085808,2.8517029796968787,0
Kepler-801 b,1.0,KV,11.41933974655,0.08048,1.79275,4.155163755587507,440.0,4119.8,0.6134999999999999,0.648,4.688762222222222,0.0972799899705386,2.8380399401866963,0
Kepler-802 b,1.0,GV,40.05832976016667,0.22642,3.464714285714286,10.601519361445868,487.4,5571.8,0.8763851111111111,0.9426,4.534917777777778,0.6641434708468095,2.0407100752917,0
Kepler-803 b,1.0,GV,50.28636112069999,0.259385,3.5545,11.129590499758454,491.0,5805.797272727273,1.165,1.022333333333333,4.358695555555556,1.3835318736572984,1.9856322404902065,0
Kepler-804 b,1.0,GV,14.374565454479995,0.1138283333333333,1.876625,4.645592310400689,758.4,5759.811818181819,1.054404,0.9655,4.402465555555555,1.097835115165282,2.912902407966306,0
Kepler-804 c,1.0,GV,9.651894156533334,0.0872733333333333,1.11025,1.145636960542397,865.6,5762.362,1.0523733333333332,0.9655,4.4045575,1.095548656691544,3.3266747445960374,0
Kepler-805 b,1.0,FV,30.86391526099,0.1991866666666666,2.88775,7.500033889669381,760.6,6053.217272727273,1.627272,1.138875,4.053465555555555,3.189739408453781,2.391568815496252,0
Kepler-806 b,1.0,GV,8.092208104444445,0.07784,1.14,1.1857040594245298,1188.8,5700.316000000001,1.16,0.9814,3.9983875,1.2746811254719674,3.5513755236283684,0
Kepler-808 b,1.0,KV,0.6313318780999999,0.0119233333333333,1.2605714285714285,1.3512561925137352,1351.0,4538.843,0.71,0.76,4.6866666666666665,0.1919495904758542,7.9851474018017985,0
Kepler-809 b,1.0,GV,55.63908402875,0.28928,2.992285714285714,8.024275156520794,475.0,5862.444444444444,0.9698333333333332,1.0275,4.472715,0.9967793314328782,1.8849797753375628,0
Kepler-81 b,1.0,MV,5.954910481107692,0.0534666666666666,2.305333333333334,17.2,574.1666666666666,4250.461538461538,0.5924217142857142,0.6821999999999999,4.721818181818182,0.102777050416844,3.5726402511844007,0
Kepler-81 c,1.0,MV,12.0398980784,0.0853616666666666,2.1835,4.3,454.5,4250.461538461538,0.5924217142857142,0.6821999999999999,4.721818181818183,0.102777050416844,2.827479068105527,0
Kepler-81 d,1.0,KV,20.83769726970909,0.1243166666666666,1.2385,1.3205802996383624,383.2,4296.923076923077,0.5931360000000001,0.6875,4.721454545454545,0.1076040789131056,2.352050579980891,0
Kepler-810 b,1.0,GV,4.597263079337501,0.055,1.7244285714285716,3.779325625259979,1100.2,5885.0,0.9713333333333332,1.0398333333333334,4.4670575,1.01534188966231,4.348860800326697,0
Kepler-811 b,1.0,GV,23.58447648144,0.1605016666666666,2.564375,5.98501047972777,653.0,5762.313636363637,1.3765,0.9992857142857144,4.28718,1.8742600680824275,2.495629152264124,0
Kepler-812 b,1.0,FV,10.117155404977778,0.10214,3.131571428571429,8.748798455785565,1203.4,6806.468000000001,1.6741625,1.4131111111111112,4.155041111111112,5.397247053015577,3.720190786379337,0
Kepler-813 b,1.0,GV,19.129496439022223,0.14262,2.14,4.244105483437116,720.6,5836.863333333334,0.9600000000000002,1.03,4.4075,0.9597329705948257,2.687839799022761,0
Kepler-814 b,1.0,FV,6.1469850938125,0.06826,2.0252857142857144,3.822292944342813,1111.4,6220.777777777777,1.1175000000000002,1.15275,4.279725000000001,1.67789068716294,4.110166426686379,0
Kepler-815 b,1.0,KIV,8.57499134898,0.0908383333333333,4.24,43.39352050004759,1357.2,5034.206363636364,3.568812,1.3121666666666665,3.5045,7.339411672404967,3.801324159568551,0
Kepler-816 b,1.0,KV,10.50682645781111,0.08948,9.285857142857145,351.05232591546365,660.6,5023.071999999999,0.7988333333333334,0.8698333333333333,4.517534444444445,0.3644851345971255,3.11838705904352,0
Kepler-817 b,1.0,GV,3.990106541611111,0.04944,7.988,137.65062675950244,1093.6,5793.4,0.9636666666666668,1.0092,4.451626666666666,0.9385935898616315,4.5188130454931645,0
Kepler-818 b,1.0,GV,10.035384325533334,0.08944,4.690142857142858,56.4671209943344,793.2,5750.2,0.8690000000000001,0.9466,4.533761111111112,0.7407321660443631,3.2538111180420324,0
Kepler-819 b,1.0,GV,33.19955584043333,0.19002,2.6677142857142857,6.451559359249991,470.6,5217.937,0.77557,0.8375999999999999,4.572183333333333,0.4000618862716317,2.099876055682717,0
Kepler-82 b,1.0,GV,26.44386449538462,0.1702842857142857,4.227727272727273,12.15,581.4,5529.338,0.9187777777777778,0.9379090909090908,4.474553333333335,0.7079512762082367,2.3472971458187515,0
Kepler-82 c,1.0,GV,51.53858455,0.2657614285714285,5.613545454545454,13.9,465.4,5529.338000000001,0.9187777777777778,0.9379090909090908,4.474553333333334,0.7079512762082374,1.8789247270390783,0
Kepler-82 d,1.0,GV,2.3829531238,0.0342428571428571,1.7095555555555555,885.098,1297.2,5520.125454545455,0.926857142857143,0.9435,4.471886666666667,0.71566741548682,5.250019774705572,0
Kepler-82 e,1.0,GV,5.902243789466667,0.0627828571428571,2.4354444444444443,254.02,958.8,5502.547500000001,0.9268571428571428,0.9378,4.468397,0.7065951518083425,3.865534558327113,0
Kepler-820 b,1.0,FV,127.8336690457,0.5329233333333333,6.09,72.36740231118985,509.2,6227.818181818182,1.36,1.124,3.989198888888889,2.4963838651728283,1.452532210297243,0
Kepler-821 b,1.0,KV,1.9228017834125,0.02832,1.2467142857142857,1.3319778926403631,1193.2,5145.666666666667,0.7915,0.8273333333333334,4.5492425,0.3940563098985137,5.405907629961585,0
Kepler-822 b,1.0,GV,3.2229714568111114,0.0412633333333333,1.54175,2.875769380711706,1241.2,5777.0,0.990876,0.9346666666666668,4.4218775,0.981155717859176,4.760156235556655,0
Kepler-823 b,1.0,GV,4.1680967051875,0.05112,1.57,3.006042745347804,1202.4,5658.777777777777,0.96,0.985,4.261480000000001,0.8478575142828361,4.390335169361627,0
Kepler-824 b,1.0,FV,4.514363861600001,0.05608,1.811142857142857,4.259951023943245,1246.0,6080.808888888889,1.1928333333333334,1.11025,4.366635,1.7453993147419815,4.450218885486168,0
Kepler-825 b,1.0,FV,3.7736182861125,0.04604,1.384714285714286,1.52675104013024,1278.0,6196.444444444444,1.001043,0.9370000000000002,4.431017499999999,1.3254567382088631,4.512083436638662,0
Kepler-825 c,1.0,FV,8.181839681711113,0.0773199999999999,1.8308571428571427,4.373980870116233,986.2,6196.0,0.9934395,1.0750000000000002,4.440467777777777,1.3050235057842283,3.729351284278068,0
Kepler-826 b,1.0,FV,4.4875832076,0.05207,1.181,1.2414375198738694,1109.8,6044.856,1.196008,1.001,4.41905,1.7135700290953562,4.385289144335658,0
Kepler-827 b,1.0,GV,51.929298599477775,0.26752,6.124714285714286,73.34886980531977,474.4,5658.5,0.91,0.966,4.363043333333334,0.7616894064873059,1.9005767811925116,0
Kepler-828 b,1.0,KV,0.5678568766444445,0.0123299999999999,1.4211250000000002,1.579144831943586,1739.4,5024.8,0.7271148888888889,0.7996000000000001,4.5993475,0.3023925218106917,8.054337770024013,0
Kepler-829 b,1.0,GV,6.8834002401,0.0683,1.9,4.788051205850631,864.0,5657.4,0.8431999999999998,0.9744,4.478862222222222,0.6534593706990015,3.77775048307205,0
Kepler-83 b,2.0,MV,9.770438632666668,0.0735083333333333,2.5292307692307694,16.57656,478.1666666666667,4157.769230769231,0.5841666666666666,0.5660000000000001,4.718875000000001,0.0914965919082576,2.7753317978911123,0
Kepler-83 c,2.0,MV,20.0900648753625,0.1187933333333333,2.2179230769230767,5.505193333333334,376.1666666666667,4192.785714285715,0.5841666666666666,0.5660000000000001,4.718875,0.0946180648812754,2.1831680411752727,0
Kepler-83 d,2.0,MV,5.16983806133125,0.0485042857142857,1.926692307692308,11.50747,591.1666666666666,4223.133333333333,0.5764,0.5503333333333335,4.722375,0.0948149820646687,3.3689753745718,0
Kepler-830 b,1.0,FV,11.2969572871625,0.0991399999999999,1.6616666666666664,3.4524479148667964,893.8,6189.833333333333,1.0408000000000002,0.97775,4.399333333333334,1.426724893080773,3.1409747055042216,0
Kepler-831 b,1.0,GV,5.62154064297,0.0596066666666666,1.263375,1.355164331498128,982.6,5704.55,0.9862499999999998,0.9535,4.452712222222222,0.9241648504122608,4.000257192572345,0
Kepler-832 b,1.0,GV,7.139698144533333,0.0746,2.2907142857142864,4.829973590144901,959.0,5876.5,0.9744,1.0452222222222225,4.4480466666666665,1.0158728707715812,3.743776273080597,0
Kepler-833 b,1.0,KV,18.75415003156,0.11452,1.893625,4.748946836591816,391.2,4158.0,0.6293333333333333,0.623,4.660503333333334,0.1062158332480259,2.332804463681304,0
Kepler-834 b,1.0,KV,13.323500945769998,0.0881599999999999,2.02,3.803361464712655,400.8,4109.2,0.6496666666666666,0.6855999999999999,4.699037777777779,0.1079692629130741,2.789167510388266,0
Kepler-835 b,1.0,FV,11.41907936375,0.106,2.8683333333333336,7.404509214134626,906.8,6132.5,1.1566,1.185,4.3459325,1.6974869860967123,3.344115174363928,0
Kepler-836 b,1.0,FV,11.3611365541,0.10182,2.6952857142857143,6.57883717654814,870.6,6097.3,1.020738,1.0645,4.448137777777778,1.2920183175952993,3.2339348800877863,0
Kepler-837 b,1.0,GV,16.56060280548889,0.11672,2.904285714285714,7.581842237032515,712.4,5723.2,0.8222958888888888,0.9135,4.516505555555556,0.6508812772794264,2.798057405906164,0
Kepler-838 b,1.0,FV,15.749570191511111,0.12668,2.700857142857143,6.604699542918239,773.2,6017.4,1.0066,1.056888888888889,4.489401111111111,1.191898378299421,2.888920713040922,0
Kepler-839 b,1.0,FV,37.81438592753,0.2295,2.680375,6.509858688855087,613.2,6053.928181818181,1.402,1.112777777777778,4.258496666666667,2.3688356782759445,2.20235772044965,0
Kepler-84 b,1.0,FV,8.725900605536363,0.083,2.23,40.0,943.6,6028.666666666667,1.43,1.0058333333333331,4.358428571428571,2.423522254290512,3.481760947675584,0
Kepler-84 c,1.0,FV,12.882915563,0.10772,2.36,20.2,828.6,6028.666666666667,1.43,1.0058333333333331,4.358428571428571,2.423522254290512,3.056256665487655,0
Kepler-84 d,1.0,FV,4.224522633677778,0.0512666666666666,1.3671428571428572,1.501613164648354,1202.6,6029.0,1.0625000000000002,1.00875,4.386,1.3382241495346032,4.4365891980261445,0
Kepler-84 e,1.0,FV,27.434602409490005,0.1787666666666666,2.4285714285714284,5.397177169499479,643.6,6029.0,1.0625,1.00875,4.386,1.3382241495346028,2.3758744474619737,0
Kepler-84 f,1.0,FV,44.55174722681,0.2469333333333333,2.15,4.281866017878096,547.6,6029.0,1.0625,1.00875,4.386,1.3382241495346028,2.0215146748428228,0
Kepler-841 b,1.0,GV,124.41977043,0.45964,5.684142857142858,93.25574783040508,328.6,5289.777777777777,0.776419,0.877,4.51045,0.4234789917910523,1.38154766340839,0
Kepler-842 b,1.0,KV,1.2195703179333333,0.02032,1.549,2.908877680249529,1247.6,4785.8,0.7131666666666666,0.7564285714285715,4.601077777777777,0.2393812352102831,6.102349739047861,0
Kepler-843 b,1.0,GV,2.0538853429444446,0.03156,2.4,5.277173334085132,1403.8,5741.3,0.9613665,0.99675,4.461083333333334,0.9009667870516006,5.620819108547462,0
Kepler-844 b,1.0,KV,2.61264103325,0.0302199999999999,1.5552499999999998,2.93759900510457,718.6,3957.2725,0.5405714285714286,0.5496000000000001,4.699291428571428,0.0642953927593529,4.265315059011815,0
Kepler-845 b,1.0,KV,0.92785927716,0.0169466666666666,1.8995,4.7849773554727255,1426.2,4802.94,0.76208925,0.7531428571428572,4.559347777777778,0.2772874195985116,6.667630448634279,0
Kepler-846 b,1.0,GV,19.80786288176667,0.14074,2.2445714285714287,4.646795047446597,627.4,5675.9,0.8602016666666665,0.9489999999999998,4.5469133333333325,0.6890160690441767,2.597163656021316,0
Kepler-847 b,1.0,KV,2.3432344268625,0.0316199999999999,1.231666666666667,1.3111160819574248,1071.2,4826.125,0.8231585714285714,0.7919999999999999,4.5214725,0.3298003593691216,5.005605762999495,0
Kepler-848 b,1.0,GV,6.91133549036,0.07146,1.895625,4.761194502590915,999.8,5763.888181818183,1.2,0.991111111111111,4.180671111111112,1.425983597655022,3.724814510737557,0
Kepler-849 b,1.0,GIV,394.6231260888889,1.1206285714285715,7.965963897777779,298.75870258,335.78333333333336,5937.59,1.836185,1.1965714285714284,4.00440125,3.759789604871308,1.0335070721896569,0
Kepler-85 b,1.0,GV,8.305071451664286,0.078875,1.9666,1.84,823.2,5559.599999999999,0.8665952142857144,0.9512307692307692,4.507160000000001,0.6437194145888969,3.4733475574818966,0
Kepler-85 c,1.0,GV,12.513142789230768,0.1035216666666666,1.982909090909091,2.15,718.6,5565.472727272727,0.8667863076923077,0.9505,4.502711111111111,0.6467287536781744,3.030647438213112,0
Kepler-85 d,1.0,GV,17.913393924066664,0.13102,1.3307142857142855,8.69679,636.5,5550.777777777777,0.87115275,0.9567142857142856,4.534771428571429,0.6463888220148342,2.702696728187333,0
Kepler-85 e,1.0,GV,25.21547331150833,0.1649185714285714,1.2513999999999998,14.68135,568.8,5559.181818181818,0.8721222,0.954222222222222,4.533155555555556,0.651760514873232,2.405830160385976,0
Kepler-850 b,1.0,FV,7.1930263018375005,0.0745199999999999,1.6901428571428572,3.59859631586776,995.8,6072.111111111111,1.009,1.06,4.41709,1.2417410035419658,3.772172055821928,0
Kepler-851 b,1.0,GV,8.506965577862498,0.08016,1.7967142857142857,4.177618820385032,899.0,5726.444444444444,0.9623333333333334,0.939,4.4963725,0.8934723461785072,3.423173613427803,0
Kepler-852 b,1.0,FV,44.93091078625001,0.258945,2.54,5.87738393536614,618.8,6254.903636363637,1.16,1.2005,4.136718888888889,1.847941937885268,2.153536819448395,0
Kepler-853 b,1.0,FV,7.1689391037600005,0.078,1.4383750000000002,1.6041085880042798,1094.8,6322.505454545456,1.4425624999999995,1.2688333333333333,4.28497111111111,2.983430858203094,4.033944997420317,0
Kepler-855 b,1.0,GV,7.886632162750001,0.07696,9.468714285714286,369.526307071504,988.2,5763.333333333333,1.1824285714285716,0.9705714285714284,4.2550425,1.3839953614384874,3.5518629967423974,0
Kepler-856 b,1.0,GV,8.027680227966666,0.07856,8.821285714285713,174.14482625511042,812.0,5485.5,0.9208333333333332,0.97,4.466716666666667,0.6888375152362781,3.514472211264192,0
Kepler-857 b,1.0,GV,85.35141748795556,0.36696,6.052714285714286,71.3217370535165,374.4,5631.8,0.9491362857142857,0.9768333333333332,4.508211111111112,0.8130849035579043,1.6318335427482855,0
Kepler-858 b,1.0,GV,76.13588076568,0.3380316666666667,5.151999999999999,72.15342977170073,416.8,5562.084545454545,0.9414012857142856,0.92,4.441861111111113,0.7610089565570175,1.6500237838910865,0
Kepler-859 b,1.0,KV,20.3817309457,0.133995,2.89575,7.539560379225935,519.2,4985.454545454545,0.7223574,0.7932222222222223,4.6061000000000005,0.2892098938946132,2.4334819188604824,0
Kepler-860 b,1.0,GV,5.101377858588888,0.0582,2.938,7.749941134036401,1042.6,5738.892,0.9548217777777778,1.0087999999999997,4.478752222222222,0.8872513916950672,4.164050889384307,0
Kepler-861 b,1.0,KV,3.9496296467666654,0.04584,2.3215714285714286,4.954341004874802,958.2,5070.054999999999,0.8280364444444444,0.8307500000000001,4.525877777777778,0.4064802378438933,4.257825459377655,0
Kepler-862 b,1.0,KV,3.1486635631555555,0.0396,2.347142857142857,5.058538905197207,1098.2,5177.0,0.9235714285714286,0.8235,4.383276666666666,0.5497224688724874,4.560990763730306,0
Kepler-863 b,1.0,GV,15.594654509277778,0.122,2.971285714285714,7.917615151043912,717.0,5869.4,0.931,0.9883333333333332,4.422172222222222,0.922919968988708,2.8467333559608003,0
Kepler-864 b,1.0,GV,5.833766425966668,0.0677,2.7349999999999994,6.764238753961459,1116.8,5968.3,1.0,1.01,4.338517777777778,1.1383935600536976,3.863147910417169,0
Kepler-864 c,1.0,GV,2.421497219142857,0.0370999999999999,1.5789999866666669,3.0482626746661823,1449.0,5849.142857142857,1.2912933333333332,1.27,4.287268571428571,1.7510904592961736,5.851805592515099,0
Kepler-865 b,1.0,GV,14.1639955024,0.10596,2.395142857142857,5.25689982759641,696.2,5404.8,0.87517825,0.876,4.476177777777778,0.5864100349071159,2.8757826700500213,0
Kepler-865 c,1.0,GV,6.209240924,0.0612,0.9336666733333332,0.9146383654699404,916.4,5417.428571428572,0.885,0.7886666666666667,4.450171428571428,0.6052700251886197,3.590426293547002,0
Kepler-866 b,1.0,KV,2.617035565975,0.03308,1.573857142857143,3.0240944767427917,989.8,4783.777777777777,0.7058327499999999,0.7148,4.599465,0.2340870824636856,4.6492671896671816,0
Kepler-867 b,1.0,GV,150.24163456866663,0.52414,4.442285714285715,49.00641491286743,300.4,5564.484,0.8133333333333334,0.8621666666666669,4.5575,0.5690187603416025,1.2827645393337224,0
Kepler-868 b,1.0,GV,5.032542974285714,0.0576,2.2845714285714287,4.80539406963904,1047.0,5884.625,0.9086666666666666,0.9856666666666666,4.491027142857143,0.8883297635843557,4.13741207092217,0
Kepler-869 b,1.0,GV,40.42865836051111,0.22534,3.229142857142857,9.27397223539262,497.0,5728.3,0.9166666666666666,0.967,4.519035555555556,0.811737755815979,2.071901362626032,0
Kepler-87 b,1.0,GV,114.7364418074,0.4616499999999999,13.49,324.2,438.5,5747.115454545455,1.82,1.00375,4.134439,3.242144097505521,1.4747939358391988,0
Kepler-87 c,1.0,GV,191.2318,0.676,5.399749999999999,6.4,403.0,5759.343333333333,1.82,0.995142857142857,4.145016249999999,3.269824940032436,1.213512770606937,0
Kepler-870 b,1.0,FV,21.35883385272222,0.15412,2.665,6.4390931145228985,690.6,6002.285000000001,0.9988571428571428,1.04025,4.439731111111112,1.161884772777631,2.598449889921496,0
Kepler-871 b,1.0,GV,22.04590851853333,0.15656,3.355285714285714,9.974383559533283,636.8,5884.7,1.0456666666666667,1.065,4.381433333333334,1.1764505799549485,2.6086113619621427,0
Kepler-872 b,1.0,GV,2.5788561943375,0.03616,1.99,5.360453171962905,1231.4,5742.555555555556,1.08,0.974,4.53318,1.1380417179642546,5.190871182829463,0
Kepler-873 b,1.0,FV,20.553376004733327,0.15572,3.2758571428571424,9.530537909876248,748.2,6212.2,1.1247455555555554,1.1589999999999998,4.399335555555555,1.6903636247571523,2.728629087433084,0
Kepler-874 b,1.0,GV,40.068651075000005,0.22512,3.438285714285714,10.448398528184894,560.4,5967.666666666667,1.0401428571428573,0.98575,4.3819475,1.231102065136306,2.092913776930597,0
Kepler-875 b,1.0,GV,27.507163085811115,0.17708,2.519428571428571,5.787272009541814,567.6,5830.6,1.11,0.9936,4.464498888888888,1.2775820480948,2.369168876574154,0
Kepler-876 b,1.0,KV,5.144374244962499,0.0559599999999999,1.466,1.6442738932709815,860.0,5107.555555555556,0.807,0.8400000000000001,4.5465425,0.3976393143262794,3.8750362903585422,0
Kepler-877 b,1.0,GV,18.458472737255555,0.1298,2.2366666666666664,4.615751339055568,616.2,5363.833333333333,0.8469999999999999,0.8608,4.498666666666667,0.5327920918719998,2.57566138470264,0
Kepler-878 b,1.0,KV,25.94232405621112,0.1566,2.0065714285714287,3.75546557856274,502.2,5088.4,0.7703333333333333,0.8116,4.461361111111112,0.3569210872591963,2.276932333372456,0
Kepler-879 b,1.0,GV,33.385587287166665,0.20076,2.510428571428572,5.748055478137439,578.4,5769.5,1.0286666666666668,0.9895,4.395014444444445,1.051942241172564,2.220466829026861,0
Kepler-879 c,1.0,GV,0.646716,0.0145078115732414,0.4,0.3038631171729495,1857.0966558758344,5456.75,1.022,0.974,4.407479192842299,0.8308600358728073,8.195085882772798,0
Kepler-88 d,1.0,GV,1414.2198535,2.466329866,27.042216320549034,983.93944328,133.66454487657705,5466.0,0.897,0.9875,4.526774245771385,0.6443966076811,0.6328750214415131,0
Kepler-880 b,1.0,FV,7.714695563888889,0.08634,2.6802857142857137,6.509446681403352,1332.2,6867.5,1.5245,1.436,4.185865555555555,4.638092222129671,4.078929337648608,0
Kepler-880 c,1.0,FIV,11.806129033333336,0.1161333333333333,2.87,7.412685998577841,1407.0,6878.0,2.599,1.4884,4.110976666666667,13.562854255528224,3.5806046295086573,0
Kepler-881 b,1.0,FV,4.444477982857143,0.0548,1.656,3.4237907255934874,1194.2,6152.64625,1.0536,1.0881666666666667,4.432858571428571,1.4272141966798635,4.456895114800746,0
Kepler-882 b,1.0,GV,3.989542258355556,0.0456016666666666,1.23,1.3088101214257308,906.6,5288.6,0.8250000000000001,0.876,4.59824,0.4777059270314407,4.383658149174235,0
Kepler-883 b,1.0,FV,12.984950438229998,0.1043966666666666,1.7437499999999997,3.88348380426995,836.2,6091.458181818182,1.1446,0.95,4.360173333333333,1.6183870756235723,3.0171261611667144,0
Kepler-884 b,1.0,GV,5.69919791935,0.06231,1.2485714285714289,1.3345578690892046,1065.8,5885.051,0.980853,0.9978,4.4350000000000005,1.0353772607518228,4.002375746485173,0
Kepler-885 b,1.0,FV,18.11470752394,0.143755,2.438125,5.437588501551171,855.0,6249.366363636364,1.3582857142857143,1.206,4.243388888888889,2.524736497539656,2.896924377730772,0
Kepler-886 b,1.0,FV,6.24146500534,0.0670966666666666,1.425125,1.5849254759935836,1103.2,6038.321818181819,1.0515333333333332,1.04425,4.396850000000001,1.318866874205869,3.9457244535791087,0
Kepler-887 b,1.0,FV,20.42224453217,0.154135,1.74,3.863137496615764,778.0,6317.727272727273,1.3461433333333332,1.1721428571428572,4.318824444444444,2.590096564493059,2.758129309016,0
Kepler-887 c,1.0,FV,7.638477305799999,0.0800166666666666,1.096125,1.1267254601750198,1079.8,6312.8,1.3186666666666669,1.1721428571428572,4.32541,2.477696046596548,3.828027322388346,0
Kepler-888 b,1.0,GV,70.69807953093,0.3315183333333333,1.994,5.386781695485323,487.4,5939.808181818182,0.9264971666666666,1.004125,4.4316733333333325,0.9586668764441644,1.7406646065863964,0
Kepler-889 b,1.0,GV,3.7444294767333335,0.0489583333333333,1.142625,1.1892545961736956,1292.6,5894.2,1.2436,1.1085,4.268275,1.674752940920227,4.759151392238513,0
Kepler-890 b,1.0,FV,52.75877483761112,0.29216,8.981857142857141,181.7513978096308,535.6,6058.7,1.1865,1.085,4.317011111111111,1.701935628044415,1.9274338200841543,0
Kepler-891 b,1.0,GV,53.44948153248889,0.28568,6.569000000000001,86.5910987914508,479.4,5858.3,1.1466666666666667,1.0375,4.275272222222223,1.3894747439908677,1.906027305880481,0
Kepler-892 b,1.0,KV,13.752101036577775,0.10094,2.7487142857142857,6.828829023100392,554.0,4743.9,0.686453222222222,0.7383749999999999,4.631342222222222,0.2141183304953538,2.70509066515164,0
Kepler-893 b,1.0,GV,6.338553666022223,0.06972,3.145571428571429,8.82326143695079,1016.0,5923.3,1.0208333333333337,1.035,4.433854444444445,1.15094468492754,3.853598547906699,0
Kepler-894 b,1.0,GV,9.803215331066667,0.09168,2.938,7.749941134036401,877.0,5970.142,0.8666305,0.87,4.525755555555556,0.8560446800586504,3.081039796676895,0
Kepler-895 b,1.0,KV,2.8062411408375,0.0323,1.4305714285714284,1.5928042695703473,736.8,4128.0,0.603,0.6136666666666667,4.67098,0.0947290602002359,4.359533203288986,0
Kepler-896 b,1.0,GV,144.55049741189998,0.52463,2.53,5.833497152804332,303.6,5425.272727272727,0.81,0.8878888888888888,4.304887777777777,0.5099718305920409,1.3011511021930746,0
Kepler-896 c,1.0,GV,29.541935744444444,0.1820216666666666,3.15,8.84687828283884,516.2,5462.333333333333,0.8066666666666666,0.8885,4.3718325,0.5197456562869024,2.209744983936276,0
Kepler-897 b,1.0,GV,8.04727925625,0.0772,2.375857142857143,5.176766956804293,856.8,5792.0,0.8850000000000001,0.9705,4.42265,0.7908435995042167,3.546207170933061,0
Kepler-898 b,1.0,KV,5.870566713155556,0.05354,1.4235,1.5825765015140822,607.6,4158.348888888889,0.5911428571428571,0.6148571428571428,4.6354475,0.0937472289410737,3.389400677084065,0
Kepler-899 b,1.0,GV,19.17894543405556,0.13916,2.596285714285714,6.127308106823613,638.0,5715.3,0.8868,0.9683333333333332,4.473531111111111,0.7528307429353304,2.63833667741622,0
Kepler-9 b,1.0,GV,19.2569618975625,0.1420920199444444,8.190129607142858,43.4,664.4,5774.642857142857,0.9689166666666664,1.030714285714286,4.456072727272727,0.9366195565615963,2.6937624059643257,0
Kepler-9 c,1.0,GV,38.93623219666667,0.2269526067142857,8.2861,29.9,527.3333333333334,5770.1,0.98125,1.0288,4.44435,0.9575964974509108,2.1294766097241813,0
Kepler-9 d,1.0,GV,1.5929459071428569,0.02701927035,1.5444285714285717,8.41466053,2026.0,5777.428571428572,0.99675,1.0384285714285717,4.46604,0.993117598770007,6.200496832791708,0
Kepler-90 i,1.0,FV,14.44912,0.1201380843,1.32,1.4346504885762243,709.0,6015.0,1.29,1.114,4.27,1.9543925445961288,3.045630606262305,0
Kepler-900 b,1.0,KV,6.991305544811111,0.06712,1.995142857142857,5.394318117195048,706.0,4779.2,0.7545066666666667,0.75,4.591313333333334,0.2664629514108366,3.3433330520761024,0
Kepler-901 b,1.0,KV,3.51774280571,0.03712,1.33,1.4487956497189585,670.6,4077.1,0.57475,0.5829999999999999,4.697907777777778,0.0818942225495242,3.963741078960664,0
Kepler-902 b,1.0,GV,40.10988111495556,0.22766,2.767428571428572,6.917436779484325,531.0,5727.4,1.0096666666666667,0.9812857142857142,4.402245555555556,0.9841832012291792,2.076487668818841,0
Kepler-903 b,1.0,GV,10.35079838808,0.091185,2.128,4.199002032773343,786.4,5631.181818181818,0.97,0.9524,4.33397888888889,0.8488511049899561,3.2323842064999697,0
Kepler-903 c,1.0,GV,62.92180413367,0.3034316666666667,2.777375,6.964750957667103,431.2,5631.181818181818,0.97,0.9524,4.333978888888889,0.8488511049899561,1.7719612734553851,0
Kepler-904 b,1.0,FV,3.0216571386375,0.04176,1.77,4.027678251429298,1336.4,6154.555555555556,1.25,1.087875,4.429895,2.011391734789407,5.104864714934209,0
Kepler-905 b,1.0,GV,5.082743159210001,0.0577316666666666,1.463,1.6399009745635391,959.6,5465.037272727273,0.8878286666666668,0.9536666666666666,4.524276666666666,0.6308421313310214,4.065053239022889,0
Kepler-906 b,1.0,FV,41.69803925709,0.2313716666666666,2.1718750000000004,4.365019316361011,560.6,6036.637272727272,1.028333333333333,1.0646666666666669,4.43643,1.2599055843873432,2.1454911380687363,0
Kepler-907 b,1.0,FV,15.866235880877776,0.12346,1.1866666666666668,1.2491867418457945,852.2,6058.91,1.3338,1.0232,4.227833333333334,2.151043940292376,2.8793344498649467,0
Kepler-908 b,3.0,GV,1.3406024921500002,0.0248933333333333,1.1800000000000002,1.240071166142943,1724.6,5815.633636363636,1.1880000000000002,1.1306666666666667,4.287645555555556,1.4484746210210508,6.740634069645017,0
Kepler-909 b,1.0,FV,13.932911905100005,0.1187716666666666,1.4050000000000002,1.5558911894030087,807.2,6039.219090909091,1.1962,1.1532,4.363834444444444,1.7077354235018225,3.1165268687232186,0
Kepler-91 b,1.0,KV,6.246630028571429,0.0731125,15.252609363636363,226.92482,1975.0,4617.853571428571,6.391614285714286,1.318857142857143,2.9322222222222223,16.66754353316923,4.247936779683962,0
Kepler-910 b,1.0,FV,2.3643598872666662,0.0375866666666666,0.805625,0.7550449637465019,1703.6,6182.748,1.5229066666666666,1.2581666666666669,4.1806925,3.040623223412372,5.786649333299859,0
Kepler-911 b,1.0,FV,20.31049257771,0.15694,2.5173750000000004,5.778312671358552,929.6,6078.084545454546,1.982812222222222,1.264571428571429,3.94636,4.814153920012659,2.839094461382889,0
Kepler-912 b,1.0,GV,2.5347592165,0.0345199999999999,2.495428571428572,5.68297534813272,1211.4,5692.888888888889,1.11,0.9215,4.3513225,1.1610920132294726,5.1675806129506645,0
Kepler-913 b,1.0,KV,10.296720231400002,0.09106,2.06,3.9477325152890135,787.8,4687.0,0.61,0.63,4.54095111111111,0.1611125361226801,2.6307612467326327,0
Kepler-913 c,1.0,GV,5.939175286571429,0.06306,3.8580709,13.004791341036276,946.6,5574.142857142857,1.797,1.294,4.435645714285714,2.79703810915892,4.53069825352314,0
Kepler-914 b,1.0,GV,4.409665745233332,0.0546233333333333,1.4311250000000002,1.5936055694699338,1186.2,5833.647999999999,1.167857142857143,1.11,4.3261650000000005,1.4171968367071308,4.5086588338515154,0
Kepler-915 b,1.0,FV,4.594899565,0.0554583333333333,1.494125,1.685400088019502,1324.6,6259.873333333333,1.37,1.1736,4.256962857142857,2.5857894916599515,4.600993582588133,0
Kepler-916 b,1.0,GV,32.296869002,0.19224,1.8215714285714284,4.32004968809823,491.6,5282.0,0.8681618888888889,0.8687999999999999,4.527783333333333,0.526362415720205,2.126243559902616,0
Kepler-917 b,1.0,GV,2.970418286175,0.03784,1.765,3.999973293769728,961.2,5263.125,0.7176666666666667,0.816,4.40156,0.3545766552528631,4.64455916452591,0
Kepler-918 b,1.0,GV,4.853854017142857,0.05704,1.5379999999999998,2.858732101676049,1090.0,5942.875,0.9956871428571428,1.058,4.466401428571428,1.109486521671781,4.307527506625779,0
Kepler-919 b,1.0,FV,11.045964321566666,0.09808,1.9747142857142856,5.260541050237547,869.4,6000.3,1.0621428571428573,1.0455555555555556,4.37136,1.31204150568195,3.2655648474729007,0
Kepler-92 b,1.0,GV,13.748845333515382,0.1197411708285714,3.619636363636363,64.3,968.6,5891.446666666667,1.7138749999999998,1.1875714285714287,4.022690909090909,3.1749430506313527,3.1498009093624,0
Kepler-92 c,1.0,GV,26.723225418930767,0.1865524453428571,2.439454545454545,6.1,776.2,5891.446666666667,1.7138749999999998,1.1875714285714285,4.022690909090908,3.1749430506313527,2.5235062293241604,0
Kepler-92 d,1.0,GV,49.35712842790832,0.2810258228857143,1.9971,11.8666806,632.4,5891.446666666667,1.72852375,1.1675714285714285,4.019959999999999,3.229448433498666,2.038654355350675,0
Kepler-920 b,1.0,GV,6.531997418977777,0.06776,2.6380000000000003,6.315708881851847,891.4,5437.0,0.919047875,0.93,4.494105555555555,0.6622217680091199,3.705354460036446,0
Kepler-920 c,1.0,GV,100.82770962450002,0.419475,4.0915,39.53788827754765,363.25,5438.222222222223,0.919047875,0.9125,4.48336875,0.6628174311483764,1.4751574576385196,0
Kepler-921 b,1.0,GV,51.30085387625,0.27208,2.641285714285714,6.33066345592625,492.4,5889.982222222222,0.9325714285714286,0.9922857142857142,4.47969,0.9390960141397529,1.910051354309485,0
Kepler-922 b,1.0,GV,0.9384673869555554,0.0184916666666666,1.4580000000000002,1.6326187548080342,1887.2,5696.676,0.9547395,0.975,4.445085,0.861282671871174,7.262552146686425,0
Kepler-923 b,1.0,FV,6.9336783925,0.0746866666666666,1.4065,1.5580509570672725,1050.2,6055.666666666667,1.222,1.1594285714285717,4.347798571428571,1.8016901642530656,3.940718790111373,0
Kepler-924 b,1.0,FV,61.03731789226001,0.3163966666666666,2.7655000000000003,6.908280439927824,532.0,6228.0,1.2620314285714287,1.109888888888889,4.33859,2.149931417708109,1.873263133412424,0
Kepler-925 b,1.0,KV,33.86777193524444,0.1796,2.235428571428572,4.610898000394927,389.6,4531.820000000001,0.6968333333333333,0.6964999999999999,4.573645555555556,0.1837546302382059,1.969619694568208,0
Kepler-926 b,1.0,GV,52.06901163625,0.26554,2.2562857142857142,4.692980805790629,458.6,5689.111111111111,0.93,0.9913333333333332,4.435895,0.8128930498721387,1.932501604860579,0
Kepler-927 b,1.0,GV,9.115024603822222,0.08628,1.749285714285714,3.9136341830204127,904.8,5813.4,1.0052514444444445,0.9822,4.437635555555556,1.0355238042520154,3.3745811841441475,0
Kepler-928 b,1.0,KV,3.932464366344445,0.04412,1.648,3.3835732743391134,880.8,4753.6,0.6865112500000001,0.7441249999999999,4.587637777777777,0.2159114653109131,4.107524664009926,0
Kepler-929 b,1.0,GV,0.9210327104666666,0.0179533333333333,1.2106249999999998,1.2820723366271916,1895.8,5835.2,1.02,1.0379999999999998,4.3109,1.0822140735384695,7.605033186689456,0
Kepler-93 b,1.0,GV,4.72674025628125,0.0530289898777777,1.5616614285714283,4.66,1044.0,5649.1875,0.924418076923077,0.9455,4.486826923076923,0.7808554878054181,4.223272196632263,0
Kepler-93 c,1.0,GV,1460.0,2.4803304482118533,26.645337890490584,954.0,139.91950728235446,5662.0,0.9212435,0.955,4.488075,0.7825609692050036,0.6206144703505948,0
Kepler-930 b,1.0,FV,71.45181484459,0.3474883333333333,2.271625,4.753785867827072,559.8,6035.818181818182,1.4771655555555556,1.0997,4.14084,2.598320921847247,1.7792705171954732,0
Kepler-931 b,1.0,KV,8.03755334378889,0.07272,1.33,1.4487956497189585,818.6,5068.833333333333,0.8052000000000001,0.7832000000000001,4.402333333333333,0.3839984122416982,3.2823462200330544,0
Kepler-932 b,1.0,GV,1.9214364062222224,0.02806,1.480125,1.6648990763154168,1267.4,5229.6,0.8437917500000001,0.8064285714285714,4.50206,0.4777869543764073,5.361843129523698,0
Kepler-933 b,1.0,GV,14.20443711388889,0.10516,2.112714285714286,4.141879511272035,589.6,5318.3,0.7175999999999999,0.8326666666666668,4.591486666666667,0.3696119782730739,2.8143965187918303,0
Kepler-934 b,1.0,KV,55.673784124966666,0.2671,2.307857142857143,4.898881704117846,402.8,4993.6,0.7984445,0.7972,4.503075555555556,0.3556594254308974,1.7279122556401527,0
Kepler-935 b,1.0,KV,4.88084128878889,0.05216,1.5341428571428573,2.8412703400646,859.2,4863.009,0.7057821999999999,0.7955,4.563254444444444,0.2499490817173804,3.9059464476246624,0
Kepler-936 b,1.0,GV,10.5613794305,0.09392,1.45,1.6209827860580857,849.4,5463.095,0.89,1.0112,4.365666666666667,0.6330308481392005,3.281817847437591,0
Kepler-937 b,1.0,GV,67.66894670781112,0.3234,3.542428571428571,11.057885630922057,496.0,5985.611,1.137857142857143,1.0103333333333333,4.276274444444445,1.4910743044505774,1.7678170451635755,0
Kepler-937 c,1.0,FV,153.3459366857143,0.5542750000000001,2.431,5.407436420554231,377.0,6005.9675,1.1391666666666664,1.0032857142857143,4.285568571428571,1.5149430187742676,1.345626876706092,0
Kepler-938 b,1.0,GV,52.630097843622224,0.2671599999999999,2.411666666666666,5.326020496071392,456.8,5478.486666666667,0.8382,0.917,4.478166666666667,0.5678421142664849,1.8529936644028284,0
Kepler-939 b,1.0,GV,14.878116670688891,0.1156599999999999,1.9648571428571424,5.196699341817714,698.6,5734.577,0.8533333333333332,0.9221666666666666,4.364025555555556,0.7065336084802373,2.824152211585765,0
Kepler-94 b,1.0,MV,2.5080603669692305,0.0324844520125,3.51,10.91831663,884.0,4587.615384615385,0.7486161111111111,0.792375,4.613036000000001,0.2227184475535024,4.939722974900542,0
Kepler-94 c,1.0,KV,818.337698,1.596806621,45.91476694208389,2974.955563,133.7443158736634,4781.0,0.76,0.8125,4.59,0.2707646783231867,0.7134450128018177,0
Kepler-940 b,1.0,GV,59.62237134897777,0.30572,3.430428571428571,10.403079649853709,484.4,5893.121,0.9997377777777778,1.0535,4.4501977777777775,1.0815422508319876,1.856651225129294,0
Kepler-941 b,1.0,GV,17.424018383544443,0.13188,3.2932857142857137,9.627108789105757,716.2,5731.806,0.94137025,0.9455,4.467311111111111,0.8581767008146559,2.678035201667643,0
Kepler-942 b,1.0,KV,44.96411988444444,0.2246116666666666,2.028125,3.8324805998029214,368.4,4744.744000000001,0.7290000000000001,0.7608571428571429,4.597245,0.2416551459630353,1.840816039584874,0
Kepler-943 b,1.0,GV,49.76997758096667,0.25744,6.247999999999999,76.89643739796026,458.0,5703.9,0.8439999999999999,0.937,4.357056666666667,0.6764915167626812,1.9081247557321623,0
Kepler-944 b,1.0,GV,43.31676373593333,0.23056,2.7117142857142857,6.655236071635376,464.2,5578.959,0.805,0.8579999999999999,4.514075555555555,0.5632410375037696,1.9294194230960835,0
Kepler-945 b,1.0,GV,31.003245794544448,0.20078,2.683428571428572,6.523956778401398,604.8,5935.0,1.031925,1.0545,4.443697777777778,1.1854111590506744,2.292123696780077,0
Kepler-946 b,1.0,GV,11.7916137933375,0.1002599999999999,1.9872857142857143,5.342630730666159,792.0,5823.222222222223,1.03329,0.9613333333333332,4.4502925,1.1015082583661024,3.097049412889374,0
Kepler-947 b,1.0,GV,26.96447021003333,0.17644,2.414714285714286,5.338815685504587,569.4,5645.2,0.898,0.946,4.420956666666665,0.7347842771646924,2.315911864425844,0
Kepler-948 b,1.0,GV,7.768479741111111,0.07456,1.6098571428571429,3.1956639750395874,889.4,5627.369000000001,0.9416666666666664,0.953,4.462638888888889,0.7978216550869709,3.5757610107552527,0
Kepler-949 b,1.0,KV,8.68930367448,0.077165,2.847875,7.30448756388031,771.4,5174.230909090909,0.7943640000000001,0.8372222222222222,4.513644444444445,0.4058001300351833,3.294467118778534,0
Kepler-949 c,1.0,KV,20.99712209555556,0.1388216666666666,2.97,7.911106912416937,574.6,5167.373333333333,0.8775,0.8171666666666666,4.493525,0.4925648977013129,2.426619472752125,0
Kepler-95 b,1.0,GV,11.523072184166669,0.1022999131285714,3.1135,11.61089861,910.4,5673.166666666667,1.42253,1.0727777777777776,4.174911,1.8806799219062451,3.2388604464229838,0
Kepler-950 b,1.0,GV,98.71808591866666,0.40282,8.33542857142857,152.26469055294743,365.4,5819.2,1.02,1.0075,4.400563333333333,1.0703931676871945,1.581765135582599,0
Kepler-951 b,2.0,KV,71.52545089496667,0.31366,6.112142857142857,72.99255844267829,350.2,4783.9,0.757021111111111,0.768375,4.532606666666666,0.2692986665706803,1.5654241447077295,0
Kepler-952 b,1.0,GV,130.3542936836667,0.51464,7.720857142857143,126.98934262210422,367.0,5838.3,1.0233333333333332,1.0,4.408093333333333,1.0916155686479143,1.3941940173120964,0
Kepler-953 b,1.0,GV,88.40669929187777,0.39816,4.363333333333333,46.76554529643708,401.0,5529.543333333333,1.0046000000000002,1.0551666666666668,4.446,0.8465122768177302,1.6281960682605692,0
Kepler-953 c,1.0,GV,9.109694842625,0.0874,1.198,1.2647184770193254,852.75,5509.61125,0.996,1.048,4.4472000000000005,0.8201482335624479,3.4633781202788256,0
Kepler-954 b,1.0,KV,16.78176336275,0.1167166666666666,2.269,4.743354050275802,550.6,4958.263636363637,0.7357499999999999,0.8085999999999999,4.595768888888888,0.2935410554009396,2.6325426412009167,0
Kepler-955 b,1.0,GV,14.532425050411112,0.10824,3.119428571428571,8.684455350755856,663.6,5302.1,0.8273267777777779,0.8163333333333332,4.526964444444444,0.4853283603584191,2.7467229573002934,0
Kepler-956 b,1.0,FV,5.248672146555555,0.0604116666666666,2.71375,6.664731982871503,1092.4,6000.683999999999,1.0200780000000005,1.0815,4.4473275,1.2104856378312592,4.231826337624862,0
Kepler-957 b,1.0,KV,5.907411611644444,0.05632,5.410857142857142,82.00199855113827,771.8,4928.737999999999,0.74,0.7766,4.554647777777777,0.289932045971901,3.714003887774931,0
Kepler-958 b,1.0,GV,9.767866473333337,0.085935,2.06,3.9477325152890135,824.4,5478.342,0.869,0.9076,4.468170000000001,0.610275543064163,3.2504028261992333,0
Kepler-959 b,1.0,FIV,14.800668436433334,0.1384999999999999,4.38,47.23320639982853,1204.4,6859.279,2.01,1.4571250000000002,4.0812188888888885,8.024090848239434,3.244131889279907,0
Kepler-96 b,1.0,GV,16.238471415527272,0.1253913443714285,2.4813,8.46,694.6,5741.909090909091,0.9675283333333334,1.0087777777777776,4.474191111111111,0.9129405185929058,2.8368668864123125,0
Kepler-960 b,1.0,KV,3.12686241449,0.0401116666666666,2.29,4.827112454467896,1289.2,4725.175454545454,0.7398491428571428,0.7298,4.273453333333332,0.2448205995628928,4.266203421761258,0
Kepler-961 b,1.0,GV,16.87727475265,0.1265583333333333,2.882375,7.473532309657005,729.0,5629.181818181818,0.8956845555555556,0.9685,4.469071111111111,0.722738393993918,2.766810550382856,0
Kepler-962 b,1.0,GV,12.05707023754,0.0960066666666666,1.80225,4.209094568494683,665.6,5434.948181818181,0.824358,0.9184285714285716,4.58608,0.5319896644609473,3.093477639640867,0
Kepler-963 b,1.0,GV,9.976834371477777,0.08492,2.900714285714286,7.564137455477679,803.0,5450.3,0.90952175,0.8373333333333332,4.454868888888888,0.6549341844234264,3.140647403220477,0
Kepler-963 c,1.0,GV,0.919783,0.0173318327000397,0.6,0.514750320266457,1533.8176091501543,5169.47,0.928,0.821,4.417069232242788,0.551784986645153,6.883737778208742,0
Kepler-964 b,1.0,GV,13.52252411872,0.1105999999999999,2.12,4.169059907296115,878.0,5470.504545454545,0.8146977142857145,0.925,4.34159,0.5333255360976316,2.8924661611922677,0
Kepler-965 b,1.0,GV,134.2522913169,0.5055466666666667,2.87375,7.431099392560991,353.8,5951.079090909091,1.0776485714285713,1.0154999999999998,4.449026666666667,1.3068539463597797,1.4175367348004868,0
Kepler-966 b,1.0,GV,99.74723325592224,0.39336,4.3025714285714285,45.08481709676759,397.8,5635.6,1.016,0.975,4.284981111111112,0.9341957940901706,1.5746433165413132,0
Kepler-967 b,1.0,KV,13.227131713855554,0.09652,2.095,4.076145255129223,606.0,5133.5,0.8000000000000002,0.84,4.587833333333333,0.3987714792895121,2.950570326065832,0
Kepler-967 c,1.0,KV,198.710925569375,0.582325,3.158,8.889616765318905,241.5,5119.6,0.8,0.84,4.6014,0.3944699686035837,1.2012458749780557,1
Kepler-968 b,1.0,KV,3.6929842387,0.03906,1.753,3.933941299353453,751.2,4441.1,0.6609999999999999,0.6753333333333335,4.641096666666667,0.1524947800947813,4.158799256487925,0
Kepler-968 c,1.0,KV,5.709405872275,0.05185,1.5441666666666665,2.886780631445939,646.25,4435.111111111111,0.6978614000000001,0.76,4.636233750000001,0.1690620857913513,3.829194264657609,0
Kepler-969 b,1.0,GV,34.17318753735,0.1956433333333333,2.243,4.64061585834579,504.0,5261.06,0.800489625,0.871375,4.5158877777777775,0.4404476366091078,2.110789888316063,0
Kepler-969 c,1.0,GV,1.6829349990874998,0.0264,1.0678571428571428,1.089098360021782,1385.5,5263.493333333334,0.7968796666666668,0.894,4.507522857142857,0.4372921181744357,5.820251882028208,0
Kepler-97 b,1.0,GV,2.5866380331916665,0.0357068848142857,1.5643999999999998,3.458390185,1330.0,5801.0,0.9688571428571428,0.9175555555555556,4.453265,0.9537198080330952,5.070084380106995,0
Kepler-97 c,1.0,GV,789.0,1.636943929096714,16.35551887572015,344.0,181.3112644395161,5779.0,0.98,0.94,4.43,0.9610650393588048,0.7579176293493538,0
Kepler-970 b,2.0,KV,16.73655840777778,0.139,2.75825,6.873910781716889,493.4,4445.694,0.6929537777777779,0.6785000000000001,4.600345000000001,0.1682893565664127,2.209746780636197,0
Kepler-971 b,1.0,GV,9.59069787836,0.0844316666666666,2.13,4.206503421828465,1086.6,5495.554545454545,0.8039835000000001,0.9472,4.226454444444444,0.528968989849331,3.349987199240572,0
Kepler-972 b,1.0,FV,7.03933191375,0.07326,4.385,47.37406482665588,1059.8,6030.222222222223,1.159708571428571,1.077625,4.341095,1.595588330082908,3.835971358857477,0
Kepler-973 b,1.0,KV,49.60773884666667,0.2413333333333333,2.07025,3.9851374702381728,408.2,5192.932,0.8043256,0.8325,4.5511525,0.4220891376510918,1.8576267201004928,0
Kepler-974 b,1.0,KV,4.19405101512,0.04028,1.4706249999999998,1.651020736213652,552.8,3650.0,0.5216456666666667,0.5263769999999999,4.753005555555555,0.0433323772910088,3.615586076899494,0
Kepler-975 b,1.0,KV,1.97033990099,0.02953,1.48,1.6647162926501209,1487.0,4831.56,0.7791189999999999,0.7891999999999999,4.293161111111111,0.2967884183149678,5.170550673985138,0
Kepler-975 c,1.0,KIV,5.058215834666667,0.0553583333333333,10.69,508.4068164349082,1086.0,4838.715555555556,1.6670000000000005,0.891375,4.1887875,1.3667258883767264,4.0134116362986205,0
Kepler-976 b,1.0,KV,105.9566750241111,0.4194799999999999,3.823428571428572,12.783820507764656,320.0,5195.7,0.8048333333333333,0.8734,4.539403333333334,0.4235240020024328,1.4431980988906905,1
Kepler-977 b,1.0,GV,26.853295821422225,0.1622,2.617142857142857,6.221170668193677,542.2,5280.885,0.8593333333333333,0.8023333333333333,4.540383333333334,0.5152761093934861,2.2244721704513784,0
Kepler-978 b,1.0,FV,49.62244154875,0.2704399999999999,2.828333333333333,7.209549444865583,541.0,6159.5925,1.0550514285714283,1.0550000000000002,4.411833333333334,1.4376230776588244,1.975448673166072,0
Kepler-979 b,1.0,GV,8.088016785422223,0.0744399999999999,2.6101428571428573,6.189593495092202,739.8,5218.410000000001,0.80958175,0.8640000000000001,4.55779,0.4360778823257457,3.407443575407818,0
Kepler-98 b,1.0,GV,1.5416773226250002,0.0259809185571428,1.8741,3.55,1500.0,5547.75,0.9443028,0.980375,4.445496,0.7578442035517491,6.143895881270051,0
Kepler-980 b,1.0,GV,11.5510503456,0.0989383333333333,2.3585000000000003,5.105146073974212,782.6,5863.9409090909085,1.1142,1.0278571428571428,4.40138,1.316965806946787,3.223733022807129,0
Kepler-981 b,1.0,GV,4.469759512144445,0.0536,2.271,4.751301117135841,1100.8,5851.656000000001,0.9376666666666668,1.0097777777777777,4.494373333333333,0.9249152807297696,4.341157010088459,0
Kepler-982 b,1.0,FV,15.773809279539998,0.1278166666666667,2.25,4.668171301876247,929.4,6297.652727272726,1.427502857142857,1.1408333333333334,4.20213,2.8757998490237138,2.988080830080455,0
Kepler-983 b,1.0,FV,60.08542148062223,0.30862,2.4481428571428574,5.480117088709318,491.4,6116.371,1.019,1.0808,4.460833333333333,1.3038075750409297,1.871697320090601,0
Kepler-984 b,1.0,GV,43.0341126411111,0.2351299999999999,2.12,4.169059907296115,571.2,5610.248,0.9272513333333334,0.9521999999999998,4.321915,0.7642105366927652,2.012727825328797,0
Kepler-985 b,1.0,GV,116.3316846728,0.4554233333333333,3.4045714285714284,10.254598366189995,359.6,5542.9,0.842316,0.9314,4.511851111111111,0.6008805197442487,1.4303274121456009,0
Kepler-986 b,1.0,GV,56.43500136704,0.2848683333333333,2.229875,4.589157734703497,446.8,5622.710909090909,0.9745,0.97025,4.461502222222222,0.8516017720060681,1.8458428445845552,0
Kepler-987 b,1.0,GV,105.30394065833332,0.43986,3.465285714285714,10.60484173504677,383.4,5787.0,0.90575,1.025,4.519932222222223,0.8255064384287235,1.5267913181219557,0
Kepler-988 b,1.0,KV,17.760684640000004,0.1096999999999999,2.152875,4.292751490951297,389.4,3950.222222222222,0.5486000000000001,0.5584,4.689935,0.0657487601820089,2.256546955531762,0
Kepler-989 b,1.0,KV,7.964313859966666,0.07292,2.3765714285714283,5.179724442190917,791.2,5099.4,0.81480525,0.8254999999999999,4.493607777777778,0.4027854794268635,3.365194673146932,0
Kepler-99 b,2.0,KV,4.603575735166667,0.0499003198714285,1.48,6.15,816.6,4782.916666666667,0.7417548749999999,0.7816666666666667,4.578100999999999,0.258334212175387,3.95853159283152,0
Kepler-990 b,1.0,GV,9.91723011266,0.0887083333333333,2.3755714285714284,5.175584186683382,859.6,5744.662,0.98587,0.970375,4.418047777777778,0.9497013969484068,3.3079777039035463,0
Kepler-990 c,1.0,GV,0.538353448375,0.012684,1.4141666666666666,1.569100551872478,2271.25,5745.76,0.9830314285714286,0.9704285714285712,4.412088571428571,0.9449625171361128,8.748400456831986,0
Kepler-991 b,1.0,KV,82.5339639975,0.3093,2.4762857142857144,5.600430720442042,256.8,4332.333333333333,0.5933333333333333,0.5893333333333333,4.67483,0.1112691580935833,1.38059255461992,1
Kepler-992 b,1.0,KV,20.16034344329,0.1392533333333333,1.62,3.245014453262256,729.6,4912.189090909091,0.740404142857143,0.8300000000000001,4.277304444444445,0.2863702082813073,2.4418064146086818,0
Kepler-993 b,1.0,KV,22.0855026845,0.1223,3.135,8.767006646745921,340.6,3744.4,0.5723793333333334,0.5769203999999999,4.697817777777777,0.0577812170532397,2.172299506005943,0
Kepler-994 b,1.0,KV,1.15104993986,0.01764,1.485375,1.672580168686752,945.6,3908.2,0.533,0.5563333333333333,4.700633333333333,0.059463626182238,5.61685528352424,0
Kepler-995 b,1.0,KV,28.26728685253333,0.16612,2.728428571428572,6.733392308244314,510.6,5198.0,0.786644625,0.8099999999999999,4.544803333333333,0.4053144710356441,2.2085464218167776,0
Kepler-996 b,1.0,GV,3.770585188144445,0.0467999999999999,1.8117142857142856,4.263231239064292,1175.4,5920.314,1.200835,1.051,4.391312222222222,1.5894083502755123,4.739727956762742,0
Kepler-997 b,1.0,FV,2.7073010517600005,0.0390866666666666,1.173125,1.230686897631505,1549.8,6179.636363636364,1.5563633333333335,1.1708571428571428,4.216270000000001,3.169301174359206,5.474098670256593,0
Kepler-998 b,1.0,GV,5.653771457633333,0.06268,2.007571428571429,3.7590223843035138,1018.0,5943.9,1.0158333333333334,1.0425555555555557,4.4146688888888885,1.1556351584733875,4.079060000054583,0
Kepler-999 b,1.0,FV,5.99184912749,0.0677133333333333,2.10675,4.119691590042062,1226.6,6178.538181818181,1.6412685714285715,1.1901666666666666,4.165078888888889,3.5220222557601817,4.193163324914654,0
L 168-9 b,1.0,MV,1.4015177466666666,0.020855,1.5099999999999998,4.335,981.5,3814.0,0.6013333333333333,0.618,4.306666666666667,0.0686504141838301,5.444576752178235,0
L 363-38 b,1.0,MV,8.781,0.048,2.0904862303404865,4.67,330.0,3129.0,0.274,0.21,4.97,0.0064567389534191,2.0920112355290192,0
L 98-59 b,1.0,MV,2.2531166,0.0225825,0.82175,0.46,619.0,3395.2,0.3113,0.307575,4.903333333333333,0.0115533928316232,3.6911737686175656,0
L 98-59 c,1.0,MV,3.6906202,0.03135,1.3508,2.262,532.0,3398.0,0.31175,0.30846,4.9125000000000005,0.0116250886233802,3.13729703116601,0
L 98-59 d,1.0,MV,7.450829916666666,0.05015,1.5736,1.64,413.6666666666667,3398.0,0.31175,0.30846,4.9125000000000005,0.0116250886233802,2.4804983496743604,0
L 98-59 e,1.0,MV,12.811266666666668,0.07145,1.6752885944371751,2.94,344.5,3415.0,0.30925,0.28265,4.885,0.0116700333900117,1.9892912039458617,0
L 98-59 f,1.0,MV,23.064,0.1052,1.6366326510742777,2.8,285.0,3415.0,0.3155,0.2923,4.91,0.012146507123332,1.6671762764548266,0
LHS 1140 b,1.0,MV,24.7370918,0.0928499999999999,1.6305,6.4025,226.0,3112.4,0.2144,0.1817,5.041,0.0038700897666037,1.3991410334622476,0
LHS 1140 c,1.0,MV,3.777930975,0.02703,1.241,1.8266666666666669,422.0,3129.0,0.214275,0.18335,5.041,0.003948708822746,2.6049081725144627,0
LHS 1478 b,1.0,MV,1.9495378,0.01848,1.242,2.33,595.0,3381.0,0.246,0.236,4.87,0.0070948096365904,3.574209477077885,0
LHS 1678 b,2.0,MV,0.86023235,0.01245,0.6905,0.35,727.4692765248726,3490.0,0.329,0.345,4.941249326734397,0.01440732502055,5.265017945623114,0
LHS 1678 c,2.0,MV,3.6942655,0.0329,0.9615,1.4,447.50859719648815,3490.0,0.329,0.345,4.941249326734397,0.01440732502055,3.2388182856538514,0
LHS 1678 d,2.0,MV,4.9652229,0.04,0.981,0.9753707096307452,405.8535381199999,3490.0,0.329,0.345,4.941249326734397,0.01440732502055,2.9373421400063413,0
LHS 1815 b,1.0,MV,3.814318233333333,0.0404,1.088,1.58,617.0,3643.0,0.501,0.502,4.77,0.0396645002385531,3.5256253484919804,0
LHS 3154 b,1.0,MV,3.71778,0.02262,3.430608612732655,13.15,289.12501994689563,2861.0,0.1405,0.1118,5.190911182629278,0.0011866261907091,2.223563750978302,0
LHS 3844 b,1.0,MV,0.4629294566666667,0.00622,1.303,1.41067750302308,805.0,3036.0,0.1889999999999999,0.151,5.06,0.0027228300013448,4.927972382559745,0
LHS 475 b,1.0,MV,2.0290945,0.02037,0.983,0.977956580171571,586.5,3294.5,0.28245,0.268,4.982,0.0084320088879412,3.627829487565972,0
LP 714-47 b,1.0,MV,4.052035166666667,0.0417,4.7,30.8,700.0,3950.0,0.584,0.59,4.64,0.0744910209641119,3.7621227566793647,0
LP 791-18 b,1.0,MV,0.94800155,0.009735,1.166,1.220978778201037,607.15,2960.0,0.1765,0.139,5.115,0.0021455869234381,3.7793264432917977,0
LP 791-18 c,1.0,MV,4.9899259,0.029501,2.374,7.1,347.2,2960.0,0.1746666666666666,0.139,5.115,0.0021012453178964,2.171020954867245,0
LP 791-18 d,1.0,MV,2.753436,0.01992,1.032,0.9,395.5,2960.0,0.182,0.139,5.115,0.0022813896669411,2.642029832000247,0
LP 890-9 b,1.0,MV,2.7299025,0.01875,1.32,13.2,396.0,2850.0,0.1556,0.118,5.126,0.0014331395302736,2.509084869955029,0
LP 890-9 c,1.0,MV,8.457463,0.03984,1.367,25.3,272.0,2850.0,0.1556,0.118,5.126,0.0014331395302736,1.7212990250121387,0
LSPM J2116+0234 b,1.0,MV,14.4399,0.0876,3.4492768837344623,13.3,312.5484482402689,3475.0,0.431,0.43,4.95,0.0243032092400032,2.215935722490183,0
LTT 1445 A b,3.0,MV,5.3587752,0.03366,1.327,2.53,460.75,3338.5,0.2715,0.2553333333333333,4.967,0.0082155196756783,2.754683359999772,0
LTT 1445 A c,3.0,MV,3.1239003000000003,0.0252666666666666,1.272333333333333,1.54,512.0,3340.0,0.2706666666666666,0.2543333333333333,4.978355761753264,0.00817984861552,3.1732380274364926,0
LTT 3780 b,2.0,MV,0.768395785,0.0120299999999999,1.33175,2.4725,931.6666666666666,3352.25,0.3795,0.385,4.8415,0.0163177023985693,5.658124965475639,0
LTT 3780 c,2.0,MV,12.2521438,0.07621,2.36,7.4875,369.6666666666667,3348.0,0.3784,0.3796666666666666,4.852399999999999,0.0161411287881793,2.2323908708725004,0
LTT 9779 b,1.0,GV,0.7920601166666668,0.01679,4.72,29.32,1978.0,5455.333333333333,0.949,1.02,4.39,0.7156611521894024,7.795603138695781,0
Lupus-TR-3 b,1.0,KV,3.91405,0.0464,9.976,257.431,852.3027630333766,5000.0,0.82,0.87,4.5,0.3770488079379606,4.330874710187466,0
MASCARA-1 b,1.0,AV,2.148776905,0.041676,17.35712109,1175.971,2582.15,7522.0,2.091,1.81,4.0,12.558310942660608,6.5913027004687095,0
MASCARA-4 b,2.0,AV,2.824075825,0.0472,17.06568788,532.36258173,2175.0,7800.0,1.8766666666666667,1.75,4.1,11.69613954072726,6.090080159765546,0
NGC 2682 Sand 1429 b,1.0,FV,77.48,0.384,20.862259707625224,572.0911326,683.0,6000.0,2.13,1.26,4.01,5.275383763966493,1.811734874970601,0
NGC 2682 YBP 1194 b,1.0,GV,6.959,0.0715722822369739,9.264988320722791,104.88316666666668,871.663697024031,5780.0,0.99,1.01,4.44,0.9814577140823038,3.757190693667956,0
NGC 2682 YBP 1514 b,1.0,GV,5.118,0.0573364036576568,10.158262393699196,127.13133333333332,914.6000608856197,5725.0,0.89,0.96,4.57,0.7634345795542271,4.092563023033409,0
NGTS-1 b,1.0,MV,2.647303233333333,0.0326,14.90797,258.07796,790.0,3916.0,0.573,0.617,4.71,0.0692739300001347,4.35119719623984,0
NGTS-10 b,1.0,KV,0.7668944,0.0143,13.506845,687.14846,1332.0,4600.0,0.697,0.696,4.595,0.1951581681188237,6.977688619035304,0
NGTS-11 b,1.0,KV,35.455657,0.201,9.157753,109.33352,435.0,5050.0,0.832,0.862,4.5,0.4039261917704682,2.071240779931732,0
NGTS-12 b,1.0,GV,7.533003,0.0757,11.747032,66.10864,1257.0,5690.0,1.589,1.021,4.045,2.3745794769822126,3.673160583464592,0
NGTS-13 b,1.0,GV,4.119027,0.0549,12.800678,1538.2972,1605.0,5819.0,1.788,1.3,4.04,3.2886549389114386,4.866990380924183,0
NGTS-14 A b,2.0,KV,3.5357173,0.0403,4.976796,29.24036,1143.0,5187.0,0.842,0.898,4.2,0.4604463397299032,4.721289477489369,0
NGTS-15 b,1.0,GV,3.27623,0.0441,12.32987877,238.68913366,1146.0,5600.0,0.954,0.995,4.4,0.8030428273450392,4.750805270683831,0
NGTS-16 b,1.0,GV,4.84532,0.0523,14.57167491,211.99154747,1177.0,5550.0,1.213,1.002,4.35,1.2525162936331675,4.377821001168105,0
NGTS-17 b,1.0,GV,3.24253,0.0391,13.89913607,242.82090295,1457.0,5650.0,1.337,1.025,4.0,1.634355224877866,5.12092644660876,0
NGTS-18 b,1.0,GV,3.05125,0.0448,13.56286665,129.99181846,1381.0,5610.0,1.392,1.003,4.16,1.7219469421765807,4.73245446014959,0
NGTS-2 b,1.0,FV,4.5111366,0.063,17.878355,235.1942,1468.0,6478.0,1.702,1.64,4.197,4.5769138316974365,5.1030125132181725,0
NGTS-20 b,1.0,GIV,54.18915,0.313,11.99360935,947.12865286,688.0,5980.0,1.78,1.47,3.8,3.635252573287208,2.1675118604602064,0
NGTS-21 b,1.0,KV,1.5433897,0.0236,14.90794433,750.07504052,1357.0,4660.0,0.86,0.72,4.63,0.312917908784574,5.524401451607364,0
NGTS-23 b,1.0,FV,4.0764326,0.0504,14.20177855,194.82881349,1327.0,6057.0,1.24,1.01,4.04,1.856793105853413,4.477343377199137,0
NGTS-24 b,1.0,GIV,3.4678796,0.0479,13.60770257,165.27077164,1499.0,5820.0,1.64,1.26,4.09,2.768659096945699,5.1297062932174935,0
NGTS-25 b,1.0,KV,2.823093,0.0388,11.46678726,203.09235207,1101.0,5321.0,0.86,0.91,4.48,0.5319364959989946,4.843728781111003,0
NGTS-26 b,1.0,GV,4.5199279,0.049,14.88552637,92.80589484,1331.0,5550.0,1.16,0.96,4.1,1.1454542842161213,4.427030973263486,0
NGTS-27 b,1.0,GV,3.3704181,0.0446,15.64773706,188.47224535,1783.0,5700.0,1.77,1.07,4.05,2.967124744347597,4.898909803155212,0
NGTS-3 A b,2.0,GV,1.6753728,0.023,16.58932,756.4354,1443.914705191832,5600.0,0.93,1.017,4.508177083375945,0.7631463916365875,6.650764078267268,0
NGTS-30 b,1.0,GV,98.29838,0.408,10.40193409,305.11527072,500.0,5455.0,0.913,0.94,4.3,0.6622323996286027,1.5181295341161345,0
NGTS-31 b,1.0,GV,4.162734,0.064,18.04645893,355.96781584,1410.0,5710.0,1.7,0.96,4.43,2.7563357990066923,3.8736521016055496,0
NGTS-32 b,1.0,GV,3.31211,0.044,15.91675259,181.16219199,1750.0,5680.0,1.85,1.07,4.09,3.196146293960018,4.93219836144336,0
NGTS-33 b,1.0,FIV,2.827972,0.048,18.38272835,1153.71711741,1991.0,7437.0,1.47,1.6,4.26,5.930832317776599,5.774499613583289,0
NGTS-4 b,1.0,KV,1.33735065,0.019,3.18,20.6,1650.0,5143.0,0.84,0.75,4.5,0.4429090143284155,6.283893488886174,0
NGTS-5 b,1.0,KV,3.3569866,0.0382,12.733424,72.78307,952.0,4987.0,0.739,0.661,4.52,0.3030652900451502,4.160485686891391,0
NGTS-6 b,1.0,KV,0.8820391666666666,0.01677,14.863134,425.57437,1283.9,4730.0,0.754,0.767,4.7,0.2553154549576729,6.764039493250985,0
NGTS-8 b,1.0,KV,2.4997,0.035,12.21781,295.5819,1345.0,5241.0,0.98,0.89,4.41,0.6501276546984125,5.043545755348267,0
NGTS-9 b,1.0,FV,4.435271,0.058,11.99363,921.707,1448.0,6330.0,1.38,1.34,4.37,2.743234050510012,4.80743461706825,0
NY Vir b,2.0,sdB,3015.2333333333336,3.3,24.783571080151308,819.9786,284.32589117734443,32780.0,0.151,0.459,5.74193,23.619980867404298,0.3730133341067601,0
NY Vir c,2.0,sdB,8799.0,6.434275077947399,35.72471175039858,1760.7782,203.62146935429968,32780.0,0.151,0.459,5.74193,23.619980867404298,0.2671354439972187,0
OGLE-TR-10 b,1.0,GV,3.101312571428572,0.04342,14.5641867425,222.47977142857144,1702.0,5972.5,1.1541666666666666,1.154,4.429333333333333,1.5207279860365337,5.156238280905484,0
OGLE-TR-111 b,1.0,KV,4.01478232,0.0469071428571428,11.4029498,179.5730125,1026.5,4985.25,0.8308,0.8186,4.5084833333333325,0.3824992556594223,4.17822057956896,0
OGLE-TR-113 b,1.0,KV,1.4324776636363636,0.0228442857142857,12.241766857142858,401.3714857142857,1348.5,4740.2,0.774,0.7718333333333334,4.454637777777778,0.271367875810839,5.813637621922993,0
OGLE-TR-132 b,1.0,FV,1.6898345171428577,0.030372,13.833504428571429,375.02,2007.0,6267.428571428572,1.342,1.2992499999999998,4.4510000000000005,2.493173223845483,6.541610037428175,0
OGLE-TR-182 b,1.0,GV,3.9791,0.0516999999999999,12.666,332.65763333333337,1550.0,5924.0,1.14,1.1713333333333331,4.306,1.4360175647321396,4.760690669145402,0
OGLE-TR-211 b,1.0,FV,3.67724,0.0510366666666666,14.511838666666668,327.351,1686.0,6325.0,1.586666666666667,1.3180000000000005,4.195,3.614958911485116,5.0826656092600455,0
OGLE-TR-56 b,1.0,FV,1.2119111044444444,0.0229983333333333,15.11233708,473.2099555555556,2278.0,6055.75,1.3031666666666666,1.2095,4.215833333333333,2.049092325988639,7.253201424926369,0
OGLE2-TR-L9 b,1.0,FIV,2.4855335566666668,0.0308,18.147207666666667,1402.6697333333334,2036.5,6933.0,1.5106666666666666,1.4556666666666669,4.242333333333334,4.7305533390448415,6.875916504507288,0
PDS 70 b,1.0,KV,43500.0,21.200000000000003,30.48848,953.49,1202.0,3972.0,1.26,0.76,4.117894529606737,0.3545421708120965,0.1893711644421138,0
PH1 b,4.0,FV,138.317,0.652,6.18,169.0,481.0,6407.0,1.734,1.528,4.14,4.545764494832016,1.531132811160414,0
PH2 b,1.0,GV,282.525419493,0.8354174999999999,9.996834629090907,87.08498352,293.01666666666665,5791.466666666666,0.9471856666666664,0.9884285714285712,4.454750000000001,0.905553949629734,1.087917205085067,1
POTS-1 b,1.0,KV,3.1606296,0.03734,10.548,734.16,707.9949155546982,4400.0,0.588,0.695,4.63,0.1162666630588062,4.314994330893941,0
Pr0201 b,1.0,FV,4.4264,0.06,11.726844629308328,171.6282,1100.05645845378,6174.0,1.1585,1.237,4.41,1.749638903740064,4.541341995426978,0
Pr0211 b,2.0,GV,2.1456,0.03176,21.203097635427888,591.79946,1112.872417514328,5313.0,0.8474999999999999,0.9435,4.51,0.5134859055722657,5.451370370572243,0
Pr0211 c,2.0,GV,4850.0,5.5,42.05284482716332,2475.8957,83.33419331250225,5300.0,0.827,0.935,4.51,0.4841772143830964,0.412381757010534,0
Proxima Cen b,3.0,MV,11.18559,0.048385,1.0460895073087488,1.09875,222.66666666666663,2950.0,0.14425,0.1214,5.203809070644772,0.0014138702538496,1.5842691107962603,0
Proxima Cen d,3.0,MV,5.12269,0.02883,0.5249076976135548,0.26,282.0,2900.0,0.141,0.1221,5.226099466195194,0.0012615953130398,2.058308629123016,0
Qatar-1 b,1.0,KV,1.4200253267142855,0.0233071428571428,13.010407,402.74113166666666,1398.3333333333333,4914.916666666667,0.8002857142857144,0.8469999999999999,4.554497142857143,0.3353085392343047,6.029373253812295,0
Qatar-10 b,1.0,FV,1.6453233000000005,0.0286,17.295487,233.92288,1955.0,6124.0,1.254,1.156,4.303,1.984383700170173,6.358737317763356,0
Qatar-2 b,1.0,KV,1.3371074434615384,0.021502,12.810495857142856,795.642376,1307.0,4603.666666666667,0.7218833333333333,0.739,4.56696857142857,0.2100097037246578,5.86351140756078,0
Qatar-3 b,1.0,GV,2.5079028475,0.03783,12.285064,1369.8473,1681.0,6073.796666666666,1.42375,1.145,4.203636666666666,2.4751317416739758,5.502493734023191,0
Qatar-4 b,1.0,KV,1.805364346,0.02803,12.722215,1938.763,1385.0,5183.75,0.8489999999999999,0.896,4.5345725,0.4669618747933721,5.654802481799583,0
Qatar-5 b,1.0,GV,2.8792879739999995,0.04127,12.408363,1373.0256,1415.0,5706.0,1.076,1.128,4.405115,1.1011372688255865,5.228923635906941,0
Qatar-6 b,2.0,KV,3.5061966666666664,0.0436499999999999,12.475605765,214.69362099,1006.0,5057.5,0.7535000000000001,0.8254999999999999,4.598,0.3332728451221716,4.3495206669900375,0
Qatar-7 b,1.0,FV,2.0320461066666664,0.0352,19.0553,597.5204,2053.0,6387.0,1.564,1.409,4.196,3.652170229731927,6.327893318268559,0
Qatar-8 b,1.0,GV,3.714721325,0.0474,14.403565,117.91493,1457.0,5753.0,1.3180833333333333,1.0326666666666666,4.213053333333334,1.7074700050759883,4.668376696539824,0
Qatar-9 b,1.0,KV,1.5407604866666669,0.0234,11.309881,378.2177,1134.0,4309.0,0.696,0.719,4.61,0.1498353565167906,5.54410568509472,0
ROXs 12 b,2.0,MV,222.07317924283515,212.0,59.339646613455685,5085.0,10.635728532835394,3698.5,1.06627,0.87,4.06718,0.1908651872539934,0.0640717638280465,0
ROXs 42 B b,2.0,MV,148.99999999999994,149.0,46.81777494696089,3098.55,2087.5,3433.0,1.33658,1.0,4.18583211107479,0.2226255370577436,0.081937337885237,0
Ross 128 b,1.0,MV,9.8658,0.0496,1.1746749849452671,1.4,301.0,3192.0,0.1967,0.168,5.07552258944826,0.0036037122041096,1.8407244736955248,0
Ross 176 b,1.0,KV,5.0066338,0.0464,1.84,4.57,682.0,4041.0,0.569,0.577,5.07,0.0774586252051092,3.5269873359033985,0
Ross 508 b,1.0,MV,10.77,0.05366,1.9411852446629607,4.0,247.1042340225376,3071.0,0.2113,0.1774,5.039,0.0035629367263021,1.818555072268492,0
SPECULOOS-3 b,1.0,MV,0.71912603,0.00733,0.977,0.9702037140781036,553.0,2800.0,0.123,0.1009,5.265,0.0008343191235308,3.710808816606901,0
TAP 26 b,1.0,KV,10.79,0.0968,20.06953494545696,527.5978,651.2881612498247,4620.0,1.17,1.04,4.5,0.5595378576370307,3.278339866234542,0
TIC 139270665 b,1.0,GV,23.624,0.163,7.22979255,147.15455244,703.0,5844.0,1.016,1.035,4.439,1.0802346280009765,2.5202948772051506,0
TIC 139270665 c,1.0,GV,1010.0,2.0,33.65381043857915,1554.18091023,200.0,5844.0,1.016,1.035,4.439,1.0802346280009765,0.7194989442990323,0
TIC 172900988 b,2.0,FV,189.6755714285714,0.8693057142857141,11.235,843.3534247571428,309.5709308092611,6050.0,1.3843,1.2384014285714284,4.24855,2.3034128556919367,1.1937666417460306,0
TIC 237913194 b,1.0,GV,15.168865,0.1207,12.520453,617.22586,974.0,5788.0,1.088,1.026,4.376,1.191960134375797,2.9160504229236106,0
TIC 241249530 b,2.0,FV,165.7719,0.641,13.29385111,1582.78546686,369.1039261477042,6166.0,1.397,1.271,4.23,2.531026800056352,1.408376417709624,0
TIC 257060897 b,1.0,FV,3.6600324633333337,0.05011,16.98160576,207.224121365,1768.5,5993.0,1.8343333333333327,1.2756666666666667,3.972,3.894246846914535,5.04639668502916,0
TIC 279401253 b,1.0,GV,76.8,0.369,11.2089807,1951.46641898,408.98337636268775,5951.0,1.06,1.13,4.438,1.2643327323755946,1.750253773460794,0
TIC 279401253 c,1.0,GV,155.3,0.591,42.64230850824675,2548.98382414,323.1655801593443,5951.0,1.06,1.13,4.438,1.2643327323755946,1.3829945391837732,0
TIC 365102760 b,1.0,KIV,4.21285367,0.0622,6.21,19.2,1409.447853535588,4900.0,3.13,1.17,3.52,5.067139318576103,4.337831943122431,0
TIC 393818343 b,2.0,GV,16.24921,0.1291,12.18416202,1379.37528638,805.5,5756.0,1.086,1.082,4.402,1.1615359114863146,2.8955128273494943,0
TIC 434398831 b,1.0,GV,3.685504,0.04641,3.51,10.86634579507243,1250.0,5638.0,0.909,0.992,4.42,0.7490622358323892,4.6240767712495225,0
TIC 434398831 c,1.0,GV,6.210291,0.06572,5.63,90.955069608024,1050.0,5638.0,0.909,0.992,4.42,0.7490622358323892,3.885814304535333,0
TIC 46432937 b,1.0,MV,1.44044527,0.02065,13.31626907,1017.0509024,872.0,3572.0,0.5299,0.563,4.74,0.0410131843242446,5.222388223574191,0
TIC 4672985 b,1.0,GV,69.048,0.33,11.5004142,4049.13390518,517.2,5757.0,1.15,1.01,4.32,1.3033781870440957,1.749760873146704,0
TIC 88785435 b,1.0,KV,10.508843,0.08432,5.03,67.77857611660842,635.0,3998.0,0.911,0.724,4.19,0.1902382153159407,2.930751312453931,0
TOI-1011 b,1.0,GV,2.470498,0.0346585177719826,1.45,4.04,1143.797124934629,5475.0,0.92,0.91,4.5,0.6823418344032529,5.124962446394696,0
TOI-1052 b,1.0,FV,9.139703,0.09103,2.87,16.9,1135.0,6146.0,1.264,1.204,4.3,2.045286828523829,3.637440986309484,0
TOI-1052 c,1.0,FV,35.806,0.2263,5.427383225820116,34.3,719.0,6146.0,1.264,1.204,4.3,2.045286828523829,2.3069912666794434,0
TOI-1062 b,1.0,GV,4.11296,0.052,2.265,10.15,1077.0,5328.0,0.84,0.94,4.55,0.510158687595571,4.252430642497558,0
TOI-1062 c,1.0,GV,7.972,0.08,2.9774627851151654,9.78,859.0,5328.0,0.84,0.94,4.55,0.510158687595571,3.428419189657811,0
TOI-1064 b,1.0,KV,6.443868,0.06152,2.587,13.5,784.0,4734.0,0.726,0.748,4.6,0.2375068314018882,3.487527328981153,0
TOI-1064 c,1.0,KV,12.226574,0.09429,2.651,2.5,634.0,4734.0,0.726,0.748,4.6,0.2375068314018882,2.8170396843429057,0
TOI-1075 b,1.0,MV,0.6047328,0.011695,1.7555,9.95,1329.5,3898.0,0.5805,0.602,4.69,0.0698009988235594,7.175846111433644,0
TOI-1107 b,1.0,FV,4.0782387,0.0561,14.57167491,1064.72516345,1728.0,6311.0,1.81,1.35,4.05,4.662724121586829,4.906371597509156,0
TOI-1117 b,1.0,GV,2.22816,0.033,2.46,8.9,1538.0,5635.0,1.05,0.97,4.41,0.99734204875378,5.422553944880697,0
TOI-1117 c,1.0,GV,4.579,0.0534,2.8276964247514327,8.78,1210.0,5635.0,1.05,0.97,4.41,0.99734204875378,4.262753528896665,0
TOI-1117 d,1.0,GV,8.665,0.0817,3.1097267884127904,10.71,978.0,5635.0,1.05,0.97,4.41,0.99734204875378,3.4462741529730248,0
TOI-1130 b,1.0,KV,4.073135499999999,0.0446033333333333,3.6233333333333335,19.54,755.7233333333334,4302.5,0.6915,0.70625,4.5925,0.1470136752650196,3.9798853044398586,0
TOI-1130 c,1.0,KV,8.35020624,0.0719966666666666,13.0,319.8874936975,594.9,4292.0,0.6906000000000001,0.7018000000000001,4.593999999999999,0.1452050936235324,3.122665542876776,0
TOI-1135 b,1.0,GV,8.027729149999999,0.0821687015,9.180425,51.42,1136.59,6042.35,1.1549999999999998,1.1405195,4.47,1.5954284426893024,3.726259785329272,0
TOI-1136 b,1.0,GV,4.1727533333333335,0.05123,1.9,3.5,1216.0,5781.666666666667,0.9644333333333334,1.0281333333333331,4.477333333333333,0.9324949154336852,4.480613942010489,0
TOI-1136 c,1.0,GV,6.257183333333334,0.06695,2.824241385,6.96,1013.695,5781.666666666667,0.9644333333333334,1.0281333333333336,4.477333333333333,0.9324949154336852,3.919443543636015,0
TOI-1136 d,1.0,GV,12.519293333333332,0.1066,4.624077115,8.35,804.605,5781.666666666667,0.9644333333333334,1.0281333333333336,4.477333333333333,0.9324949154336852,3.1061405374051105,0
TOI-1136 e,1.0,GV,18.802376666666664,0.14,2.5923351,6.07,703.0550000000001,5781.666666666667,0.9644333333333334,1.0281333333333336,4.477333333333333,0.9324949154336852,2.7104143376753638,0
TOI-1136 f,1.0,GV,26.318340666666668,0.1745,3.80795741,9.7,628.0550000000001,5781.666666666667,0.9644333333333334,1.0281333333333331,4.477333333333333,0.9324949154336852,2.427738961839752,0
TOI-1136 g,1.0,GV,39.5408,0.2295,2.53,5.6,574.0,5781.666666666667,0.9644333333333334,1.0281333333333331,4.477333333333333,0.9324949154336852,2.116939073061152,0
TOI-1173 b,2.0,GV,7.06461,0.0703,9.10470549,27.85,868.475,5382.5,0.93505,0.928,4.459,0.6584088700863143,3.63388609044328,0
TOI-1174 b,1.0,KV,8.9534728415,0.07997,2.5342327,32.0,713.83,5094.0,0.76,0.84625,4.573,0.3489416393169038,3.253574658867981,0
TOI-1180 b,1.0,KV,9.686756689,0.0813995,3.054087145,10.0,638.18,4771.0,0.7362500000000001,0.76475,4.587,0.2519869974876887,3.0656590883987573,0
TOI-1181 b,1.0,FIV,2.10319255,0.0364,15.93158533,375.58573737,1942.12,6030.0,1.9466,1.46235,3.982666666666667,4.494822401011295,6.339426294610283,0
TOI-1184 b,1.0,KV,5.7484329015,0.0560135,2.399871545,6.8,715.47,4575.5,0.6936,0.71855,4.612,0.1891743531525599,3.582260181075071,0
TOI-1194 b,1.0,GV,2.3106443,0.03414,8.65696668,132.464876795,1327.645,5420.0,0.9619,0.99525,4.468,0.716385596764102,5.40019346214862,0
TOI-1199 b,1.0,GV,3.671463,0.04988,10.5140239,75.96098927,1486.0,5710.0,1.45,1.23,4.19,2.0052581375126546,4.966658702569627,0
TOI-1201 b,2.0,MV,2.49197945,0.0287,2.415,6.28,703.0,3476.0,0.508,0.512,4.8,0.033801528981714,4.224438734723562,0
TOI-1203 b,1.0,GV,4.1572888,0.04869,1.52,3.51,1361.2,5737.0,1.179,0.886,4.34,1.351004699374085,4.2665020402662455,0
TOI-1203 c,1.0,GV,13.0766,0.104331227507764,2.2528057839531783,5.46,782.0068368651054,5737.0,1.179,0.886,4.34,1.351004699374085,2.91463842681178,0
TOI-1203 d,1.0,GV,25.502672,0.1632,2.918,7.39,743.6,5737.0,1.179,0.886,4.34,1.351004699374085,2.3304069547854867,0
TOI-1203 e,1.0,GV,204.59,0.6526405076530589,5.986437695648122,42.1,312.6660273497758,5737.0,1.179,0.886,4.34,1.351004699374085,1.1653458449615035,0
TOI-122 b,1.0,MV,5.078029750000001,0.0392,2.72,6.693926164220876,471.0,3403.0,0.334,0.312,4.88,0.0134224124527752,2.821689664993772,0
TOI-1221 b,1.0,GV,91.68278,0.387,2.91,1112.3994245,440.0,5592.0,1.031,0.93,4.38,0.9325579558214586,1.5504614612441814,0
TOI-1224 b,1.0,MV,4.1782745,0.0355,2.104,4.109480248380756,541.0,3326.0,0.404,0.4,4.827119288667824,0.0179201466632588,3.357305045349482,0
TOI-1224 c,1.0,MV,17.945466,0.0988393030304435,2.884,7.481539728829126,272.6616424060672,3326.0,0.404,0.4,4.827119288667824,0.0179201466632588,2.012056363972395,0
TOI-1227 b,1.0,MV,27.36397,0.0886,9.57246952,380.27090599714967,313.1657943704324,3072.0,0.56,0.17,4.171894894926944,0.0250582506719242,1.3854236075674242,0
TOI-1231 b,1.0,MV,24.245586,0.1288,3.65,15.4,329.6,3553.0,0.476,0.485,4.767,0.0323954923934289,1.940831900068425,0
TOI-1235 b,1.0,MV,3.4447225,0.038355,1.7073333333333334,6.5,764.5,3934.5,0.6245,0.635,4.643,0.0838519050664184,4.069591833173704,0
TOI-1238 b,1.0,MV,0.764597,0.0139,1.21,3.76,1133.0,4089.0,0.58,0.59,4.63,0.0843750958719873,6.516187758879744,0
TOI-1238 c,1.0,MV,3.294736,0.037,2.11,8.32,695.0,4089.0,0.58,0.59,4.63,0.0843750958719873,3.993927046779024,0
TOI-1244 b,1.0,KV,6.400308241499999,0.060847,2.421557195,6.6,714.86,4660.5,0.72205,0.7414000000000001,4.595,0.2206756649293872,3.491255955197159,0
TOI-1246 b,1.0,KV,4.30744,0.049,3.01,8.1,955.0,5151.0,0.86,0.87,4.4,0.4671463414971589,4.214407928125822,0
TOI-1246 c,1.0,KV,5.9041405000000005,0.061,2.48054923,8.95,861.245,5182.0,0.8624499999999999,0.8794500000000001,4.455,0.4812240652800251,3.797656177145582,0
TOI-1246 d,1.0,KV,18.655387,0.1315,3.470698695,5.35,586.885,5182.0,0.8624499999999999,0.8794500000000001,4.455,0.4812240652800251,2.5865309780857446,0
TOI-1246 e,1.0,KV,37.92354,0.2115,3.64709375,14.65,462.99,5182.0,0.8624499999999999,0.8794500000000001,4.455,0.4812240652800251,2.0395078194901286,0
TOI-1248 b,1.0,GV,4.3601561,0.051,6.8084859,27.4,952.09,5205.0,0.8686,0.9042,4.515,0.4968352893008796,4.211357861283665,0
TOI-1249 b,1.0,GV,13.079151,0.109,3.2710301,11.9,726.89,5497.0,0.9785,1.0062,4.457,0.7843582300126547,3.038812411281748,0
TOI-125 b,1.0,KV,4.653164333333333,0.05198,2.7405,9.5,1033.0,5294.666666666667,0.8506666666666667,0.867,4.517333333333333,0.5102266928983255,4.084758593710476,0
TOI-125 c,1.0,KV,9.151935,0.0816,2.7745,6.63,824.4,5294.666666666667,0.8506666666666667,0.867,4.517333333333333,0.5102266928983255,3.260164044138492,0
TOI-125 d,1.0,KV,19.98,0.137,2.93,13.6,638.1,5320.0,0.848,0.859,4.516,0.5168066385305327,2.5044437527116945,0
TOI-1259 A b,2.0,KV,3.47797855,0.0407,11.45557828,140.16232749,963.0,4775.0,0.711,0.744,4.605,0.2357884649639929,4.276261421356563,0
TOI-1260 b,1.0,KV,3.1274715,0.03665,2.375,8.58,865.5,4227.0,0.672,0.6695,4.57,0.1293473058738138,4.274775239258441,0
TOI-1260 c,1.0,KV,7.493192,0.06565,2.79,12.5,647.0,4227.0,0.672,0.6695,4.57,0.1293473058738138,3.1939852737571828,0
TOI-1260 d,1.0,KV,16.608164,0.1116,3.12,11.84,499.0,4227.0,0.672,0.679,4.57,0.1293473058738138,2.467048990798452,0
TOI-1266 b,1.0,MV,10.89476575,0.073475,2.492,4.46,415.75,3588.5,0.4256,0.43875,4.82375,0.0269491387751312,2.4440706251012863,0
TOI-1266 c,1.0,MV,18.8018102,0.1048,1.83575,3.17,347.775,3590.8,0.4244799999999999,0.441,4.829,0.026876281505112,2.051698955654524,0
TOI-1266 d,1.0,MV,32.4245,0.15065,1.9722608808296085,4.135,292.5,3590.5,0.4296,0.434,4.8095,0.0275193466950303,1.6975996645198104,0
TOI-1268 b,1.0,KV,8.157723350000001,0.069075,8.554831435,96.4,918.9,5267.75,0.875,0.915,4.5275,0.5289402048799463,3.640198649610124,0
TOI-1269 b,1.0,GV,4.2529913,0.0496,2.40144286,6.4,1004.9,5499.0,0.8521,0.9027,4.531,0.5956701799910449,4.266835177831615,0
TOI-1272 b,1.0,KV,3.31599,0.04145,4.136024535,25.8,968.0,5025.0,0.7907,0.8641,4.566,0.3576494750494463,4.566618367399872,0
TOI-1272 c,1.0,KV,8.68505,0.07865,4.593171012208601,24.2,697.0,5025.0,0.7907,0.8641,4.566,0.3576494750494463,3.315183888246036,0
TOI-1273 b,1.0,GV,4.631296,0.0549,11.09689089,70.55790635,1211.0,5690.0,1.06,1.06,4.37,1.0566974175973087,4.394826599369996,0
TOI-1278 b,1.0,MV,14.47567,0.095,12.21778896,5879.8255295,378.3212692120992,3799.0,0.573,0.54,4.68,0.0613587167324728,2.384569919853874,0
TOI-1279 b,1.0,GV,9.61419,0.085,2.66146528,10.6,759.0,5457.0,0.8426,0.8784,4.529,0.5648700839235635,3.2152273292352995,0
TOI-128.01,1.0,FV,4.9404681,0.05381019,2.21898,4.546649093154157,1344.51,6086.0,1.13,0.851969,4.26269,1.5717176456870083,3.979739243223464,0
TOI-1288 b,1.0,GV,2.6998809666666665,0.04015,5.09615517,43.05,1234.72,5306.666666666667,0.96615,0.9226,4.437666666666668,0.6641500369119334,4.794451550619403,0
TOI-1288 c,1.0,GV,429.5,1.07,8.371435330047838,84.85,206.35874797147167,5306.5,0.98415,0.9226,4.346500000000001,0.6890410846584918,0.928730739577226,0
TOI-1294 b,1.0,GV,3.915292,0.051,10.12369881,63.9,1392.74,5718.0,1.5566,1.1578,4.119,2.323916429349301,4.765480190143505,0
TOI-1294 c,1.0,GV,159.9,0.61,10.889148990507527,147.0,370.376738217151,5718.0,1.5566,1.1578,4.119,2.323916429349301,1.3779289957528025,0
TOI-1295 b,1.0,FV,3.1968838,0.047,15.69257298,451.31633794,2360.0,6280.0,1.7,1.38,4.1,4.032981851449546,5.419579585628401,0
TOI-1296 b,1.0,GV,3.944372633333333,0.05035,13.9573572,95.006432645,1488.42,5591.0,1.6770333333333332,1.1658666666666666,4.045000000000001,2.4656487533661107,4.812820775635105,0
TOI-1298 b,1.0,GV,4.537150766666667,0.0579999999999999,9.54241155,106.073456445,1333.0,5843.333333333333,1.4258666666666666,1.366233333333333,4.324666666666666,2.126622126575026,4.854264378878783,0
TOI-1301.01,1.0,KV,6.096407209,0.059866,2.477,5.603500467633259,683.4211489281877,4820.0,0.732,0.77,4.595290590616769,0.2594777748827805,3.586990495282905,0
TOI-132 b,1.0,GV,2.1096977,0.026,3.42,22.4,1395.0,5397.0,0.9,0.97,4.48,0.6165730542958563,6.109056997636506,0
TOI-1333 b,2.0,FIV,4.720219,0.0626,15.647764,753.2571,1679.0,6274.0,1.925,1.464,4.034,5.151448649971439,4.836802515909474,0
TOI-1338 b,2.0,FV,95.24936666666667,0.4607,7.2555,11.3,416.7672798512855,6050.0,1.3296666666666666,1.1158666666666666,4.0,2.125185831148616,1.556582093329092,0
TOI-1338 c,2.0,FV,215.645,0.794,7.650867518315268,70.30000000000001,317.38293357987067,6050.0,1.329,1.1103,4.236212405490382,2.123055319171081,1.1827280659540187,0
TOI-1346 b,1.0,KV,1.7622538,0.0267253522577328,2.39,5.235474055790713,1324.0,5099.0,0.78,0.82,4.61,0.3689938290655288,5.540133003352141,0
TOI-1346 c,1.0,KV,5.502558,0.0570936165202713,2.23,4.58964653001982,928.0,5099.0,0.78,0.82,4.61,0.3689938290655288,3.7904269682856127,0
TOI-1347 b,1.0,GV,0.847423885,0.0171,1.80717347,11.65,1549.25,5478.5,0.83505,0.92045,4.598,0.563587658910204,7.337988550924677,0
TOI-1347 c,1.0,GV,4.841965,0.0546,1.638805605,6.4,975.04,5478.5,0.83505,0.92045,4.598,0.563587658910204,4.106565588999646,0
TOI-1386 b,1.0,GV,25.839245,0.1730999999999999,6.134618039999999,46.41930212,645.7149999999999,5764.0,1.01925,1.03715,4.436,1.028838431856792,2.4482019295274444,0
TOI-1386 c,1.0,GV,229.8,0.7444999999999999,7.901542592162743,75.2,327.4,5764.0,1.01925,1.03715,4.436,1.028838431856792,1.180493007076156,0
TOI-139 b,1.0,KV,11.07085,0.0859033680066329,2.4566,5.516142161851799,561.17,4570.0,0.7007,0.69,4.705,0.1921404861604533,2.8346173016005403,0
TOI-1408 b,1.0,FV,4.4252905,0.05791,25.0,565.065003915,1294.6172177324445,6211.5,1.53,1.3215,4.225,3.1265017048611456,4.777842015628747,0
TOI-1408 c,1.0,FV,2.1664,0.03587,2.22,7.6,1619.9233432297146,6117.0,1.53,1.312,4.1,2.9405368998495747,6.048897330289254,0
TOI-1410 c,1.0,KV,47.56,0.239,4.840197076959267,27.0,334.21827080560547,4635.0,0.7558,0.7941,4.579,0.2365389033843608,1.8231131831622955,0
TOI-1410.01,1.0,KV,1.2168525,0.0203222455,3.0222340450000003,12.5,1316.415,4634.8,0.7672745000000001,0.754604,4.544499999999999,0.2437335830051004,6.094648855732897,0
TOI-1411 b,1.0,KV,1.45204425,0.0221099999999999,1.27940296,2.0,1056.2,4190.5,0.637,0.5972500000000001,4.6850000000000005,0.1122618240937982,5.198268309201577,0
TOI-1416 b,1.0,GV,1.0697568,0.019,1.62,3.48,1517.0,4884.0,0.793,0.798,4.52,0.3210249933829943,6.481859740226155,0
TOI-1420 b,1.0,GV,6.9561063,0.071,11.89,25.1,957.0,5510.0,0.923,0.987,4.502,0.7045302541114202,3.729103059777111,0
TOI-1422 b,1.0,GV,12.997613333333334,0.1076666666666666,3.908938503333333,10.2,842.1700000000001,5825.5,1.02125,0.98565,4.411,1.0776725365651136,3.0261866656498806,0
TOI-1431 b,1.0,AV,2.650237,0.046,16.70138124,991.62462984,2370.0,7690.0,1.92,1.9,4.15,11.566385596481172,6.427955604867173,0
TOI-1437 b,1.0,GV,18.840861,0.1395,2.33735521,10.0,794.23,5997.0,1.17,1.056,4.2505,1.5885385874548066,2.751818837472982,0
TOI-1438 b,1.0,KV,5.13967,0.0553,3.04,9.4,971.0,5230.0,0.82,0.876,4.5,0.4513612901746509,3.9807460369459537,0
TOI-1438 c,1.0,KV,9.428089,0.083,2.75,10.6,794.0,5230.0,0.82,0.876,4.5,0.4513612901746509,3.24928638558326,0
TOI-1439 b,1.0,GV,27.644,0.192,4.2427861,38.5,748.4,5841.0,1.6184,1.2313,4.106,2.735334319277376,2.532831562015559,0
TOI-1442 b,1.0,MV,0.4090677,0.0071,1.17,1.2264267663213562,1072.0,3330.0,0.31,0.29,4.92,0.0106020578998415,6.392118368138448,0
TOI-1443 b,1.0,GV,23.540678,0.147,2.30381001,30.0,520.66,5224.0,0.7511,0.7663,4.564,0.3769624114581423,2.2835773638953976,0
TOI-1444 b,1.0,GV,0.4702709,0.0116,1.41164082,3.5966666666666662,2130.02,5422.333333333333,0.9091666666666668,0.94265,4.462000000000001,0.641093991889967,9.01615201219457,0
TOI-1448 b,1.0,MV,8.112245,0.0567,2.749,19.5,426.0,3412.0,0.38,0.372,4.849,0.0175587313111313,2.5618572372717763,0
TOI-1450 A b,2.0,MV,2.0439274,0.0246791713395767,1.13,1.258,722.0,3437.0,0.483,0.48,4.76,0.0292080282518689,4.410931527179061,0
TOI-1450 A c,2.0,MV,5.0688,0.0452158153306077,1.2245069706761618,1.527,533.0,3437.0,0.483,0.48,4.76,0.0292080282518689,3.258745312336761,0
TOI-1451 b,1.0,GV,16.537944,0.127,2.61143902,15.2,723.33,5801.0,1.0162,1.0022,4.424,1.049203408965394,2.809637706686746,0
TOI-1452 b,2.0,MV,11.06201,0.061,1.672,4.82,326.0,3185.0,0.275,0.249,4.95,0.0069822112477145,2.0207367510144776,0
TOI-1453 b,2.0,KV,4.3135225,0.0463727917990375,1.173,2.32,944.2,4975.0,0.72,0.715,4.576,0.2849227865864903,3.9273208527219,0
TOI-1453 c,2.0,KV,6.5886982,0.0615046956940139,2.224,2.95,819.8,4975.0,0.72,0.715,4.576,0.2849227865864903,3.4101530262417734,0
TOI-1467 b,1.0,KV,5.97142671,0.0504159999999999,1.8096651666666668,9.0,532.48,3806.6666666666665,0.4815,0.4935,4.779999999999999,0.0436779080454361,3.1292075510683466,0
TOI-1468 b,1.0,MV,1.88051685,0.02107,1.3405,3.125,682.85,3436.0,0.3714,0.34585,4.923,0.0172498875940112,4.052160195842418,0
TOI-1468 c,1.0,MV,15.5324795,0.08608,2.095,4.1,337.8,3436.0,0.3714,0.34585,4.923,0.0172498875940112,2.004784725791969,0
TOI-1470 b,1.0,MV,2.527093,0.0285,2.18,7.32,734.0,3709.0,0.469,0.471,4.77,0.0373476146132941,4.0659591172260345,0
TOI-1470 c,1.0,MV,18.08816,0.106,2.47,7.24,373.0,3709.0,0.469,0.471,4.77,0.0373476146132941,2.108300466785258,0
TOI-1472 b,1.0,KV,6.36359787,0.0645,4.108822914999999,17.275,851.0699999999999,5116.5,0.83885,0.8927,4.526,0.4326636219402938,3.720899105792571,0
TOI-1472 c,1.0,KV,15.5381747,0.116,3.334,21.13,662.0,5100.0,0.84,0.87,4.5,0.4282813140282092,2.7390856690028054,0
TOI-1478 b,1.0,GV,10.180256033333333,0.08605,11.937574675,275.08116408,918.0,5597.0,1.048,0.947,4.374,0.967015962195022,3.317985900159912,0
TOI-150.01,1.0,FV,5.857416466666667,0.064335,14.7678575,797.7533,1448.75,6087.0,1.5426666666666666,1.283,4.144666666666667,2.9312121225887395,4.466472449930518,0
TOI-1516 b,1.0,FV,2.056014,0.0330566504724073,15.24421375,1004.33776612,1552.5534285588924,6520.0,1.14,1.14,4.25,2.1071232326971536,5.873513709292139,0
TOI-1518 b,1.0,FV,1.9026087,0.0389,21.01683881,731.0053361,2492.0,7300.0,1.95,1.79,4.1,9.688365470627994,6.784638286457239,0
TOI-157 b,1.0,GIV,2.084540506666667,0.03138,14.414774,375.0394,1588.0,5404.0,1.167,0.948,4.281,1.042060474738841,5.497341075199,0
TOI-1601 b,1.0,GIV,5.3317505,0.06882,14.043487215,350.82585,1556.485,5965.0,2.1905,1.51125,3.934,5.45027175408547,4.6869012873568,0
TOI-163 b,1.0,FV,4.2312102,0.058,16.690201,387.7526,1669.0,6495.0,1.648,1.4352,4.187,4.336315633919542,4.975276253319231,0
TOI-1630.01,1.0,GV,12.055734733,0.101151,2.417,5.348421621015865,639.3053476062627,5504.0,0.83,0.95,4.577389448097772,0.5672307100201577,3.0651497441353066,0
TOI-1634 b,2.0,MV,0.9893440333333334,0.015175,1.7706666666666668,7.54,922.0,3498.0,0.45,0.451,4.802333333333333,0.0272015779573211,5.452540562280614,0
TOI-1648 b,1.0,KV,7.331602,0.0694,2.54,7.4,799.0,4850.0,0.81,0.83,4.5,0.325706812311487,3.4588704410125763,0
TOI-1659.01,1.0,GV,5.877556328,0.065757,2.255,4.687901067081663,947.953875910545,5977.0,1.006,1.1,4.474018751279479,1.1588276117916236,4.090725432775752,0
TOI-1669 b,1.0,GV,501.0,1.27,12.20432142400067,186.557838605,204.0977217968861,5519.65,1.0561,0.99335,4.331,0.9288510908753452,0.884553838728412,0
TOI-1669 c,1.0,GV,2.6800535,0.0376,2.2963977,13.0,1285.16,5497.0,1.0561,0.9867,4.382,0.9136984392702197,5.123581225903722,0
TOI-1670 b,1.0,FV,10.98462,0.103,2.06,41.31769291,1062.0,6170.0,1.316,1.21,4.29,2.251864656664311,3.4280650689948144,0
TOI-1670 c,1.0,FV,40.749952500000006,0.249,10.967987615,191.96835783,684.0,6250.0,1.312,1.2145,4.29,2.3565550496122545,2.208889902971864,0
TOI-1680 b,1.0,MV,4.8026345,0.03144,1.466,1.6442738932709815,404.0,3225.0,0.2106,0.1798,5.046,0.0043045272308546,2.391820363108708,0
TOI-1683.01,1.0,KV,3.0575356,0.036507593,2.6382,6.316618681417449,929.25,4402.0,0.7,0.694661,4.59,0.1650768157136461,4.3628455877391845,0
TOI-1685 b,1.0,MV,0.669140035,0.0115256666666666,1.5196666666666667,3.28,1050.4,3474.8,0.4588333333333333,0.463,4.7895,0.0275371520977418,6.339170778126712,0
TOI-169 b,1.0,GV,2.2554463,0.03524,12.172974,251.40353,1715.0,5880.0,1.288,1.147,4.278,1.7792250330862749,5.706091651846814,0
TOI-1691 b,1.0,GV,16.7368944675,0.1276825,3.61252534,14.6,703.49,5700.5,1.0045,0.99405,4.409,0.955963987648582,2.790701655778005,0
TOI-1693 b,1.0,MV,1.7666957,0.0226,1.41,1.56309310172325,764.0,3499.0,0.46,0.49,4.8,0.0284564869063592,4.657134754145606,0
TOI-1694 b,1.0,KV,3.7701453333333337,0.045,5.413575533333334,28.700000000000003,1039.88,5086.466666666666,0.8109500000000001,0.8460000000000001,4.582000000000001,0.3949506358071176,4.33664536525899,0
TOI-1694 c,1.0,KV,391.15,0.1,15.6892141321501,315.35991367500003,581.8823975948457,5062.2,0.8036,0.8465,4.5440000000000005,0.3804756819154448,2.90996968844662,0
TOI-1695 b,1.0,MV,3.13427905,0.033548,1.965,5.93,644.0,3670.0,0.5225,0.5265,4.7225,0.0444351547049474,3.962240698592464,0
TOI-1696 b,1.0,MV,2.5003105,0.0232,3.165,52.7,511.0,3176.5,0.28225,0.2625,4.9595,0.0072770136548236,3.364307202948245,0
TOI-1710 b,2.0,GV,24.283396,0.1633333333333333,5.2310505266666665,23.03333333333333,666.495,5693.0,0.9627,0.9999333333333332,4.495333333333334,0.8734469423486968,2.4747030544520032,0
TOI-1716.01,1.0,GV,8.082376554,0.080496,3.143,8.809562153010443,935.6277817132176,5879.0,1.24,1.07,4.280362434921811,1.6479614986392472,3.646529428856336,0
TOI-172 b,1.0,GV,9.477093,0.0914,10.816685,1722.6386,1198.0,5645.0,1.777,1.128,3.993,2.8768716771709806,3.513633312252244,0
TOI-1723 b,1.0,GV,13.7267113215,0.113748,3.363530095,10.4,782.98,5760.0,1.08775,1.0389,4.38,1.1685248903615484,3.0226646881108765,0
TOI-1728 b,1.0,MV,3.491477,0.0391,5.05,26.78,767.0,3980.0,0.6243,0.646,4.657,0.0877422583184198,4.065396081965116,0
TOI-1736 b,1.0,GV,7.073085,0.0736666666666666,2.8905851166666667,12.333333333333334,1120.5966666666666,5704.333333333333,1.4043,1.04865,4.246,1.8733944279991552,3.77359037127773,0
TOI-1736 c,1.0,GV,570.8833333333333,1.3736666666666668,42.83141769499625,2572.6666666666665,261.5,5704.333333333333,1.4043,1.04865,4.246,1.8733944279991552,0.873875542347022,1
TOI-1739 b,1.0,KV,8.303341703000001,0.0740359999999999,1.8205,4.3138522579452765,755.55,4868.0,0.781,0.785,4.584,0.3073223857414118,3.256779374694149,0
TOI-1742 b,1.0,GV,21.269084,0.154,2.36507598,9.7,694.09,5815.0,1.131,1.0861,4.365,1.3122420068786789,2.6561312436850884,0
TOI-1743 b,1.0,MV,4.266046,0.03589,1.83,4.368986059210935,485.0,3277.0,0.338,0.339,4.909,0.0118203140698049,3.0738884557529143,0
TOI-1744.01,1.0,FV,22.341702927,0.164086,2.68,6.508128340564348,660.4056998357065,6179.0,1.14,1.18,4.395894332194252,1.6997002312456209,2.6821324687366426,0
TOI-1749 b,1.0,MV,2.38839,0.0291,1.39,57.0,831.0,3985.0,0.55,0.58,4.7,0.0684429203450514,4.465216144041509,0
TOI-1749 c,1.0,MV,4.4929,0.0443,2.12,14.0,673.0,3985.0,0.55,0.58,4.7,0.0684429203450514,3.618987788278048,0
TOI-1749 d,1.0,MV,9.0497,0.0707,2.52,15.0,533.0,3985.0,0.55,0.58,4.7,0.0684429203450514,2.8647008298237084,0
TOI-1751 b,1.0,GV,37.468505,0.2133,2.8603922500000003,17.0,651.64,5983.0,1.3137,0.9191,4.205500000000001,1.9840758052856384,2.0761605726337957,0
TOI-1753 b,1.0,GV,5.3846104,0.059,2.47852533,16.6,1005.43,5621.0,0.9715,0.9483,4.438,0.8453368496461754,4.009792077542314,0
TOI-1758 b,1.0,KV,20.7051008425,0.1397045,3.5886842000000003,6.9,551.44,5160.0,0.8127500000000001,0.85265,4.53,0.4201483020971904,2.470900086035098,0
TOI-1759 b,1.0,MV,18.850115,0.1167666666666666,3.106765326666667,10.866666666666667,421.32,3989.0,0.6125,0.608,4.607,0.0852232675082911,2.2822716329742336,0
TOI-1768.01,1.0,GV,7.337703649,0.076381,3.453,10.53351938577156,922.3513065828143,5994.0,1.1,1.1,4.396429342402846,1.401335663281429,3.795584431235594,0
TOI-1772.01,1.0,GV,8.054246874,0.078375,2.905,7.585385546070862,806.6150992279031,5583.0,0.995,0.99,4.43781106066717,0.8629915093199059,3.5547069585963245,0
TOI-1775 b,1.0,GV,10.2405549,0.08,8.04728896,96.0,707.89,5284.0,0.8288,0.9218,4.565,0.4804415623002878,3.395066945954937,0
TOI-1776 b,1.0,GV,2.799868,0.0378,1.21612741,1.4,1269.21,5785.0,0.9356,0.9196,4.457,0.8795969796027681,4.933198211307249,0
TOI-1777.01,1.0,GV,14.650111974,0.119466,2.246,4.652415871774026,680.4407750589417,5859.0,0.98,1.06,4.480675741440852,1.015397274576881,2.979241817589104,0
TOI-178 b,1.0,KV,1.91455905,0.02607,1.176,0.96,1040.0,4316.0,0.6565000000000001,0.6485000000000001,4.45,0.1341791557120669,4.988379187622129,0
TOI-178 c,1.0,KV,3.238468,0.037,1.7115,4.705,873.0,4316.0,0.6565000000000001,0.6485000000000001,4.45,0.1341791557120669,4.187252129949635,0
TOI-178 d,1.0,KV,6.5576345,0.0592,2.6335,5.2,690.0,4316.0,0.6565000000000001,0.6485000000000001,4.45,0.1341791557120669,3.3103134670080485,0
TOI-178 e,1.0,KV,9.9625305,0.0783,2.254,3.67,600.0,4316.0,0.6565000000000001,0.6485000000000001,4.45,0.1341791557120669,2.8783863942987,0
TOI-178 f,1.0,KV,15.2326325,0.1039,2.352,5.63,521.0,4316.0,0.6565000000000001,0.6485000000000001,4.45,0.1341791557120669,2.498746509219751,0
TOI-178 g,1.0,KV,20.713065,0.1275,2.9045,4.17,470.0,4316.0,0.6565000000000001,0.6485000000000001,4.45,0.1341791557120669,2.2556664591278923,0
TOI-1782.01,1.0,KV,4.987641028,0.05024,2.368,5.144287431118679,641.5839236305072,4336.0,0.669,0.68,4.619478704731661,0.1419381628186946,3.679634015775936,0
TOI-1782.02,1.0,KV,1.829024227,0.025739,1.839,4.421599671834223,896.3599703758044,4336.0,0.669,0.68,4.619478704731661,0.1419381628186946,5.140834294461252,0
TOI-1789 b,1.0,FV,3.20869115,0.04882,16.14093221,222.4798849,1927.0,5991.0,2.168,1.507,3.943,5.432574416183977,5.556901806056277,0
TOI-1794 b,1.0,GV,8.765528,0.082,3.29701268,8.7,992.91,5631.0,1.3162,0.9698,4.184,1.562700432174741,3.4396095625970373,0
TOI-1798.01,1.0,KV,8.0215311655,0.074492,2.416532845,6.5,734.31,5135.5,0.78555,0.86215,4.572,0.3850955056407831,3.402605369027253,0
TOI-1798.02,1.0,KV,0.4378124406666666,0.01074289,1.423870123333333,5.6,2028.96,5145.400000000001,0.7837,0.8622713333333333,4.581,0.3862478831004248,8.960585611549504,0
TOI-1799 b,1.0,GV,7.0901544325,0.071751,1.53219442,4.0,922.72,5694.0,0.9553,0.9753,4.45,0.8606751357359137,3.6874837654698505,0
TOI-1801 b,2.0,MV,10.6439275,0.075,2.01980941,5.738,462.365,3805.5,0.547,0.5305500000000001,4.75,0.0563003905792968,2.660158486439331,0
TOI-1803 b,1.0,KV,6.293287,0.06,2.99,10.32,747.0,4687.0,0.715,0.756,4.62,0.2213511321669367,3.5502607943064413,0
TOI-1803 c,1.0,KV,12.885779,0.097,4.29,8.0,588.0,4687.0,0.715,0.756,4.62,0.2213511321669367,2.792222450106732,0
TOI-1806.01,1.0,MV,15.1454693,0.087735044,3.4095367,10.283032350176509,337.47,3272.0,0.401575,0.392935,4.82521,0.0165835065265058,2.116648738821824,0
TOI-1807 b,1.0,KV,0.5493723233333333,0.0107733333333333,1.37493861,2.505,1897.05,4800.333333333333,0.718,0.7716,4.5986666666666665,0.2455977145684607,8.46439739330505,0
TOI-181 b,1.0,KV,4.532,0.0539,6.9559,46.1687,895.1,4994.0,0.745,0.822,4.608,0.309739467601723,3.9058585393946217,0
TOI-1811 b,1.0,KV,3.7130765,0.04389,11.14172682,308.9292116,962.2,4766.0,0.769,0.817,4.579,0.2737528704010917,4.315222780742435,0
TOI-1820 b,1.0,GV,4.860674,0.061,12.778238,731.0053361,1375.0,5734.0,1.51,1.04,4.24,2.2114366303664976,4.129778282785426,0
TOI-1823 b,1.0,KV,38.8,0.212,7.5406241,67.4,423.63,4927.0,0.8049,0.8414,4.548,0.3425342111517392,1.992545775334554,0
TOI-1824 b,1.0,KV,22.808533,0.151,2.7438269,16.0,528.67,5165.0,0.8123,0.8801,4.562,0.4213122238837822,2.414640723445296,0
TOI-1836 b,1.0,FV,20.380828,0.15835,8.282476959999999,38.45723725,927.755,6271.666666666667,1.6035,1.2794,4.145666666666666,3.569107675238885,2.842949356221568,0
TOI-1836 c,1.0,FV,1.7727471,0.03089,2.59987579,8.0,2007.6,6237.0,1.6454,1.2518,4.098,3.6756640620781424,6.366980260677729,0
TOI-1842 b,1.0,FIV,9.573939366666666,0.10005,11.962453923333332,89.4,1199.55,6100.666666666667,2.031,1.4581,4.022,5.1264754502377485,3.818212476993303,0
TOI-1846 b,1.0,MV,3.9306737,0.03646,1.792,4.150923532799553,568.1,3568.0,0.397,0.418,4.862,0.0229176586408313,3.386528951175206,0
TOI-1853 b,1.0,KV,1.2436258,0.0213,3.46,73.2,1479.0,4985.0,0.808,0.837,4.49,0.3617205829725872,6.269716610163309,0
TOI-1855 b,1.0,GV,1.36414864,0.02398,18.49481816,360.09958513,1701.0,5359.0,1.041,0.987,4.397,0.8019113071179017,6.416659158186786,0
TOI-1859 b,1.0,FV,63.48347,0.337,9.75181321,399.2956084457995,516.5212734091033,6341.0,1.36,1.287,4.285,2.682864132960718,1.95456135147921,0
TOI-1860 b,1.0,GV,1.0662107,0.0204,1.31,1.4205374392835255,1885.0,5752.0,0.94,0.99,4.58,0.8678028391689996,6.96750834540128,0
TOI-1883 b,1.0,MV,4.50638,0.0468,5.65,91.80079639019704,524.92,3477.0,0.494,0.492,4.5,0.0320009234219858,3.242907856180712,0
TOI-1898 b,1.0,FV,45.52234,0.269,9.39553231,129.0,674.54,6241.0,1.6131,1.2484,4.116,3.541841829408288,2.15464499048847,0
TOI-1899 b,1.0,MV,29.055156,0.1556,11.993620445,211.356416345,370.0,3883.5,0.607,0.6295,4.6705,0.0751900666996507,2.011722414713394,0
TOI-1937 A b,2.0,GV,0.94667944,0.01932,13.97759893,638.83509807,2097.0,5814.0,1.08,1.072,4.401,1.1957419634684423,7.450215166757903,0
TOI-198 b,1.0,MV,10.2152,0.1,1.44,1.6064648952909517,368.0,3650.0,0.441,0.467,4.75,0.0309698061323669,2.161391425632346,0
TOI-199 b,1.0,GV,104.854,0.4254,9.07927437,54.03082919,295.8399768852689,5255.0,0.82,0.936,4.582,0.460053602870644,1.483590916267933,0
TOI-199 c,1.0,GV,273.69,0.807,8.564533344342216,88.99195396,214.79236273267747,5255.0,0.82,0.936,4.582,0.460053602870644,1.0771498888992606,0
TOI-1994 b,1.0,AV,4.0337142,0.0613,13.67495645,7024.0077947,2290.0,7700.0,2.3,1.86,3.982,16.684316611900087,5.509360853450946,0
TOI-2000 b,1.0,GV,3.09833,0.04271,2.7,11.0,1488.0,5611.0,1.134,1.082,4.363,1.1436076027286948,5.034123070514551,0
TOI-2000 c,1.0,GV,9.127055,0.0878,8.14,81.7,1038.0,5611.0,1.134,1.082,4.363,1.1436076027286948,3.511085104833197,0
TOI-2005 b,1.0,FIV,17.305904,0.16,11.99360935,2034.1018048,1027.2618963169402,7130.0,2.02,1.59,3.946,9.461297710494634,3.1529243806870677,0
TOI-201 b,1.0,FV,52.978107666666666,0.3013,11.56207332,158.91453803,759.0,6394.0,1.3243333333333334,1.316,4.318,2.630116576053958,2.090274693986688,0
TOI-2010 b,1.0,FV,141.834025,0.5516,11.81426566,408.7273314,400.2,5929.0,1.079,1.112,4.417,1.2907987635188432,1.4200879714802923,0
TOI-2015 b,1.0,MV,3.3486025,0.029711,3.3495,9.2,521.45,3245.5,0.33015,0.32305,4.995,0.0108502290687239,3.2980043337578504,0
TOI-2015 c,1.0,MV,5.582796,0.041232,2.847652163203247,8.91,448.0,3297.0,0.3273,0.3041,5.04,0.0113568437095033,2.7162265718835714,0
TOI-2018 b,1.0,KV,7.435583,0.0618170324416751,2.268,9.2,536.006639399802,4174.0,0.62,0.57,4.62,0.1046846506042175,3.037094710850464,0
TOI-2019 b,1.0,GV,15.3444,0.128,5.33275337,34.4,917.46,5626.0,1.7457,1.1832,4.025,2.739226756160733,3.040878581493068,0
TOI-2025 b,1.0,GV,8.8720881,0.0906,12.20657998,1271.313628,1166.5,5928.5,1.459,1.2595,4.1785,2.3592813278624667,3.72915101700634,0
TOI-2031 A b,2.0,FV,5.71548654,0.066,14.20177855,254.2627256,1358.0,6490.0,1.241,1.174,4.32,2.4513888147968,4.218296131370576,0
TOI-2046 b,1.0,FV,1.4971842,0.0266777678061272,16.14093221,731.0053361,1706.7657313949703,6250.0,1.21,1.13,4.3,2.0043827661044515,6.509377547290421,0
TOI-2048 b,1.0,GV,13.79019,0.1057659921366447,2.61,6.188949855554396,574.5994932676302,5185.0,0.79,0.83,4.561645937356262,0.4047054710176241,2.8018250017637345,0
TOI-206 b,1.0,MV,0.7363104,0.0112,1.3,1.4064566732378865,910.0,3383.0,0.35,0.35,4.89,0.0143957378625434,5.59113520902231,0
TOI-2068 b,1.0,KV,7.768915,0.0632,1.821,4.316743738595559,520.62,3710.0,0.535,0.559,4.729,0.0486511435063451,2.974557364828372,0
TOI-2076 b,1.0,KV,10.355314,0.0731,2.544656385,16.1,773.17,5193.4,0.7671,0.8596750000000001,4.5668,0.3840616203681202,3.4299156843047265,0
TOI-2076 c,1.0,KV,21.0153535,0.142,3.52380529,55.0,543.16,5193.0,0.7760666666666666,0.85285,4.540333333333334,0.3929716322061752,2.451134477049248,0
TOI-2076 d,1.0,KV,35.125528,0.199,3.2742925033333337,29.0,457.68,5193.0,0.7760666666666666,0.85285,4.540333333333333,0.3929716322061752,2.07054547214315,0
TOI-2076 e,1.0,KV,3.0223445,0.0385,1.355,1.4842979367985794,1138.0,5192.0,0.796,0.8557,4.568317424075026,0.4130995487855302,4.7152571818556765,0
TOI-2081 b,1.0,MV,10.50534,0.0752,2.04,3.8752285237083406,488.0,3800.0,0.534,0.54,4.5,0.0533466006432999,2.680173714583348,0
TOI-2084 b,2.0,MV,6.0784247,0.05006,2.47,5.573451306595605,527.0,3551.0,0.475,0.453,4.75,0.0321869450385575,3.00869845038391,0
TOI-2088 b,1.0,KV,124.72997,0.472,3.6831179,37.0,300.33,5081.0,0.8481,0.9027,4.533,0.4301112043514458,1.3831704620345315,1
TOI-2093 b,1.0,KV,12.836,0.097,3.0944036810048288,10.6,535.0,4426.0,0.729,0.745,4.87,0.1829744898457617,2.771834227175925,0
TOI-2093 c,1.0,KV,53.81149,0.257,2.3,15.8,329.0,4426.0,0.729,0.745,4.87,0.1829744898457617,1.702889857024768,1
TOI-2095 b,1.0,MV,17.664856,0.101,1.275,4.1,347.0,3710.5,0.4465,0.4525,5.11,0.0339049040846264,2.1170133117206325,0
TOI-2095 c,1.0,MV,28.17226,0.1375,1.36,7.4,297.0,3710.5,0.4465,0.4525,5.11,0.0339049040846264,1.814399538163799,0
TOI-2096 b,1.0,MV,3.1190633,0.025,1.243,1.3268213990635287,445.0,3300.0,0.235,0.231,5.05,0.00587599386962,3.040261707852176,0
TOI-2096 c,1.0,MV,6.38784,0.04,1.914,4.874592518438911,349.0,3300.0,0.235,0.231,5.05,0.00587599386962,2.403537919951575,0
TOI-2107 b,1.0,GV,2.4545467,0.03515,13.57407563,263.79757781,1397.0,5627.0,0.932,0.961,4.484,0.781320708642457,5.229666725078561,0
TOI-2109 b,1.0,FV,0.67247414,0.01791,15.098497,1595.49860314,3646.0,6540.0,1.698,1.453,4.139,4.73234300370188,9.008655890472534,0
TOI-2120 b,1.0,MV,5.7998164,0.0377,2.122,6.8,384.0,3131.0,0.245,0.211,4.985,0.0051755235509932,2.3661677812566047,0
TOI-2128 b,1.0,GV,16.34136,0.127,2.08874836,4.5,780.53,5968.0,1.1174,1.0251,4.349,1.421092809109812,2.8415561369602123,0
TOI-2134 b,1.0,KV,9.2292005,0.078,2.69,9.13,666.0,4580.0,0.709,0.744,4.8,0.1984468603833535,3.0889732714018745,0
TOI-2134 c,1.0,KV,95.5,0.371,7.27,41.89,306.0,4580.0,0.709,0.744,4.8,0.1984468603833535,1.4163627517935922,1
TOI-2136 b,1.0,MV,7.851921,0.0547666666666666,2.16,6.37,392.0,3360.333333333333,0.3396666666666667,0.3357333333333334,4.903666666666667,0.0131985173797185,2.4763615991981696,0
TOI-2141 b,1.0,GV,18.261589,0.1326,3.0985,22.05,725.0,5647.0,0.95,0.918,4.41,0.8233949735353407,2.631628387748348,0
TOI-2141 c,1.0,GV,5.4624,0.0585,2.3829451894586797,6.14,1095.0,5635.0,0.95,0.896,4.4,0.8164183210886952,3.914272491949082,0
TOI-2141 d,1.0,GV,60.45,0.2906,3.6419429866319577,14.9,491.4,5635.0,0.95,0.896,4.4,0.8164183210886952,1.756229160135692,0
TOI-2145 b,1.0,FIV,10.2609385,0.1109,12.20069868,1719.38871041,1423.715,6188.5,2.74975,1.71845,3.7915,9.949880218195858,3.937111017950399,0
TOI-2152 A b,3.0,FV,3.3773512,0.05064,14.35870428,899.45439181,1802.0,6630.0,1.612,1.516,4.205,4.504784691929578,5.47239876386493,0
TOI-2154 b,1.0,FV,3.8240801,0.0513,16.28664896,292.40213444,1580.0,6280.0,1.396,1.233,4.239,2.719563861527508,4.9034058372225084,0
TOI-2158 b,1.0,GV,8.60077,0.075,10.76062147,260.61929374,1188.0,5673.0,1.41,1.12,4.19,1.8474777195457348,3.8650343999372825,0
TOI-216.01,1.0,KV,34.52960933333333,0.2069,10.695,188.99195396,497.0,5026.0,0.8079999999999999,0.8393333333333334,4.66,0.3737683372469629,2.0144754271545997,0
TOI-216.02,1.0,KV,17.15091,0.1293,7.845000000000001,18.75187601,628.0,5026.0,0.8079999999999999,0.8393333333333334,4.66,0.3737683372469629,2.5482554227022423,0
TOI-2169 A b,2.0,FV,8.2148282,0.0896,12.50922246,329.58805806,1364.0,6270.0,1.82,1.42,4.069,4.593067091529069,3.981668976801594,0
TOI-2180 b,1.0,GV,260.37274666666667,0.828,11.32107051,875.61726129,348.0,5695.0,1.636,1.111,4.057,2.525988460887587,1.158555504754265,0
TOI-2184 b,1.0,GIV,6.90683,0.0817879843111849,11.39953337,206.58846455,1440.5006267726471,5966.0,2.9,1.53,3.7,9.559140433230496,4.325894731439412,0
TOI-2193 A b,2.0,GV,2.1225735,0.03319,19.83989584,298.75870258,1763.0,5966.0,1.248,1.082,4.278,1.770320982320836,5.71064269760697,0
TOI-2194 b,1.0,KV,15.337597,0.1092752910151405,1.9892,5.355196601053947,590.88,4756.0,0.6909,0.74,4.698,0.2191228253932392,2.602734435019395,0
TOI-2196 b,1.0,GV,1.1947268,0.02234,3.51,26.0,1860.0,5634.0,1.043,1.032,4.42,0.9833901126335004,6.797876154630718,0
TOI-220 b,1.0,KV,10.695264,0.08911,3.03,13.8,805.0,5298.0,0.858,0.825,4.37,0.5203699886578012,3.0432577482542835,0
TOI-2202 b,1.0,KV,11.91135375,0.09564,11.136122325,299.07653099000004,607.738675276524,5156.5,0.808,0.832,4.549,0.4141261547310981,2.9499650006968103,0
TOI-2202 c,1.0,KV,24.6744,0.15544,9.77365432430818,117.27868218,471.4175792832698,5144.0,0.794,0.823,4.55,0.3960360264804826,2.3014074137233864,0
TOI-2207 b,1.0,FV,8.001968,0.0854,11.1529358,203.41018048,1259.0,6101.0,1.564,1.296,4.161,3.040657104172805,3.896265557580701,0
TOI-2211.01,1.0,GV,3.092686757,0.04011,1.561,2.964169835863105,971.270171138814,5253.0,0.834,0.9,4.549732435724919,0.4751727800871723,4.737725644718879,0
TOI-2236 b,1.0,FV,3.5315902,0.05009,14.36991326,502.16888306,1688.0,6248.0,1.573,1.343,4.172,3.3830730746957127,5.178899394398185,0
TOI-2257 b,1.0,MV,35.189346,0.145,2.194,4.449893162757192,256.0,3430.0,0.313,0.328,4.971,0.0121662015039012,1.5042773096940918,0
TOI-2260 b,1.0,GV,0.3524728,0.0097,1.62,3.245014453262256,2609.0,5534.0,0.94,0.99,4.62,0.7435363007334977,10.10431121563844,0
TOI-2266 b,1.0,MV,2.326318,0.02,1.54,2.8678112153554105,550.0,3200.0,0.24,0.23,5.039127380155452,0.0054189138503137,3.3917505504693843,0
TOI-2274 b,1.0,MV,2.67963,0.05,2.45,5.488018419043231,771.46,3943.0,0.631,0.612,4.5,0.0863486747892401,3.49917524183726,0
TOI-2285 b,1.0,MV,13.635109,0.1363,1.755,19.5,321.0,3491.0,0.464,0.454,4.761841919308413,0.0286896471092177,1.8253871228779903,0
TOI-2295 b,1.0,GV,30.033302,0.1992,16.47720163,278.09985612,747.0,5730.0,1.459,1.168,4.176,2.058822574897171,2.421875078842921,0
TOI-2295 c,1.0,GV,966.5,2.018,35.93989706413936,1783.01736327,234.9,5730.0,1.459,1.168,4.176,2.058822574897171,0.7609144374780712,0
TOI-2322 b,1.0,KV,11.30717,0.0924,0.994,2.31,603.1,4664.0,0.662,0.703,4.57,0.1860544217383954,2.758777408284123,0
TOI-2322 c,1.0,KV,20.225528,0.1362,1.874,18.1,496.8,4664.0,0.662,0.703,4.57,0.1860544217383954,2.2722917553089923,0
TOI-2328 b,1.0,GV,17.10197,0.127,9.97599282,50.85254512,842.0,5525.0,0.9,0.95,4.505,0.6771798054160293,2.735488706625051,0
TOI-2337 b,1.0,KIV,2.99432,0.0446557393015394,10.08808263,508.5254512,1645.8609707896833,4780.0,3.22,1.325,3.5,4.856385791467903,5.448090099404753,0
TOI-2338 b,1.0,GV,22.65398,0.158,11.2089807,1900.61387386,799.0,5581.0,1.05,0.99,4.4,0.9596581107255744,2.503594782447103,0
TOI-2345 b,1.0,KV,1.0528573,0.01705,1.504,3.49,1478.0,4687.0,0.729,0.727,4.57,0.2301042926889902,6.531004721762602,0
TOI-2345 c,1.0,KV,21.064302,0.1257,2.451,7.27,544.0,4687.0,0.729,0.727,4.57,0.2301042926889902,2.4053293497959785,0
TOI-2346 b,1.0,FV,3.3312029,0.0473,16.11851425,394.10722468,1689.0,6480.0,1.38,1.271,4.265,3.012645606084808,5.184623080582735,0
TOI-2364 b,1.0,GV,4.0197517,0.04871,8.60849718,71.51139158,1091.0,5306.0,0.886,0.954,4.524,0.5582468437715974,4.426292467267003,0
TOI-2368 b,1.0,GV,5.1750073,0.05649,10.83908434,206.58846455,1000.0,5360.0,0.846,0.897,4.538,0.530016920964676,3.985523902989183,0
TOI-237 b,1.0,MV,5.4361225,0.0341,1.44,1.6064648952909517,388.0,3212.0,0.211,0.179,5.04,0.0042516441380214,2.2915234715051924,0
TOI-2373 b,1.0,GV,13.33668,0.112,10.42435205,2955.8041851,860.0,5651.0,1.102,1.041,4.371,1.1111028669397742,3.049238098538119,0
TOI-2374 b,1.0,KV,4.31361,0.0471,6.81,56.64,885.0,4802.0,0.69,0.75,4.14,0.2271311262126378,3.99112345823687,0
TOI-2379 b,1.0,KV,5.4693827,0.05263,11.72459381,1830.69162432,624.0,3707.0,0.622,0.645,4.653,0.065548229176558,3.501371208783977,0
TOI-238 b,1.0,KV,1.2731040333333332,0.0211933333333333,1.5243333333333335,3.385,1381.87,5066.0,0.753,0.7863333333333333,4.580333333333333,0.3350738565232803,6.092263691376812,0
TOI-238 c,1.0,KV,8.465651,0.0749,2.18,6.7,696.0,5059.0,0.733,0.79,4.577,0.3157595663038104,3.248236340109309,0
TOI-2382 b,1.0,FV,4.6612061,0.059,12.25141591,235.19302118,1426.0,6033.0,1.417,1.26,4.235,2.386507764756709,4.622045865086703,0
TOI-2384 b,1.0,KV,2.13570304,0.02793,11.48920522,624.85064816,889.7,3943.0,0.6113,0.635,4.66,0.0810411788611953,4.76898963767506,0
TOI-2406 b,1.0,MV,3.07668935,0.022735,2.9,15.6,448.0,3100.0,0.204,0.164,5.039,0.0034482358295182,2.6862685574695635,0
TOI-2407 b,1.0,MV,2.702969,0.033,4.26,43.929782562257664,705.0,3530.0,0.567,0.548,4.669436468259628,0.0447872904597951,4.075757095472726,0
TOI-2411 b,1.0,KV,0.7826942,0.0144,1.68,3.5461299571857388,1355.0,4099.0,0.68,0.65,4.59,0.1171168407373795,6.71970822806067,0
TOI-2416 b,1.0,GV,8.275479,0.0831,9.86390302,953.485221,1080.0,5808.0,1.236,1.118,4.303,1.5596718085356012,3.6685578664587832,0
TOI-2421 b,1.0,GV,4.3474032,0.0543,10.36830715,105.83685953,1534.0,5607.0,1.75,1.131,4.005,2.715739891804738,4.564638318132406,0
TOI-2427 b,1.0,KV,1.3060011,0.0202,1.8,4.196284380222969,1117.0,4072.0,0.65,0.64,4.62,0.104219177304415,5.629752290048782,0
TOI-244 b,1.0,MV,7.3972425,0.0559,1.52,2.68,422.5,3441.5,0.426,0.426,4.705,0.0228402126874756,2.761047509215642,0
TOI-2443 b,1.0,KV,15.669037,0.105,2.56805,4.8,559.915,4366.0,0.68155,0.651,4.5645,0.1514328931610605,2.4904098691646883,0
TOI-2445 b,1.0,MV,0.3711281,0.0064,1.25,1.336543249988985,1060.0,3333.0,0.27,0.25,4.97,0.0080715814380151,6.251079199383191,0
TOI-2447 b,1.0,GV,69.33684,0.347,9.60609646,124.90656395,414.0,5730.0,1.006,1.034,4.3,0.9788233010998983,1.72651563647731,0
TOI-2449 b,1.0,GV,106.14468,0.45,11.24,222.0,400.0,6021.0,1.065,1.079,4.4,1.3374069457221576,1.5487433315319048,0
TOI-2458 b,1.0,FV,3.73659,0.0482,2.83,13.31,1509.4,6005.0,1.31,1.05,4.2,2.0020941111963277,4.668164099975174,0
TOI-2458 c,1.0,FV,16.553,0.129,3.04082102365086,10.22,775.9428944739793,6005.0,1.31,1.05,4.2,2.0020941111963277,2.8534796414788453,0
TOI-2459 b,1.0,KV,19.104718,0.1217722273429785,2.9531,7.825795444474962,445.01,4195.0,0.6751,0.66,4.599,0.1266350501242835,2.3284816880323222,0
TOI-2497 b,1.0,FIV,10.655669,0.1166,11.14172682,1531.93292174,1595.0,7360.0,2.36,1.859,3.962,14.663076935013542,3.993607724208314,0
TOI-2498 b,1.0,GV,3.738252,0.0491,6.06,34.62,1443.0,5905.0,1.26,1.12,4.297,1.73185109286511,4.776868096104847,0
TOI-251 b,1.0,GV,4.9377477,0.05741,2.74,317.83,933.2070430666554,5875.0,0.881,1.036,4.56,0.8296084187568339,4.248749125976923,0
TOI-2524 b,1.0,GV,7.18585,0.073,11.2089807,203.41018048,1100.0,5831.0,1.119,1.007,4.344,1.2987399165599602,3.7147388618068793,0
TOI-2525 b,1.0,KV,23.2856,0.1511,8.67575106,26.69758619,470.98597144404926,5096.0,0.785,0.849,4.58,0.3728608976311944,2.370809162164002,0
TOI-2525 c,1.0,KV,49.2519,0.249,10.13291855,208.8132634,366.8939329913039,5096.0,0.785,0.849,4.58,0.3728608976311944,1.8468395039691765,0
TOI-2529 b,1.0,GV,64.5949,0.327,11.54525012,743.71847238,636.0,5802.0,1.7,1.11,4.03,2.9383166129810467,1.84273377947189,0
TOI-2537 b,1.0,KV,94.1022,0.3715,11.25381662,415.40172795,338.0,4870.0,0.771,0.771,4.551,0.2999953001438569,1.440863247924106,0
TOI-2537 c,1.0,KV,1920.0,2.78,40.57815984151292,2297.89938261,123.1,4870.0,0.771,0.771,4.551,0.2999953001438569,0.5267199585829776,0
TOI-2545 b,1.0,GV,7.994037,0.0796528719930009,2.75,6.83489926660252,940.313593939246,5846.29,1.25324,1.055,4.26525,1.646189257144492,3.639992543890868,0
TOI-2567 b,1.0,GV,5.983944,0.0672,10.92875618,63.88350981,1352.0,5611.0,1.686,1.13,4.044,2.527935945775887,4.101375843827283,0
TOI-257 b,1.0,FV,18.387933,0.1528,7.16253867,43.86032017,1027.0,6095.0,1.867,1.407,4.044,4.315919400661274,3.035011601840061,0
TOI-2570 b,1.0,GV,2.9887615,0.04145,13.64132951,260.61929374,1431.0,5771.0,1.095,1.063,4.385,1.1932251142816357,5.06499882327355,0
TOI-2580 b,1.0,FV,3.39775,0.048,17.37392009,200.23189641,2410.0,6120.0,1.81,1.33,4.15,4.123373621547867,5.264779488323431,0
TOI-2583 A b,2.0,GV,4.5207265,0.0571,14.4595851,79.45710175,1456.0,5936.0,1.477,1.215,4.184,2.430112669635263,4.613654501851429,0
TOI-2587 A b,2.0,GV,5.45664,0.0635,12.07207221,69.28659273,1445.0,5760.0,1.726,1.15,4.024,2.942126667001186,4.25634714494512,0
TOI-2589 b,1.0,GV,61.6277,0.3,12.10569916,1112.3994245,592.0,5579.0,1.07,0.93,4.35,0.9951369473418666,1.7609857064202536,0
TOI-260 b,1.0,KV,13.475834,0.09265,1.59145798,3.765,465.795,4038.0,0.607,0.5822499999999999,4.575,0.0878885886690284,2.507304157249066,0
TOI-261.01,1.0,GV,3.3639254,0.034792189,3.0449863,8.294919042072936,1722.49,5890.3,1.28018,0.496728,3.92,1.7700338992541194,3.7791438886780746,0
TOI-262 b,1.0,KV,11.14529,0.163,2.07,3.984223166442407,584.0,5310.0,0.853,0.913,4.54,0.5189983732876399,2.3670998098724727,0
TOI-2641 b,1.0,FV,4.880974,0.0607,18.10250383,122.6817651,1387.0,6100.0,1.336,1.16,4.2,2.2172879984372105,4.372296780114052,0
TOI-2669 b,1.0,KIV,6.2034,0.0700178376735501,19.72780603,193.87532827,1489.3774516484325,4800.0,4.1,1.19,3.29,8.006127699355192,4.123292246847646,0
TOI-269 b,1.0,MV,3.69771295,0.0345,2.77,8.8,531.0,3514.0,0.398,0.3917,4.831,0.021670205149169,3.3700956114517178,0
TOI-270 b,1.0,MV,3.36007745,0.0320633333333333,1.25975,1.5133333333333334,569.5,3458.0,0.3795999999999999,0.393,4.872,0.0184859686942636,3.5016031489451565,0
TOI-270 c,1.0,MV,5.660457425,0.04623,2.3683333333333336,6.175000000000001,467.0,3446.0,0.3794999999999999,0.393,4.872,0.018221096277618,2.916146327919673,0
TOI-270 d,1.0,MV,11.3802722,0.0727,2.11325,4.49,370.0,3446.0,0.3796,0.393,4.872,0.0182307002285793,2.3254341915557637,0
TOI-2714 b,1.0,GV,2.499387,0.036,13.72,228.0,1603.0,5665.0,1.25,1.07,4.25,1.4438082955921472,5.45275045217111,0
TOI-2719 b,1.0,GV,3.37594,0.0443339459126288,5.98,106.46088943843638,1710.0,5762.0,1.69,1.02,4.22,2.8245955786297112,4.797410444543459,0
TOI-2768 b,1.0,MV,1.50801,0.027,2.63,6.279367807142926,855.0,4008.0,0.657,0.63,4.5,0.0999381810111228,4.831292999921602,0
TOI-277 b,1.0,KV,3.994,0.0269,2.65,6.370406714630335,599.6072833535662,4031.0,0.362,0.16,4.58,0.031042606777831,2.4392641630640712,0
TOI-2796 b,1.0,GV,4.8084983,0.0569,17.26183028,139.84449908,1205.0,5764.0,1.069,1.063,4.4,1.1317256236405289,4.323002463741389,0
TOI-2803 A b,2.0,FV,1.96229325,0.03185,18.11371281,309.88269682,1893.0,6280.0,1.245,1.118,4.298,2.163052835395531,5.925720558309319,0
TOI-2818 b,1.0,GV,4.039709,0.0493,15.27784069,225.65816897,1376.0,5721.0,1.229,0.977,4.25,1.4517151422563972,4.4524474889077,0
TOI-283 b,1.0,KV,17.61745,0.123,2.34,6.54,661.0,5213.0,0.85,0.8,4.5,0.478716725378852,2.550747218586457,0
TOI-2842 b,1.0,GV,3.5514058,0.0475,12.84549188,117.59651059,1471.0,5910.0,1.265,1.135,4.288,1.751543084276173,4.8890683625640285,0
TOI-286 b,1.0,KV,4.5117244,0.0503,1.42,4.53,979.0,5152.0,0.78,0.832,4.59,0.3845762610140161,4.067735021822388,0
TOI-286 c,1.0,KV,39.361826,0.213,1.88,3.72,475.0,5152.0,0.78,0.832,4.59,0.3845762610140161,1.9767276877228392,0
TOI-2876 b,1.0,GV,6.2996431,0.0654,9.6397234,54.03082919,929.0,5271.0,0.873,0.939,4.529,0.527825541886022,3.789822815098271,0
TOI-2886 b,1.0,FV,1.60200105,0.02871,18.6405349,444.9597698,1978.0,6240.0,1.241,1.229,4.34,2.094940880814086,6.543864968644834,0
TOI-2969 b,1.0,KV,1.8237146,0.0261,12.32987877,368.68095212,1186.0,4738.0,0.7,0.71,4.56,0.2215471438466283,5.216556369400342,0
TOI-2977 b,1.0,GV,2.3505614,0.03386,13.15934334,533.95172376,1544.0,5691.0,1.073,0.936,4.35,1.0835367265165363,5.258591456120318,0
TOI-2981 b,1.0,GV,3.601501,0.048,13.4,638.0,1358.0,5940.0,1.08,1.03,4.28,1.3028161719839224,4.633113907034592,0
TOI-2986 b,1.0,GV,3.2783662,0.04489,9.292245,96.61983573,1622.0,5906.0,1.458,1.122,4.165,2.320484481904426,5.000306315410199,0
TOI-2989 b,1.0,KV,3.122832,0.0384,12.55405838,953.485221,1001.0,4672.0,0.76,0.77,4.58,0.2469041393514708,4.478728479591807,0
TOI-2992 b,1.0,FV,3.007812,0.0434,13.75341932,1058.36859531,1726.0,6000.0,1.545,1.21,4.139,2.7755676627613832,5.281080704925476,0
TOI-3023 b,1.0,GV,3.9014971,0.0505,16.43236571,197.05361234,1596.0,5760.0,1.668,1.12,4.048,2.747716212668192,4.710188700372487,0
TOI-3071 b,1.0,FV,1.266938,0.0249,7.16,68.2,2155.0,6177.0,1.31,1.29,4.37,2.24152117889406,7.1989667151447865,0
TOI-3082 b,1.0,KV,1.926907,0.0264384737040224,3.6621,11.7784292789977,1032.78,4263.0,0.6847,0.664,4.625,0.1389158614059278,5.0123435915408345,0
TOI-3135 b,1.0,GV,3.7065585,0.04756,13.65253849,327.36325921,1292.0,5890.0,0.985,1.044,4.469,1.047667544308286,4.686021861270185,0
TOI-3160 A b,2.0,FV,3.971281,0.0505,13.7646283,378.21580433,1539.0,6190.0,1.346,1.088,4.217,2.38639629353354,4.64241266758681,0
TOI-3235 b,1.0,MV,2.59261842,0.02709,11.39953337,211.35589065,604.0,3388.8,0.3697,0.3939,4.8976,0.0161723266558366,3.813848803667924,0
TOI-3261 b,1.0,KV,0.8831331,0.01714,3.82,30.3,1722.0,5068.0,0.849,0.861,4.19,0.4266302594965985,7.088774330603714,0
TOI-329 b,1.0,GV,5.70439,0.0638,4.94057819,40.4,1213.02,5614.0,1.5326,1.0678,4.092,2.093327243582075,4.091754821921734,0
TOI-332 b,1.0,KV,0.777038,0.0159,3.2,57.2,1871.0,5251.0,0.87,0.88,4.46,0.516293227673416,7.440767901738941,0
TOI-3321 b,1.0,GV,3.6525145,0.047,15.55806521,176.07693748,1616.0,5850.0,1.549,1.041,4.076,2.521251385129912,4.707078268781739,0
TOI-333 b,1.0,FV,3.7852503,0.049,4.26,20.1,1445.0,6241.0,1.1,1.2,4.41,1.646993748073316,4.949571097357104,0
TOI-3331 A b,2.0,GV,2.0180231,0.03144,12.97999965,721.47048389,1488.0,5609.0,0.952,1.016,4.487,0.8048325026521856,5.685655859892312,0
TOI-3353.01,1.0,FV,4.6657965,0.060118218,2.6667555,6.447154517678206,1264.36,6365.0,1.0207,1.332089,4.54516,1.5341919917621298,4.708022780072091,0
TOI-3362 b,1.0,FV,18.09547,0.153,12.80065596,1598.3590588,916.013684305796,6532.0,1.83,1.445,4.072,5.469866585753226,3.073712137854515,0
TOI-3364 b,1.0,GV,5.8768918,0.0675,12.22899794,530.77343969,1264.0,5706.0,1.419,1.186,4.209,1.915057023252958,4.192426351500812,0
TOI-3464 b,1.0,FV,3.6515568,0.0515,13.7646283,397.28550875,1693.0,6370.0,1.56,1.363,4.185,3.594982461871214,5.145401838764536,0
TOI-3474 b,1.0,FV,3.8795105,0.0502,14.67255574,193.87532827,1451.0,6020.0,1.256,1.121,4.292,1.858896003867103,4.726350570752193,0
TOI-3486 b,1.0,KV,2.21778105,0.03138,10.5700688,99.16246298,1190.0,4930.0,0.788,0.837,4.569,0.3291015760065906,5.1654866486469455,0
TOI-3493 b,1.0,GV,8.1594667,0.0799232086533976,3.22,8.97,1102.0,5844.0,1.228,1.023,4.25,1.5780741746925415,3.578296678446092,0
TOI-3523 A b,3.0,FV,2.30458952,0.03559,15.9727975,435.42491759,1984.0,6450.0,1.448,1.131,4.171,3.255860824737848,5.638223565793072,0
TOI-3540 A b,2.0,GV,3.119999,0.04289,23.53885947,375.03752026,1498.0,5810.0,1.228,1.081,4.293,1.5416689058354158,5.021226449685174,0
TOI-3568 b,1.0,KV,4.417965,0.0485,5.3,26.4,899.0,4969.0,0.719,0.78,4.63,0.2827636751861721,4.010988492768029,0
TOI-3593 b,1.0,GV,3.8212867,0.0481,11.02963701,565.73456446,1170.0,5550.0,0.918,1.015,4.519,0.7173764983737714,4.594470495219714,0
TOI-3629 b,1.0,MV,3.9365544,0.0424699999999999,8.29464572,79.93384436,700.5,3867.5,0.60515,0.6325000000000001,4.67,0.0735084414343657,3.8597939264960393,0
TOI-3682 b,1.0,GV,3.3462406,0.048,12.80065596,69.28659273,1657.0,5703.0,1.735,1.32,4.077,2.8569477290074285,5.244949739940382,0
TOI-3688 A b,2.0,GV,3.246075,0.0456,13.08088048,311.47183886,1534.0,5950.0,1.302,1.199,4.288,1.9062492303577223,5.128639279045314,0
TOI-3693 b,1.0,GV,9.088516,0.0813,12.59889431,324.18497514,801.0,5321.0,0.791,0.867,4.581,0.4500034596446011,3.266173568213988,0
TOI-3714 b,2.0,MV,2.1548486733333334,0.0264333333333333,11.26128928,218.13623000333337,765.0,3657.3333333333335,0.5049333333333333,0.5196666666666667,4.747933333333333,0.0409275841651728,4.434671429417873,0
TOI-3757 b,1.0,MV,3.438753,0.03845,12.0,85.3,759.0,3913.0,0.62,0.64,4.68,0.0808560684899692,4.080532102517864,0
TOI-3785 b,1.0,MV,4.6747373,0.043,5.14,14.95,582.0,3576.0,0.5,0.52,4.747,0.0366792037424356,3.4781029120787776,0
TOI-3807 b,1.0,GV,2.8989727,0.0421,18.49481816,330.54154328,1646.0,5772.0,1.468,1.181,4.174,2.146086639302188,5.297352644614463,0
TOI-3819 b,1.0,GV,3.2443141,0.04611,13.13692538,352.78953177,1633.0,5859.0,1.538,1.242,4.156,2.500901073265551,5.190846910778097,0
TOI-3837 b,1.0,GV,11.88865,0.099,10.87271128,187.51876013,1178.0,5905.0,1.2,0.89,4.229,1.570839993528444,2.998833750617136,0
TOI-3856 b,1.0,GV,2.04360352,0.0325,13.59649359,171.62733978,1544.0,5622.0,1.055,1.096,4.431,0.9976038908805834,5.80816012039707,0
TOI-3877 b,1.0,GV,4.123596,0.0529,11.67975789,99.7981198,1445.0,5731.0,1.445,1.16,4.181,2.0209109542958137,4.683560585896193,0
TOI-3884 b,1.0,MV,4.54457625,0.03575,6.215,32.59,452.0,3224.5,0.30315,0.2896499999999999,4.9455,0.008913628304878,2.8469099306029,0
TOI-3894 b,1.0,FV,4.3345400666666665,0.0544099999999999,15.218059463333333,270.15414595,1518.0,6000.0,1.502,1.138,4.143,2.6232200121323954,4.574111554308388,0
TOI-3912 b,1.0,GV,3.4936264,0.0463,14.28024141,129.03833324,1512.0,5725.0,1.392,1.088,4.188,1.867541599744176,4.848405510417551,0
TOI-3919 b,1.0,FV,7.433234,0.0795,12.31866979,1233.17421916,1198.0,6100.0,1.319,1.208,4.279,2.1612190208556235,3.898745502687623,0
TOI-3976 A b,2.0,GV,6.607662,0.0743,12.27383387,55.61997123,1295.0,5975.0,1.501,1.254,4.183,2.5763381998773998,4.108935702166532,0
TOI-3980 b,1.0,GV,3.6089254,0.0494,14.4595851,187.51876013,1621.0,5840.0,1.626,1.24,4.106,2.759194533464888,5.010976339217527,0
TOI-3984 A b,2.0,MV,4.353326,0.041,7.9,44.0,563.0,3476.0,0.47,0.49,4.81,0.0289337441567232,3.457650524289583,0
TOI-4010 b,1.0,KV,1.348335,0.0229,3.02,11.0,1441.0,4960.0,0.83,0.88,4.54,0.374087107245837,6.200098353861455,0
TOI-4010 c,1.0,KV,5.414654,0.058,5.93,20.31,907.0,4960.0,0.83,0.88,4.54,0.374087107245837,3.895850862719477,0
TOI-4010 d,1.0,KV,14.70886,0.113,6.18,38.15,650.0,4960.0,0.83,0.88,4.54,0.374087107245837,2.7911109355820765,0
TOI-4010 e,1.0,KV,762.0,1.57,22.850854107161357,692.0,174.0,4960.0,0.83,0.88,4.54,0.374087107245837,0.748801134716608,0
TOI-406 c,1.0,MV,3.307441,0.0322,1.32,2.08,584.0,3392.0,0.41,0.408,4.69,0.0199655343392666,3.560222411034447,0
TOI-406.01,1.0,MV,13.1757057,0.0832087675,2.02011865,6.57,356.08500000000004,3370.5,0.3993044999999999,0.4444099999999999,4.81569,0.0184618655966589,2.3114385426315702,0
TOI-4087 b,1.0,FV,3.1774835,0.04469,13.04725353,232.01473711,1458.0,6060.0,1.112,1.178,4.416,1.496200932655562,5.135023694217107,0
TOI-411 b,1.0,FV,4.040298,0.055035,1.541,13.71,1309.5,6104.5,1.117,1.101,4.365,1.5545209827645394,4.473517679814153,0
TOI-411 c,1.0,FV,9.5730895,0.0978,2.534,9.72,982.0,6104.5,1.117,1.101,4.365,1.5545209827645394,3.355824312062828,0
TOI-4127 b,1.0,FV,56.39879,0.3081,12.28504285,731.0053361,605.1,6096.0,1.293,1.23,4.26,2.071413169522512,1.9983966386700016,0
TOI-4137 b,1.0,FV,3.8016122,0.05222,13.57407563,457.67290608,1570.0,6202.0,1.438,1.313,4.24,2.7449514638141843,5.01520758064863,0
TOI-4145 A b,2.0,GV,4.0664428,0.04823,13.30506009,136.66621501,1074.0,5281.0,0.859,0.905,4.526,0.5149212888041239,4.332520662595847,0
TOI-4153 b,1.0,FIV,4.6174141,0.06311,16.11851425,365.50266805,1669.0,6860.0,1.605,1.572,4.224,5.118425498529071,4.991742392613068,0
TOI-4155 b,1.0,GV,3.320729,0.0457700587547141,3.21,9.16979362506508,1255.0,5724.0,0.95,1.16,4.44,0.8692317093641443,5.035159630635331,0
TOI-4184 b,1.0,MV,4.9019804,0.0336,2.43,5.403210905400344,412.0,3238.0,0.2347,0.2109,5.01,0.0054327961142453,2.505784019120276,0
TOI-4201 b,1.0,MV,3.58191895,0.03962,13.0924479175,813.30225737,735.5,3858.5,0.624,0.619,4.646325000000001,0.0774342413323286,3.9533300433741,0
TOI-421 b,2.0,GV,5.197148,0.0557,2.66,6.9350000000000005,951.7,5308.0,0.8685,0.8425,4.4830000000000005,0.5372212119943383,3.889845402846902,0
TOI-421 c,2.0,GV,16.067753999999997,0.11795,5.09,15.260000000000002,654.3,5313.666666666667,0.8693333333333334,0.8456666666666667,4.484000000000001,0.5405548183724844,2.678092773592596,0
TOI-4214 b,1.0,FV,3.4913885,0.05018,10.68215861,165.27077164,1642.0,6370.0,1.434,1.382,4.266,3.037707000067242,5.248844140711238,0
TOI-4308 b,1.0,GV,9.151201,0.0826683779545235,2.4189,5.356412780262068,763.05,5243.0,0.7934,0.9,4.593,0.4267697938448906,3.300095671727253,0
TOI-431 b,1.0,KV,0.4900495,0.0113,1.28,3.07,1862.0,4850.0,0.731,0.78,4.6,0.2652720895192478,8.309656347974549,0
TOI-431 c,1.0,KV,4.8494,0.052,1.6449994558442558,2.83,867.0,4850.0,0.731,0.78,4.6,0.2652720895192478,3.87365210160555,0
TOI-431 d,1.0,KV,12.46102565,0.098,3.29,9.9,633.0,4850.0,0.731,0.78,4.6,0.2652720895192478,2.8216896649937717,0
TOI-4329 b,1.0,FIV,2.9223,0.0461751690537275,16.81347105,143.02278315,1720.794262600907,6000.0,2.31,1.538,3.9,6.204671758888583,5.772300137377372,0
TOI-4336 A b,3.0,MV,16.336334,0.0872,2.12,4.169059907296115,308.0,3298.0,0.328,0.331,4.927,0.0114193173548642,1.9486360751889575,0
TOI-4342 b,1.0,MV,5.5382498,0.05251,2.266,4.731445266253123,633.6,3901.0,0.599,0.6296,4.6878,0.0745499396115363,3.4632698692974757,0
TOI-4342 c,1.0,MV,10.688716,0.0814,2.415,5.3400159801155,508.9,3901.0,0.599,0.6296,4.6878,0.0745499396115363,2.781602968889685,0
TOI-4364 b,1.0,MV,5.424019,0.04753,2.01,3.767666980868927,488.0,3528.0,0.4684,0.487,4.785,0.0304956523901291,3.2015151215105004,0
TOI-4377 b,1.0,KIV,4.378081,0.0579,15.10970598,304.1617855,1572.5837618277355,4974.0,3.52,1.36,3.39,6.804532624596772,4.847358677735497,0
TOI-4379 b,1.0,FV,3.25352,0.047748552218526,16.69017226,353.74301699,1570.3115084519395,6020.0,1.976,1.372,3.929,4.600973114525055,5.361322543945682,0
TOI-4406 b,1.0,FV,30.08364,0.201,11.2089807,95.3485221,904.0,6219.0,1.29,1.19,4.29,2.2333227905267323,2.43360694427678,0
TOI-4438 b,1.0,MV,7.446289999999999,0.05225,2.505,5.4,435.0,3387.5,0.374,0.366,4.59,0.0165253349115413,2.6471123808459684,0
TOI-444 b,1.0,KV,17.9636,0.133,2.77,6.92965416820434,609.0,5225.0,0.779,0.96,4.64,0.4057980394205751,2.687105884616185,0
TOI-4443.01,1.0,GV,1.8498567,0.029962645,1.7193265,3.752099883808152,1638.82,5834.0,1.01733,1.049133,4.44433,1.075670484883237,5.918343711676338,0
TOI-4463 A b,2.0,GV,2.8807198,0.04036,13.26022417,252.35575516,1395.0,5640.0,1.062,1.056,4.41,1.023894710448538,5.1160097596441005,0
TOI-4465 b,1.0,GV,101.94054,0.416,14.01122587,1872.00931723,427.0,5545.0,1.014,0.93,4.379,0.8721113967822047,1.495442754627413,0
TOI-4479 b,1.0,MV,1.1589,0.0164,2.82,7.169243080065423,861.0,3400.0,0.451,0.452,4.5,0.0243870125569418,5.250761320382383,0
TOI-4487 A b,2.0,FV,3.9540709,0.05448,14.60530185,397.28550875,1639.0,6206.0,1.634,1.378,4.15,3.5533749741476486,5.030151243055046,0
TOI-4495.01,1.0,FV,5.1830043,0.061732577,3.63045,11.585769228217428,1382.67,6156.0,1.34,1.168817,4.25196,2.313629916600066,4.35202158205053,0
TOI-4504 b,1.0,KV,2.42614,0.03392,2.691,6.558975758003506,1122.3936910035452,5315.0,0.92,0.89,4.458,0.606008310761707,5.1232089096430204,0
TOI-4504 c,1.0,KV,82.97213,0.3569,11.09689089,1197.32317485,346.01893465564314,5315.0,0.92,0.89,4.458,0.606008310761707,1.579416654906498,0
TOI-4504 d,1.0,KV,40.5634,0.2219,18.60323585518309,450.23572136,438.82815864521416,5315.0,0.92,0.89,4.458,0.606008310761707,2.0030479057337294,0
TOI-451 b,2.0,GV,1.858703,0.0283,1.91,4.849773052826155,1491.0,5550.0,0.879,0.95,4.527567882702376,0.6577177048238914,5.794868282168138,0
TOI-451 c,2.0,GV,9.192462,0.0823,3.1,8.581974470851543,875.0,5550.0,0.879,0.95,4.527567882702376,0.6577177048238914,3.398105584980301,0
TOI-451 d,2.0,GV,16.3649485,0.1208,4.07,38.99791677105871,722.0,5550.0,0.879,0.95,4.527567882702376,0.6577177048238914,2.804809175518065,0
TOI-4515 b,1.0,GV,15.266446,0.118,12.17,637.0,705.0,5433.0,0.86,0.949,4.48,0.5781567129613834,2.8363974518351505,0
TOI-4527.01,1.0,KV,0.3994445,0.008332353,0.9086617,0.8829231211528836,1362.93,3702.0,0.485948,0.483901,4.75,0.0397937718565726,7.62200823232458,0
TOI-4551 b,1.0,KIV,9.95581,0.0994,11.85910158,473.56432643,1186.4197005978122,4896.0,3.55,1.31,3.48,6.4969899149757815,3.630926348923418,0
TOI-4559 b,1.0,MV,3.965991,0.0359,1.415,1.5703026797427757,554.16,3558.0,0.374,0.392,4.884,0.0201120726607132,3.304994896554144,0
TOI-4562 b,1.0,FV,225.112105,0.768,12.53,732.0,318.0,6096.0,1.152,1.192,4.39,1.6442757108602533,1.246041484851096,0
TOI-4562 c,1.0,FV,3990.0,5.219,36.42674340817974,1833.86990839,116.13242788144947,6096.0,1.152,1.192,4.39,1.6442757108602533,0.4779907180360582,0
TOI-4582 b,1.0,KIV,31.034,0.213075387494649,10.53644186,168.44905571,720.8529412789183,5190.0,2.5,1.34,3.77,4.068546638006628,2.508191777042478,0
TOI-4600 b,1.0,KV,82.6869,0.349,6.8,959.84178914,347.0,5170.0,0.81,0.89,4.57,0.4205542828389004,1.597192542770762,0
TOI-4600 c,1.0,KV,482.8191,1.152,9.42,2946.26933289,191.0,5170.0,0.81,0.89,4.57,0.4205542828389004,0.8791110678115639,0
TOI-4602.01,1.0,FV,3.9812091,0.05099712,2.550449,5.923407662717327,1380.27,6011.9,1.15664,1.116795,4.36,1.5679537820707667,4.680463784093386,0
TOI-4603 b,1.0,FV,7.24599,0.0888,11.67975789,4096.80816623,1677.0,6264.0,2.738,1.765,3.81,10.355325001567431,4.459034740358302,0
TOI-4633 c,2.0,GV,271.9445,0.847,3.2,123.0,261.8526021493754,5800.0,1.05,1.1,4.43683611457942,1.1193874212576462,1.1398025424904965,1
TOI-4638.01,1.0,GV,10.283918787,0.093013,2.933,7.72490095228628,716.9526979473723,5700.0,0.895,1.02,4.542776128691164,0.7586393112901892,3.3120984985102377,0
TOI-4641 b,1.0,FV,22.09341,0.173,8.18255591,1229.99593509,838.7276633417248,6560.0,1.72,1.41,4.11,4.91543662719548,2.8553640594761966,0
TOI-470 b,1.0,GV,12.19148,0.119,4.34,46.11563509487101,660.0,5190.0,0.831,0.87,4.54,0.4495327415821592,2.704338989503704,0
TOI-4734 b,1.0,FV,6.235633,0.074,10.9175472,61.65871096,1468.0,6070.0,1.857,1.391,4.046,4.20018502063252,4.3363336342903045,0
TOI-4773 b,1.0,FIV,1.7452851,0.03216,15.22179579,1687.66884117,2255.0,6740.0,1.55,1.452,4.22,4.448287334221908,6.720479677259934,0
TOI-4791 b,1.0,FV,4.28088,0.0555,12.44196858,734.18362017,1472.0,6058.0,1.409,1.242,4.234,2.398992621214017,4.731395912401382,0
TOI-4794 b,1.0,FV,3.5658116,0.0492,14.35870428,308.29355479,1673.0,6390.0,1.451,1.25,4.215,3.149402061854684,5.041356841295364,0
TOI-480 b,1.0,FV,6.866196,0.077,2.85372018,20.8,1198.94,6174.0,1.4877,1.2793,4.194,2.885274095364176,4.076766347272893,0
TOI-481 b,1.0,GV,10.3311409,0.097,11.09691,486.2799,1370.0,5735.0,1.66,1.14,4.06,2.674482219707357,3.4287951746553404,0
TOI-4860 b,1.0,MV,1.522759345,0.018265,8.586994704999999,86.7,659.0,3325.0,0.353,0.33785,4.87,0.0136648811663905,4.301571116390239,0
TOI-4914 b,1.0,GV,10.60057,0.098,12.87,227.0,894.0,5805.0,1.0,1.03,4.3,1.0188230132200358,3.242504283550665,0
TOI-4961 b,1.0,GV,7.479182,0.0726,12.34108775,572.0911326,919.0,5380.0,0.912,0.912,4.479,0.6251851148765538,3.544900851752787,0
TOI-4994 b,1.0,GV,21.491984,0.1515,8.54124329,88.99195396,717.6,5640.0,1.055,1.005,4.393,1.010441523913754,2.576034638481289,0
TOI-500 b,1.0,KV,0.54816745,0.012345,1.1629999999999998,1.42,1655.0,4530.5,0.714,0.81,4.6240000000000006,0.192695162678017,8.101621440053727,0
TOI-500 c,1.0,KV,6.6356,0.0625082330244174,2.166099797465748,5.03,592.9323719806849,4440.0,0.678,0.74,4.618,0.1602806585487688,3.4412976079268423,0
TOI-500 d,1.0,KV,26.233,0.1562844359524353,5.337230343894271,33.12,374.98673785713487,4440.0,0.678,0.74,4.618,0.1602806585487688,2.1763712439604914,0
TOI-500 e,1.0,KV,61.3,0.2752056884985316,3.6594396830619615,15.05,282.5823743536895,4440.0,0.678,0.74,4.618,0.1602806585487688,1.640069078463669,1
TOI-5005 b,1.0,GV,6.3085044,0.06614,6.25,32.7,1040.0,5749.0,0.93,0.97,4.43,0.8476664250366882,3.830264416143584,0
TOI-5027 b,1.0,GV,10.24368,0.093,10.76062147,642.01338214,1056.0,5909.0,0.92,1.02,4.517,0.9258091411951346,3.3123299811763443,0
TOI-5076 b,2.0,KV,23.444081,0.1481,3.344677845,16.07284154,582.5,4925.0,0.844,0.7945,4.541499999999999,0.3760102488242851,2.316564546632539,0
TOI-5082.01,1.0,GV,4.240122,0.051204842,2.54811,5.913090517827426,1164.91,5670.0,0.93,0.99665,4.5,0.8020251416732647,4.412561834459133,0
TOI-5108 b,1.0,GV,6.753581,0.073,6.6,32.0,1180.0,5808.0,1.29,1.1,4.26,1.6989308452624698,3.882485983321164,0
TOI-5110 b,1.0,FIV,30.158577,0.2157,11.98240037,921.7023803,976.0,6160.0,2.333,1.469,3.869,7.031406015883143,2.6101220126523823,0
TOI-512 b,1.0,GV,7.18886,0.065936178694326,1.54,3.57,1009.0,5277.0,0.89,0.74,4.35,0.5510845556934689,3.350649165261687,0
TOI-5126 b,1.0,FV,5.4588385,0.06519,4.74,58.04722620805163,1442.0,6150.0,1.241,1.24,4.224,1.9766686575682093,4.362097173561875,0
TOI-5126 c,1.0,FV,17.8999,0.1439,3.86,13.017149086136074,971.0,6150.0,1.241,1.24,4.224,1.9766686575682093,2.935995797400408,0
TOI-5143 c,1.0,KV,5.2097118,0.05602,16.25302201,626.9859735669767,819.6065304125838,5183.0,0.852,0.864,4.514,0.4699956894742189,3.927898918105657,0
TOI-5153 b,1.0,FV,20.33003,0.158,11.88151954,1036.12060682,906.0,6300.0,1.4,1.24,4.3,2.7701808272277546,2.8019300121439525,0
TOI-5174 b,1.0,GV,12.214286,0.1037971048524317,5.351,79.65539985510574,743.1464595775832,5643.77,1.09457,1.0,4.35958,1.0905715358792971,3.1044335187434706,0
TOI-5181 A b,2.0,FV,3.8922295,0.0522,13.34989601,330.54154328,1585.0,6060.0,1.53,1.25,4.163,2.832456235486488,4.894346799554125,0
TOI-519 b,1.0,MV,1.265232693333333,0.0147933333333333,11.803063559999998,147.15455244,733.6666666666666,3342.0,0.3602666666666667,0.3586666666666667,4.8858,0.0145265938685202,4.924787214947462,0
TOI-5205 b,1.0,MV,1.630757,0.0199,11.6,343.0,737.0,3430.0,0.394,0.392,4.84,0.0192778578597271,4.439064744056622,0
TOI-521 b,1.0,MV,1.54285047,0.0195,1.98,5.3,794.0,3544.0,0.421,0.42,4.97,0.0250858542401096,4.641756171413324,0
TOI-5210 b,1.0,GV,4.5661061,0.0557,10.72699453,81.99972901,1286.0,5723.0,1.209,1.105,4.319,1.406816441619928,4.454803225132625,0
TOI-5218 b,1.0,KV,4.291452,0.0469,9.86,657.0,783.0,4230.0,0.708,0.739,4.63,0.1439851936568256,3.970185343951512,0
TOI-5232 b,1.0,FV,4.0966692,0.05593,12.778238,743.71847238,1772.0,6500.0,1.785,1.389,4.077,5.102931251885497,4.984294525575034,0
TOI-5238 b,1.0,GV,4.872171,0.056245553970571,5.22,74.66550603893914,973.686420015231,5631.0,1.02283,1.0,4.41846,0.9437106897026286,4.21726493292609,0
TOI-5261 b,1.0,GV,4.1509768,0.05134,11.60129502,3651.84839643,1244.0,5790.0,1.021,1.037,4.436,1.0511279613991509,4.495069697605145,0
TOI-5293 A b,2.0,MV,2.930289,0.03265,11.442400545,164.65710175,675.5,3586.0,0.52,0.508,4.75,0.0401178525795345,3.945165688056581,0
TOI-530 b,1.0,MV,6.3875931,0.052,9.30345398,127.1313628,565.0,3659.0,0.54,0.53,4.7,0.04689505046588,3.193090641759682,0
TOI-5300 b,1.0,KV,2.262196,0.0295,9.86390302,190.6970442,1043.0,4610.0,0.65,0.67,4.64,0.1712065062282634,4.766519535842274,0
TOI-5301 b,1.0,FIV,5.858857666666666,0.0717833333333333,13.271433146666666,1141.00398113,1661.6666666666667,6240.0,2.19,1.483,3.926,6.524037345095768,4.546045193000953,0
TOI-5319 b,1.0,MV,4.07853,0.0506,2.83,7.21762356169722,695.0,3580.0,0.485,0.5,4.5,0.0346661357817177,3.144015856780908,0
TOI-532 b,1.0,KV,2.3266508,0.0296,5.82,61.5,867.0,3927.0,0.612,0.639,4.669,0.079916471282994,4.64707367140883,0
TOI-5322 b,1.0,GV,5.4233207,0.0604,16.6117094,184.02264765,1350.0,5692.0,1.462,0.998,4.11,2.0130017890178458,4.065573204112329,0
TOI-5340 b,1.0,GIV,4.9394392,0.0628,15.07607904,270.15414595,1566.0,5990.0,1.842,1.35,4.036,3.919010176801848,4.637266405922746,0
TOI-5344 b,1.0,KV,3.792622,0.040205,10.15184787,132.97265184,684.0,3758.5,0.588,0.601,4.683,0.061901720564739,3.866982322582086,0
TOI-5350 b,1.0,FV,7.581367,0.0796,12.41955062,2094.48920213,1195.0,6220.0,1.263,1.167,4.304,2.1421905041122207,3.829604088548937,0
TOI-5386 A b,2.0,FV,3.62156552,0.04856,14.70618268,155.10026262,1488.0,6094.0,1.245,1.165,4.314,1.917954730843318,4.898900374768098,0
TOI-5388.01,1.0,MV,2.594675,0.024335855,1.89426,4.752833453450099,601.35,3495.0,0.31,0.28572,4.91164,0.0128647679793659,3.427062305558413,0
TOI-5398 b,1.0,GV,10.590735,0.098,10.9785,58.7,947.0,6008.55,1.05209,1.1295,4.439780000000001,1.294417433086297,3.3955103903894166,0
TOI-5398 c,1.0,GV,4.77271,0.057,3.52,11.8,1242.0,6000.0,1.051,1.146,4.44,1.284399960559226,4.4846635308991205,0
TOI-540 b,1.0,MV,1.2391486,0.01223,0.903,0.8757780889668214,611.0,3216.0,0.1895,0.159,5.08400072327334,0.003446453623553,3.606287259900899,0
TOI-544 b,1.0,KV,1.5483515,0.0238,2.024,2.89,1040.5,4269.0,0.6415,0.631,4.705,0.1226274763352033,5.149928329243839,0
TOI-544 c,1.0,KV,50.089,0.2280926079754126,4.340406084304369,21.5,279.3806150599635,4169.0,0.623,0.631,4.68,0.1051946187060814,1.6635431033077686,1
TOI-5489 b,1.0,MV,3.15222,0.0312568697225025,1.4,1.548696961867989,624.0,3547.0,0.42,0.41,4.804107303485005,0.0250514682493685,3.622381365285449,0
TOI-5489 c,1.0,MV,4.92126,0.0420647852439766,1.28,1.3783926877168415,536.0,3547.0,0.42,0.41,4.804107303485005,0.0250514682493685,3.1225368644548266,0
TOI-5542 b,1.0,GV,75.12375,0.332,11.30986153,419.53349724,441.0,5700.0,1.058,0.89,4.2,1.0601336213514327,1.6375740418468825,0
TOI-5573 b,1.0,KV,8.79758977,0.0712,9.75,112.0,528.0,3790.0,0.594,0.619,4.68,0.0653159999153671,2.9490376126570763,0
TOI-558 b,1.0,FV,14.574071,0.1291,12.17295304,1147.36054927,1061.0,6466.0,1.496,1.349,4.218,3.509908848812765,3.2330903229713184,0
TOI-559 b,1.0,GV,6.9839095,0.0723,12.22899794,1910.14872607,1180.0,5925.0,1.233,1.026,4.268,1.681006612809043,3.7677277664243367,0
TOI-5592 b,1.0,FV,2.6085846,0.03935,17.14974047,285.72773789,1789.0,6237.0,1.393,1.194,4.226,2.634480928733588,5.509406017514327,0
TOI-561 b,1.0,GV,0.4465712083333333,0.0105716666666666,1.4202686766666668,2.02,2310.9425,5364.2,0.8426,0.8013999999999999,4.4842,0.5274151573461012,8.70819052890167,0
TOI-561 c,1.0,GV,10.778871142857144,0.0883649999999999,2.898344578333333,6.203333333333333,800.17,5379.333333333333,0.8435142857142858,0.7986666666666667,4.481833333333333,0.5345502782709604,3.0068905665912395,0
TOI-561 d,1.0,GV,25.694006,0.15772,2.701296634,12.326,583.6133333333333,5373.75,0.84472,0.8005,4.48025,0.5338573621237694,2.25326498473583,0
TOI-561 e,1.0,GV,77.26680000000002,0.32848,2.57175,12.56,415.5,5373.75,0.8447199999999999,0.8005000000000001,4.48025,0.5338573621237694,1.561353302150785,0
TOI-5616 b,1.0,KV,2.002849,0.0272,10.78,624.0,939.0,3996.0,0.646,0.666,4.67,0.095467775722143,4.949116152634661,0
TOI-5634 A b,2.0,KV,2.2035373,0.0272,10.42,588.0,837.0,3896.0,0.54,0.556,4.73,0.06027721279688,4.521972613104405,0
TOI-564 b,1.0,GV,1.6511441,0.02734,11.43318,464.98529,1714.0,5640.0,1.088,0.998,4.364,1.0746426102592153,6.042838666886807,0
TOI-5678 b,1.0,GV,47.73022,0.249,4.91,20.0,513.0,5485.0,0.938,0.905,4.34,0.714499705906852,1.9067756622641048,0
TOI-5688 A b,2.0,KV,2.94815527,0.03379,10.3,124.0,742.0,3713.0,0.57,0.6,4.69,0.0554037751691294,4.214601460187333,0
TOI-5704 b,1.0,KV,3.771116,0.0426933989179278,3.2274,9.26446425167447,949.07,4590.0,0.7575,0.73,4.543,0.2285103452436221,4.135766855128246,0
TOI-5713 b,1.0,MV,10.441989,0.06008,1.77,4.027678251429298,347.2,3225.0,0.2992,0.2653,4.91,0.0086882419019762,2.101738341217078,0
TOI-5716 b,1.0,MV,6.7663,0.0402493202464069,0.96,0.9483149626003912,400.0,3436.0,0.22,0.19,5.031730266869488,0.0060526816515928,2.1730639612063154,0
TOI-5720 b,1.0,MV,1.4344555,0.018288,1.09,4.3,708.0,3325.0,0.383,0.383,5.01,0.0160862197226256,4.5771091004473465,0
TOI-5726.01,1.0,GV,5.491125215,0.062186,2.554,5.939087128298743,1004.4796681025952,5874.0,1.106,1.06,4.375617638888483,1.3065795985218398,4.129349149094309,0
TOI-5728 b,1.0,MV,11.49761,0.0709216883865716,1.31,1.4205374392835255,382.0,3419.0,0.37,0.36,4.857721080194368,0.016783777027601,2.2533917571960504,0
TOI-5736 b,1.0,KV,0.64899,0.0121634508753109,1.56,2.9595386771570484,1311.0,3949.0,0.58,0.57,4.666840896107688,0.0733997147329369,6.846742725986377,0
TOI-5786 b,2.0,FV,12.779107,0.114,8.54,73.0,1040.0,6235.0,1.36,1.23,4.26,2.507918955482778,3.2853006078250107,0
TOI-5795 b,1.0,GV,6.1406325,0.064,5.62,23.66,1136.78,5715.0,1.082,0.901,4.32,1.1204934197717578,3.75273063421408,0
TOI-5799 b,1.0,MV,4.164641066000001,0.034967,1.7386666666666668,3.8559184502602486,511.505,3495.6666666666665,0.3306666666666666,0.3296666666666667,4.934,0.0146484184618329,3.071024743838472,0
TOI-5799 c,1.0,MV,14.010449,0.0782,1.76,3.972381123339406,337.0,3452.0,0.321,0.325,4.936,0.0131275313151184,2.0389815120470143,0
TOI-5800 b,1.0,KV,2.6278829000000004,0.03445,2.5700000000000003,10.15,1113.5,4840.0,0.7865,0.784,4.56,0.3045571154279153,4.771318436262954,0
TOI-5803 b,1.0,KV,5.38305,0.0573850208312643,3.2732,9.515855328727088,678.87,5134.0,0.7625,0.87,4.613,0.3624040173827488,3.8943532088227,0
TOI-5817 b,2.0,GIV,15.61031,0.1223,3.08,10.3,950.0,5770.0,1.427,0.97,4.12,2.025074704305804,2.816745587100511,0
TOI-5882 b,1.0,GIV,7.148972499999999,0.082425,11.65173544,7357.72762205,1526.0,5990.0,2.297,1.4415,3.874,6.094234057871969,4.182662565125845,0
TOI-6000 b,1.0,MV,0.448959,0.0082378057376693,0.94,0.9227120870469744,1120.0,3419.0,0.38,0.37,4.85,0.0177032680992373,6.703013172716422,0
TOI-6002 b,1.0,MV,10.904821,0.05722,1.65,3.3936013495609827,321.4,3229.0,0.2432,0.2101,4.989,0.0057688489975677,1.916523211391922,0
TOI-6008 b,1.0,MV,0.8574347,0.010777,1.03,4.0,707.0,3075.0,0.242,0.23,5.01,0.0046978707313862,4.620510489949349,0
TOI-6016 b,1.0,FV,4.023687,0.055,13.67495645,371.85923619,1890.0,6110.0,1.51,1.31,4.19,2.8510746295538114,4.8812301717718105,0
TOI-6029 b,1.0,FIV,5.7987,0.0730719330300726,14.39233122,519.64944544,1427.3244733003494,6223.0,2.338,1.548,3.886,7.354921936051362,4.603468375671896,0
TOI-6034 b,2.0,KV,2.576184,0.02949,11.92,254.0,714.0,3635.0,0.489,0.514,4.77,0.0374563305500895,4.175602579507833,0
TOI-6038 A b,2.0,FV,5.8267311,0.069,6.41,78.5,1439.0,6110.0,1.648,1.291,4.118,3.3960111357851472,4.326269399608284,0
TOI-6041 b,1.0,GV,26.04945,0.1651,4.55,28.9,605.6,5445.0,0.879,0.885,4.498,0.6093392258623969,2.3156508761745056,0
TOI-6041 c,1.0,GV,88.0,0.3721,8.036035484384335,77.9,403.5,5445.0,0.879,0.885,4.498,0.6093392258623969,1.542470206939567,0
TOI-6054.01,1.0,FV,7.4972097115,0.0774065,2.641,12.5,1360.0,6079.5,1.637,1.1284999999999998,4.1,3.284419787803253,3.818889131004983,0
TOI-6054.02,1.0,FV,12.5693170145,0.109389,2.842,9.3,1143.0,6079.5,1.637,1.1284999999999998,4.1,3.284419787803253,3.2124689566684803,0
TOI-6086 b,1.0,MV,1.3888725,0.01541,1.18,1.240071166142943,634.0,3200.0,0.259,0.254,5.01,0.00631087083321,4.06060292319648,0
TOI-6109 b,1.0,GV,5.690476,0.0599,4.8704,62.307982071844286,947.527552005896,5660.0,1.021,1.03,4.45,0.9598581547069684,4.147440699319259,0
TOI-6109 c,1.0,GV,8.538878,0.0786,4.8326,61.05370407559156,827.1684960732812,5660.0,1.021,1.03,4.45,0.9598581547069684,3.62061480803007,0
TOI-6130 b,1.0,FV,2.392679,0.036,14.3474953,333.71982735,1750.0,6110.0,1.51,1.31,4.19,2.8510746295538114,6.033361969176634,0
TOI-615 b,1.0,FV,4.6615983,0.0678,18.97680433,138.25535705,1666.0,6850.0,1.732,1.449,4.2,5.925812575729127,4.623749845187017,0
TOI-620 b,1.0,MV,5.0988179,0.04825,3.76,12.383884856778907,603.6,3708.0,0.55,0.577,4.718,0.0513067057551719,3.4587106543062407,0
TOI-622 b,1.0,FV,6.402513,0.0708,9.2362001,96.30200732,1388.0,6400.0,1.415,1.313,4.2,3.0138568844290305,4.30715715549791,0
TOI-6223 b,1.0,MV,3.855219,0.04018,5.07,69.19437228422528,714.0,3895.0,0.576,0.582,4.682,0.0685116875254995,3.806549749009244,0
TOI-6255 b,1.0,MV,0.23818244,0.0053146081033049,1.079,1.44,1157.4287601432404,3421.0,0.37,0.353,4.85,0.0168230832801641,8.151296937025872,0
TOI-628 b,1.0,FV,3.4095675,0.0486,11.88154,2011.8639,1586.0,6250.0,1.345,1.311,4.3,2.476592127212694,5.194672771399872,0
TOI-6303 b,1.0,KV,9.485236,0.0761,11.59,2493.0,541.0,3977.0,0.609,0.644,4.67,0.0832428228526325,2.909548421753777,0
TOI-6324 b,1.0,MV,0.2792210499999999,0.0054003869282443,1.0445,1.17,1191.5,3302.5,0.2965,0.2695,4.93,0.0093823266819395,7.065484208188329,0
TOI-6330 b,1.0,MV,6.8500246,0.05763,10.89,3179.0,495.0,3539.0,0.49,0.531,4.77,0.0337912502456326,3.0359732085067166,0
TOI-6383 A b,2.0,MV,1.79058695,0.02292,11.29,331.0,745.0,3444.0,0.457,0.458,4.81,0.0263617854564186,4.470956210691458,0
TOI-640 b,1.0,FIV,5.003781633333333,0.06608,19.5652929,181.16219199,1782.5,6460.0,2.082,1.5360000000000005,3.987,6.773004627008061,4.822092918345652,0
TOI-6420 b,1.0,FV,6.961508,0.0753,11.93756445,2606.1929374,1213.0,6020.0,1.312,1.165,4.268,2.0283527494019884,3.934055283416536,0
TOI-6448 b,1.0,GV,14.844261,0.131,8.47398941,158.33187802792287,745.0,5910.0,0.897,1.03,4.545074366178059,0.8806932334492759,2.8045161709064854,0
TOI-6478 b,2.0,MV,34.005019,0.1136,4.6,53.67819957393424,204.4,3230.0,0.234,0.23,5.016,0.0053472643436533,1.4231469169732207,0
TOI-654.01,1.0,MV,1.52756335,0.020230073,2.37463,8.71,771.27,3477.0,0.43,0.4751094999999999,4.84488,0.024246302761581,4.847001076935525,0
TOI-6628 b,1.0,GV,18.18424,0.134,10.98480109,235.19302118,833.0,5463.0,1.01,0.97,4.416,0.8151872897110967,2.6909674956711496,0
TOI-663 b,1.0,MV,2.598902,0.0295,2.27,4.45,674.0,3681.0,0.512,0.514,4.7266,0.0431810344074935,4.174894790269847,0
TOI-663 c,1.0,MV,4.6955507,0.0437,2.26,3.65,553.0,3681.0,0.512,0.514,4.7266,0.0431810344074935,3.430171427088802,0
TOI-663 d,1.0,MV,7.1027268,0.0576,1.92,5.2,482.0,3681.0,0.512,0.514,4.7266,0.0431810344074935,2.987757200805986,0
TOI-6651 b,1.0,GV,5.056973,0.0633,5.09,61.0,1493.0,5940.0,1.721,1.323,4.087,3.3082427586119967,4.572493018688381,0
TOI-669 b,1.0,GV,3.945151,0.0475,2.593032435,9.9,1179.925,5598.5,0.9891,0.91225,4.412,0.8622972158511781,4.383137705927135,0
TOI-6695 b,1.0,GV,80.389,0.402,9.52763359,66.74396547,599.0,6400.0,1.517,1.338,4.202,3.4640241210207634,1.8246938746191204,0
TOI-6695 c,1.0,GV,242.4,0.838,18.8118264444737,460.85119015,415.0,6400.0,1.517,1.338,4.202,3.4640241210207634,1.2638077998704222,0
TOI-672 b,1.0,KV,3.633575,0.0376646305624867,5.2604,76.18316079716928,676.15,3765.0,0.5441,0.5399,4.699,0.0533712314995804,3.786733935967928,0
TOI-674 b,1.0,MV,1.9771536,0.025,5.25,23.6,635.0,3514.0,0.42,0.42,4.81,0.0241321190646285,4.099488050572396,0
TOI-677 b,1.0,FV,11.23653396,0.10395,13.11451871,395.16730902,1252.0,6295.0,1.2802,1.1764,4.290000000000001,2.309023928032932,3.3646527165627647,0
TOI-6894 b,1.0,MV,3.37077196,0.02604,9.5836785,53.39517238,417.9,3007.0,0.2276,0.207,5.039,0.0037998642156552,2.8199386938881466,0
TOI-700 b,1.0,MV,9.977083,0.0663666666666666,0.987,0.9831330555197068,417.0,3466.6666666666665,0.4216666666666666,0.4153333333333333,4.807,0.0230396952270039,2.502063774513798,0
TOI-700 c,1.0,MV,16.051115,0.0927666666666666,2.6266666666666665,6.264255013850311,356.0,3470.0,0.42125,0.4155,4.80775,0.0230827515393424,2.1167254049279496,0
TOI-700 d,1.0,MV,37.42490333333333,0.1632,1.1356666666666666,1.179848222274964,268.8,3466.6666666666665,0.4216666666666666,0.4153333333333333,4.807,0.0230396952270039,1.5955605891998494,0
TOI-700 e,1.0,MV,27.80978,0.134,0.953,0.9393355757738872,248.60803840596893,3459.0,0.421,0.415,4.809,0.0227644042759695,1.7601376516123812,0
TOI-7041 b,1.0,KIV,9.691,0.0909871730621886,11.43316031,114.41822652,1279.3095929436793,4700.0,4.1,1.07,3.244,7.359511616670066,3.4298631077781003,0
TOI-712 b,1.0,KV,9.531361,0.07928,2.049,3.907776536816941,650.0,4622.0,0.674,0.732,4.645,0.1860070510889523,3.039125984448612,0
TOI-712 c,1.0,KV,51.69906,0.2447,2.701,6.605363312505682,369.9,4622.0,0.674,0.732,4.645,0.1860070510889523,1.729870289881345,0
TOI-712 d,1.0,KV,84.8396,0.3405,2.474,5.590612884170609,313.6,4622.0,0.674,0.732,4.645,0.1860070510889523,1.4664658921667693,1
TOI-7149 b,1.0,MV,2.65206166,0.02603,13.2,224.0,593.0,3363.0,0.351,0.344,4.88,0.0141387674746927,3.635943460143155,0
TOI-715 b,1.0,MV,19.288004,0.083,1.55,2.913461902947319,234.0,3075.0,0.24,0.225,5.0,0.0046205408463876,1.6467481978973804,0
TOI-733 b,1.0,GV,4.884765,0.0618,1.992,5.72,1055.8,5585.0,0.949,0.956,4.47,0.7861673161113519,3.933776599685073,0
TOI-7510 b,1.0,GV,11.5191845,0.10125,7.325941179999999,18.1,875.0,5770.0,1.0275,1.0415,4.4345,1.0499213416828783,3.207798686185736,0
TOI-7510 c,1.0,GV,22.56657115,0.1585,10.85816911,129.59009827,699.0,5770.0,1.0275,1.0415,4.4345,1.0499213416828783,2.5638345033172016,0
TOI-7510 d,1.0,GV,48.894434,0.2656,10.432944595,217.808896465,540.2,5770.0,1.0275,1.0415,4.4345,1.0499213416828783,1.9805717755410648,0
TOI-756 b,1.0,MV,1.2392495,0.018,2.81,9.83,934.0,3657.0,0.505,0.505,4.735,0.0409234696302257,5.297664127168555,0
TOI-756 c,1.0,MV,149.4,0.439,30.751742495104036,1287.20504835,194.0,3657.0,0.505,0.505,4.735,0.0409234696302257,1.0727250268914903,0
TOI-757 b,1.0,KV,17.46819,0.122,2.5,10.5,641.0,5278.0,0.78,0.8,4.5,0.4236006315059947,2.5611797660878373,0
TOI-762 A b,2.0,MV,3.4716826,0.03418,8.33948164,79.77493016,555.4,3266.0,0.425,0.442,4.827,0.0184387905739884,3.596665834356471,0
TOI-763 b,1.0,GV,5.6057,0.06,2.28,9.79,1038.0,5450.0,0.897,0.917,4.45,0.6368845963028454,3.9100654461869206,0
TOI-763 c,1.0,GV,12.2737,0.1011,2.63,9.32,800.0,5450.0,0.897,0.917,4.45,0.6368845963028454,3.0122018715245464,0
TOI-771 b,1.0,MV,2.32601825,0.0207499999999999,1.391,2.47,535.095,3285.5,0.237,0.22,4.907,0.0058720862792386,3.256696398366424,0
TOI-771 c,1.0,MV,7.61,0.046,1.656083564984545,2.87,365.0,3370.0,0.232,0.22,4.8,0.006228528030103,2.18729524356495,0
TOI-776 b,1.0,MV,8.24662,0.06525,1.824,4.5,517.0,3714.3333333333335,0.541,0.5433333333333333,4.751333333333334,0.0499813386180252,2.8861433688101097,0
TOI-776 c,1.0,MV,15.665321,0.10005,2.0335,6.1,417.5,3714.3333333333335,0.541,0.5433333333333333,4.751333333333334,0.0499813386180252,2.330771034768823,0
TOI-778 b,1.0,FV,4.633611,0.06,15.4,878.0,1561.0,6643.0,1.71,1.4,4.05,5.109037383899167,4.831292999921602,0
TOI-782 b,1.0,MV,8.0240015,0.0578,2.734,19.1,435.0,3370.0,0.413,0.397,4.804,0.0197382914232803,2.621237172330276,0
TOI-784 b,1.0,GV,2.7970365,0.038,1.93,9.67,1101.0482317082506,5558.0,0.907,0.91,4.48,0.704333903424671,4.89444983734952,0
TOI-813 b,1.0,GIV,83.89105,0.423,6.717694209999999,91.30865531950954,610.0,5907.0,1.94,1.32,3.86,4.111129841239049,1.7668177997552523,0
TOI-815 b,2.0,KV,11.197259,0.0903,2.94,7.6,686.0,4869.0,0.77,0.776,4.51,0.2989719186254172,2.93198652119002,0
TOI-815 c,2.0,KV,34.976145,0.193,2.62,23.5,469.0,4869.0,0.77,0.776,4.51,0.2989719186254172,2.0055208902118946,0
TOI-824 b,1.0,KV,1.392977666666667,0.02177,2.926,18.467,1253.0,4600.0,0.695,0.71,4.605,0.1940397855033456,5.71182566872129,0
TOI-833 b,1.0,KV,1.0418777,0.0171,1.27,1.364409822418216,1118.0,3920.0,0.6,0.61,4.67,0.0762669921464909,5.973678512049993,0
TOI-836 b,1.0,KV,3.81673,0.0422,1.704,4.53,871.0,4552.0,0.665,0.678,4.743,0.170350006361302,4.008977376411206,0
TOI-836 c,1.0,KV,8.59545,0.075,2.587,9.6,665.0,4552.0,0.665,0.678,4.743,0.170350006361302,3.007178441248305,0
TOI-837 b,1.0,GV,8.324898139999998,0.0859,9.169958736666668,120.45696625,1008.65,6027.2,1.0308,1.124,4.461399999999999,1.2580592091133602,3.61794164485802,0
TOI-849 b,1.0,GV,0.76553607,0.01574,3.542,40.445,1669.5926542909667,5315.4,0.9445,0.9495,4.48,0.6389069064007471,7.768194743387117,0
TOI-858 B b,2.0,GV,3.2797178,0.04435,14.06727078,349.6112477,1529.0,5842.0,1.308,1.081,4.238,1.7879342689726716,4.937885541024962,0
TOI-871 b,1.0,KV,14.362565,0.1054,1.664,3.464288926114558,621.0,4929.0,0.719,0.758,4.604,0.2737681387410141,2.682188408812145,0
TOI-880 c,1.0,KV,6.3872703,0.0635,4.95,65.00092983033278,805.0,5050.0,0.83,0.87,4.53,0.4019865730033566,3.702096607611957,0
TOI-880.02,1.0,KV,2.57465215,0.0345454775,2.48396145,5.633460037047469,1123.985,4992.5,0.8234995,0.8377075,4.525,0.377997409710718,4.92521944947417,0
TOI-892 b,1.0,FV,10.6265775,0.092,11.993619675,301.937743325,1397.0,6261.0,1.39,1.28,4.26,2.6637549245618333,3.730663302474136,0
TOI-904 b,1.0,KV,10.8772,0.056,2.426,5.386324492587566,429.43,3770.2,0.527,0.557,4.740055992309707,0.0503464249024547,3.154340470756529,0
TOI-904 c,1.0,KV,83.9997,0.312,2.167,4.346422412694661,217.26,3770.2,0.527,0.557,4.740055992309707,0.0503464249024547,1.3363655902193257,0
TOI-905 b,1.0,GV,3.739518033333333,0.04666,13.125739,211.99261,1192.0,5570.0,0.918,0.968,4.498,0.7277730898460623,4.555544521871191,0
TOI-907.01,1.0,FV,4.5849129,0.055225481,9.6158851,384.82366176359153,1846.6,6272.0,2.059789,1.069357,3.8399,5.890599792125163,4.4011542390128335,0
TOI-908 b,1.0,GV,3.183792,0.041657,3.186,16.137,1317.0,5626.0,1.028,0.95,4.45,0.9498936634723216,4.776313136016032,0
TOI-912 b,1.0,MV,4.6780691,0.041,1.93,5.1,551.0,3572.0,0.419,0.418,4.98,0.0256426967695953,3.1935314429915764,0
TOI-913 b,1.0,KV,11.098644,0.0911432299628682,2.4528,5.499941387466036,712.01,4969.0,0.7325,0.82,4.622,0.2934817465807103,2.99998927821378,0
TOI-942 b,1.0,KV,4.3249,0.0488066666666666,4.314,421.179,858.5334786954992,4948.5,0.8935,0.822,4.314,0.4295099825699448,4.1046045180804365,0
TOI-942 c,1.0,KV,10.157734,0.0862266666666666,5.084333333333333,415.7875,645.9159520487435,4948.5,0.8935,0.822,4.314,0.4295099825699448,3.088091030658369,0
TOI-954 b,1.0,GV,3.6849729,0.04963,9.550068,55.30242,1526.0,5710.0,1.892,1.201,3.962,3.414102433084945,4.920104761353487,0
TOI-969 b,1.0,KV,1.8237305,0.02636,2.765,9.1,941.0,4435.0,0.671,0.734,4.55,0.1562821534976568,5.2777681869082365,0
TOI-969 c,1.0,KV,1700.0,2.52,50.24428574898136,3591.4609991,96.4,4435.0,0.671,0.734,4.55,0.1562821534976568,0.5397874009170602,0
TRAPPIST-1 b,1.0,MV,1.510854205,0.01136835,1.109,1.374,390.925,2552.2,0.1184378333333333,0.0870539999999999,5.25172,0.0005339856364091,2.767710310388383,0
TRAPPIST-1 c,1.0,MV,2.421867772,0.015567024,1.07425,1.2813333333333332,334.65,2552.2,0.1184378333333333,0.0870539999999999,5.25172,0.0005339856364091,2.365192820502582,0
TRAPPIST-1 d,1.0,MV,4.0494570875,0.022110076,0.7870000000000001,0.37075,286.7333333333333,2552.75,0.1197,0.0877199999999999,5.2396,0.0005458977323241,1.992182761428717,0
TRAPPIST-1 e,1.0,MV,6.0993106975,0.0289857125,0.916,0.6946666666666665,250.5,2548.333333333333,0.1198666666666666,0.0872,5.2396,0.0005436403041378,1.7347673364327107,0
TRAPPIST-1 f,1.0,MV,9.2084309975,0.0382244025,1.0453333333333334,0.8843333333333333,218.35,2548.333333333333,0.1198666666666666,0.0872,5.2396,0.0005436403041378,1.510646586526766,0
TRAPPIST-1 g,1.0,MV,12.352980566666666,0.04640555,1.1346666666666667,1.2696666666666667,197.95,2548.333333333333,0.1198666666666666,0.0872,5.2396,0.0005436403041378,1.3710341243382955,0
TRAPPIST-1 h,1.0,MV,19.076785125,0.06217262,0.75875,0.3285,170.9,2548.333333333333,0.11860675,0.0879156,5.25778,0.0005322719764086,1.189346425189819,0
TYC 0434-04538-1 b,1.0,KIII,193.2,0.66,37.40919271786378,1938.763,738.141762769043,4679.0,9.99,1.04,2.49,42.91736079809215,1.2555085825484953,0
TYC 1422-614-1 b,1.0,KIV,198.4,0.69,24.4120773626952,794.5,614.0170954905568,4806.0,6.85,1.15,2.85,22.45980900813468,1.29121736720185,0
TYC 1422-614-1 c,1.0,KIV,559.3,1.37,47.388364368034615,3178.0,435.7573535883949,4806.0,6.85,1.15,2.85,22.45980900813468,0.9163547187391072,0
TYC 2187-512-1 b,1.0,MV,691.9,1.22,9.264997097004734,104.88337431,96.44349800574568,3734.0,0.495,0.498,4.68,0.0427363573637547,0.6390130684814316,0
TYC 3318-01333-1 b,1.0,KIV,562.0,1.414,28.362030366939205,1086.9786,395.5866030317515,4776.0,5.9,1.19,2.97,16.24991695024248,0.9175373667495286,0
TYC 3667-1280-1 b,1.0,KIV,26.468,0.21,35.28987098817524,1716.282,1350.0,5130.0,6.26,1.87,3.11,24.350505249478136,2.984600035951253,0
TYC 4282-00605-1 b,1.0,KIII,101.54,0.422,49.12452867081129,3426.2074,1080.6366524855234,4300.0,16.21,0.97,2.0,80.59900899721349,1.516368051404892,0
Teegarden's Star b,1.0,MV,4.90817,0.02555,1.0489324026576583,1.105,277.0,2969.0,0.1134999999999999,0.093,5.19,0.0008980951755242,1.908187321792244,0
Teegarden's Star c,1.0,MV,11.4125,0.0448999999999999,1.0375098475150415,1.08,209.0,2969.0,0.1134999999999999,0.093,5.19,0.0008980951755242,1.4394390746356116,0
Teegarden's Star d,1.0,MV,26.13,0.0791,0.9094160377114416,0.82,159.0,3034.0,0.12,0.097,5.19,0.0010947492286523,1.1075736356075248,0
TrES-1 b,2.0,KV,3.030070306615385,0.0393175,12.188644000000002,241.546268,1143.5,5235.446,0.8298,0.8976666666666668,4.545124444444444,0.4641426194969856,4.779028116275847,0
TrES-2 b,2.0,GV,2.4706160903933334,0.0357129411764705,13.652056280000002,473.5667,1421.5833333333333,5842.2962962962965,1.0038404761904762,1.36,4.441054545454546,1.0533036061374017,6.172081170602061,0
TrES-3 b,1.0,GV,1.3061743367333334,0.02277,14.754231714285712,592.07123625,1630.3333333333333,5640.9,0.8185164545454545,0.9235,4.543157777777778,0.6086088759924082,6.369596455402291,0
TrES-4 b,2.0,FV,3.553935886153845,0.050845,19.76520051,256.487385648,1804.8,6222.416666666667,1.816727272727273,1.08,4.038109090909091,4.439209875484645,4.609594639428699,0
TrES-5 b,1.0,KV,1.4822155056250002,0.0245174999999999,13.4929135,569.06868,1480.0,5171.0,0.8664,0.8946000000000002,4.523,0.4815317061978477,6.041591244661303,0
V0391 Peg b,1.0,sdB,1170.0,1.7,27.473942730293366,1017.056,437.0016067637456,29300.0,0.23,0.5,5.4,34.97969379368116,0.5424197890331496,0
V1298 Tau b,3.0,KV,24.1381902,0.1697999999999999,9.9373488125,203.41018048,672.5,5010.0,1.3296666666666666,1.1075,4.246,0.9993700192424972,2.554335907326363,0
V1298 Tau c,3.0,KV,8.2479725,0.0833,5.265377040000001,76.27881768,968.0,5050.0,1.3375,1.098,4.225836786288612,1.0438616531597995,3.631229127001297,0
V1298 Tau d,3.0,KV,12.401666666666666,0.1093,6.324651639999999,98.52680617,845.0,5050.0,1.3375,1.098,4.225836786288612,1.0438616531597995,3.1700497140718498,0
V1298 Tau e,3.0,KV,49.46747499999999,0.2744499999999999,9.2236484075,344.843821595,492.0,4995.5,1.3683333333333332,1.1565,4.227,1.046139298209111,2.053128752381307,0
V830 Tau b,1.0,KIV,4.9285,0.057,13.590801976781972,233.60505,1020.8042185982792,4250.0,2.0,1.0,3.835762036233109,1.1708615960658249,4.189262325924116,0
WASP-1 b,2.0,FV,2.519949029090909,0.0390442857142857,17.347282,282.68128444444443,1813.25,6142.166666666667,1.494,1.27775,4.226500000000001,2.850213757570069,5.721622329982226,0
WASP-10 b,1.0,KV,3.093547876666667,0.037662,12.5347052,1009.0935,1370.0,4678.75,0.698,0.751,4.512833333333334,0.209469142912258,4.466252403915465,0
WASP-100 b,2.0,FV,2.8493792750000004,0.04572,14.90797,400.4658,2190.0,6872.166666666667,1.672285,0.77,4.11365,5.596096218260812,4.104565927622541,0
WASP-101 b,1.0,FV,3.585713235714286,0.050585,15.877853333333334,159.65493666666666,1560.0,6390.0,1.2966666666666666,1.354,4.331,2.51506941434019,5.1745601424056105,0
WASP-102 b,1.0,GV,2.709813,0.041,14.90794433,197.68926915,1671.0,5990.0,1.375,1.08,4.2,2.1837480785283883,5.133279756760049,0
WASP-103 b,1.0,FV,0.9255444922857142,0.019828,17.450094802,468.79484165800005,2497.333333333333,6110.0,1.4302857142857144,1.2155714285714283,4.2188,2.5579985430393832,7.83115411202855,0
WASP-104 b,2.0,GV,1.7554085483333337,0.02919,12.7448165,403.63572,1516.0,5468.75,0.963,1.076,4.503,0.7442086365064198,6.072451742209725,0
WASP-105 b,1.0,KV,7.872887865,0.075,10.76064,572.094,900.0,5070.0,0.9,0.89,4.2,0.4801829177245183,3.445397669394548,0
WASP-106 b,1.0,FV,9.2897087625,0.0911666666666666,11.96566104,586.7069738775,1140.0,6069.571428571428,1.4137999999999995,1.18775,4.297,2.433872991571757,3.61010194093336,0
WASP-107 b,1.0,KV,5.72148341,0.0553666666666666,10.517427,35.040194,726.1666666666666,4427.857142857143,0.663375,0.689,4.544333333333333,0.151768783805104,3.528258577943037,0
WASP-107 c,1.0,KV,1088.0,1.8231931553011975,9.682328828038168,115.0,108.77029130026864,4425.0,0.67,0.683,4.633,0.1544160914585398,0.6121657039253235,0
WASP-108 b,1.0,FV,2.676,0.0397149672121818,14.762227585000002,283.50293904,1589.5,6000.0,1.215,1.167,4.33574032773778,1.7165142271069316,5.421672845352118,0
WASP-11 b,3.0,KV,3.722476174444444,0.0435025,11.2202,251.0857,976.0,4870.0,0.7777142857142857,1.42,4.4738,0.3052430946091148,5.714286990745659,0
WASP-110 b,1.0,GV,3.77840142,0.0443288756174208,13.534844195000002,158.43746089,1158.0,5396.0,0.853,0.814,4.2935,0.5534465394957625,4.285917712536707,0
WASP-113 b,1.0,GV,4.542168259076,0.05885,16.135341314999998,150.96925,1478.0,5890.0,1.608,1.318,4.2,2.7920495279820043,4.73325013027322,0
WASP-114 b,2.0,GV,1.548820396,0.02851,15.008851,562.24127,2043.0,5940.0,1.43,1.289,4.3,2.284061034027711,6.725163295168434,0
WASP-116 b,1.0,FV,6.6132,0.065,13.67495645,203.41018048,1414.0,6250.0,1.426,1.25,4.25,2.78387012477769,4.386047312913912,0
WASP-117 b,1.0,FV,10.021047985714286,0.094615,11.589976333333333,90.220121,1001.0,6030.150000000001,1.22,1.1547999999999998,4.277652000000001,1.7657205549757231,3.494204950947401,0
WASP-118 b,1.0,FV,4.0460424716666665,0.0541966666666666,14.6765765,164.31811,1741.0,6410.0,1.7105,1.3197500000000002,4.1,4.431677260127846,4.935538353927492,0
WASP-119 b,1.0,GV,2.4998019350000003,0.0363,15.6926,390.9309,1600.0,5650.0,1.2,1.016,4.273259999999999,1.3165766042173068,5.291374809233733,0
WASP-12 b,3.0,FV,1.0912978925333334,0.02323,20.707729108,466.719325,2545.657142857143,6267.642857142857,1.6386666666666665,1.3581249999999998,4.157486666666666,3.7178173950792384,7.647513475415433,0
WASP-120 b,1.0,FV,3.6112682175,0.0514,16.045670085,1541.4755,1814.5,6450.0,1.87,1.393,4.035,5.430151188735168,5.206777059120964,0
WASP-121 b,1.0,FV,1.2749251046666668,0.0255274999999999,19.848883710000003,371.8598643633334,2495.6666666666665,6540.0,1.4584285714285714,1.35,4.242218333333334,3.491171397786563,7.273404246867095,0
WASP-123 b,2.0,GV,2.977642846666667,0.04263,14.952792975,285.72917,1510.0,5740.0,1.285,1.166,4.286,1.6082133942907075,5.230781666139239,0
WASP-124 b,1.0,FV,3.3726500414285714,0.0449,14.4427836,187.04249542,1440.5,6091.6,1.02,1.07,4.439800000000001,1.285333140941559,4.88251630552857,0
WASP-126 b,1.0,GV,3.2887968216666663,0.0449,10.76064,89.6462,1480.0,5775.108,1.27,1.12,4.273580000000001,1.6096732738279615,4.995291365175121,0
WASP-126 c,1.0,GV,7.63,0.078770248662548,7.3257028024438275,64.2,944.3319898156476,5800.0,1.27,1.12,4.279432608319339,1.6376054165500749,3.771402521426999,0
WASP-127 b,2.0,GV,4.178062831428572,0.0501999999999999,15.0256645,54.778000500000005,1400.0,5672.0025000000005,1.370072,1.048,4.1850725,1.7430999319455749,4.569869168168922,0
WASP-129 b,2.0,GV,5.748138770000001,0.0628,10.42437,317.83,1100.0,5900.0,0.9,1.0,4.53,0.8806085857292535,3.991123458236871,0
WASP-13 b,1.0,GV,4.3530111087500005,0.05504,13.67498,114.4188,1531.0,5895.166666666667,1.4645,0.72,4.0915,2.3240900612851405,3.6174456896655713,0
WASP-130 b,1.0,GV,11.550976025,0.1012,9.97601,390.9309,833.0,5625.0,0.96,1.04,4.49,0.827794283905735,3.2062796409541976,0
WASP-131 b,1.0,GV,5.3220164400000005,0.06075,13.70859517,86.290627555,1460.0,6020.0,1.5377500000000002,1.06,4.085500000000001,2.7864245406288304,4.1778685885230855,0
WASP-132 b,1.0,KV,7.133515985714285,0.0671333333333333,9.967040536666667,133.1704291,722.5,4750.0,0.7451666666666666,0.7951666666666668,4.596,0.2536127757962803,3.4421909727643385,0
WASP-132 c,1.0,KV,1.01153512,0.018265,1.8455,6.26,1329.0,4700.0,0.7555000000000001,0.7855000000000001,4.568,0.2498907721856541,6.5590092049585484,0
WASP-132 d,1.0,KV,1816.6,2.71,34.53043992455071,1639.99458012,107.0,4686.0,0.758,0.789,4.56,0.2485635244526882,0.5396707003953678,0
WASP-133 b,1.0,GV,2.1764233,0.0345,13.56289,368.6828,1790.0,5700.0,1.4400000000000002,1.16,4.18,1.963876877614727,5.799551790270731,0
WASP-135 b,1.0,GV,1.40137895,0.0243,14.5717,603.877,1446.3530032043975,5675.0,0.96,0.98,4.47,0.8576217360777948,6.351625520681532,0
WASP-136 b,1.0,FV,5.215356380000001,0.0661,15.916761473333333,479.922097285,1686.0,6257.5,2.2075,1.41,3.9,6.703393402135605,4.61938128556708,0
WASP-138 b,1.0,FV,3.63443585,0.0494,12.21781,387.7526,1590.0,6272.0,1.36,1.22,4.25,2.5679813504414115,4.9704009642308495,0
WASP-139 b,2.0,KV,5.924265433333333,0.062,8.9672,37.18611,910.0,5310.0,0.8,0.92,4.59,0.4565074908420451,3.8527697279061672,0
WASP-140 b,2.0,KV,2.2359840375,0.0323,15.188182745,775.5052,1295.0,5270.0,0.87,0.9,4.51,0.5238064188303654,5.279526541584357,0
WASP-141 b,1.0,FV,3.3106619475,0.0469,13.56289,854.9627,1540.0,5900.0,1.37,1.25,4.26,2.0405114253768346,5.163492720957056,0
WASP-142 b,1.0,FV,2.052869265,0.0347,17.14977,266.9772,2000.0,6010.0,1.64,1.33,4.13,3.148295104610397,6.19207299073115,0
WASP-144 b,1.0,KV,2.2783143425,0.0316,9.52765,139.8452,1260.0,5200.0,0.81,0.81,4.53,0.4304009906427531,5.0637697739685805,0
WASP-145 A b,2.0,KV,1.7690381266666666,0.0261,10.0881,282.8687,1200.0,4900.0,0.68,0.76,4.65,0.2391619002857629,5.397113191575264,0
WASP-147 b,1.0,GV,4.602739166666667,0.0549,12.498035,87.40325,1404.0,5702.0,1.429,1.044,4.146458068645374,1.9367035982557124,4.3615319789302776,0
WASP-148 b,1.0,GV,8.8037632,0.083325,8.4011345175,97.09669423,940.0,5478.0,0.912,0.981,4.4517500000000005,0.6719974704830232,3.4317988668597383,0
WASP-148 c,1.0,GV,34.52233333333333,0.20725,10.158271640603065,127.1315752,590.0,5484.0,0.9085,0.962,4.469,0.669775870859025,2.154841099961448,0
WASP-149 b,1.0,GV,1.332813,0.024,15.24421375,314.96795134,1855.0,5750.0,1.08,1.05,4.4,1.1439544701356286,6.615520394934666,0
WASP-15 b,1.0,FV,3.752095368888889,0.0503375,15.812125,176.51058833333337,1676.0,6313.125,1.4779999999999998,1.18,4.309749999999999,3.113266309307102,4.842505986967021,0
WASP-150 b,1.0,FV,5.6442071,0.0694,11.99363,2688.8418,1460.0,6218.0,1.651,1.394,4.147,3.6558373651930425,4.482565410918937,0
WASP-151 b,1.0,GV,4.533471325,0.055,12.985615045,99.480538305,1301.0,5871.0,1.1536666666666664,1.0783333333333334,4.35,1.4187270871946691,4.428637716290519,0
WASP-153 b,1.0,GV,3.33260914,0.048,17.37395,123.9537,1700.0,5914.0,1.73,1.336,4.1,3.2847879358774468,5.276641567547811,0
WASP-154 b,1.0,KV,3.811678,0.044,10.76062147,198.96058278,994.0,4774.0,0.823,0.8,4.47,0.3156597288139624,4.264750602573286,0
WASP-155 b,1.0,GV,3.110413,0.043,13.45077684,276.8285425,1468.0,5660.0,1.24,1.09,4.3,1.4157903408225838,5.035632237259452,0
WASP-156 b,1.0,KV,3.8361651966666654,0.04555,5.872309075,41.24112,952.25,4925.4,0.7733599999999999,0.84784,4.58525,0.315805206237522,4.315068997311382,0
WASP-157 b,1.0,GV,3.9516708088888897,0.0514,11.541240312,182.43442,1266.0,5795.0,1.119682857142857,1.063939,4.434405714285714,1.2685093397719418,4.550423199333733,0
WASP-158 b,1.0,FV,3.6563319,0.0517,11.99363,886.7457,1590.0,6350.0,1.39,1.38,4.3,2.818476068747794,5.167366384335808,0
WASP-159 b,1.0,FV,3.8404104,0.0538,15.46842,174.8065,1850.0,6120.0,2.11,1.41,3.94,5.603513842829358,5.120276364814273,0
WASP-160 B b,2.0,KV,3.768494346666667,0.0452,12.21781,88.35674,1119.0,5298.0,0.868,0.87,4.5003018298267055,0.5325705119165229,4.387987612638511,0
WASP-161 b,1.0,FV,5.4057643,0.0673,12.811887,791.3967,1557.0,6400.0,1.712,1.39,4.111,4.411814732248353,4.545428723266463,0
WASP-162 b,1.0,KV,9.6246698,0.0871,11.209,1652.716,910.0,5300.0,1.11,0.95,4.33,0.8722466013890526,3.3031455365394105,0
WASP-163 b,1.0,GV,1.6096884,0.0266,13.473218,594.3421,1638.0,5500.0,1.015,0.97,4.411,0.845809760341999,6.039764884912724,0
WASP-164 b,1.0,GV,1.777134015,0.02818,12.643752,676.9779,1610.0,5806.0,0.932,0.946,4.474881339254901,0.8855840799139874,5.794954865784598,0
WASP-165 b,1.0,GV,3.4655069666666662,0.04823,14.12334,209.13214,1624.0,5599.0,1.75,1.248,4.047960515534888,2.70027389149983,5.087725196307241,0
WASP-166 b,1.0,FV,5.44354055,0.0641,7.06167,32.10083,1270.0,6050.0,1.22,1.19,4.34,1.7890851458290449,4.309426221902733,0
WASP-167 b,1.0,FV,2.021958974,0.0365,17.71022,2542.64,2329.0,7000.0,1.79,1.59,4.13,6.902208464768975,6.601264187878181,0
WASP-168 b,2.0,FV,4.1536577333333335,0.0519,16.8135,133.4886,1340.0,6000.0,1.12,1.08,4.37,1.4585821581960303,4.562503207711625,0
WASP-169 b,1.0,FV,5.611416975,0.0681,14.616536,178.30263,1604.0,6110.0,2.011,1.337,3.958,5.056835569468792,4.43166712286954,0
WASP-17 b,1.0,FV,3.7350027674999993,0.0510933333333333,20.994046666666662,247.9074,1751.0,6576.727272727273,1.5577690000000002,2.28,4.204144444444444,4.073195869620677,6.681289482302345,0
WASP-170 b,1.0,GV,2.344778726666666,0.0337,12.285064,508.528,1422.0,5600.0,0.938,0.93,4.466,0.7763322624616736,5.254138392846626,0
WASP-171 b,1.0,GV,3.8186251,0.0504,10.98482,344.52772,1642.0,5965.0,1.637,1.171,4.08,3.043890329096674,4.821011453899416,0
WASP-172 b,1.0,FV,5.4774326,0.0694,17.59811485,149.379725645,1740.0,6900.0,1.91,1.49,4.066666666666666,7.4191294266698415,4.634345230559597,0
WASP-173 A b,2.0,GV,1.3866531639999995,0.02494,13.768380613333331,1149.4832072766667,1861.0,5766.75,1.10725,1.05,4.40825,1.216482106168131,6.489652000792029,0
WASP-174 b,1.0,FV,4.2337,0.055465,15.339502635,104.88337431,1509.0,6399.666666666667,1.3223333333333334,1.28,4.304333333333333,2.631486564763505,4.804746290371081,0
WASP-175 b,1.0,FV,3.0652939166666666,0.04403,13.540472,314.6517,1571.0,6229.0,1.204,1.212,4.359,1.958015598619508,5.247494005854392,0
WASP-176 b,1.0,FV,3.899052,0.0535,16.869545,271.74465,1721.0,5941.0,1.925,1.345,3.995,4.141803847081202,5.014864870881904,0
WASP-177 b,1.0,KV,3.07172125,0.03957,17.71022,161.45764,1142.0,5017.0,0.885,0.876,4.486,0.445197580551424,4.705914278447574,0
WASP-178 b,1.0,AIV,3.3448355333333333,0.05515,21.016875,487.86905,2436.0,9000.0,1.67,2.0,4.2605,16.416963401846782,6.023060470349829,0
WASP-18 b,2.0,FV,0.9414345015833332,0.020311,13.403238607,3280.541104672728,2408.5,6411.461538461538,1.2594999999999998,1.261875,4.375348750000001,2.404996003226209,7.8834714478177474,0
WASP-18 c,2.0,FV,2.1558,0.035,6.814965687450569,55.2,1538.418393160134,6400.0,1.23,1.22,4.344371635357024,2.277298545594366,5.90501325948484,0
WASP-180 A b,2.0,FV,3.40926441,0.048,13.89916,286.047,1540.0,6600.0,1.19,1.3,4.42,2.4107907415174985,5.205063611730385,0
WASP-181 b,1.0,GV,4.519504906666668,0.05427,13.271456,95.03117,1186.0,5839.0,0.965,1.04,4.487,0.9711769754712613,4.378362775779543,0
WASP-182 b,1.0,GV,3.376986366666667,0.0451,9.52765,47.03884,1479.0,5638.0,1.34,1.076,4.218,1.627795085038429,4.885318114752853,0
WASP-183 b,1.0,GV,4.111768433333334,0.04632,16.47723,159.55066,1111.0,5313.0,0.871,0.784,4.452,0.5423572170645913,4.11480008337955,0
WASP-184 b,1.0,GV,5.1817145,0.0627,14.90797,181.1631,1480.0,6000.0,1.65,1.23,4.09,3.1656488565758067,4.429898435892055,0
WASP-185 b,1.0,GV,9.38755,0.0904,14.01125,311.4734,1160.0,5900.0,1.5,1.12,4.13,2.446134960359037,3.5204629661672016,0
WASP-186 b,1.0,FV,5.0267981,0.06,12.44197929,1341.2392387700002,1271.162183772162,6340.666666666667,1.4666666666666666,1.2166666666666666,4.162,3.1195531109867365,4.503862918346657,0
WASP-187 b,1.0,FV,5.1478804,0.0653,18.38276,254.264,1641.6769443350624,6150.0,2.83,1.54,3.722,10.279291551287256,4.857119110615053,0
WASP-188 b,1.0,FIV,5.748916,0.072,14.81827249,458.6263913,1666.0,6850.0,1.83,1.5,4.1,6.615372680150328,4.565142781671342,0
WASP-189 b,1.0,AV,2.7240319,0.05053,18.14733975,632.47852993,3353.0,8000.0,2.36,2.03,3.9,20.46792438470297,6.339402894662409,0
WASP-19 b,1.0,GV,0.7889408800769231,0.0164185714285714,15.544114685,361.2293308055556,2123.125,5514.636363636364,1.010415,0.9603333333333334,4.41295375,0.8471434176007018,7.649240264225653,0
WASP-190 b,1.0,FIV,5.367760175,0.0663,12.89035,317.83,1500.0,6400.0,1.6000000000000003,1.3500000000000003,4.17,3.8534498491120233,4.513205451197033,0
WASP-192 b,1.0,GV,2.8786709,0.0408,13.78707,731.009,1620.0,5910.0,1.32,1.09,4.236,1.9071622240889905,5.169614411901655,0
WASP-193 b,2.0,FV,6.246340999999999,0.0672,15.59729664,39.887465075,1252.0,6079.0,1.226,1.0385,4.282,1.8416172060252856,3.931819732170756,0
WASP-194 b,1.0,FV,3.183387,0.047,15.47960235,373.13054982,1693.0,6405.0,1.409,1.29,4.27,2.9977014121851604,5.239874799477735,0
WASP-195 b,1.0,FV,5.051928,0.063,10.31226224,33.05415433,1522.0,6300.0,1.578,1.3,4.14,3.519379058666632,4.543351999583756,0
WASP-197 b,1.0,FV,5.167228,0.065,14.44837612,403.32424848,1665.0,6050.0,2.112,1.36,3.9,5.361658836815957,4.57496483066896,0
WASP-2 b,2.0,KV,2.152222291428571,0.0309533333333333,11.835600199999998,283.596162,1293.8333333333333,5178.916666666667,0.8366666666666666,0.8755,4.493349,0.4518044197473833,5.319237073837477,0
WASP-20 b,2.0,FV,4.899638504,0.0593633333333333,15.6478678425,105.94195666666668,1341.0,5940.0,1.362,1.2,4.26325,2.0720004483382577,4.496829976972282,0
WASP-21 b,1.0,GV,4.322506584444445,0.051405,12.811156514,92.678340066,1336.5,5841.333333333333,1.1526666666666665,0.995,4.251956,1.3878587810428833,4.400315767003087,0
WASP-22 b,1.0,GV,3.5327152150000005,0.04742,13.1481526,189.31939666666668,1466.0,6015.857142857143,1.2346,1.46,4.4156,1.7911520468803148,5.549714439142106,0
WASP-23 b,1.0,KV,2.944427564,0.0373,10.783029,280.161285,945.7132783584652,5150.0,0.765,0.78,4.4,0.369353004756687,4.573702049792213,0
WASP-24 b,3.0,FV,2.34121761,0.03631,14.80411175,355.903248,1772.0,6080.285714285715,1.3435,1.43,4.2635000000000005,2.213406296119904,6.276678416021066,0
WASP-25 b,1.0,GV,3.764831192727273,0.0475425,13.467612870000002,176.712096925,1213.5,5726.888888888889,0.9154285714285716,1.002142857142857,4.51475,0.8087490895097454,4.591967377613154,0
WASP-26 b,2.0,GV,2.7565983012499995,0.03987,14.228753704000004,270.1555,1655.0,5969.714285714285,1.3095714285714286,0.86,4.32,1.95417033707971,4.645164429670075,0
WASP-28 b,1.0,FV,3.40883481875,0.044536,14.009102894,287.821768764,1465.6666666666667,6136.8,1.0918,1.0146666666666666,4.366,1.516854446039982,4.773985290348681,0
WASP-29 b,1.0,KV,3.9227179775,0.0456699999999999,8.771160499999999,76.5166925,970.0,4800.0,0.802857142857143,0.8140000000000001,4.5,0.3069950341846013,4.22251966295407,0
WASP-31 b,1.0,FV,3.40515911125,0.0465966666666666,17.331981,152.9540025,1577.5,6280.25,1.2547925,1.163,4.30885,2.197563368470205,4.996747642806673,0
WASP-33 b,2.0,AV,1.2198694257142857,0.0251166666666666,17.847562,665.21819,2752.35,7362.444444444444,1.55021,1.6135000000000002,4.306728333333333,6.33518119697936,8.0163831755333,0
WASP-34 b,1.0,GV,4.317680901666667,0.05225,12.852993333333332,182.9881975,1250.0,5700.0,0.925,1.0,4.5,0.8103501897227531,4.375541795282308,0
WASP-35 b,1.0,GV,3.1615724185714287,0.04315,14.721193333333332,225.76204333333337,1218.8788778386408,5990.0,1.086666666666667,1.0633333333333337,4.4,1.3639229284477246,4.965000517793769,0
WASP-36 b,2.0,GV,1.537365162625,0.0264939999999999,14.571754199999996,733.6091079999999,1728.5,5936.0,0.9581666666666668,1.0482,4.491333333333333,1.0226983036289858,6.2910523001964025,0
WASP-37 b,1.0,GV,3.577476173333333,0.0446499999999999,13.00222,559.3688,1116.5501102504536,5809.818,1.003,0.92625,4.2895475,1.0283520711585905,4.555419356826323,0
WASP-38 b,1.0,FV,6.875880685714285,0.075715,12.557137999999998,1093.3352,1250.0,6172.0,1.3764,1.76,4.25,2.466509811801416,4.822145990902631,0
WASP-39 b,1.0,GV,4.055754254,0.0485125,14.536128791666668,88.92815399999999,1134.3333333333333,5368.666666666667,0.9891571428571428,0.9214444444444444,4.411378571428572,0.7292663807618257,4.358958497936079,0
WASP-4 b,1.0,GV,1.3382198602,0.0229925,15.21207672,385.90747524500006,1668.8333333333333,5477.0,0.9042548,0.9155555555555556,4.487388333333333,0.6601497440546739,6.311378666812189,0
WASP-41 b,1.0,GV,3.052401608571429,0.040355,13.132504399999998,294.18092800000005,1243.0,5497.666666666667,0.8810000000000001,0.906,4.532666666666668,0.6361437780489123,4.739040355804498,0
WASP-41 c,1.0,GV,421.0,1.07,27.39164948316832,1010.6994,241.0,5545.0,0.87,0.93,4.53,0.6419993038530113,0.9324478875794284,1
WASP-42 b,1.0,GV,4.981683596666667,0.0552333333333333,12.199221666666666,161.87908000000002,1021.0,5246.0,0.8720000000000001,0.8999999999999999,4.515,0.5166970295752824,4.037342670679539,0
WASP-43 b,1.0,KV,0.8124380391538462,0.01463,10.9331945,606.09746,1388.35,4308.727272727273,0.6391999999999999,0.636,4.563128888888889,0.1263453914091879,6.594492501170644,0
WASP-44 b,1.0,GV,2.4238094260000005,0.034576,12.020475732,277.971467136,1315.0,5411.25,0.92,0.9456666666666664,4.498749999999999,0.6511123005549663,5.230661909399166,0
WASP-45 b,2.0,KV,3.1260754666666672,0.0403025,12.1011484,318.844294,1161.5,5130.0,0.9253333333333332,0.8983333333333334,4.474333333333333,0.5320540146526009,4.72201919395566,0
WASP-46 b,1.0,GV,1.430370715714286,0.0237233333333333,13.667577333333334,626.2217666666667,1636.0,5610.0,0.858,0.924,4.489,0.6542080302572997,6.24199065352304,0
WASP-47 b,1.0,GV,4.159182226470588,0.051425,12.511909090909093,363.6843222222222,1210.5,5503.857142857143,1.1421106666666667,1.0362857142857145,4.326016000000001,1.0739271867924662,4.489806138850535,0
WASP-47 c,1.0,GV,585.8385714285714,1.3876666666666668,18.036303192781368,422.0348666666666,233.15,5547.333333333333,1.145857142857143,1.0408,4.32628,1.1155469533121758,0.8661957482959374,0
WASP-47 d,1.0,GV,9.030518608,0.0865,3.4853,14.071428571428571,885.0,5580.2,1.133233,1.033,4.3263475,1.11719075873939,3.456345042297922,0
WASP-47 e,1.0,GV,0.7896356623076921,0.017015,1.76725,9.98375,1992.0,5542.636363636364,1.1339441666666668,1.029875,4.324077999999999,1.0887765018589264,7.781283978238314,0
WASP-48 b,1.0,GV,2.1436342844444445,0.0341324999999999,17.724112,254.264,1995.5,5940.0,1.716,0.88,4.047750000000001,3.2890478889999044,5.078462741952784,0
WASP-49 b,2.0,GV,2.781737741428572,0.0381766666666666,12.71660175,122.84011,1400.0,5600.0,0.9748,0.9344,4.5,0.8384419493382453,4.94814475155854,0
WASP-5 b,1.0,GV,1.6283974924999998,0.0271074999999999,12.846928125,503.3552325,1735.2,5765.068181818182,1.0725714285714285,0.991222222222222,4.399856,1.1401450067096717,6.04805547084528,0
WASP-50 b,1.0,GV,1.9550949937,0.0294,13.096595762000002,477.808552458,1394.84,5400.0,0.8425714285714285,0.8917142857142857,4.52,0.5415996133867526,5.508256821137129,0
WASP-52 b,1.0,KV,1.74978153,0.02692,14.057222455,144.05582465999998,1313.0,5024.857142857143,0.7893333333333334,0.8651428571428571,4.543634285714286,0.3563736733309102,5.669977943166234,0
WASP-53 b,1.0,KV,3.309843455,0.04101,12.038466,677.61356,1053.0,4953.0,0.798,0.839,4.553,0.3438499334305996,4.523880035393557,0
WASP-53 c,1.0,KV,2840.0,3.73,59.95880106800057,5196.5205,92.89478071094838,4953.0,0.798,0.839,4.553,0.3438499334305996,0.4743528874024529,0
WASP-54 b,2.0,FV,3.693624286,0.049875,18.255565666666666,194.08522666666667,1759.0,6100.0,1.811,1.17975,3.998,4.074235143964962,4.864391519260473,0
WASP-55 b,2.0,GV,4.465741799166666,0.05412,14.753469377142858,188.4078173,1321.0,5998.444444444444,1.0865440000000002,1.0905,4.389416,1.3713207561917171,4.48961318704658,0
WASP-56 b,2.0,GV,4.617080720000001,0.05536,11.672229333333334,143.0235,1216.0,5600.0,1.0816,0.71,4.387499999999999,1.0322272387434086,3.581839468099248,0
WASP-57 b,1.0,GV,2.83892782,0.0380033333333333,11.268633333333334,207.54007,1294.5,5600.0,0.8724000000000001,0.9369999999999998,4.5435,0.6715421423105832,4.966311246054933,0
WASP-58 b,2.0,GV,5.017199205714285,0.05615,15.581733333333332,292.2947566666667,1270.0,5839.0,1.18,0.964,4.29688,1.4521375829108798,4.144180096977918,0
WASP-59 b,1.0,KV,7.919585,0.0697,8.686978346666665,273.6474084133333,670.0,4650.0,0.612,0.7193333333333333,4.635,0.1571102449824259,3.2130958984067304,0
WASP-6 b,1.0,GV,3.360903286,0.04189,12.997656392857143,148.766234345,1161.5,5429.494545454546,0.8461762500000001,0.8837499999999999,4.573531428571428,0.5582762053443626,4.593931521676784,0
WASP-60 b,1.0,GV,4.305003185714285,0.0538966666666666,10.71867125,169.1633625,1399.5,5934.166666666667,1.1459999999999997,1.1004,4.297,1.4611609065466542,4.519280749559796,0
WASP-62 b,1.0,FV,4.411942571818181,0.05684,15.2443625,177.82386000000002,1475.3,6268.875,1.2633333333333334,1.2385714285714289,4.3994125,2.211486034830948,4.668834485724096,0
WASP-63 b,1.0,GV,4.378084516666667,0.055785,15.580553333333333,115.37049,1304.8379615507602,5558.0,1.87,1.3,4.01,2.9939685417301085,4.828229902581104,0
WASP-64 b,2.0,GV,1.5732908807999997,0.0265,14.2468195,396.007715,1689.0,5437.5,1.058,1.004,4.392,0.8779267161371498,6.156287643655213,0
WASP-65 b,1.0,GV,2.311422298,0.0334,12.464204,491.0391,1480.0,5600.0,1.01,0.93,4.4,0.9000874483853426,5.2776820733928576,0
WASP-66 b,1.0,FV,4.086051439999999,0.0546033333333333,15.608655,743.7145499999999,1514.9686838675502,6593.333333333333,1.7533333333333332,1.306,4.3,5.212414677117719,4.891442972896389,0
WASP-67 b,1.0,GV,4.613784648571428,0.0514966666666666,14.126237499999998,133.168125,1003.0,5224.0,0.8719999999999999,0.8779999999999999,4.4415,0.5080839696757683,4.129834830197138,0
WASP-68 b,2.0,GV,5.0843026,0.062125,14.198346666666666,316.44990333333334,1490.0,5910.5,1.715,1.3025,4.116666666666666,3.2204383179935143,4.579632714640932,0
WASP-69 b,1.0,KV,3.8681387557142863,0.0452675,11.2921632,83.8952,965.6666666666666,4719.571428571428,0.8109999999999998,0.8266666666666665,4.535,0.2927802731941029,4.274122270150087,0
WASP-7 b,1.0,FV,4.954646889,0.061936,13.852455833333332,329.11296500000003,1474.5,6426.666666666667,1.452333333333333,1.291,4.283285714285714,3.22823810737731,4.566321948107557,0
WASP-70 A b,2.0,GV,3.7130186125,0.04854,13.047138,188.628255,1387.0,5747.25,1.215,1.106,4.314,1.4450496250282334,4.774222568927242,0
WASP-71 b,1.0,FV,2.9036758485714285,0.0461366666666666,13.22662,441.7837,2032.55,6053.0,1.82,0.76,3.9168,3.989471083703069,4.059370330253342,0
WASP-72 b,1.0,FV,2.2167401985714283,0.037095,14.2926175,731.009,2210.0,6250.0,2.046666666666667,2.78,4.04,5.734613492477851,8.658440846254463,0
WASP-73 b,1.0,FV,4.087263357142858,0.055145,13.97374,908.9938,1790.0,6047.666666666667,2.1957340000000003,2.52,3.906068,5.786296540784591,6.761175107166939,0
WASP-74 b,1.0,FV,2.137750546666666,0.03547,16.131987736,228.8376,1900.3333333333333,5965.285714285715,1.586,0.98,4.186833333333333,2.8577301322984234,5.257235448415306,0
WASP-75 b,2.0,FV,2.4842297122222226,0.0376466666666666,14.282085999999998,340.545795,1710.0,6081.857142857143,1.2729216666666667,1.14,4.275318,1.9890150375143885,5.503819027438298,0
WASP-76 b,2.0,FV,1.80988271125,0.03301,20.37569218,285.56919008,2190.92,6282.5,1.731666666666667,1.4608333333333334,4.141216666666667,4.191296969649348,6.653536701636669,0
WASP-77 A b,2.0,GV,1.3600296092,0.0237656055,13.906874376666666,576.8767390700001,1679.6666666666667,5509.9,0.94,0.969,4.371714285714285,0.7306685669060535,6.386492855085984,0
WASP-78 b,1.0,FIV,2.17518054,0.0359266666666666,20.400305000000003,352.7913,2409.85,6100.0,2.282,1.87,3.9466666666666654,6.469049438608039,7.215847146827157,0
WASP-79 b,1.0,FV,3.6623897690000007,0.05235,19.369784094,272.88516719,1777.4666666666665,6600.0,1.582,1.4174999999999998,4.143714285714286,4.260676398399577,5.204489956180978,0
WASP-8 b,2.0,GV,8.163307786666667,0.0800666666666666,11.784028,721.8441919999999,950.0,5600.0,0.962,1.34,4.5,0.8165675214033182,4.091678565112954,0
WASP-80 b,1.0,KV,3.0718724625,0.034412,10.8483666,174.42224000000002,762.5,4139.714285714285,0.5771666666666665,0.5754999999999999,4.649633333333333,0.087775599549957,4.090182543399022,0
WASP-81 b,1.0,GV,2.716481286666666,0.03908,16.017661,231.69807,1623.0,5870.0,1.283,1.08,4.258,1.753458807003653,5.257866854189873,0
WASP-82 b,1.0,FV,2.70578579,0.04475,18.682536666666667,387.7467666666666,2195.0,6484.0,2.14,1.595,3.9652,7.262554782747713,5.971161366541238,0
WASP-83 b,1.0,GV,4.971271843333334,0.059,11.65736,96.143575,1120.0,5504.0,1.05,1.11,4.44,0.9077832164279632,4.338208965585716,0
WASP-84 b,1.0,KV,8.523493961428573,0.077375,10.6944655,219.8720575,787.3333333333334,5304.4,0.7546666666666667,0.8456666666666667,4.4495000000000005,0.4045248924574361,3.3065436422057166,0
WASP-85 A b,2.0,GV,2.655814099,0.039,13.89916,402.05495,1452.0,5613.893333333333,0.8996666666666666,1.09,4.49,0.7212897089931722,5.287567559715916,0
WASP-87 b,2.0,FV,1.6827944933333334,0.02946,15.524465,692.8694,1943.627682502216,6450.0,1.627,1.204,4.32,4.110586715686847,6.393988578885792,0
WASP-88 b,1.0,FV,4.95400106,0.064345,18.15848,133.4886,1772.0,6430.6,2.024,0.94,3.96,6.285167425865993,3.82279939119834,0
WASP-89 b,1.0,KV,3.356420395,0.0427499999999999,11.65736,1859.3055,1120.0,5097.5,0.88,0.92,4.515,0.4691201981534467,4.6398168539393305,0
WASP-90 b,1.0,FV,3.916256366666667,0.0562,18.27067,200.2329,1840.0,6430.0,1.98,1.55,4.033,6.012625054103196,5.2525799949500165,0
WASP-91 b,1.0,KV,2.7985796075,0.037,11.54527,425.8922,1160.0,4920.0,0.86,0.84,4.3,0.3888187175808925,4.765558059375438,0
WASP-92 b,1.0,FV,2.174677158333333,0.03582,15.2236745,255.85315,1871.0,6280.0,1.341,1.19,4.259,2.5094929539122983,5.7648189703741375,0
WASP-93 b,1.0,FV,2.732538417142857,0.04385,16.544867760000002,467.2101,1926.0,6700.0,1.524,1.334,4.197,4.199126854707021,5.5165568732330055,0
WASP-94 A b,2.0,FV,3.950194398,0.0552,18.756566666666668,149.16616,1604.0,6157.25,1.5850000000000002,1.505,4.2106666666666674,3.239630900326881,5.222442837421399,0
WASP-94 B b,2.0,FV,2.00839,0.0335,12.50859467524018,196.411,1554.7385799285687,6040.0,1.35,1.24,4.26,2.176231746586284,6.085039798706174,0
WASP-95 b,1.0,GV,2.184669144285714,0.034155,13.636653333333332,399.82417333333336,1570.0,5730.0,1.15,1.46,4.372,1.2790985851339434,6.539194679883265,0
WASP-96 b,1.0,GV,3.425257605,0.04535,13.6728064625,152.55535043,1393.3333333333333,5556.333333333333,1.0508333333333335,1.06,4.4168,0.9443015411800298,4.835476432279344,0
WASP-97 b,1.0,GV,2.072759885714286,0.03304,12.70481,424.0859633333334,1555.0,5645.0,1.0666666666666669,1.132,4.438,1.0365806134102793,5.854343193671861,0
WASP-98 b,2.0,GV,2.96264085,0.0364433333333333,12.494332,275.44969999999995,1175.5,5519.6,0.7082,0.7138,4.58875,0.4176688809534143,4.426436201603672,0
WASP-99 b,1.0,FV,5.7526131,0.0717,12.031026666666667,848.5936333333333,1480.0,6162.0,1.73,1.21,4.21,3.8714070103831415,4.108734618888435,0
WD 1856+534 b,3.0,WD,1.4079405,0.0204,10.4,4386.054,163.0,4710.0,0.0131,0.518,7.915,7.577327700274088e-05,5.039933198350435,0
WISEP J121756.91+162640.2 A b,1.0,T,26.038981179013405,8.0,10.468,6992.0,450.0,575.0,0.091,0.029,5.0,8.121645205069562e-07,0.0602183691191151,0
WISPIT 2 b,1.0,KV,54.09432815693801,55.5,17.93436912,1549.413484125,28.5180782584711,4400.0,1.418,1.08,4.0,0.6761655149829211,0.1395212537335488,0
WTS-1 b,1.0,FV,3.352057,0.047,16.7,1274.44,1500.0,6250.0,1.15,1.2,4.4,1.8105294776129612,5.0537840222395305,0
WTS-2 b,1.0,KV,1.0187068,0.018555,15.277867,379.80685,2000.0,5000.0,0.751,0.82,4.6,0.3162639868022275,6.64892494948889,0
Wendelstein-1 b,1.0,KV,2.663416,0.0282,11.5609626,188.15536,2198.0,4251.0,0.61,0.65,4.680075714182393,0.1090219485369839,4.801833621596823,0
Wendelstein-2 b,1.0,KV,1.7522239,0.0234,12.9934728,232.33373,2470.0,4591.0,0.66,0.73,4.66205701659779,0.173622854507682,5.586354417033055,0
Wolf 1061 b,1.0,MV,4.88725,0.0365044999999999,1.2652070587037063,1.635,395.9857394820412,3367.5,0.307,0.272,4.8981141806408965,0.010874192542206,2.7301482720084964,0
Wolf 1061 c,1.0,MV,17.86945,0.0866349999999999,1.901264221400096,3.83,257.0431639860723,3367.5,0.307,0.272,4.8981141806408965,0.010874192542206,1.772200056764919,0
Wolf 1061 d,1.0,MV,217.21,0.47,2.6555729835702957,7.7,110.35799950322208,3367.5,0.307,0.272,4.8981141806408965,0.010874192542206,0.7608700809280041,0
Wolf 1069 b,1.0,MV,15.564,0.0672,1.11692544353007,1.26,250.1,3158.0,0.1813,0.167,4.93,0.0029331478905797,1.5766982406840562,0
Wolf 327 b,1.0,MV,0.5734745,0.01,1.24,2.53,996.0,3542.0,0.406,0.405,4.87,0.0232774897743634,6.36505990792996,0
Wolf 503 b,1.0,KV,6.00124,0.0570933333333333,2.038666666666667,6.265,794.6666666666666,4716.0,0.6893333333333334,0.6880000000000001,4.62,0.2108839827485975,3.47197431200703,0
XO-1 b,1.0,GV,3.9415232792307697,0.049164,13.71982975,286.2722214285714,1168.6666666666667,5747.375,0.9238476666666666,0.9991428571428572,4.501205,0.8355428375227948,4.508843620058456,0
XO-2 N b,2.0,GV,2.615860531692308,0.0366357142857142,11.186562714285714,185.372415,1325.0,5331.4,0.9814285714285714,0.9636,4.42691,0.6981878946460164,5.129452918741153,0
XO-2 S b,2.0,GV,18.157,0.1321999999999999,8.25850890468813,82.47540000000001,605.1098784882043,5399.0,1.01,0.981,4.43,0.777653099692894,2.7245435869762287,0
XO-2 S c,2.0,GV,120.8,0.4756,18.307554504333943,435.409,320.60363826087905,5399.0,1.02,0.982,4.43,0.7931284040000851,1.4371754995517911,0
XO-3 b,1.0,FV,3.1915715175000003,0.04592,15.786677474,2316.9807,1729.0,6505.454545454545,1.5587833333333332,0.58,4.052028888888889,3.9045585911782688,3.554577938145178,0
XO-4 b,1.0,FV,4.12506872375,0.0549099999999999,14.5653806,499.994995,1630.0,6165.166666666667,1.5285,1.1,4.179,3.0283078520725843,4.4765723168793325,0
XO-5 b,1.0,GV,4.18775378,0.04966,12.5477464,346.15775,1225.6666666666667,5442.5,1.1,0.9415555555555556,4.450799999999999,0.952508743913952,4.355064600702172,0
XO-6 b,1.0,FV,3.76499423,0.0815,23.20263,1398.452,1577.0,6720.0,1.93,1.47,4.04,6.815246371127175,4.247709883480503,0
XO-7 b,1.0,GV,2.86413935,0.04421,15.373130280000002,225.499819485,1743.0,6250.0,1.48,1.405,4.247,2.998702281862708,5.638361132615263,0
YZ Cet b,1.0,MV,1.9861766666666665,0.0158366666666666,0.8431099791088916,0.7000000000000001,471.2,3103.5,0.1646666666666666,0.134,5.17,0.0022568788012984,2.909346814757514,0
YZ Cet c,1.0,MV,3.05989,0.02156,1.064699871364431,1.14,410.3,3103.5,0.1646666666666666,0.134,5.17,0.0022568788012984,2.4934634404369964,0
YZ Cet d,1.0,MV,4.656443333333333,0.0279166666666666,1.0676744399330975,1.1466666666666665,356.7,3103.5,0.1646666666666666,0.134,5.17,0.0022568788012984,2.1912685352022474,0
ZTF J1230-2655 b,1.0,WD,0.23597766,0.0064604774723546,13.78704626,7024.0077947,559.4949920869374,10000.0,0.0123,0.646,8.07,0.0013573757085766,10.001357115042897,0
ZTF J1828+2308 b,1.0,WD,0.1120067,0.0038566698550542,11.13051784,6356.56814,1188.235426960972,15900.0,0.0131,0.61,8.05,0.0098405854885272,12.578639479618232,0
alf Ari b,1.0,KIII,380.8,1.2,20.86189097890908,572.07,628.3337437867283,4553.0,13.9,1.5,2.33,74.49207154501453,1.118227041804462,0
alf Tau b,2.0,KIII,628.96,1.46,38.478214665827934,2056.3601,913.8578730274826,4055.0,45.1,1.13,1.2,493.40820581120414,0.8799090364679334,0
bet Cnc b,2.0,KIII,605.2,1.7,42.07806444540712,2479.0,874.3166177398135,4092.1,47.2,1.7,1.4,560.478296385202,1.0001726719013104,0
bet Pic b,1.0,AV,7798.12619,9.20225,17.647425,3479.179292671429,1631.0,8038.68,1.54416,1.9025,4.35072,8.933330669044194,0.4547684242376827,0
bet UMi b,1.0,KIII,522.3,1.4,37.408611081491806,1938.7,875.0654738917324,4126.0,38.3,1.4,1.5,381.4207295110335,1.0001726719013104,0
eps CrB b,1.0,KIII,417.9,1.3,39.12672844438164,2129.461,718.056173054106,4406.0,21.0,1.7,1.94,149.10987656507254,1.14374120766724,0
eps Eri b,1.0,KV,2603.02,3.455,12.90858914627595,209.76674862,95.42007049981,5020.38,0.759106,0.8215316666666667,4.5901,0.3284286697963328,0.4877116304249539,0
eps Ind A b,3.0,KV,16510.0,28.4,38.0198640853203,2005.49724817,275.0,4760.0,0.679,0.757,5.25,0.2123524174429213,0.1632915658781432,0
eps Tau b,1.0,KIII,590.36,1.9026666666666667,40.785406994377325,2322.4963115825,520.8419881437679,4909.333333333333,13.025,2.6566666666666667,2.665,88.41692301590011,1.1818494636899828,0
gam Cep b,2.0,KIII,905.9548,2.0746666666666664,38.84612272195732,2097.6674862,296.123549334278,4831.5,4.74,1.356666666666667,3.2595,10.984352686535832,0.8087930237744699,0
gam Lib b,1.0,KIII,415.04,1.2795,16.287817825363895,341.03069314000004,595.7668967597658,4850.5,11.74,1.625,2.4850000000000003,68.4497836001898,1.1271494969071087,0
gam Lib c,1.0,KIII,965.545,2.244,33.70484606714886,1559.11089851,449.8679846234361,4850.5,11.74,1.625,2.4850000000000003,68.4497836001898,0.8511189112734284,0
gam Psc b,1.0,GIII,555.1,1.32,18.114947757732264,425.89006538,560.09223466505,4742.0,11.2,0.99,2.33,56.90783896253045,0.8661749420374933,0
gam1 Leo b,2.0,KIII,428.5,1.19,44.5293622113149,2790.43,908.7606805989992,4330.0,31.88,1.23,1.59,320.5369209588409,1.0168433646307615,0
iot Dra b,1.0,KIII,517.1681,1.3245,51.33759227964674,3756.73177074,560.2244038263606,4527.333333333333,12.335,1.54,2.54,57.350610224740855,1.0784732141630002,0
iot Dra c,1.0,KIII,25000.0,19.4,58.62655924456053,4958.1231492,142.37389798493484,4504.0,11.79,1.54,2.48,51.32287628559694,0.2817957763261537,0
kap CrB b,1.0,KIII,1257.1327272727274,2.700909090909091,19.253120585914758,483.73483545,264.158363593135,4880.0,4.813346666666667,1.4525,3.35,11.78863228001369,0.7334627647649864,0
mu Leo b,1.0,KIII,357.8,1.1,23.94108718080524,762.8,592.4008468368353,4538.2,11.4,1.5,2.4,49.45771852175715,1.167950053581569,0
mu2 Sco b,1.0,BIV,116.10532845248086,242.4,56.42373351988005,4576.7290608,133.74063956290377,21700.0,5.6,9.1,3.8,6238.854242322095,0.1937891118824322,0
nu Oct A b,2.0,KIII,411.4,1.2553333333333334,23.13048893236049,709.8167756333334,415.9071324542795,4876.666666666667,5.553333333333334,1.596666666666667,3.175,15.64910917155522,1.1279830739379926,0
nu Oph b,1.0,KIII,530.1533333333333,1.8183333333333327,69.98095216500751,7178.07316468,550.9578999113801,4900.333333333333,13.98,2.655,2.6,101.1129274181994,1.2085663458998084,0
nu Oph c,1.0,KIII,3183.81,5.953333333333333,73.63328458976419,7983.34730235,304.4914236674905,4900.333333333333,13.98,2.655,2.6,101.1129274181994,0.6679241505001396,0
ome Ser b,2.0,GIII,277.80499999999995,0.838,13.599613540484675,233.92170755,717.5347273272682,4747.0,11.645,1.01,2.345,61.77969538103762,1.0980286236788752,0
omi CrB b,1.0,KIII,187.42,0.7645,16.625345755461034,355.96781584,738.1096957982762,4759.0,11.185,1.3,2.36,57.57376701908076,1.3042412004050856,0
omi UMa b,2.0,GII,1599.905,3.7955,30.11053490646244,1231.7472569800002,401.29439713417713,5158.5,13.97,2.905,2.58,123.98707131676557,0.875011084162761,0
pi Men c,1.0,GV,6.267931885714286,0.0681025,2.057725,4.153222496,1158.4,5961.833333333333,1.17,1.07,4.4,1.5516040233350703,3.964471913172288,0
pi Men d,1.0,GV,124.64,0.4994661607102159,3.459188408245073,13.38,375.4074295865977,5998.0,1.19,1.07,4.316111882461219,1.644408141997708,1.463908181458496,0
rho CrB b,1.0,GV,39.79446,0.22385,16.293080286919924,341.2610187625,614.0,5747.8275,1.3476165,0.930607,4.167755666666667,1.7784325279401816,2.039292829101924,0
rho CrB c,1.0,GV,102.42900000000002,0.4161999999999999,4.849559788264561,27.109271340000003,448.1,5738.1033333333335,1.352311,0.930607,4.167755666666667,1.778756380188898,1.495571234803846,0
rho CrB d,1.0,GV,282.2,0.827,4.350053695628044,21.6,300.24422605599034,5817.0,1.34,0.95,4.25,1.8445723821997648,1.071973456678199,0
rho CrB e,1.0,GV,12.949,0.1061,1.891737469701396,3.79,838.2425980136476,5817.0,1.34,0.95,4.25,1.8445723821997648,2.992809644106313,0
tau Boo b,2.0,FV,3.31252124,0.0479975,32.38946933195642,1434.64355002,1425.1683242959818,6432.918,1.4327915,1.336666666666667,4.314133200000001,3.1541903943994103,5.278095382878907,0
tau Gem b,1.0,KIII,305.25,1.17,64.99053648378232,6149.74,875.9263797932744,4435.0,27.7576,2.3,1.96,267.44111412997,1.4023162644009055,0
ups And b,2.0,FV,4.616228857142858,0.0588945228571428,13.205018496974366,219.9604193657144,1303.1795453935006,6137.82,1.61474225,1.27604925,4.161529,3.3201129574234485,4.655552714160309,0
ups And c,2.0,FV,240.72853333333333,0.8277123333333334,21.84055980283517,629.595,346.44392815998015,6117.093333333333,1.61474225,1.3013990000000002,4.148705333333333,3.275493148104005,1.2541240754664484,0
ups And d,2.0,FV,1285.3461666666665,2.5283816666666663,31.047562239430945,1313.22,198.22177061090144,6117.093333333333,1.6147422500000002,1.3013990000000002,4.148705333333333,3.275493148104007,0.7175611248984675,0
ups Leo b,1.0,GIII,385.2,1.18,11.41045117207947,162.09248757,604.668957139472,4836.0,11.22,1.48,2.46,61.77613488811932,1.1201207384054124,0
xi Aql b,1.0,KIII,136.86,0.6283333333333333,21.62881140909384,616.90493799,831.9442805101398,4810.5,11.43,1.74,2.635,62.76870760314341,1.664387932088306,0
